student_ID,program_number,entry_year,entry_semester,course,theory,practice,laboratory,total_hours,year,semester,situation,gender,final_grade,lecturer
FING-4306,1363,2012,1,Cal 1,6,2,0,8,2012,1,A,2,4.1,8f76c3c9624622bf49eaf281bc72c03859c96fa850b904deafda3adcacf92130
FING-1799,1363,2012,1,Alg 1,6,2,0,8,2012,1,A,2,5.8,8f76c3c9624622bf49eaf281bc72c03859c96fa850b904deafda3adcacf92130
FING-1802,1363,2012,1,Alg 1,6,2,0,8,2012,1,A,2,4.0,f51f50b6d923093ff466423a01271d69d3ed7645a90aef7bb29b284cbb1758d5
FING-1802,1363,2012,1,Cal 1,6,2,0,8,2012,1,A,2,4.5,0154fe4ae37826fd1f2ceb729ebea5196b8b604e160370507a698fdf6dcb5abb
FING-192,1363,2013,1,Cal 1,6,2,0,8,2013,1,R,2,2.6,3d76c8b48c5ed6f81f69c9727e34c44c6b575dd4e5537e9c0d33bfbfe40ffd31
FING-13105,1363,2013,1,Cal 1,6,2,0,8,2013,1,R,1,2.7,3d76c8b48c5ed6f81f69c9727e34c44c6b575dd4e5537e9c0d33bfbfe40ffd31
FING-13134,1363,2013,1,Cal 1,6,2,0,8,2013,1,R,2,2.3,3d76c8b48c5ed6f81f69c9727e34c44c6b575dd4e5537e9c0d33bfbfe40ffd31
FING-683,1363,2013,1,IPD Workshop,2,0,2,4,2013,1,A,2,5.4,ada7a87fce58b508aaaba4509ff1384837d86518543780df3cfacbbbbb5191cf
FING-12915,1363,2012,2,Chemistry,4,2,0,6,2013,1,R,1,2.8,fb602df840621f7a0cfeed69e3290b13e75c22541d4cc37913ae02229ff82bf1
FING-4321,1363,2012,1,Chemistry,4,2,0,6,2013,1,R,2,3.3,b25c3cc56214b05ff7b1a4b5b934ce04c756dbe448f01b5f5f86d8c991de34d6
FING-4319,1363,2012,1,Progr Methd,4,2,2,8,2013,1,A,2,4.8,21b4f61ec920768b67695abe34bef0855795ccb2ec7a57100ad52cc06a118ac2
FING-4312,1363,2012,1,Progr Methd,4,2,2,8,2013,1,A,2,5.1,21b4f61ec920768b67695abe34bef0855795ccb2ec7a57100ad52cc06a118ac2
FING-1662,1363,2013,1,Progr Methd,4,2,2,8,2013,1,A,2,5.2,21b4f61ec920768b67695abe34bef0855795ccb2ec7a57100ad52cc06a118ac2
FING-1799,1363,2012,1,Progr Methd,4,2,2,8,2013,1,A,2,5.9,21b4f61ec920768b67695abe34bef0855795ccb2ec7a57100ad52cc06a118ac2
FING-4323,1363,2012,1,Progr Methd,4,2,2,8,2013,1,A,2,5.5,21b4f61ec920768b67695abe34bef0855795ccb2ec7a57100ad52cc06a118ac2
FING-4313,1363,2012,1,Progr Methd,4,2,2,8,2013,1,R,2,3.3,21b4f61ec920768b67695abe34bef0855795ccb2ec7a57100ad52cc06a118ac2
FING-4306,1363,2012,1,Progr Methd,4,2,2,8,2013,1,A,2,4.9,21b4f61ec920768b67695abe34bef0855795ccb2ec7a57100ad52cc06a118ac2
FING-5750,1363,2013,1,Alg 1,6,2,0,8,2013,1,R,2,3.7,29515579f1f72c90bb687a58351f21ab9cbfbf85da8ce3968de43412bb458b37
FING-4307,1363,2013,1,Alg 1,6,2,0,8,2013,1,A,2,5.3,29515579f1f72c90bb687a58351f21ab9cbfbf85da8ce3968de43412bb458b37
FING-4323,1363,2012,1,Elect & Mag,4,2,1,7,2014,1,R,2,2.3,9744ebe904d1dae33b54c1c59f8db4d9dab8e4debd45879372d42e3cbe6cdee8
FING-12860,1363,2012,1,Anthropology and Engineering,4,0,0,4,2014,2,A,2,6.1,28705518ad54de7ff7a728187f822af28090208020a6a3846171a17906851fe5
FING-4305,1363,2012,1,Eng 2,0,0,2,2,2014,2,A,2,4.8,d243075554e9e28bcc9460e19789a9578b49db27694e674c6c0f82cb7f85a5e5
FING-4319,1363,2012,1,Eng 2,0,0,2,2,2014,2,A,2,6.0,d243075554e9e28bcc9460e19789a9578b49db27694e674c6c0f82cb7f85a5e5
FING-12915,1363,2012,2,Eng 2,0,0,2,2,2014,2,A,1,4.6,d243075554e9e28bcc9460e19789a9578b49db27694e674c6c0f82cb7f85a5e5
FING-1532,1363,2014,1,Numerical Algorithms,4,2,2,8,2015,2,A,2,4.7,de362fb95f53a0ada1ce7ad1fc8db444e40ea24d306028d5be3c5da21288f0d1
FING-2920,1363,2015,1,Cal 1,6,2,0,8,2015,2,R,2,3.6,ce9bb794b4845a96bcb70f744980d1cfd7e192f7aba107ffad3a558f492efa0d
FING-228,1363,2015,1,Cal 1,6,2,0,8,2015,2,A,2,4.7,ce9bb794b4845a96bcb70f744980d1cfd7e192f7aba107ffad3a558f492efa0d
FING-2973,1363,2015,1,Cal 1,6,2,0,8,2015,2,A,2,4.0,ce9bb794b4845a96bcb70f744980d1cfd7e192f7aba107ffad3a558f492efa0d
FING-2910,1363,2015,1,Cal 1,6,2,0,8,2015,2,R,1,3.0,ce9bb794b4845a96bcb70f744980d1cfd7e192f7aba107ffad3a558f492efa0d
FING-2935,1363,2015,1,Cal 1,6,2,0,8,2015,2,R,1,2.6,ce9bb794b4845a96bcb70f744980d1cfd7e192f7aba107ffad3a558f492efa0d
FING-12988,1363,2013,1,Stat Analys,4,2,0,6,2015,2,A,1,4.7,2ecf34b9ea0b53c1c84418cf3e4f9a0d8a2946eb457604384dd9405954fc33ff
FING-13024,1363,2013,1,Stat Analys,4,2,0,6,2015,2,A,2,4.2,2ecf34b9ea0b53c1c84418cf3e4f9a0d8a2946eb457604384dd9405954fc33ff
FING-227,1363,2014,1,Stat Analys,4,2,0,6,2015,2,R,2,3.7,b668a1dd0b7fc9613e9eba607a925b31589677ce4ea1ce81f137e07d44635741
FING-186,1363,2014,1,Stat Analys,4,2,0,6,2015,2,R,2,2.2,4c3af6a6fafc2a4fd8b54a0620614abd40e25d5b9bce3055d3a942e8d1a78208
FING-2898,1363,2015,1,IPD Workshop,2,0,2,4,2015,2,A,2,5.6,30a0d708c503fc1c442967ef0f821d0e102ae7dbdd2b87d9c22e42167e805353
FING-12988,1363,2013,1,Cal 3,4,2,0,6,2017,1,R,1,2.7,d59d7eca82c1570975729ea5c40579e2842efd9d070c071ab9cd701085f7241f
FING-13024,1363,2013,1,Cal 3,4,2,0,6,2017,1,R,2,3.5,d59d7eca82c1570975729ea5c40579e2842efd9d070c071ab9cd701085f7241f
FING-227,1363,2014,1,Cal 3,4,2,0,6,2017,1,R,2,2.2,d59d7eca82c1570975729ea5c40579e2842efd9d070c071ab9cd701085f7241f
FING-2946,1363,2015,1,Cal 3,4,2,0,6,2017,1,R,2,3.2,d59d7eca82c1570975729ea5c40579e2842efd9d070c071ab9cd701085f7241f
FING-1531,1363,2014,1,Cal 3,4,2,0,6,2017,1,R,1,3.0,5edc2f51e0bbed3ddd612a9f8ba01fa514db75f50615cf064f1aaf2fa14f00a1
FING-13105,1363,2013,1,Cal 3,4,2,0,6,2017,1,R,1,3.2,5edc2f51e0bbed3ddd612a9f8ba01fa514db75f50615cf064f1aaf2fa14f00a1
FING-2918,1363,2015,1,Cal 3,4,2,0,6,2017,1,R,2,3.5,5edc2f51e0bbed3ddd612a9f8ba01fa514db75f50615cf064f1aaf2fa14f00a1
FING-184,1363,2014,1,Progr Parad,4,0,2,6,2017,1,R,1,2.4,ccd981858c1ea839b512426d8dfcd4f88feaec45b731cc0a2f924fd2e6e153d8
FING-2919,1363,2015,1,Algorithms,4,0,2,6,2017,1,R,2,1.0,642a22eb984b5632934968b0535f493930d7b68aad8b0105ce42f03ad83022a4
FING-2918,1363,2015,1,Algorithms,4,0,2,6,2017,1,A,2,5.2,642a22eb984b5632934968b0535f493930d7b68aad8b0105ce42f03ad83022a4
FING-1528,1363,2014,1,Algorithms,4,0,2,6,2017,1,R,2,3.6,642a22eb984b5632934968b0535f493930d7b68aad8b0105ce42f03ad83022a4
FING-223,1363,2014,1,Algorithms,4,0,2,6,2017,1,A,2,5.3,642a22eb984b5632934968b0535f493930d7b68aad8b0105ce42f03ad83022a4
FING-2945,1363,2015,1,Algorithms,4,0,2,6,2017,1,A,2,5.0,642a22eb984b5632934968b0535f493930d7b68aad8b0105ce42f03ad83022a4
FING-3928,1363,2015,1,Algorithms,4,0,2,6,2017,1,A,2,4.6,642a22eb984b5632934968b0535f493930d7b68aad8b0105ce42f03ad83022a4
FING-186,1363,2014,1,Algorithms,4,0,2,6,2017,1,R,2,3.9,a0ea83483c2ba2e8fbdf3904b80fa7360ee3bde2807b0f8e29547394a37aa437
FING-2973,1363,2015,1,Algorithms,4,0,2,6,2017,1,A,2,4.4,a0ea83483c2ba2e8fbdf3904b80fa7360ee3bde2807b0f8e29547394a37aa437
FING-180,1363,2014,1,Algorithms,4,0,2,6,2017,1,A,2,5.0,a0ea83483c2ba2e8fbdf3904b80fa7360ee3bde2807b0f8e29547394a37aa437
FING-2908,1363,2015,1,Algorithms,4,0,2,6,2017,1,A,1,5.7,a0ea83483c2ba2e8fbdf3904b80fa7360ee3bde2807b0f8e29547394a37aa437
FING-1531,1363,2014,1,SoftEng Fund,4,2,0,6,2017,1,A,1,5.2,c5f69578498bbc6ba44c3f7b0467c4c68faf4f6ffb17840197137f2114fe67bb
FING-2946,1363,2015,1,SoftEng Fund,4,2,0,6,2017,1,A,2,5.4,c5f69578498bbc6ba44c3f7b0467c4c68faf4f6ffb17840197137f2114fe67bb
FING-1782,1363,2015,1,Advanced Algorithms,4,2,2,8,2017,1,A,2,5.7,245b64604a8d5d0553dacc990da644b71a70600bca3960b0154ad94b4c33a1f1
FING-2946,1363,2015,1,Advanced Algorithms,4,2,2,8,2017,1,A,2,5.6,245b64604a8d5d0553dacc990da644b71a70600bca3960b0154ad94b4c33a1f1
FING-1782,1363,2015,1,Formal Language Processing,4,2,2,8,2017,1,A,2,5.1,16b2d5b4c473b956b41412275c081b5cab38d261f201aad7e31443548418f4bc
FING-12860,1363,2012,1,DB Workshop,2,0,4,6,2017,1,A,2,4.5,f072b1c51af296c36b788c59183f904422b84d9e501221ec592a879a02a946ed
FING-12988,1363,2013,1,DB Workshop,2,0,4,6,2017,1,A,1,5.6,f072b1c51af296c36b788c59183f904422b84d9e501221ec592a879a02a946ed
FING-13024,1363,2013,1,DB Workshop,2,0,4,6,2017,1,A,2,5.7,f072b1c51af296c36b788c59183f904422b84d9e501221ec592a879a02a946ed
FING-12860,1363,2012,1,Macroeconomics,4,0,0,4,2017,1,R,2,1.7,90e37d439b3ffcadaccfc43e752e3beb562da4c9e551374fdcb071bc72e4cf0c
FING-1532,1363,2014,1,Optimization,4,0,2,6,2017,1,A,2,5.4,245b64604a8d5d0553dacc990da644b71a70600bca3960b0154ad94b4c33a1f1
FING-1532,1363,2014,1,Data Analysis,4,0,2,6,2017,1,A,2,5.5,b1b15560e2be8b7042f970cb5fefe8691e2a7551695704e678411dc14da06999
FING-13105,1363,2013,1,Data Analysis,4,0,2,6,2017,1,A,1,4.5,b1b15560e2be8b7042f970cb5fefe8691e2a7551695704e678411dc14da06999
FING-1532,1363,2014,1,SoftEng Proj Management,4,2,2,8,2017,1,A,2,5.3,33c2c1640c4f0a6b2fc15eafea2177441ca62d9c4c1aaf1fc8eb9a01fa514201
FING-1531,1363,2014,1,DB Design,4,1,1,6,2017,1,A,1,5.4,2f2e99ee873c3355943429fd1d547ee935e047a74622bb6e07991e2d904c1963
FING-2946,1363,2015,1,DB Design,4,1,1,6,2017,1,A,2,5.8,2f2e99ee873c3355943429fd1d547ee935e047a74622bb6e07991e2d904c1963
FING-227,1363,2014,1,Comp Org,4,1,1,6,2017,1,R,2,3.3,316581c152531a2cdcb7a9f81ef0adadf648bf77b44a05300ca40d2e58164c26
FING-13134,1363,2013,1,Comp Org,4,1,1,6,2017,1,R,2,1.0,d4b6ca37b19f8a1eaa18be13e6920a57116e6d72bbfa1bb36380a449d985958b
FING-1782,1363,2015,1,Comp Org,4,1,1,6,2017,1,A,2,5.3,d4b6ca37b19f8a1eaa18be13e6920a57116e6d72bbfa1bb36380a449d985958b
FING-2946,1363,2015,1,Comp Org,4,1,1,6,2017,1,A,2,4.5,d4b6ca37b19f8a1eaa18be13e6920a57116e6d72bbfa1bb36380a449d985958b
FING-205,1363,2014,1,Eff Comm,0,0,2,2,2017,1,A,2,6.3,3ed18163cdeffb39d3e4d39dbb0933578dc6d338f8d0c083701e88a5b21f8f8c
FING-5374,1363,2016,1,Fund Progr,4,0,2,6,2017,1,A,2,5.1,01030513ef15a66d7ad87c5d9acf05496c247caebd0e0514526d4fc05b743a1d
FING-5401,1363,2016,1,Fund Progr,4,0,2,6,2017,1,A,2,5.5,9d80fe6544773bb1d81f2af51a1114b746d7012557e08c69c3ac25f557a8858a
FING-5369,1363,2016,1,Fund Progr,4,0,2,6,2017,1,A,2,4.8,9d80fe6544773bb1d81f2af51a1114b746d7012557e08c69c3ac25f557a8858a
FING-2931,1363,2016,1,Fund Progr,4,0,2,6,2017,1,A,2,4.7,01030513ef15a66d7ad87c5d9acf05496c247caebd0e0514526d4fc05b743a1d
FING-4201,1363,2015,1,Fund Progr,4,0,2,6,2017,1,R,2,3.3,01030513ef15a66d7ad87c5d9acf05496c247caebd0e0514526d4fc05b743a1d
FING-5353,1363,2016,1,Fund Progr,4,0,2,6,2017,1,A,2,5.1,01030513ef15a66d7ad87c5d9acf05496c247caebd0e0514526d4fc05b743a1d
FING-5382,1363,2016,1,Progr Methd,4,2,2,8,2017,1,R,2,1.4,c31cbe4df540d9624606faae87f7bf317f5b19593d9fe7d8856a5482bf31ebfd
FING-2920,1363,2015,1,Progr Methd,4,2,2,8,2017,1,R,2,1.4,c31cbe4df540d9624606faae87f7bf317f5b19593d9fe7d8856a5482bf31ebfd
FING-5360,1363,2016,1,Progr Methd,4,2,2,8,2017,1,A,2,4.7,c31cbe4df540d9624606faae87f7bf317f5b19593d9fe7d8856a5482bf31ebfd
FING-4115,1363,2015,1,Progr Methd,4,2,2,8,2017,1,A,2,4.1,c31cbe4df540d9624606faae87f7bf317f5b19593d9fe7d8856a5482bf31ebfd
FING-6354,1363,2016,1,Progr Methd,4,2,2,8,2017,1,R,2,1.4,c31cbe4df540d9624606faae87f7bf317f5b19593d9fe7d8856a5482bf31ebfd
FING-2933,1363,2015,1,Progr Methd,4,2,2,8,2017,1,A,2,4.3,c31cbe4df540d9624606faae87f7bf317f5b19593d9fe7d8856a5482bf31ebfd
FING-2935,1363,2015,1,Progr Methd,4,2,2,8,2017,1,A,1,4.0,c31cbe4df540d9624606faae87f7bf317f5b19593d9fe7d8856a5482bf31ebfd
FING-6359,1363,2016,1,Progr Methd,4,2,2,8,2017,1,R,2,3.9,c31cbe4df540d9624606faae87f7bf317f5b19593d9fe7d8856a5482bf31ebfd
FING-6364,1363,2016,1,Progr Methd,4,2,2,8,2017,1,R,2,3.0,c31cbe4df540d9624606faae87f7bf317f5b19593d9fe7d8856a5482bf31ebfd
FING-15274,1363,2016,1,Progr Methd,4,2,2,8,2017,1,R,2,3.6,c31cbe4df540d9624606faae87f7bf317f5b19593d9fe7d8856a5482bf31ebfd
FING-6491,1363,2017,1,Progr Methd,4,2,2,8,2017,1,A,2,4.2,c31cbe4df540d9624606faae87f7bf317f5b19593d9fe7d8856a5482bf31ebfd
FING-2915,1363,2015,1,Progr Methd,4,2,2,8,2017,1,R,2,3.7,122280003ba72daba6bbe7fc1195f53350963bcaad5a298ca665422993f2eb0c
FING-6281,1363,2016,1,Progr Methd,4,2,2,8,2017,1,A,2,5.6,122280003ba72daba6bbe7fc1195f53350963bcaad5a298ca665422993f2eb0c
FING-2971,1363,2015,1,Progr Parad,4,0,2,6,2017,1,A,2,5.5,c56774011ed92ae6a9ee1865d7ed6c2c2d98b82cc12b816c03bd77fcadd0817b
FING-2908,1363,2015,1,Progr Parad,4,0,2,6,2017,1,A,1,4.6,c56774011ed92ae6a9ee1865d7ed6c2c2d98b82cc12b816c03bd77fcadd0817b
FING-12988,1363,2013,1,Op Sys,4,2,2,8,2017,1,R,1,2.0,8e3dcc8ea49f648fe1264e4c4267a2c8232c69e7ea3463b9f64ce3f9749a992e
FING-13024,1363,2013,1,Op Sys,4,2,2,8,2017,1,R,2,2.4,8e3dcc8ea49f648fe1264e4c4267a2c8232c69e7ea3463b9f64ce3f9749a992e
FING-1532,1363,2014,1,Communication Systems,4,0,2,6,2017,1,A,2,5.9,1d2f04874f1461d4e98749f75ccfa1929db2fe137433d027a87ca70c2ea63fd0
FING-5376,1363,2016,1,Eng 3,0,0,2,2,2018,1,A,2,6.4,c7a002f402fc2db943a0f882d3bb743c7f3e23e7bea4a51a9467c1a27d8e09c9
FING-7760,1363,2018,1,Eff Comm,0,0,2,2,2018,1,A,2,6.3,80b77e03e906b6b90f7282edb67cb80f532e56d6704ff5b5896dce0e702084f0
FING-7341,1363,2017,1,Eff Comm,0,0,2,2,2018,1,A,1,5.8,80b77e03e906b6b90f7282edb67cb80f532e56d6704ff5b5896dce0e702084f0
FING-28124,1363,2018,1,IPD Workshop,2,0,2,4,2018,1,A,2,7.0,4d36287815056e1be09b13677b66f83cb63a400ebfe07e8757fc9bfe505f1c6b
FING-15306,1363,2018,1,IPD Workshop,2,0,2,4,2018,1,A,2,6.6,4d36287815056e1be09b13677b66f83cb63a400ebfe07e8757fc9bfe505f1c6b
FING-9193,1363,2018,1,IPD Workshop,2,0,2,4,2018,1,A,2,6.4,11429fd1414394872d36613f2b0e6917ab0113a91009fe099a69d3995756f175
FING-10014,1363,2018,1,IPD Workshop,2,0,2,4,2018,1,A,2,6.1,11429fd1414394872d36613f2b0e6917ab0113a91009fe099a69d3995756f175
FING-9191,1363,2018,1,IPD Workshop,2,0,2,4,2018,1,A,2,5.9,11429fd1414394872d36613f2b0e6917ab0113a91009fe099a69d3995756f175
FING-535,1363,2017,2,Anthropology and Engineering,4,0,0,4,2018,1,A,2,5.5,28705518ad54de7ff7a728187f822af28090208020a6a3846171a17906851fe5
FING-180,1363,2014,1,Anthropology and Engineering,4,0,0,4,2018,1,A,2,5.2,28705518ad54de7ff7a728187f822af28090208020a6a3846171a17906851fe5
FING-4371,1363,2018,1,Cal 1,6,2,0,8,2018,1,A,2,4.8,b8cfc512f99f1372efa88cf44d04e7d07ecec3d7b896c9db4cccbfc2accc3504
FING-9136,1363,2018,1,Cal 1,6,2,0,8,2018,1,R,2,2.0,b8cfc512f99f1372efa88cf44d04e7d07ecec3d7b896c9db4cccbfc2accc3504
FING-10175,1363,2018,1,Cal 1,6,2,0,8,2018,1,R,2,1.4,b8cfc512f99f1372efa88cf44d04e7d07ecec3d7b896c9db4cccbfc2accc3504
FING-9202,1363,2018,1,Cal 1,6,2,0,8,2018,1,A,1,5.1,94434f361cfd8e20fdddb4ecf46307ee2176795b035583a9581a1fbd50b982d3
FING-10176,1363,2018,1,Cal 1,6,2,0,8,2018,1,R,2,2.0,94434f361cfd8e20fdddb4ecf46307ee2176795b035583a9581a1fbd50b982d3
FING-9171,1363,2018,1,Cal 1,6,2,0,8,2018,1,A,2,4.1,94434f361cfd8e20fdddb4ecf46307ee2176795b035583a9581a1fbd50b982d3
FING-8195,1363,2017,1,Cal 2,6,2,0,8,2018,1,R,2,2.1,bf9a4f134286b7a9ed7dbd00bb89843f370a0a7a6e907355ead0b09e8a867c9f
FING-8359,1363,2017,1,Cal 2,6,2,0,8,2018,1,A,2,4.0,bf9a4f134286b7a9ed7dbd00bb89843f370a0a7a6e907355ead0b09e8a867c9f
FING-9193,1363,2018,1,Cal 1,6,2,0,8,2018,1,R,2,1.1,6ce3d4b660335b81bd74aaa8368457b8af7f4c4f732e0c8328c353910242dbd8
FING-7307,1363,2017,1,Cal 1,6,2,0,8,2018,1,A,1,4.7,6ce3d4b660335b81bd74aaa8368457b8af7f4c4f732e0c8328c353910242dbd8
FING-9191,1363,2018,1,Cal 1,6,2,0,8,2018,1,A,2,4.5,6ce3d4b660335b81bd74aaa8368457b8af7f4c4f732e0c8328c353910242dbd8
FING-11177,1363,2019,1,Alg 1,6,2,0,8,2019,1,R,1,1.8,1145021fe318b6bb3fc50dab301f9c37a56cfb4299ef4103eafa189f368fb589
FING-4473,1363,2019,1,Alg 1,6,2,0,8,2019,1,A,2,4.8,1145021fe318b6bb3fc50dab301f9c37a56cfb4299ef4103eafa189f368fb589
FING-11110,1363,2019,1,Alg 1,6,2,0,8,2019,1,A,2,5.6,1145021fe318b6bb3fc50dab301f9c37a56cfb4299ef4103eafa189f368fb589
FING-15261,1363,2019,1,Alg 1,6,2,0,8,2019,1,A,2,5.1,1145021fe318b6bb3fc50dab301f9c37a56cfb4299ef4103eafa189f368fb589
FING-11168,1363,2019,1,Alg 1,6,2,0,8,2019,1,A,2,4.4,1145021fe318b6bb3fc50dab301f9c37a56cfb4299ef4103eafa189f368fb589
FING-11170,1363,2019,1,Alg 1,6,2,0,8,2019,1,A,2,4.8,56a3d6902679774decd90c6418cb72b900fccac84dbd7a90839a5fcc227537b2
FING-28148,1363,2019,1,Alg 1,6,2,0,8,2019,1,A,2,4.5,56a3d6902679774decd90c6418cb72b900fccac84dbd7a90839a5fcc227537b2
FING-11165,1363,2019,1,Alg 1,6,2,0,8,2019,1,A,2,4.4,56a3d6902679774decd90c6418cb72b900fccac84dbd7a90839a5fcc227537b2
FING-11116,1363,2019,1,Alg 1,6,2,0,8,2019,1,R,2,3.3,56a3d6902679774decd90c6418cb72b900fccac84dbd7a90839a5fcc227537b2
FING-11139,1363,2019,1,Alg 1,6,2,0,8,2019,1,A,2,4.5,56a3d6902679774decd90c6418cb72b900fccac84dbd7a90839a5fcc227537b2
FING-11115,1363,2019,1,Alg 1,6,2,0,8,2019,1,A,2,4.0,56a3d6902679774decd90c6418cb72b900fccac84dbd7a90839a5fcc227537b2
FING-11151,1363,2019,1,Alg 1,6,2,0,8,2019,1,R,1,2.0,8f76c3c9624622bf49eaf281bc72c03859c96fa850b904deafda3adcacf92130
FING-11089,1363,2019,1,Alg 1,6,2,0,8,2019,1,A,2,4.1,8f76c3c9624622bf49eaf281bc72c03859c96fa850b904deafda3adcacf92130
FING-11159,1363,2019,1,Alg 1,6,2,0,8,2019,1,R,2,3.0,8f76c3c9624622bf49eaf281bc72c03859c96fa850b904deafda3adcacf92130
FING-11130,1363,2019,1,Alg 1,6,2,0,8,2019,1,A,2,4.2,8f76c3c9624622bf49eaf281bc72c03859c96fa850b904deafda3adcacf92130
FING-11154,1363,2019,1,Alg 1,6,2,0,8,2019,1,R,2,3.0,8f76c3c9624622bf49eaf281bc72c03859c96fa850b904deafda3adcacf92130
FING-11122,1363,2019,1,Alg 1,6,2,0,8,2019,1,A,1,4.1,ef626cf1b187815247502ff5c478358a918b289bda0e1e8e70b19aa147b1a083
FING-11136,1363,2019,1,Alg 1,6,2,0,8,2019,1,R,2,3.4,ef626cf1b187815247502ff5c478358a918b289bda0e1e8e70b19aa147b1a083
FING-15339,1363,2019,1,Alg 1,6,2,0,8,2019,1,A,2,4.2,ef626cf1b187815247502ff5c478358a918b289bda0e1e8e70b19aa147b1a083
FING-10176,1363,2018,1,Alg 1,6,2,0,8,2019,1,R,2,3.6,38b7a3d4cde627f477c2591bbc44019be318dfbaa4ddb7a7125171b7a4e1f597
FING-11079,1363,2019,1,Alg 1,6,2,0,8,2019,1,R,2,1.8,38b7a3d4cde627f477c2591bbc44019be318dfbaa4ddb7a7125171b7a4e1f597
FING-11071,1363,2019,1,Alg 1,6,2,0,8,2019,1,A,2,4.3,38b7a3d4cde627f477c2591bbc44019be318dfbaa4ddb7a7125171b7a4e1f597
FING-11113,1363,2019,1,Alg 1,6,2,0,8,2019,1,R,2,3.1,38b7a3d4cde627f477c2591bbc44019be318dfbaa4ddb7a7125171b7a4e1f597
FING-11104,1363,2019,1,Alg 1,6,2,0,8,2019,1,A,2,4.8,38b7a3d4cde627f477c2591bbc44019be318dfbaa4ddb7a7125171b7a4e1f597
FING-28229,1363,2019,1,Alg 1,6,2,0,8,2019,1,A,2,4.1,38b7a3d4cde627f477c2591bbc44019be318dfbaa4ddb7a7125171b7a4e1f597
FING-11142,1363,2019,1,Alg 1,6,2,0,8,2019,1,A,2,4.5,38b7a3d4cde627f477c2591bbc44019be318dfbaa4ddb7a7125171b7a4e1f597
FING-4371,1363,2018,1,Cal 2,6,2,0,8,2019,1,R,2,3.5,1c702013c61a4e9c3d55a6cab9307e9dd956c95b7bc9c9eaecbcaad761f589f1
FING-10014,1363,2018,1,Cal 2,6,2,0,8,2019,1,A,2,4.0,1c702013c61a4e9c3d55a6cab9307e9dd956c95b7bc9c9eaecbcaad761f589f1
FING-28159,1363,2018,1,Cal 2,6,2,0,8,2019,1,A,2,4.3,1c702013c61a4e9c3d55a6cab9307e9dd956c95b7bc9c9eaecbcaad761f589f1
FING-15306,1363,2018,1,Cal 2,6,2,0,8,2019,1,A,2,4.0,1c702013c61a4e9c3d55a6cab9307e9dd956c95b7bc9c9eaecbcaad761f589f1
FING-8361,1363,2017,1,Cal 2,6,2,0,8,2019,1,R,2,2.9,8a5a1b2546b474bcad309c4ebcac6bed0bc1693473ad875d87a2bf81f9d006a7
FING-9160,1363,2018,1,Cal 2,6,2,0,8,2019,1,R,2,2.5,8a5a1b2546b474bcad309c4ebcac6bed0bc1693473ad875d87a2bf81f9d006a7
FING-9171,1363,2018,1,Cal 2,6,2,0,8,2019,1,A,2,4.0,8a5a1b2546b474bcad309c4ebcac6bed0bc1693473ad875d87a2bf81f9d006a7
FING-7316,1363,2017,1,Cal 2,6,2,0,8,2019,1,A,2,4.0,0273a82eb29bb351d1c24137c450c6dc8cbebb7e6fc0029846691d238e3392af
FING-7307,1363,2017,1,Cal 2,6,2,0,8,2019,1,A,1,4.2,0273a82eb29bb351d1c24137c450c6dc8cbebb7e6fc0029846691d238e3392af
FING-9160,1363,2018,1,Alg 2,4,2,0,6,2019,1,R,2,3.0,8f76c3c9624622bf49eaf281bc72c03859c96fa850b904deafda3adcacf92130
FING-9136,1363,2018,1,Alg 2,4,2,0,6,2019,1,A,2,5.2,8f76c3c9624622bf49eaf281bc72c03859c96fa850b904deafda3adcacf92130
FING-4371,1363,2018,1,Alg 2,4,2,0,6,2019,1,A,2,5.5,cd4258abd494e338dd13dad75ea3f1f1ced923cec073b330363a2340dbb751bf
FING-9172,1363,2018,1,Alg 2,4,2,0,6,2019,1,A,2,6.3,cd4258abd494e338dd13dad75ea3f1f1ced923cec073b330363a2340dbb751bf
FING-15306,1363,2018,1,Alg 2,4,2,0,6,2019,1,A,2,5.2,cd4258abd494e338dd13dad75ea3f1f1ced923cec073b330363a2340dbb751bf
FING-9208,1363,2018,1,Alg 2,4,2,0,6,2019,1,A,2,5.5,cd4258abd494e338dd13dad75ea3f1f1ced923cec073b330363a2340dbb751bf
FING-1221,1363,2017,1,Stat Analys,4,2,0,6,2019,1,R,2,1.4,541f6ac20b5fad01e5f9155ac2dd4fcc0055b6fa626465a66e1af10b178e02a2
FING-7349,1363,2017,1,Stat Analys,4,2,0,6,2019,1,R,2,2.4,541f6ac20b5fad01e5f9155ac2dd4fcc0055b6fa626465a66e1af10b178e02a2
FING-9202,1363,2018,1,Stat Analys,4,2,0,6,2019,1,A,1,4.8,541f6ac20b5fad01e5f9155ac2dd4fcc0055b6fa626465a66e1af10b178e02a2
FING-9150,1363,2018,1,Stat Analys,4,2,0,6,2019,1,A,1,4.3,541f6ac20b5fad01e5f9155ac2dd4fcc0055b6fa626465a66e1af10b178e02a2
FING-7354,1363,2017,1,Stat Analys,4,2,0,6,2019,1,R,2,3.3,541f6ac20b5fad01e5f9155ac2dd4fcc0055b6fa626465a66e1af10b178e02a2
FING-8359,1363,2017,1,Stat Analys,4,2,0,6,2019,1,A,2,4.0,cb12c444adb814e44382a71bf9cac035de445d205abf2278b9f8f5739247e814
FING-7341,1363,2017,1,Stat Analys,4,2,0,6,2019,1,R,1,2.1,cb12c444adb814e44382a71bf9cac035de445d205abf2278b9f8f5739247e814
FING-8308,1363,2017,1,Stat Analys,4,2,0,6,2019,1,R,2,2.6,541f6ac20b5fad01e5f9155ac2dd4fcc0055b6fa626465a66e1af10b178e02a2
FING-7354,1363,2017,1,Diff Ec & Num Meth,4,2,0,6,2019,1,R,2,2.2,0c72a2ad7dd210d87d992a7bd4905912d4bd5f36d16b930d2302169cd2bac334
FING-8308,1363,2017,1,Diff Ec & Num Meth,4,2,0,6,2019,1,R,2,1.0,92b35a8f96aebea07771dd5a1c9378b1a046659ecee38220f124906196daed12
FING-15274,1363,2016,1,Diff Ec & Num Meth,4,2,0,6,2019,1,A,2,4.9,92b35a8f96aebea07771dd5a1c9378b1a046659ecee38220f124906196daed12
FING-9191,1363,2018,1,Diff Ec & Num Meth,4,2,0,6,2019,1,A,2,4.5,92b35a8f96aebea07771dd5a1c9378b1a046659ecee38220f124906196daed12
FING-9202,1363,2018,1,Diff Ec & Num Meth,4,2,0,6,2019,1,A,1,4.3,984fd6e8e8cd71628ae210f6a1f1557e0da0a64e905394cc57386d1524bbc85a
FING-15282,1363,2017,1,Diff Ec & Num Meth,4,2,0,6,2019,1,A,1,4.1,984fd6e8e8cd71628ae210f6a1f1557e0da0a64e905394cc57386d1524bbc85a
FING-8359,1363,2017,1,Diff Ec & Num Meth,4,2,0,6,2019,1,R,2,1.7,a210f30ff7c2d98c257908cf296e42438eefb5cf9cc725c1b02d3bd756cfeb00
FING-5387,1363,2016,1,Diff Ec & Num Meth,4,2,0,6,2019,1,A,2,4.3,4d1735bd404f48d4855de32dbd8c65be393f2ce0ae0955c99ea591fbd6921f00
FING-7312,1363,2017,1,Diff Ec & Num Meth,4,2,0,6,2019,1,A,2,4.0,4d1735bd404f48d4855de32dbd8c65be393f2ce0ae0955c99ea591fbd6921f00
FING-7306,1363,2017,1,Diff Ec & Num Meth,4,2,0,6,2019,1,R,1,1.8,4d1735bd404f48d4855de32dbd8c65be393f2ce0ae0955c99ea591fbd6921f00
FING-7312,1363,2017,1,Cal 3,4,2,0,6,2019,1,R,2,2.6,dec2ceb61415646c97fbc57093a23a996c1245b011ea790134e7bf7b9fc8224a
FING-7349,1363,2017,1,Cal 3,4,2,0,6,2019,1,R,2,1.0,8a5a1b2546b474bcad309c4ebcac6bed0bc1693473ad875d87a2bf81f9d006a7
FING-2919,1363,2015,1,Cal 3,4,2,0,6,2019,1,R,2,2.0,5edc2f51e0bbed3ddd612a9f8ba01fa514db75f50615cf064f1aaf2fa14f00a1
FING-5381,1363,2016,1,Cal 3,4,2,0,6,2019,1,R,2,1.3,5edc2f51e0bbed3ddd612a9f8ba01fa514db75f50615cf064f1aaf2fa14f00a1
FING-11177,1363,2019,1,Phy 1,4,2,1,7,2019,1,R,1,1.7,68e0e25fc360fe35368324da51d7412198180b0cdbab1d2fbedc8639e0d9e05c
FING-4473,1363,2019,1,Phy 1,4,2,1,7,2019,1,A,2,5.2,68e0e25fc360fe35368324da51d7412198180b0cdbab1d2fbedc8639e0d9e05c
FING-11110,1363,2019,1,Phy 1,4,2,1,7,2019,1,A,2,4.9,68e0e25fc360fe35368324da51d7412198180b0cdbab1d2fbedc8639e0d9e05c
FING-15261,1363,2019,1,Phy 1,4,2,1,7,2019,1,A,2,5.2,68e0e25fc360fe35368324da51d7412198180b0cdbab1d2fbedc8639e0d9e05c
FING-11168,1363,2019,1,Phy 1,4,2,1,7,2019,1,A,2,4.4,68e0e25fc360fe35368324da51d7412198180b0cdbab1d2fbedc8639e0d9e05c
FING-11170,1363,2019,1,Phy 1,4,2,1,7,2019,1,A,2,5.5,049062ddbd2d501613f0397c9080ed3c1b88d1154822e87058350c92dfb9c585
FING-28148,1363,2019,1,Phy 1,4,2,1,7,2019,1,A,2,4.3,049062ddbd2d501613f0397c9080ed3c1b88d1154822e87058350c92dfb9c585
FING-11165,1363,2019,1,Phy 1,4,2,1,7,2019,1,A,2,5.4,049062ddbd2d501613f0397c9080ed3c1b88d1154822e87058350c92dfb9c585
FING-11116,1363,2019,1,Phy 1,4,2,1,7,2019,1,R,2,3.6,049062ddbd2d501613f0397c9080ed3c1b88d1154822e87058350c92dfb9c585
FING-11139,1363,2019,1,Phy 1,4,2,1,7,2019,1,A,2,4.8,049062ddbd2d501613f0397c9080ed3c1b88d1154822e87058350c92dfb9c585
FING-11115,1363,2019,1,Phy 1,4,2,1,7,2019,1,A,2,4.5,049062ddbd2d501613f0397c9080ed3c1b88d1154822e87058350c92dfb9c585
FING-11151,1363,2019,1,Phy 1,4,2,1,7,2019,1,R,1,3.0,f97f1f640e82225c372186d2b97ef4f17b7c12dbe3d4ae2c8d2de6d1d47d2340
FING-11129,1363,2019,1,Phy 1,4,2,1,7,2019,1,A,2,4.8,f97f1f640e82225c372186d2b97ef4f17b7c12dbe3d4ae2c8d2de6d1d47d2340
FING-11089,1363,2019,1,Phy 1,4,2,1,7,2019,1,A,2,4.5,f97f1f640e82225c372186d2b97ef4f17b7c12dbe3d4ae2c8d2de6d1d47d2340
FING-11159,1363,2019,1,Phy 1,4,2,1,7,2019,1,A,2,4.3,f97f1f640e82225c372186d2b97ef4f17b7c12dbe3d4ae2c8d2de6d1d47d2340
FING-11178,1363,2019,1,Phy 1,4,2,1,7,2019,1,A,2,4.5,f97f1f640e82225c372186d2b97ef4f17b7c12dbe3d4ae2c8d2de6d1d47d2340
FING-11130,1363,2019,1,Phy 1,4,2,1,7,2019,1,A,2,4.3,f97f1f640e82225c372186d2b97ef4f17b7c12dbe3d4ae2c8d2de6d1d47d2340
FING-11154,1363,2019,1,Phy 1,4,2,1,7,2019,1,R,2,1.5,f97f1f640e82225c372186d2b97ef4f17b7c12dbe3d4ae2c8d2de6d1d47d2340
FING-11122,1363,2019,1,Phy 1,4,2,1,7,2019,1,R,1,1.8,9744ebe904d1dae33b54c1c59f8db4d9dab8e4debd45879372d42e3cbe6cdee8
FING-11083,1363,2019,1,Phy 1,4,2,1,7,2019,1,R,1,3.8,9744ebe904d1dae33b54c1c59f8db4d9dab8e4debd45879372d42e3cbe6cdee8
FING-11136,1363,2019,1,Phy 1,4,2,1,7,2019,1,A,2,4.3,9744ebe904d1dae33b54c1c59f8db4d9dab8e4debd45879372d42e3cbe6cdee8
FING-15339,1363,2019,1,Phy 1,4,2,1,7,2019,1,A,2,4.7,9744ebe904d1dae33b54c1c59f8db4d9dab8e4debd45879372d42e3cbe6cdee8
FING-10175,1363,2018,1,Phy 1,4,2,1,7,2019,1,R,2,1.0,5fd31c115422aec00f5667dbf4044062f508d0ad58659a08ae3051a7a11375e3
FING-15343,1363,2019,1,Phy 1,4,2,1,7,2019,1,A,2,4.4,5fd31c115422aec00f5667dbf4044062f508d0ad58659a08ae3051a7a11375e3
FING-11135,1363,2019,1,Phy 1,4,2,1,7,2019,1,R,2,3.6,5fd31c115422aec00f5667dbf4044062f508d0ad58659a08ae3051a7a11375e3
FING-15346,1363,2019,1,Phy 1,4,2,1,7,2019,1,A,2,5.0,5fd31c115422aec00f5667dbf4044062f508d0ad58659a08ae3051a7a11375e3
FING-11158,1363,2019,1,Phy 1,4,2,1,7,2019,1,A,2,5.3,5fd31c115422aec00f5667dbf4044062f508d0ad58659a08ae3051a7a11375e3
FING-11123,1363,2019,1,Phy 1,4,2,1,7,2019,1,A,2,6.5,5fd31c115422aec00f5667dbf4044062f508d0ad58659a08ae3051a7a11375e3
FING-11164,1363,2019,1,Phy 1,4,2,1,7,2019,1,A,2,5.5,5fd31c115422aec00f5667dbf4044062f508d0ad58659a08ae3051a7a11375e3
FING-11182,1363,2019,1,Phy 1,4,2,1,7,2019,1,R,2,3.3,5fd31c115422aec00f5667dbf4044062f508d0ad58659a08ae3051a7a11375e3
FING-11079,1363,2019,1,Phy 1,4,2,1,7,2019,1,R,2,1.1,0f39b6d4c3806d6dee45950cae220831f82a62dde2e3472aa03040e1cd0f2502
FING-11071,1363,2019,1,Phy 1,4,2,1,7,2019,1,A,2,5.0,0f39b6d4c3806d6dee45950cae220831f82a62dde2e3472aa03040e1cd0f2502
FING-11113,1363,2019,1,Phy 1,4,2,1,7,2019,1,R,2,2.1,0f39b6d4c3806d6dee45950cae220831f82a62dde2e3472aa03040e1cd0f2502
FING-11104,1363,2019,1,Phy 1,4,2,1,7,2019,1,A,2,4.6,0f39b6d4c3806d6dee45950cae220831f82a62dde2e3472aa03040e1cd0f2502
FING-28229,1363,2019,1,Phy 1,4,2,1,7,2019,1,A,2,4.6,0f39b6d4c3806d6dee45950cae220831f82a62dde2e3472aa03040e1cd0f2502
FING-11142,1363,2019,1,Phy 1,4,2,1,7,2019,1,A,2,5.0,0f39b6d4c3806d6dee45950cae220831f82a62dde2e3472aa03040e1cd0f2502
FING-11115,1363,2019,1,Cal 1,6,2,0,8,2019,2,R,2,3.1,94434f361cfd8e20fdddb4ecf46307ee2176795b035583a9581a1fbd50b982d3
FING-15339,1363,2019,1,Cal 1,6,2,0,8,2019,2,R,2,2.5,94434f361cfd8e20fdddb4ecf46307ee2176795b035583a9581a1fbd50b982d3
FING-11749,1363,2020,1,Cal 1,6,2,0,8,2019,1,A,2,5.0,8508436b0f900192b9c554f5c427e8274f4a2527a29c26777931111848b081b4
FING-11749,1363,2020,1,Alg 1,6,2,0,8,2019,1,A,2,5.1,5c1b56c44ae252bb24a2439b8e9c45b1ee1f89cc8f5cfa4376397173245ef6fd
FING-11749,1363,2020,1,Phy 1,4,2,1,7,2019,1,A,2,5.2,5fd31c115422aec00f5667dbf4044062f508d0ad58659a08ae3051a7a11375e3
FING-11749,1363,2020,1,IPD Workshop,2,0,2,4,2019,1,A,2,5.8,80b77e03e906b6b90f7282edb67cb80f532e56d6704ff5b5896dce0e702084f0
FING-11749,1363,2020,1,Intro Eng,0,0,2,2,2019,1,A,2,5.3,b41cf38896adbd563c91bf94077c88931a341fd9503b63360b1ca00d2ba8dca7
FING-11749,1363,2020,1,Std Methods,0,0,2,2,2019,1,A,2,4.7,e3cf9d1712798043a87ba3da6901db3f36dffed46b74f57885d4662a66b08c30
FING-11749,1363,2020,1,Cal 2,6,2,0,8,2019,2,A,2,4.8,bf9a4f134286b7a9ed7dbd00bb89843f370a0a7a6e907355ead0b09e8a867c9f
FING-11749,1363,2020,1,Alg 2,4,2,0,6,2019,2,A,2,4.3,8b42f45aab7337fe4a974e5be08b452554fd5bcaf1bd1563470918402e15a2ec
FING-11749,1363,2020,1,Phy 2,4,2,1,7,2019,2,A,2,5.9,308314b89f1b0659b7d5bded4d421112ba9ccfddd33435f2cd846f5a73dea729
FING-11749,1363,2020,1,Fund Progr,4,0,2,6,2019,2,A,2,4.5,77ae0e761cf759feff15e0859ce05cabcbe0f0f325c4df11124519d1a7f7f91e
FING-11749,1363,2020,1,Chemistry,4,2,0,6,2019,2,A,2,6.6,bd23e40a5885a0ba59f0b7530e52911ed929968a175428df4e239e8d77f93ac5
FING-7760,1363,2018,1,Logic and Computer Science Theory,4,2,0,6,2020,2,A,2,5.6,a758b091c1e446acfaa4e13d0d2839a313dd0371a35228eb5511991cee34fc12
FING-11178,1363,2019,1,Fund Progr,4,0,2,6,2020,2,A,2,5.0,9d80fe6544773bb1d81f2af51a1114b746d7012557e08c69c3ac25f557a8858a
FING-11151,1363,2019,1,Fund Progr,4,0,2,6,2020,2,R,1,2.6,8b7eb5c8931cf41fe21d405c6a69bfafd6307c6f617d2a5af34c471a984c159e
FING-11177,1363,2019,1,Progr Methd,4,2,2,8,2020,2,R,1,2.6,f9ba9cc4cd9e47f5c65a8fbb26c6b6d5ef269d286aa2171d378d7651ce5e7779
FING-11168,1363,2019,1,Progr Methd,4,2,2,8,2020,2,A,2,4.7,f9ba9cc4cd9e47f5c65a8fbb26c6b6d5ef269d286aa2171d378d7651ce5e7779
FING-28148,1363,2019,1,Progr Methd,4,2,2,8,2020,2,A,2,6.1,f9ba9cc4cd9e47f5c65a8fbb26c6b6d5ef269d286aa2171d378d7651ce5e7779
FING-11116,1363,2019,1,Progr Methd,4,2,2,8,2020,2,A,2,5.3,f9ba9cc4cd9e47f5c65a8fbb26c6b6d5ef269d286aa2171d378d7651ce5e7779
FING-11139,1363,2019,1,Progr Methd,4,2,2,8,2020,2,A,2,5.8,f9ba9cc4cd9e47f5c65a8fbb26c6b6d5ef269d286aa2171d378d7651ce5e7779
FING-11115,1363,2019,1,Progr Methd,4,2,2,8,2020,2,A,2,5.5,f9ba9cc4cd9e47f5c65a8fbb26c6b6d5ef269d286aa2171d378d7651ce5e7779
FING-13492,1363,2020,2,Progr Methd,4,2,2,8,2020,2,A,2,5.2,f9ba9cc4cd9e47f5c65a8fbb26c6b6d5ef269d286aa2171d378d7651ce5e7779
FING-11089,1363,2019,1,Progr Methd,4,2,2,8,2020,2,A,2,5.0,f9ba9cc4cd9e47f5c65a8fbb26c6b6d5ef269d286aa2171d378d7651ce5e7779
FING-15343,1363,2019,1,Progr Methd,4,2,2,8,2020,2,R,2,2.6,f9ba9cc4cd9e47f5c65a8fbb26c6b6d5ef269d286aa2171d378d7651ce5e7779
FING-11135,1363,2019,1,Progr Methd,4,2,2,8,2020,2,R,2,1.6,f9ba9cc4cd9e47f5c65a8fbb26c6b6d5ef269d286aa2171d378d7651ce5e7779
FING-15350,1363,2020,2,Progr Methd,4,2,2,8,2020,2,A,2,5.7,f9ba9cc4cd9e47f5c65a8fbb26c6b6d5ef269d286aa2171d378d7651ce5e7779
FING-11182,1363,2019,1,Progr Methd,4,2,2,8,2020,2,R,2,1.6,f9ba9cc4cd9e47f5c65a8fbb26c6b6d5ef269d286aa2171d378d7651ce5e7779
FING-7316,1363,2017,1,Progr Methd,4,2,2,8,2020,2,R,2,2.1,c31cbe4df540d9624606faae87f7bf317f5b19593d9fe7d8856a5482bf31ebfd
FING-7300,1363,2017,1,Progr Methd,4,2,2,8,2020,2,A,2,4.6,c31cbe4df540d9624606faae87f7bf317f5b19593d9fe7d8856a5482bf31ebfd
FING-11170,1363,2019,1,Progr Methd,4,2,2,8,2020,2,A,2,5.0,c31cbe4df540d9624606faae87f7bf317f5b19593d9fe7d8856a5482bf31ebfd
FING-9160,1363,2018,1,Progr Methd,4,2,2,8,2020,2,R,2,1.0,c31cbe4df540d9624606faae87f7bf317f5b19593d9fe7d8856a5482bf31ebfd
FING-11159,1363,2019,1,Progr Methd,4,2,2,8,2020,2,A,2,5.0,c31cbe4df540d9624606faae87f7bf317f5b19593d9fe7d8856a5482bf31ebfd
FING-11154,1363,2019,1,Progr Methd,4,2,2,8,2020,2,R,2,1.8,c31cbe4df540d9624606faae87f7bf317f5b19593d9fe7d8856a5482bf31ebfd
FING-11083,1363,2019,1,Progr Methd,4,2,2,8,2020,2,R,1,1.8,c31cbe4df540d9624606faae87f7bf317f5b19593d9fe7d8856a5482bf31ebfd
FING-15339,1363,2019,1,Progr Methd,4,2,2,8,2020,2,A,2,4.5,c31cbe4df540d9624606faae87f7bf317f5b19593d9fe7d8856a5482bf31ebfd
FING-7341,1363,2017,1,Progr Methd,4,2,2,8,2020,2,R,1,1.9,c31cbe4df540d9624606faae87f7bf317f5b19593d9fe7d8856a5482bf31ebfd
FING-5767,1363,2017,2,Statistical Inference,4,2,0,6,2020,2,A,2,4.2,c1e4635e6d285e41246f10c26345ab46753a2410b81286e3de6f4577af5f89c3
FING-2915,1363,2015,1,Statistical Inference,4,2,0,6,2020,2,A,2,4.0,c1e4635e6d285e41246f10c26345ab46753a2410b81286e3de6f4577af5f89c3
FING-7316,1363,2017,1,Statistical Inference,4,2,0,6,2020,2,A,2,4.0,c1e4635e6d285e41246f10c26345ab46753a2410b81286e3de6f4577af5f89c3
FING-7760,1363,2018,1,Statistical Inference,4,2,0,6,2020,2,A,2,4.0,c1e4635e6d285e41246f10c26345ab46753a2410b81286e3de6f4577af5f89c3
FING-9160,1363,2018,1,Statistical Inference,4,2,0,6,2020,2,R,2,2.9,c1e4635e6d285e41246f10c26345ab46753a2410b81286e3de6f4577af5f89c3
FING-15350,1363,2020,2,Intro Informatics,0,0,2,2,2020,2,A,2,5.5,f072b1c51af296c36b788c59183f904422b84d9e501221ec592a879a02a946ed
FING-1802,1363,2012,1,IPD Workshop,2,0,2,4,2012,1,A,2,5.4,6ade79274a6d1be113d495b115d03c009cd6e249833a34ce53e0c8004238fb01
FING-4323,1363,2012,1,IPD Workshop,2,0,2,4,2012,1,A,2,6.3,a6ae3edbad47f24c8492c8e00786f13afae98401406f7d5e2941c45a14efd85d
FING-12860,1363,2012,1,IPD Workshop,2,0,2,4,2012,1,A,2,4.5,0cfafa99b16e97510ab21136ea26cebfc2bd567279e9cd3964e156fd072c3dfe
FING-4321,1363,2012,1,IPD Workshop,2,0,2,4,2012,1,A,2,6.4,0cfafa99b16e97510ab21136ea26cebfc2bd567279e9cd3964e156fd072c3dfe
FING-4319,1363,2012,1,IPD Workshop,2,0,2,4,2012,1,A,2,5.8,f5793ef126a2c5c42d114ce162802b457266738abd6306169f65ba85f5edf025
FING-4312,1363,2012,1,IPD Workshop,2,0,2,4,2012,1,A,2,5.8,f5793ef126a2c5c42d114ce162802b457266738abd6306169f65ba85f5edf025
FING-666,1363,2012,1,Phy 2,4,2,1,7,2013,1,A,2,5.6,965a1dfe64b0e75e04c6d521177bdb6326b0c1d4745d4cbdf51cd633891377e5
FING-4305,1363,2012,1,Phy 2,4,2,1,7,2013,1,A,2,4.4,965a1dfe64b0e75e04c6d521177bdb6326b0c1d4745d4cbdf51cd633891377e5
FING-4323,1363,2012,1,Phy 2,4,2,1,7,2013,1,A,2,5.1,965a1dfe64b0e75e04c6d521177bdb6326b0c1d4745d4cbdf51cd633891377e5
FING-4319,1363,2012,1,Phy 2,4,2,1,7,2013,1,R,2,3.4,cce51747eeccdfc8ca24f99477c8f8744e4e09d043fbfb5fb36c9971f924986b
FING-12915,1363,2012,2,Phy 2,4,2,1,7,2013,1,R,1,3.1,cce51747eeccdfc8ca24f99477c8f8744e4e09d043fbfb5fb36c9971f924986b
FING-4321,1363,2012,1,Phy 2,4,2,1,7,2013,1,R,2,2.8,cce51747eeccdfc8ca24f99477c8f8744e4e09d043fbfb5fb36c9971f924986b
FING-4324,1363,2012,1,Diff Ec & Num Meth,4,2,0,6,2013,1,R,2,3.1,7b2dac439804d2da5d57199b1ef1ef28bba86165fc57d1b1d0183d1d9f4bf483
FING-666,1363,2012,1,Chemistry,4,2,0,6,2013,1,R,2,3.0,fb602df840621f7a0cfeed69e3290b13e75c22541d4cc37913ae02229ff82bf1
FING-4312,1363,2012,1,Chemistry,4,2,0,6,2013,1,A,2,4.2,fb602df840621f7a0cfeed69e3290b13e75c22541d4cc37913ae02229ff82bf1
FING-12915,1363,2012,2,Alg 2,4,2,0,6,2014,1,A,1,4.1,f7475fca1cdcb3d772565c1474e5b8132c78ad221eaf9fbd10bdf3e06f37491a
FING-13105,1363,2013,1,Alg 2,4,2,0,6,2014,1,A,1,5.3,f7475fca1cdcb3d772565c1474e5b8132c78ad221eaf9fbd10bdf3e06f37491a
FING-4307,1363,2013,1,Alg 2,4,2,0,6,2014,1,A,2,4.6,f7475fca1cdcb3d772565c1474e5b8132c78ad221eaf9fbd10bdf3e06f37491a
FING-179,1363,2014,1,Cal 1,6,2,0,8,2014,1,A,2,5.3,ce9bb794b4845a96bcb70f744980d1cfd7e192f7aba107ffad3a558f492efa0d
FING-173,1363,2014,1,Cal 1,6,2,0,8,2014,1,A,2,4.9,ce9bb794b4845a96bcb70f744980d1cfd7e192f7aba107ffad3a558f492efa0d
FING-223,1363,2014,1,Cal 1,6,2,0,8,2014,1,R,2,3.5,ce9bb794b4845a96bcb70f744980d1cfd7e192f7aba107ffad3a558f492efa0d
FING-212,1363,2014,1,Alg 1,6,2,0,8,2014,1,A,2,4.9,29515579f1f72c90bb687a58351f21ab9cbfbf85da8ce3968de43412bb458b37
FING-1531,1363,2014,1,Alg 1,6,2,0,8,2014,1,A,1,4.5,29515579f1f72c90bb687a58351f21ab9cbfbf85da8ce3968de43412bb458b37
FING-191,1363,2014,1,Alg 1,6,2,0,8,2014,1,R,2,2.9,29515579f1f72c90bb687a58351f21ab9cbfbf85da8ce3968de43412bb458b37
FING-1528,1363,2014,1,Alg 1,6,2,0,8,2014,1,R,2,2.4,29515579f1f72c90bb687a58351f21ab9cbfbf85da8ce3968de43412bb458b37
FING-1221,1363,2014,1,Alg 1,6,2,0,8,2014,1,R,2,2.8,eb3336bead1db7d01c3566372ee3fd9590eb3302ab5c3efcab1c2fedcae047d9
FING-205,1363,2014,1,Alg 1,6,2,0,8,2014,1,A,2,4.7,eb3336bead1db7d01c3566372ee3fd9590eb3302ab5c3efcab1c2fedcae047d9
FING-199,1363,2014,1,Alg 1,6,2,0,8,2014,1,A,2,5.0,56a3d6902679774decd90c6418cb72b900fccac84dbd7a90839a5fcc227537b2
FING-222,1363,2014,1,Alg 1,6,2,0,8,2014,1,R,2,3.6,56a3d6902679774decd90c6418cb72b900fccac84dbd7a90839a5fcc227537b2
FING-1534,1363,2014,1,Alg 1,6,2,0,8,2014,1,A,2,4.8,56a3d6902679774decd90c6418cb72b900fccac84dbd7a90839a5fcc227537b2
FING-153,1363,2014,1,Alg 1,6,2,0,8,2014,1,A,2,5.1,56a3d6902679774decd90c6418cb72b900fccac84dbd7a90839a5fcc227537b2
FING-228,1363,2014,1,Alg 1,6,2,0,8,2014,1,R,2,3.3,8f76c3c9624622bf49eaf281bc72c03859c96fa850b904deafda3adcacf92130
FING-158,1363,2014,1,Alg 1,6,2,0,8,2014,1,A,2,4.0,8f76c3c9624622bf49eaf281bc72c03859c96fa850b904deafda3adcacf92130
FING-217,1363,2014,1,Alg 1,6,2,0,8,2014,1,A,2,4.2,8f76c3c9624622bf49eaf281bc72c03859c96fa850b904deafda3adcacf92130
FING-157,1363,2014,1,Alg 1,6,2,0,8,2014,1,A,2,4.9,4f6de681fc3e712ed1a39b00639ba1a66ae254fdb37a3ad046a1c5f7b8ac8d38
FING-214,1363,2014,1,Alg 1,6,2,0,8,2014,1,A,2,4.5,8f76c3c9624622bf49eaf281bc72c03859c96fa850b904deafda3adcacf92130
FING-192,1363,2014,1,Alg 1,6,2,0,8,2014,1,A,2,4.0,943dd3c053ca41e02636f5d8ed779187eb11b1b18493b738e3514270e04eefdd
FING-1472,1363,2014,1,Alg 1,6,2,0,8,2014,1,A,2,4.6,943dd3c053ca41e02636f5d8ed779187eb11b1b18493b738e3514270e04eefdd
FING-185,1363,2014,1,Alg 1,6,2,0,8,2014,1,R,2,1.6,943dd3c053ca41e02636f5d8ed779187eb11b1b18493b738e3514270e04eefdd
FING-4311,1363,2013,1,Alg 2,4,2,0,6,2014,1,A,2,5.1,cd4258abd494e338dd13dad75ea3f1f1ced923cec073b330363a2340dbb751bf
FING-17689,1363,2013,1,Alg 2,4,2,0,6,2014,1,R,2,3.2,cd4258abd494e338dd13dad75ea3f1f1ced923cec073b330363a2340dbb751bf
FING-3421,1363,2013,1,Alg 2,4,2,0,6,2014,1,A,2,4.3,cd4258abd494e338dd13dad75ea3f1f1ced923cec073b330363a2340dbb751bf
FING-1531,1363,2014,1,Fund Progr,4,0,2,6,2014,2,A,1,4.6,262093a216a636b36de09c0b618a2a8aa41f2a926eb8579f7c5b070257c3a9f8
FING-165,1363,2014,1,Fund Progr,4,0,2,6,2014,2,R,2,3.8,262093a216a636b36de09c0b618a2a8aa41f2a926eb8579f7c5b070257c3a9f8
FING-205,1363,2014,1,Fund Progr,4,0,2,6,2014,2,A,2,5.1,262093a216a636b36de09c0b618a2a8aa41f2a926eb8579f7c5b070257c3a9f8
FING-12988,1363,2013,1,Elect & Mag,4,2,1,7,2014,2,R,1,1.0,9f4d7abfe9f9d65f263b4a63521ac1241e6198e8844a2443b31729dc9ac2ed06
FING-13024,1363,2013,1,Elect & Mag,4,2,1,7,2014,2,A,2,4.7,9f4d7abfe9f9d65f263b4a63521ac1241e6198e8844a2443b31729dc9ac2ed06
FING-212,1363,2014,1,Std Methods,0,0,2,2,2014,2,A,2,4.3,b4e01d344f94e47e81b2c59794d433618e4fac069d8596d7fd31bd2ad1f26cc3
FING-1472,1363,2014,1,Eng 1,0,0,2,2,2014,2,A,2,4.1,d243075554e9e28bcc9460e19789a9578b49db27694e674c6c0f82cb7f85a5e5
FING-12988,1363,2013,1,Eng 1,0,0,2,2,2014,2,A,1,6.5,d243075554e9e28bcc9460e19789a9578b49db27694e674c6c0f82cb7f85a5e5
FING-1528,1363,2014,1,Eng 1,0,0,2,2,2014,2,A,2,4.7,d243075554e9e28bcc9460e19789a9578b49db27694e674c6c0f82cb7f85a5e5
FING-222,1363,2014,1,Eng 1,0,0,2,2,2014,2,A,2,6.1,d243075554e9e28bcc9460e19789a9578b49db27694e674c6c0f82cb7f85a5e5
FING-185,1363,2014,1,Eng 1,0,0,2,2,2014,2,A,2,6.2,d243075554e9e28bcc9460e19789a9578b49db27694e674c6c0f82cb7f85a5e5
FING-1221,1363,2014,1,Eng 1,0,0,2,2,2014,2,R,2,2.3,d243075554e9e28bcc9460e19789a9578b49db27694e674c6c0f82cb7f85a5e5
FING-13024,1363,2013,1,Eng 2,0,0,2,2,2014,2,A,2,5.5,d243075554e9e28bcc9460e19789a9578b49db27694e674c6c0f82cb7f85a5e5
FING-23970,1363,2013,1,Eng 2,0,0,2,2,2014,2,A,2,5.6,d243075554e9e28bcc9460e19789a9578b49db27694e674c6c0f82cb7f85a5e5
FING-1532,1363,2014,1,Eng 2,0,0,2,2,2014,2,R,2,2.3,d243075554e9e28bcc9460e19789a9578b49db27694e674c6c0f82cb7f85a5e5
FING-13134,1363,2013,1,Eng 2,0,0,2,2,2014,2,A,2,5.6,d243075554e9e28bcc9460e19789a9578b49db27694e674c6c0f82cb7f85a5e5
FING-13105,1363,2013,1,Eng 2,0,0,2,2,2014,2,A,1,6.0,d243075554e9e28bcc9460e19789a9578b49db27694e674c6c0f82cb7f85a5e5
FING-4311,1363,2013,1,Eng 2,0,0,2,2,2014,2,A,2,5.4,d243075554e9e28bcc9460e19789a9578b49db27694e674c6c0f82cb7f85a5e5
FING-4313,1363,2012,1,Eng 3,0,0,2,2,2014,2,R,2,2.3,d243075554e9e28bcc9460e19789a9578b49db27694e674c6c0f82cb7f85a5e5
FING-4306,1363,2012,1,Eng 3,0,0,2,2,2014,2,R,2,2.2,d243075554e9e28bcc9460e19789a9578b49db27694e674c6c0f82cb7f85a5e5
FING-4323,1363,2012,1,Eng 4,0,0,2,2,2014,2,A,2,6.2,d243075554e9e28bcc9460e19789a9578b49db27694e674c6c0f82cb7f85a5e5
FING-4312,1363,2012,1,Eng 4,0,0,2,2,2014,2,A,2,6.4,d243075554e9e28bcc9460e19789a9578b49db27694e674c6c0f82cb7f85a5e5
FING-4324,1363,2012,1,Eng 4,0,0,2,2,2014,2,A,2,5.1,d243075554e9e28bcc9460e19789a9578b49db27694e674c6c0f82cb7f85a5e5
FING-12860,1363,2012,1,Eng 4,0,0,2,2,2014,2,A,2,6.2,d243075554e9e28bcc9460e19789a9578b49db27694e674c6c0f82cb7f85a5e5
FING-4309,1363,2013,1,Eng 2,0,0,2,2,2014,2,A,2,5.7,d243075554e9e28bcc9460e19789a9578b49db27694e674c6c0f82cb7f85a5e5
FING-17689,1363,2013,1,Eng 2,0,0,2,2,2014,2,R,2,1.0,d243075554e9e28bcc9460e19789a9578b49db27694e674c6c0f82cb7f85a5e5
FING-4307,1363,2013,1,Eng 2,0,0,2,2,2014,2,A,2,5.0,d243075554e9e28bcc9460e19789a9578b49db27694e674c6c0f82cb7f85a5e5
FING-4321,1363,2012,1,Eng 2,0,0,2,2,2014,2,A,2,5.7,d243075554e9e28bcc9460e19789a9578b49db27694e674c6c0f82cb7f85a5e5
FING-1531,1363,2014,1,Phy 1,4,2,1,7,2014,2,A,1,4.2,c32a2283ffb5eec385dc3f0bbd08af4e930148f6ec70a67a259d6dcaaa0ac8db
FING-1528,1363,2014,1,Phy 1,4,2,1,7,2014,2,R,2,2.3,c32a2283ffb5eec385dc3f0bbd08af4e930148f6ec70a67a259d6dcaaa0ac8db
FING-185,1363,2014,1,Phy 1,4,2,1,7,2014,2,R,2,2.0,c32a2283ffb5eec385dc3f0bbd08af4e930148f6ec70a67a259d6dcaaa0ac8db
FING-191,1363,2014,1,Phy 1,4,2,1,7,2014,2,A,2,4.1,8377ca417d01fc35762f6e38611cfda81997cb40f8a8dcee43bc40612e813169
FING-228,1363,2014,1,Phy 1,4,2,1,7,2014,2,R,2,2.7,8377ca417d01fc35762f6e38611cfda81997cb40f8a8dcee43bc40612e813169
FING-1221,1363,2014,1,Phy 1,4,2,1,7,2014,2,A,2,4.6,8377ca417d01fc35762f6e38611cfda81997cb40f8a8dcee43bc40612e813169
FING-155,1363,2014,1,Phy 1,4,2,1,7,2014,2,R,2,1.8,8377ca417d01fc35762f6e38611cfda81997cb40f8a8dcee43bc40612e813169
FING-222,1363,2014,1,Phy 1,4,2,1,7,2014,2,A,2,4.7,8377ca417d01fc35762f6e38611cfda81997cb40f8a8dcee43bc40612e813169
FING-173,1363,2014,1,Phy 1,4,2,1,7,2014,2,A,2,4.8,8377ca417d01fc35762f6e38611cfda81997cb40f8a8dcee43bc40612e813169
FING-223,1363,2014,1,Phy 1,4,2,1,7,2014,2,A,2,4.5,8377ca417d01fc35762f6e38611cfda81997cb40f8a8dcee43bc40612e813169
FING-158,1363,2014,1,Phy 1,4,2,1,7,2014,2,R,2,3.7,fcdc914600ac4ff6c5c5e2df96cfd83ca9e60a43f3cc83b49dfeb289329ea7b9
FING-1534,1363,2014,1,Phy 1,4,2,1,7,2014,2,A,2,4.3,fcdc914600ac4ff6c5c5e2df96cfd83ca9e60a43f3cc83b49dfeb289329ea7b9
FING-157,1363,2014,1,Phy 1,4,2,1,7,2014,2,A,2,4.4,fcdc914600ac4ff6c5c5e2df96cfd83ca9e60a43f3cc83b49dfeb289329ea7b9
FING-153,1363,2014,1,Phy 1,4,2,1,7,2014,2,R,2,2.9,fcdc914600ac4ff6c5c5e2df96cfd83ca9e60a43f3cc83b49dfeb289329ea7b9
FING-4312,1363,2012,1,Elect & Mag,4,2,1,7,2014,2,R,2,1.6,8d708188d48a205fd0ee6094067176dc7d98cbf0882b42659479e4ee14e20270
FING-4321,1363,2012,1,Elect & Mag,4,2,1,7,2014,2,R,2,2.3,8d708188d48a205fd0ee6094067176dc7d98cbf0882b42659479e4ee14e20270
FING-12860,1363,2012,1,Statistical Inference,4,2,0,6,2016,1,R,2,2.9,c1e4635e6d285e41246f10c26345ab46753a2410b81286e3de6f4577af5f89c3
FING-1532,1363,2014,1,Statistical Inference,4,2,0,6,2016,1,A,2,4.5,c1e4635e6d285e41246f10c26345ab46753a2410b81286e3de6f4577af5f89c3
FING-2918,1363,2015,1,Progr Methd,4,2,2,8,2016,1,A,2,4.4,c31cbe4df540d9624606faae87f7bf317f5b19593d9fe7d8856a5482bf31ebfd
FING-222,1363,2014,1,Progr Methd,4,2,2,8,2016,1,A,2,4.3,c31cbe4df540d9624606faae87f7bf317f5b19593d9fe7d8856a5482bf31ebfd
FING-2971,1363,2015,1,Progr Methd,4,2,2,8,2016,1,A,2,5.6,c31cbe4df540d9624606faae87f7bf317f5b19593d9fe7d8856a5482bf31ebfd
FING-4195,1363,2015,1,Progr Methd,4,2,2,8,2016,1,A,2,4.1,c31cbe4df540d9624606faae87f7bf317f5b19593d9fe7d8856a5482bf31ebfd
FING-153,1363,2014,1,Progr Methd,4,2,2,8,2016,1,A,2,4.6,c31cbe4df540d9624606faae87f7bf317f5b19593d9fe7d8856a5482bf31ebfd
FING-3928,1363,2015,1,Progr Methd,4,2,2,8,2016,1,A,2,4.9,c31cbe4df540d9624606faae87f7bf317f5b19593d9fe7d8856a5482bf31ebfd
FING-2908,1363,2015,1,Progr Methd,4,2,2,8,2016,1,A,1,5.0,c31cbe4df540d9624606faae87f7bf317f5b19593d9fe7d8856a5482bf31ebfd
FING-1532,1363,2014,1,DB Workshop,2,0,4,6,2016,1,A,2,5.6,bfe2af4510e55961b92ba090cf50368c914a2ebc02a55a8247827d1c6aa07723
FING-217,1363,2014,1,Progr Parad,4,0,2,6,2016,1,R,2,3.0,b5288838101f043d5d921b3cb0ab9e48b7545e84feb6f9d18963b2df26786f77
FING-186,1363,2014,1,Algorithms,4,0,2,6,2016,1,R,2,1.5,e38a4859f2ef4ae267fdcfaae2275e8c1603705f132a90923c5e03c2f30b9999
FING-214,1363,2014,1,Algorithms,4,0,2,6,2016,1,R,2,3.7,e38a4859f2ef4ae267fdcfaae2275e8c1603705f132a90923c5e03c2f30b9999
FING-12988,1363,2013,1,Progr Parad,4,0,2,6,2016,1,A,1,4.8,4b402f61486d553a1ac5cc701a0efb59f3b328062d42bece448d63f444f8f9e1
FING-13024,1363,2013,1,Progr Parad,4,0,2,6,2016,1,A,2,4.5,4b402f61486d553a1ac5cc701a0efb59f3b328062d42bece448d63f444f8f9e1
FING-13024,1363,2013,1,Algorithms,4,0,2,6,2016,1,A,2,5.2,4b402f61486d553a1ac5cc701a0efb59f3b328062d42bece448d63f444f8f9e1
FING-1782,1363,2015,1,Algorithms,4,0,2,6,2016,1,A,2,4.9,4b402f61486d553a1ac5cc701a0efb59f3b328062d42bece448d63f444f8f9e1
FING-7349,1363,2017,1,Std Methods,0,0,2,2,2017,1,A,2,6.1,1d22e7fccdd113e213ec1d88f7cb3455e555cf31ab949f227e30317756ac86db
FING-7300,1363,2017,1,Std Methods,0,0,2,2,2017,1,A,2,6.4,1d22e7fccdd113e213ec1d88f7cb3455e555cf31ab949f227e30317756ac86db
FING-29416,1363,2017,1,Std Methods,0,0,2,2,2017,1,A,2,6.3,1d22e7fccdd113e213ec1d88f7cb3455e555cf31ab949f227e30317756ac86db
FING-8308,1363,2017,1,Std Methods,0,0,2,2,2017,1,A,2,6.8,07e94f38187545d903a892230fedc379ace5c5d1c0f8ecbded5705c3654b2b49
FING-7316,1363,2017,1,Std Methods,0,0,2,2,2017,1,A,2,6.6,07e94f38187545d903a892230fedc379ace5c5d1c0f8ecbded5705c3654b2b49
FING-7312,1363,2017,1,Std Methods,0,0,2,2,2017,1,A,2,5.3,07e94f38187545d903a892230fedc379ace5c5d1c0f8ecbded5705c3654b2b49
FING-8361,1363,2017,1,Std Methods,0,0,2,2,2017,1,A,2,6.2,07e94f38187545d903a892230fedc379ace5c5d1c0f8ecbded5705c3654b2b49
FING-7327,1363,2017,1,Cal 1,6,2,0,8,2017,1,R,2,2.3,98ea76fb2e93a2f81fc61627bc908f29841d7b6ee32ad2ea732a1e56491aead3
FING-7352,1363,2017,1,Cal 1,6,2,0,8,2017,1,R,2,2.1,98ea76fb2e93a2f81fc61627bc908f29841d7b6ee32ad2ea732a1e56491aead3
FING-1221,1363,2017,1,Alg 1,6,2,0,8,2017,1,A,2,5.3,56a3d6902679774decd90c6418cb72b900fccac84dbd7a90839a5fcc227537b2
FING-7307,1363,2017,1,Alg 1,6,2,0,8,2017,1,R,1,3.8,56a3d6902679774decd90c6418cb72b900fccac84dbd7a90839a5fcc227537b2
FING-15282,1363,2017,1,Alg 1,6,2,0,8,2017,1,A,1,4.6,56a3d6902679774decd90c6418cb72b900fccac84dbd7a90839a5fcc227537b2
FING-7306,1363,2017,1,Alg 1,6,2,0,8,2017,1,A,1,4.2,56a3d6902679774decd90c6418cb72b900fccac84dbd7a90839a5fcc227537b2
FING-7349,1363,2017,1,Alg 1,6,2,0,8,2017,1,A,2,5.6,8f76c3c9624622bf49eaf281bc72c03859c96fa850b904deafda3adcacf92130
FING-7300,1363,2017,1,Alg 1,6,2,0,8,2017,1,R,2,3.1,8f76c3c9624622bf49eaf281bc72c03859c96fa850b904deafda3adcacf92130
FING-29416,1363,2017,1,Alg 1,6,2,0,8,2017,1,R,2,3.1,8f76c3c9624622bf49eaf281bc72c03859c96fa850b904deafda3adcacf92130
FING-7327,1363,2017,1,Alg 1,6,2,0,8,2017,1,R,2,2.3,e5a61f3d4018f69c73f9e1dede989e7987d481e58e72554c714897ff90834af8
FING-7352,1363,2017,1,Alg 1,6,2,0,8,2017,1,R,2,2.6,e5a61f3d4018f69c73f9e1dede989e7987d481e58e72554c714897ff90834af8
FING-6164,1363,2016,1,Alg 2,4,2,0,6,2017,1,R,2,1.0,8f76c3c9624622bf49eaf281bc72c03859c96fa850b904deafda3adcacf92130
FING-6359,1363,2016,1,Alg 2,4,2,0,6,2017,1,A,2,4.0,8f76c3c9624622bf49eaf281bc72c03859c96fa850b904deafda3adcacf92130
FING-5374,1363,2016,1,Alg 2,4,2,0,6,2017,1,A,2,4.0,8f76c3c9624622bf49eaf281bc72c03859c96fa850b904deafda3adcacf92130
FING-2945,1363,2015,1,Cal 3,4,2,0,6,2017,1,R,2,2.7,a071e7dcac0f0f5c4d5c899659b20935cd8d0b2f9a4ea34ff0db2f66521bbc63
FING-28124,1363,2018,1,Cal 1,6,2,0,8,2018,2,R,2,3.6,5c1b56c44ae252bb24a2439b8e9c45b1ee1f89cc8f5cfa4376397173245ef6fd
FING-9160,1363,2018,1,Cal 1,6,2,0,8,2018,2,A,2,4.0,5c1b56c44ae252bb24a2439b8e9c45b1ee1f89cc8f5cfa4376397173245ef6fd
FING-9136,1363,2018,1,Cal 1,6,2,0,8,2018,2,R,2,3.8,5c1b56c44ae252bb24a2439b8e9c45b1ee1f89cc8f5cfa4376397173245ef6fd
FING-8359,1363,2017,1,Elect & Mag,4,2,1,7,2018,2,R,2,3.0,19beb6b43c539c48b2b2ee1d38b0ee40dacf4899e54107b0b80dce3ebe323564
FING-7300,1363,2017,1,Fund Progr,4,0,2,6,2018,2,A,2,5.3,b2f2e408712fcc4c0629e46d1d41084bdf94f09a5b5d8e6e22c090c72be3d8c0
FING-28068,1363,2018,1,Fund Progr,4,0,2,6,2018,2,R,1,3.5,b2f2e408712fcc4c0629e46d1d41084bdf94f09a5b5d8e6e22c090c72be3d8c0
FING-29416,1363,2017,1,Phy 2,4,2,1,7,2018,2,R,2,2.9,f6a9adfbc3b98c2908bdd53b48de5c161e80b51fb449a4e25dea88bcad634efe
FING-7307,1363,2017,1,Phy 2,4,2,1,7,2018,2,R,1,3.4,f6a9adfbc3b98c2908bdd53b48de5c161e80b51fb449a4e25dea88bcad634efe
FING-6359,1363,2016,1,Diff Ec & Num Meth,4,2,0,6,2018,2,R,2,3.1,92b35a8f96aebea07771dd5a1c9378b1a046659ecee38220f124906196daed12
FING-5387,1363,2016,1,Diff Ec & Num Meth,4,2,0,6,2018,2,R,2,3.3,92b35a8f96aebea07771dd5a1c9378b1a046659ecee38220f124906196daed12
FING-15274,1363,2016,1,Diff Ec & Num Meth,4,2,0,6,2018,2,R,2,3.1,92b35a8f96aebea07771dd5a1c9378b1a046659ecee38220f124906196daed12
FING-7316,1363,2017,1,Cal 2,6,2,0,8,2018,2,R,2,3.6,984fd6e8e8cd71628ae210f6a1f1557e0da0a64e905394cc57386d1524bbc85a
FING-28159,1363,2018,1,Cal 2,6,2,0,8,2018,2,R,2,3.5,984fd6e8e8cd71628ae210f6a1f1557e0da0a64e905394cc57386d1524bbc85a
FING-8361,1363,2017,1,Cal 2,6,2,0,8,2018,2,R,2,3.7,984fd6e8e8cd71628ae210f6a1f1557e0da0a64e905394cc57386d1524bbc85a
FING-9171,1363,2018,1,Fund Progr,4,0,2,6,2018,2,A,2,4.2,62a0c1f36a5d5b85d7a4c61a2ecd9a07c3849b498393760e00f6fe577de34f06
FING-11177,1363,2019,1,Cal 1,6,2,0,8,2019,1,R,1,2.7,8508436b0f900192b9c554f5c427e8274f4a2527a29c26777931111848b081b4
FING-4473,1363,2019,1,Cal 1,6,2,0,8,2019,1,A,2,4.8,8508436b0f900192b9c554f5c427e8274f4a2527a29c26777931111848b081b4
FING-11110,1363,2019,1,Cal 1,6,2,0,8,2019,1,A,2,5.1,8508436b0f900192b9c554f5c427e8274f4a2527a29c26777931111848b081b4
FING-15261,1363,2019,1,Cal 1,6,2,0,8,2019,1,A,2,5.2,8508436b0f900192b9c554f5c427e8274f4a2527a29c26777931111848b081b4
FING-11168,1363,2019,1,Cal 1,6,2,0,8,2019,1,A,2,5.9,8508436b0f900192b9c554f5c427e8274f4a2527a29c26777931111848b081b4
FING-11170,1363,2019,1,Cal 1,6,2,0,8,2019,1,A,2,4.5,28894991e8a6fd7073f81709cab237ca574cafb54be340711988b3e36ef2182d
FING-28148,1363,2019,1,Cal 1,6,2,0,8,2019,1,A,2,4.0,28894991e8a6fd7073f81709cab237ca574cafb54be340711988b3e36ef2182d
FING-11165,1363,2019,1,Cal 1,6,2,0,8,2019,1,A,2,4.1,28894991e8a6fd7073f81709cab237ca574cafb54be340711988b3e36ef2182d
FING-11115,1363,2019,1,Cal 1,6,2,0,8,2019,1,R,2,2.7,28894991e8a6fd7073f81709cab237ca574cafb54be340711988b3e36ef2182d
FING-28124,1363,2018,1,Cal 1,6,2,0,8,2019,1,A,2,4.1,28894991e8a6fd7073f81709cab237ca574cafb54be340711988b3e36ef2182d
FING-11151,1363,2019,1,Cal 1,6,2,0,8,2019,1,R,1,2.2,28894991e8a6fd7073f81709cab237ca574cafb54be340711988b3e36ef2182d
FING-11129,1363,2019,1,Cal 1,6,2,0,8,2019,1,R,2,3.5,28894991e8a6fd7073f81709cab237ca574cafb54be340711988b3e36ef2182d
FING-11089,1363,2019,1,Cal 1,6,2,0,8,2019,1,A,2,4.0,28894991e8a6fd7073f81709cab237ca574cafb54be340711988b3e36ef2182d
FING-11159,1363,2019,1,Cal 1,6,2,0,8,2019,1,R,2,3.0,28894991e8a6fd7073f81709cab237ca574cafb54be340711988b3e36ef2182d
FING-11178,1363,2019,1,Cal 1,6,2,0,8,2019,1,A,2,4.5,28894991e8a6fd7073f81709cab237ca574cafb54be340711988b3e36ef2182d
FING-11130,1363,2019,1,Cal 1,6,2,0,8,2019,1,A,2,4.6,28894991e8a6fd7073f81709cab237ca574cafb54be340711988b3e36ef2182d
FING-11154,1363,2019,1,Cal 1,6,2,0,8,2019,1,R,2,1.1,28894991e8a6fd7073f81709cab237ca574cafb54be340711988b3e36ef2182d
FING-10175,1363,2018,1,Cal 1,6,2,0,8,2019,1,R,2,2.0,ce9bb794b4845a96bcb70f744980d1cfd7e192f7aba107ffad3a558f492efa0d
FING-10176,1363,2018,1,Cal 1,6,2,0,8,2019,1,A,2,4.1,ce9bb794b4845a96bcb70f744980d1cfd7e192f7aba107ffad3a558f492efa0d
FING-11083,1363,2019,1,Cal 1,6,2,0,8,2019,1,R,1,3.4,ce9bb794b4845a96bcb70f744980d1cfd7e192f7aba107ffad3a558f492efa0d
FING-11136,1363,2019,1,Cal 1,6,2,0,8,2019,1,R,2,3.2,ce9bb794b4845a96bcb70f744980d1cfd7e192f7aba107ffad3a558f492efa0d
FING-15339,1363,2019,1,Cal 1,6,2,0,8,2019,1,R,2,2.4,ce9bb794b4845a96bcb70f744980d1cfd7e192f7aba107ffad3a558f492efa0d
FING-9136,1363,2018,1,Cal 1,6,2,0,8,2019,1,A,2,5.1,6ce3d4b660335b81bd74aaa8368457b8af7f4c4f732e0c8328c353910242dbd8
FING-15343,1363,2019,1,Cal 1,6,2,0,8,2019,1,R,2,1.6,6ce3d4b660335b81bd74aaa8368457b8af7f4c4f732e0c8328c353910242dbd8
FING-11135,1363,2019,1,Cal 1,6,2,0,8,2019,1,R,2,2.3,6ce3d4b660335b81bd74aaa8368457b8af7f4c4f732e0c8328c353910242dbd8
FING-15346,1363,2019,1,Cal 1,6,2,0,8,2019,1,R,2,3.0,6ce3d4b660335b81bd74aaa8368457b8af7f4c4f732e0c8328c353910242dbd8
FING-11158,1363,2019,1,Cal 1,6,2,0,8,2019,1,A,2,5.0,6ce3d4b660335b81bd74aaa8368457b8af7f4c4f732e0c8328c353910242dbd8
FING-11123,1363,2019,1,Cal 1,6,2,0,8,2019,1,A,2,5.9,6ce3d4b660335b81bd74aaa8368457b8af7f4c4f732e0c8328c353910242dbd8
FING-11164,1363,2019,1,Cal 1,6,2,0,8,2019,1,A,2,4.4,6ce3d4b660335b81bd74aaa8368457b8af7f4c4f732e0c8328c353910242dbd8
FING-11182,1363,2019,1,Cal 1,6,2,0,8,2019,1,R,2,3.8,6ce3d4b660335b81bd74aaa8368457b8af7f4c4f732e0c8328c353910242dbd8
FING-11079,1363,2019,1,Cal 1,6,2,0,8,2019,1,R,2,2.4,6ce3d4b660335b81bd74aaa8368457b8af7f4c4f732e0c8328c353910242dbd8
FING-11071,1363,2019,1,Cal 1,6,2,0,8,2019,1,A,2,4.4,6ce3d4b660335b81bd74aaa8368457b8af7f4c4f732e0c8328c353910242dbd8
FING-11113,1363,2019,1,Cal 1,6,2,0,8,2019,1,R,2,2.9,6ce3d4b660335b81bd74aaa8368457b8af7f4c4f732e0c8328c353910242dbd8
FING-11142,1363,2019,1,Cal 1,6,2,0,8,2019,1,A,2,4.3,6ce3d4b660335b81bd74aaa8368457b8af7f4c4f732e0c8328c353910242dbd8
FING-2915,1363,2015,1,Progr Methd,4,2,2,8,2019,2,A,2,4.7,c31cbe4df540d9624606faae87f7bf317f5b19593d9fe7d8856a5482bf31ebfd
FING-7307,1363,2017,1,Progr Methd,4,2,2,8,2019,2,A,1,4.9,c31cbe4df540d9624606faae87f7bf317f5b19593d9fe7d8856a5482bf31ebfd
FING-28124,1363,2018,1,Progr Methd,4,2,2,8,2019,2,A,2,5.0,c31cbe4df540d9624606faae87f7bf317f5b19593d9fe7d8856a5482bf31ebfd
FING-11177,1363,2019,1,Cal 1,6,2,0,8,2019,2,R,1,3.3,988e655f75b070e27faf3004d47210e61c3c2f1a8fe897aba5ed5f2bad914ea1
FING-11122,1363,2019,1,Cal 1,6,2,0,8,2019,2,R,1,3.0,988e655f75b070e27faf3004d47210e61c3c2f1a8fe897aba5ed5f2bad914ea1
FING-15343,1363,2019,1,Cal 1,6,2,0,8,2019,2,R,2,2.7,988e655f75b070e27faf3004d47210e61c3c2f1a8fe897aba5ed5f2bad914ea1
FING-11177,1363,2019,1,Alg 1,6,2,0,8,2019,2,A,1,4.0,c41e17414e77e5b47676220571cefc6adc4544bcca69cd3855226c69d519d8b6
FING-11113,1363,2019,1,Alg 1,6,2,0,8,2019,2,A,2,4.0,c41e17414e77e5b47676220571cefc6adc4544bcca69cd3855226c69d519d8b6
FING-11071,1363,2019,1,Cal 2,6,2,0,8,2019,2,A,2,4.0,4fcdfb9669c600b7b9f1591c5130fd4a7ce9b4f975368faaba75f256cd943dd1
FING-15339,1363,2019,1,Fund Progr,4,0,2,6,2019,2,R,2,3.8,b2f2e408712fcc4c0629e46d1d41084bdf94f09a5b5d8e6e22c090c72be3d8c0
FING-11071,1363,2019,1,Fund Progr,4,0,2,6,2019,2,R,2,3.5,b2f2e408712fcc4c0629e46d1d41084bdf94f09a5b5d8e6e22c090c72be3d8c0
FING-15339,1363,2019,1,Phy 2,4,2,1,7,2019,2,R,2,3.4,cff4a0a21df7f7f8deabb8a0d05d9feeb9434ec7bbfff0e04c04e2a4d00d552d
FING-15343,1363,2019,1,Phy 2,4,2,1,7,2019,2,A,2,4.5,41478a8b72da27e1b7b4cac9dd254c1d624780ba4ce6d7c7cb1d9fe290612c3d
FING-1221,1363,2017,1,Stat Analys,4,2,0,6,2019,2,A,2,4.8,717de10ba7028ece9212f63482eb2bccf95985b28c4c84c7c80956b04bb28f8f
FING-28124,1363,2018,1,Phy 2,4,2,1,7,2019,2,A,2,4.6,41478a8b72da27e1b7b4cac9dd254c1d624780ba4ce6d7c7cb1d9fe290612c3d
FING-11130,1363,2019,1,Fund Progr,4,0,2,6,2019,2,A,2,4.9,01030513ef15a66d7ad87c5d9acf05496c247caebd0e0514526d4fc05b743a1d
FING-7306,1363,2017,1,Stat Analys,4,2,0,6,2019,2,A,1,4.7,717de10ba7028ece9212f63482eb2bccf95985b28c4c84c7c80956b04bb28f8f
FING-7316,1363,2017,1,Elect & Mag,4,2,1,7,2019,2,A,2,4.4,0c99d6fb093475c4544993d815b67dd3729d8d58dcdac886dc422de00102b7e3
FING-9136,1363,2018,1,Cal 2,6,2,0,8,2019,2,A,2,4.4,e14e1bb5bca37718cc29ddf91a83cc61410005a7bbac9377611550424d7018df
FING-15339,1363,2019,1,Chemistry,4,2,0,6,2020,2,A,2,4.0,f3e3077060b02367391659203cbf31e291e495f3ea741f9e69bb3e0daae8a34c
FING-28148,1363,2019,1,Chemistry,4,2,0,6,2020,2,A,2,4.2,f3e3077060b02367391659203cbf31e291e495f3ea741f9e69bb3e0daae8a34c
FING-11083,1363,2019,1,Chemistry,4,2,0,6,2020,2,A,1,4.0,f3e3077060b02367391659203cbf31e291e495f3ea741f9e69bb3e0daae8a34c
FING-11170,1363,2019,1,Stat Analys,4,2,0,6,2020,2,A,2,4.3,cb12c444adb814e44382a71bf9cac035de445d205abf2278b9f8f5739247e814
FING-11089,1363,2019,1,Stat Analys,4,2,0,6,2020,2,R,2,1.8,cb12c444adb814e44382a71bf9cac035de445d205abf2278b9f8f5739247e814
FING-11164,1363,2019,1,Stat Analys,4,2,0,6,2020,2,R,2,1.7,cb12c444adb814e44382a71bf9cac035de445d205abf2278b9f8f5739247e814
FING-11182,1363,2019,1,Stat Analys,4,2,0,6,2020,2,A,2,4.8,cb12c444adb814e44382a71bf9cac035de445d205abf2278b9f8f5739247e814
FING-11165,1363,2019,1,Progr Parad,4,0,2,6,2020,2,R,2,2.7,c56774011ed92ae6a9ee1865d7ed6c2c2d98b82cc12b816c03bd77fcadd0817b
FING-11130,1363,2019,1,Progr Parad,4,0,2,6,2020,2,R,2,1.2,c56774011ed92ae6a9ee1865d7ed6c2c2d98b82cc12b816c03bd77fcadd0817b
FING-11122,1363,2019,1,Progr Parad,4,0,2,6,2020,2,R,1,1.9,c56774011ed92ae6a9ee1865d7ed6c2c2d98b82cc12b816c03bd77fcadd0817b
FING-11749,1363,2020,1,Progr Parad,4,0,2,6,2020,2,A,2,5.1,c56774011ed92ae6a9ee1865d7ed6c2c2d98b82cc12b816c03bd77fcadd0817b
FING-11158,1363,2019,1,Progr Parad,4,0,2,6,2020,2,R,2,3.5,c56774011ed92ae6a9ee1865d7ed6c2c2d98b82cc12b816c03bd77fcadd0817b
FING-9208,1363,2018,1,Algorithms,4,0,2,6,2020,2,R,2,2.1,e38a4859f2ef4ae267fdcfaae2275e8c1603705f132a90923c5e03c2f30b9999
FING-11130,1363,2019,1,Algorithms,4,0,2,6,2020,2,R,2,1.2,e38a4859f2ef4ae267fdcfaae2275e8c1603705f132a90923c5e03c2f30b9999
FING-11122,1363,2019,1,Algorithms,4,0,2,6,2020,2,A,1,4.1,e38a4859f2ef4ae267fdcfaae2275e8c1603705f132a90923c5e03c2f30b9999
FING-11749,1363,2020,1,Algorithms,4,0,2,6,2020,2,R,2,3.2,e38a4859f2ef4ae267fdcfaae2275e8c1603705f132a90923c5e03c2f30b9999
FING-28068,1363,2018,1,Algorithms,4,0,2,6,2020,2,A,1,4.2,08f5ef21abd40bce9ac5ae1d0a229dac51a9646d54d7d15465e11424da1c29ec
FING-2915,1363,2015,1,Algorithms,4,0,2,6,2020,2,A,2,4.5,08f5ef21abd40bce9ac5ae1d0a229dac51a9646d54d7d15465e11424da1c29ec
FING-28124,1363,2018,1,Algorithms,4,0,2,6,2020,2,R,2,1.4,08f5ef21abd40bce9ac5ae1d0a229dac51a9646d54d7d15465e11424da1c29ec
FING-7306,1363,2017,1,Algorithms,4,0,2,6,2020,2,A,1,4.8,08f5ef21abd40bce9ac5ae1d0a229dac51a9646d54d7d15465e11424da1c29ec
FING-11164,1363,2019,1,Algorithms,4,0,2,6,2020,2,A,2,5.5,08f5ef21abd40bce9ac5ae1d0a229dac51a9646d54d7d15465e11424da1c29ec
FING-5767,1363,2017,2,Communication Systems,4,0,2,6,2020,2,A,2,6.0,6ac1bc49bbbee7eb8a61ba9ddbb9373b5e8e859ce218a87c731fc76ce0b464f7
FING-6281,1363,2016,1,Communication Systems,4,0,2,6,2020,2,A,2,5.2,6ac1bc49bbbee7eb8a61ba9ddbb9373b5e8e859ce218a87c731fc76ce0b464f7
FING-7760,1363,2018,1,Communication Systems,4,0,2,6,2020,2,A,2,6.4,6ac1bc49bbbee7eb8a61ba9ddbb9373b5e8e859ce218a87c731fc76ce0b464f7
FING-6491,1363,2017,1,Communication Systems,4,0,2,6,2020,2,A,2,4.8,6ac1bc49bbbee7eb8a61ba9ddbb9373b5e8e859ce218a87c731fc76ce0b464f7
FING-1221,1363,2017,1,Comp Org,4,1,1,6,2020,2,R,2,2.3,cec81ee66a411914454dc487ece9a19e89f26d9cfa941ac1eb4885f74a77c639
FING-28124,1363,2018,1,Chemistry,4,2,0,6,2020,2,A,2,4.8,121f405a5dc34a38249311f5ce7e0353dbb5c5c79d2716cef4d07718ada38cf1
FING-15350,1363,2020,2,Diff Ec & Num Meth,4,2,0,6,2020,2,A,2,4.9,92b35a8f96aebea07771dd5a1c9378b1a046659ecee38220f124906196daed12
FING-7341,1363,2017,1,Diff Ec & Num Meth,4,2,0,6,2020,2,R,1,2.0,92b35a8f96aebea07771dd5a1c9378b1a046659ecee38220f124906196daed12
FING-7316,1363,2017,1,Cal 3,4,2,0,6,2020,2,R,2,3.1,03bf898df4f6ae79c4b1a09d17db988727d23552c0aa94e46ef0a7a248effd95
FING-7300,1363,2017,1,Cal 3,4,2,0,6,2020,2,R,2,1.6,03bf898df4f6ae79c4b1a09d17db988727d23552c0aa94e46ef0a7a248effd95
FING-9611,1363,2019,2,Cal 3,4,2,0,6,2020,2,R,2,3.4,03bf898df4f6ae79c4b1a09d17db988727d23552c0aa94e46ef0a7a248effd95
FING-11170,1363,2019,1,Cal 3,4,2,0,6,2020,2,R,2,1.2,03bf898df4f6ae79c4b1a09d17db988727d23552c0aa94e46ef0a7a248effd95
FING-11178,1363,2019,1,Cal 3,4,2,0,6,2020,2,R,2,1.6,03bf898df4f6ae79c4b1a09d17db988727d23552c0aa94e46ef0a7a248effd95
FING-4473,1363,2019,1,Cal 3,4,2,0,6,2020,2,R,2,3.0,d9432f4e1d42c298e4a5bf3c9da43999e4ecf8ddf03af24848fa23131f9e31ea
FING-2915,1363,2015,1,Cal 3,4,2,0,6,2020,2,R,2,1.0,d9432f4e1d42c298e4a5bf3c9da43999e4ecf8ddf03af24848fa23131f9e31ea
FING-11130,1363,2019,1,Cal 3,4,2,0,6,2020,2,R,2,2.0,d9432f4e1d42c298e4a5bf3c9da43999e4ecf8ddf03af24848fa23131f9e31ea
FING-11749,1363,2020,1,Cal 3,4,2,0,6,2020,2,A,2,4.4,d9432f4e1d42c298e4a5bf3c9da43999e4ecf8ddf03af24848fa23131f9e31ea
FING-28068,1363,2018,1,Cal 3,4,2,0,6,2020,2,R,1,1.7,5edc2f51e0bbed3ddd612a9f8ba01fa514db75f50615cf064f1aaf2fa14f00a1
FING-15306,1363,2018,1,Cal 3,4,2,0,6,2020,2,A,2,4.4,5edc2f51e0bbed3ddd612a9f8ba01fa514db75f50615cf064f1aaf2fa14f00a1
FING-11123,1363,2019,1,Cal 3,4,2,0,6,2020,2,R,2,3.9,5edc2f51e0bbed3ddd612a9f8ba01fa514db75f50615cf064f1aaf2fa14f00a1
FING-11071,1363,2019,1,Progr Methd,4,2,2,8,2020,2,A,2,6.3,6e791079ac56bf68eb2f03d0de931ccdd204d92fb602928c597323c42d1fe97a
FING-11113,1363,2019,1,Progr Methd,4,2,2,8,2020,2,R,2,1.5,6e791079ac56bf68eb2f03d0de931ccdd204d92fb602928c597323c42d1fe97a
FING-11142,1363,2019,1,Progr Methd,4,2,2,8,2020,2,R,2,2.1,6e791079ac56bf68eb2f03d0de931ccdd204d92fb602928c597323c42d1fe97a
FING-28068,1363,2018,1,Progr Parad,4,0,2,6,2020,2,A,1,4.9,ccd981858c1ea839b512426d8dfcd4f88feaec45b731cc0a2f924fd2e6e153d8
FING-9611,1363,2019,2,Progr Parad,4,0,2,6,2020,2,A,2,4.9,ccd981858c1ea839b512426d8dfcd4f88feaec45b731cc0a2f924fd2e6e153d8
FING-9172,1363,2018,1,Progr Parad,4,0,2,6,2020,2,R,2,2.4,ccd981858c1ea839b512426d8dfcd4f88feaec45b731cc0a2f924fd2e6e153d8
FING-10014,1363,2018,1,Progr Parad,4,0,2,6,2020,2,R,2,1.3,ccd981858c1ea839b512426d8dfcd4f88feaec45b731cc0a2f924fd2e6e153d8
FING-15306,1363,2018,1,Progr Parad,4,0,2,6,2020,2,A,2,5.2,ccd981858c1ea839b512426d8dfcd4f88feaec45b731cc0a2f924fd2e6e153d8
FING-7307,1363,2017,1,Progr Parad,4,0,2,6,2020,2,R,1,1.8,ae5fb0db2f7aa7d4f622134492fe773f10da0ae9b3fae3ac5db21a41eb4cafd8
FING-9208,1363,2018,1,Progr Parad,4,0,2,6,2020,2,R,2,1.4,ae5fb0db2f7aa7d4f622134492fe773f10da0ae9b3fae3ac5db21a41eb4cafd8
FING-11123,1363,2019,1,Progr Parad,4,0,2,6,2020,2,R,2,3.4,ae5fb0db2f7aa7d4f622134492fe773f10da0ae9b3fae3ac5db21a41eb4cafd8
FING-11164,1363,2019,1,Progr Parad,4,0,2,6,2020,2,R,2,3.5,ae5fb0db2f7aa7d4f622134492fe773f10da0ae9b3fae3ac5db21a41eb4cafd8
FING-1221,1363,2017,1,Progr Parad,4,0,2,6,2020,2,A,2,4.4,52f9c2e45a50c1e6f63185f52d3d851ff89da18a6e73f618a203f8759b0c08b7
FING-11110,1363,2019,1,Progr Parad,4,0,2,6,2020,2,R,2,3.5,52f9c2e45a50c1e6f63185f52d3d851ff89da18a6e73f618a203f8759b0c08b7
FING-7306,1363,2017,1,Progr Parad,4,0,2,6,2020,2,A,1,4.6,52f9c2e45a50c1e6f63185f52d3d851ff89da18a6e73f618a203f8759b0c08b7
FING-9171,1363,2018,1,Progr Parad,4,0,2,6,2020,2,R,2,3.0,52f9c2e45a50c1e6f63185f52d3d851ff89da18a6e73f618a203f8759b0c08b7
FING-10014,1363,2018,1,Algorithms,4,0,2,6,2020,2,R,2,1.7,08f5ef21abd40bce9ac5ae1d0a229dac51a9646d54d7d15465e11424da1c29ec
FING-11158,1363,2019,1,Algorithms,4,0,2,6,2020,2,A,2,5.6,08f5ef21abd40bce9ac5ae1d0a229dac51a9646d54d7d15465e11424da1c29ec
FING-11123,1363,2019,1,Algorithms,4,0,2,6,2020,2,A,2,4.4,08f5ef21abd40bce9ac5ae1d0a229dac51a9646d54d7d15465e11424da1c29ec
FING-11110,1363,2019,1,Algorithms,4,0,2,6,2020,2,R,2,2.8,6b99165475edd08b007ab43973c273b201ea96f928772390eba6126fee732c89
FING-9171,1363,2018,1,Algorithms,4,0,2,6,2020,2,A,2,4.6,6b99165475edd08b007ab43973c273b201ea96f928772390eba6126fee732c89
FING-7312,1363,2017,1,Advanced Algorithms,4,2,2,8,2020,2,A,2,5.9,245b64604a8d5d0553dacc990da644b71a70600bca3960b0154ad94b4c33a1f1
FING-2915,1363,2015,1,Networks,4,2,2,8,2020,2,A,2,5.7,6ac1bc49bbbee7eb8a61ba9ddbb9373b5e8e859ce218a87c731fc76ce0b464f7
FING-6281,1363,2016,1,Modelling and Simulation,4,2,2,8,2020,2,A,2,5.7,8e3dcc8ea49f648fe1264e4c4267a2c8232c69e7ea3463b9f64ce3f9749a992e
FING-6491,1363,2017,1,Modelling and Simulation,4,2,2,8,2020,2,A,2,4.9,8e3dcc8ea49f648fe1264e4c4267a2c8232c69e7ea3463b9f64ce3f9749a992e
FING-7316,1363,2017,1,Comp Struc,4,2,1,7,2020,2,A,2,5.0,2401236f54376c526d5c6581ee2065cd860ce0203660ebf3c7c33654be2db3a4
FING-7312,1363,2017,1,Comp Struc,4,2,1,7,2020,2,A,2,5.0,2401236f54376c526d5c6581ee2065cd860ce0203660ebf3c7c33654be2db3a4
FING-7306,1363,2017,1,Comp Struc,4,2,1,7,2020,2,A,1,5.1,2401236f54376c526d5c6581ee2065cd860ce0203660ebf3c7c33654be2db3a4
FING-9160,1363,2018,1,Comp Struc,4,2,1,7,2020,2,R,2,1.0,2401236f54376c526d5c6581ee2065cd860ce0203660ebf3c7c33654be2db3a4
FING-9172,1363,2018,1,Comp Struc,4,2,1,7,2020,2,A,2,4.9,2401236f54376c526d5c6581ee2065cd860ce0203660ebf3c7c33654be2db3a4
FING-9171,1363,2018,1,Comp Struc,4,2,1,7,2020,2,R,2,2.9,2401236f54376c526d5c6581ee2065cd860ce0203660ebf3c7c33654be2db3a4
FING-9208,1363,2018,1,Comp Struc,4,2,1,7,2020,2,A,2,5.8,2401236f54376c526d5c6581ee2065cd860ce0203660ebf3c7c33654be2db3a4
FING-11130,1363,2019,1,Comp Struc,4,2,1,7,2020,2,R,2,1.6,2401236f54376c526d5c6581ee2065cd860ce0203660ebf3c7c33654be2db3a4
FING-11158,1363,2019,1,Comp Struc,4,2,1,7,2020,2,A,2,6.1,2401236f54376c526d5c6581ee2065cd860ce0203660ebf3c7c33654be2db3a4
FING-11164,1363,2019,1,Comp Struc,4,2,1,7,2020,2,A,2,6.5,2401236f54376c526d5c6581ee2065cd860ce0203660ebf3c7c33654be2db3a4
FING-7341,1363,2017,1,Comp Struc,4,2,1,7,2020,2,A,1,5.1,2401236f54376c526d5c6581ee2065cd860ce0203660ebf3c7c33654be2db3a4
FING-4473,1363,2019,1,Comp Struc,4,2,1,7,2020,2,A,2,4.9,2401236f54376c526d5c6581ee2065cd860ce0203660ebf3c7c33654be2db3a4
FING-11110,1363,2019,1,Comp Struc,4,2,1,7,2020,2,A,2,4.8,2401236f54376c526d5c6581ee2065cd860ce0203660ebf3c7c33654be2db3a4
FING-7300,1363,2017,1,Comp Struc,4,2,1,7,2020,2,A,2,4.8,2401236f54376c526d5c6581ee2065cd860ce0203660ebf3c7c33654be2db3a4
FING-11170,1363,2019,1,Comp Struc,4,2,1,7,2020,2,A,2,6.2,2401236f54376c526d5c6581ee2065cd860ce0203660ebf3c7c33654be2db3a4
FING-11178,1363,2019,1,Comp Struc,4,2,1,7,2020,2,A,2,5.0,2401236f54376c526d5c6581ee2065cd860ce0203660ebf3c7c33654be2db3a4
FING-11749,1363,2020,1,Comp Struc,4,2,1,7,2020,2,A,2,4.8,2401236f54376c526d5c6581ee2065cd860ce0203660ebf3c7c33654be2db3a4
FING-11142,1363,2019,1,Comp Struc,4,2,1,7,2020,2,R,2,3.4,2401236f54376c526d5c6581ee2065cd860ce0203660ebf3c7c33654be2db3a4
FING-11110,1363,2019,1,Cal 3,4,2,0,6,2020,2,R,2,3.3,38b7a3d4cde627f477c2591bbc44019be318dfbaa4ddb7a7125171b7a4e1f597
FING-9171,1363,2018,1,Cal 3,4,2,0,6,2020,2,R,2,3.1,38b7a3d4cde627f477c2591bbc44019be318dfbaa4ddb7a7125171b7a4e1f597
FING-9208,1363,2018,1,Cal 3,4,2,0,6,2020,2,R,2,3.7,38b7a3d4cde627f477c2591bbc44019be318dfbaa4ddb7a7125171b7a4e1f597
FING-11177,1363,2019,1,Cal 2,6,2,0,8,2020,2,A,1,4.7,b8cfc512f99f1372efa88cf44d04e7d07ecec3d7b896c9db4cccbfc2accc3504
FING-11151,1363,2019,1,Cal 2,6,2,0,8,2020,2,R,1,1.6,b8cfc512f99f1372efa88cf44d04e7d07ecec3d7b896c9db4cccbfc2accc3504
FING-11129,1363,2019,1,Cal 2,6,2,0,8,2020,2,A,2,4.0,b8cfc512f99f1372efa88cf44d04e7d07ecec3d7b896c9db4cccbfc2accc3504
FING-11159,1363,2019,1,Cal 2,6,2,0,8,2020,2,R,2,3.1,b8cfc512f99f1372efa88cf44d04e7d07ecec3d7b896c9db4cccbfc2accc3504
FING-11154,1363,2019,1,Cal 2,6,2,0,8,2020,2,R,2,1.8,b8cfc512f99f1372efa88cf44d04e7d07ecec3d7b896c9db4cccbfc2accc3504
FING-15339,1363,2019,1,Cal 2,6,2,0,8,2020,2,A,2,4.0,b8cfc512f99f1372efa88cf44d04e7d07ecec3d7b896c9db4cccbfc2accc3504
FING-1221,1363,2017,1,Cal 3,4,2,0,6,2020,2,R,2,1.6,d81ccf546126e3493e61752eea8834c9ab7d2197574934d9170213f8d6aff017
FING-7312,1363,2017,1,Cal 3,4,2,0,6,2020,2,A,2,4.2,d81ccf546126e3493e61752eea8834c9ab7d2197574934d9170213f8d6aff017
FING-7306,1363,2017,1,Cal 3,4,2,0,6,2020,2,R,1,1.3,d81ccf546126e3493e61752eea8834c9ab7d2197574934d9170213f8d6aff017
FING-9172,1363,2018,1,Cal 3,4,2,0,6,2020,2,A,2,4.0,d81ccf546126e3493e61752eea8834c9ab7d2197574934d9170213f8d6aff017
FING-11139,1363,2019,1,Cal 3,4,2,0,6,2020,2,R,2,3.6,d81ccf546126e3493e61752eea8834c9ab7d2197574934d9170213f8d6aff017
FING-15350,1363,2020,2,Cal 3,4,2,0,6,2020,2,R,2,2.3,d81ccf546126e3493e61752eea8834c9ab7d2197574934d9170213f8d6aff017
FING-11129,1363,2019,1,Chemistry,4,2,0,6,2020,2,A,2,4.0,39baceb72fec0a6d32ffe2e718de719b4077f6b669c32b647aa28921f11a7124
FING-4305,1363,2012,1,IPD Workshop,2,0,2,4,2012,1,A,2,5.9,8f11ae1419294423c03dc904f0554158932a626f4c6c88b3a25a5748841acce4
FING-4313,1363,2012,1,IPD Workshop,2,0,2,4,2012,1,A,2,5.0,c3a2dcf55becf4b4c8a8732456438d148bdadae87419335af111824368b5ef6d
FING-666,1363,2012,1,IPD Workshop,2,0,2,4,2012,1,A,2,5.3,ada7a87fce58b508aaaba4509ff1384837d86518543780df3cfacbbbbb5191cf
FING-1799,1363,2012,1,IPD Workshop,2,0,2,4,2012,1,A,2,6.6,796a57bc5e8dc1eb6fc5e6c0a4167c159616f33a2537ff28e3d4759f9402d76a
FING-4324,1363,2012,1,IPD Workshop,2,0,2,4,2012,1,A,2,5.6,8f3b691dfa922ccf2b4d8dcfb62691272a82153ba65faabd8d2a88f2e51f5710
FING-4306,1363,2012,1,IPD Workshop,2,0,2,4,2012,1,A,2,5.7,c3a2dcf55becf4b4c8a8732456438d148bdadae87419335af111824368b5ef6d
FING-23970,1363,2013,1,IPD Workshop,2,0,2,4,2013,1,A,2,6.2,c3a2dcf55becf4b4c8a8732456438d148bdadae87419335af111824368b5ef6d
FING-5750,1363,2013,1,Phy 1,4,2,1,7,2013,1,R,2,2.3,d70bb175a1836f082bb4c83f5771ac725abc217b99be0f2b672cdea89be36fc7
FING-4307,1363,2013,1,Phy 1,4,2,1,7,2013,1,A,2,4.8,d70bb175a1836f082bb4c83f5771ac725abc217b99be0f2b672cdea89be36fc7
FING-683,1363,2013,1,Phy 1,4,2,1,7,2013,1,R,2,1.1,a2856a62356c7b50edec83a409efd3e9bf9f6044fd91b3477143cd63e99cbbbc
FING-23970,1363,2013,1,Phy 1,4,2,1,7,2013,1,A,2,4.6,1b425c3bcf034894ba7a659b550b13e24a79839f0a37478d2cb9c5c69dece3fd
FING-12988,1363,2013,1,Phy 1,4,2,1,7,2013,1,A,1,5.6,2b339e7a54e931058f355236a943b26a0f329668d4ec0ef2cb02efb3099d284b
FING-13024,1363,2013,1,Phy 1,4,2,1,7,2013,1,A,2,5.4,2b339e7a54e931058f355236a943b26a0f329668d4ec0ef2cb02efb3099d284b
FING-17689,1363,2013,1,Phy 1,4,2,1,7,2013,1,R,2,2.4,2b339e7a54e931058f355236a943b26a0f329668d4ec0ef2cb02efb3099d284b
FING-4311,1363,2013,1,Phy 1,4,2,1,7,2013,1,A,2,4.8,6f229715242510e89cad2f5093181e197c88f7081e7908cb0f3a2683bef25133
FING-4309,1363,2013,1,Phy 1,4,2,1,7,2013,1,A,2,5.3,6f229715242510e89cad2f5093181e197c88f7081e7908cb0f3a2683bef25133
FING-3421,1363,2013,1,Phy 1,4,2,1,7,2013,1,R,2,1.1,6f229715242510e89cad2f5093181e197c88f7081e7908cb0f3a2683bef25133
FING-192,1363,2013,1,Phy 1,4,2,1,7,2013,1,R,2,3.4,9744ebe904d1dae33b54c1c59f8db4d9dab8e4debd45879372d42e3cbe6cdee8
FING-13105,1363,2013,1,Phy 1,4,2,1,7,2013,1,A,1,4.4,9744ebe904d1dae33b54c1c59f8db4d9dab8e4debd45879372d42e3cbe6cdee8
FING-13134,1363,2013,1,Phy 1,4,2,1,7,2013,1,A,2,4.9,9744ebe904d1dae33b54c1c59f8db4d9dab8e4debd45879372d42e3cbe6cdee8
FING-1802,1363,2012,1,Eff Comm,0,0,2,2,2013,1,A,2,4.0,
FING-4312,1363,2012,1,Eff Comm,0,0,2,2,2013,2,A,2,6.5,
FING-4305,1363,2012,1,Eff Comm,0,0,2,2,2013,1,A,2,5.3,
FING-4323,1363,2012,1,Eff Comm,0,0,2,2,2013,1,A,2,4.9,
FING-4312,1363,2012,1,Eng 1,0,0,2,2,2013,1,A,2,7.0,
FING-1662,1363,2013,1,Eng 1,0,0,2,2,2013,1,A,2,5.6,
FING-4323,1363,2012,1,Eng 1,0,0,2,2,2013,1,A,2,5.9,
FING-4313,1363,2012,1,Eng 1,0,0,2,2,2013,1,A,2,5.7,
FING-12860,1363,2012,1,Eng 2,0,0,2,2,2013,2,A,2,6.8,
FING-1799,1363,2012,1,Eng 2,0,0,2,2,2013,2,A,2,6.4,
FING-4323,1363,2012,1,Eng 2,0,0,2,2,2013,2,A,2,4.2,
FING-1662,1363,2013,1,Cal 3,4,2,0,6,2013,2,A,2,6.0,
FING-1799,1363,2012,1,Comp Struc,4,2,1,7,2013,2,A,2,5.8,
FING-4324,1363,2012,1,Diff Ec & Num Meth,4,2,0,6,2013,2,A,2,4.8,181e30176d5151f470b4d4ea3330f98226c82602e7fcc8ee6467abea8d0eeeca
FING-4319,1363,2012,1,Algorithms,4,0,2,6,2013,2,R,2,2.9,4b402f61486d553a1ac5cc701a0efb59f3b328062d42bece448d63f444f8f9e1
FING-4312,1363,2012,1,Algorithms,4,0,2,6,2013,2,A,2,4.7,4b402f61486d553a1ac5cc701a0efb59f3b328062d42bece448d63f444f8f9e1
FING-12860,1363,2012,1,Algorithms,4,0,2,6,2013,2,A,2,5.8,4b402f61486d553a1ac5cc701a0efb59f3b328062d42bece448d63f444f8f9e1
FING-1799,1363,2012,1,Algorithms,4,0,2,6,2013,2,A,2,6.1,4b402f61486d553a1ac5cc701a0efb59f3b328062d42bece448d63f444f8f9e1
FING-1532,1363,2014,1,Cal 1,6,2,0,8,2013,1,A,2,5.3,3d76c8b48c5ed6f81f69c9727e34c44c6b575dd4e5537e9c0d33bfbfe40ffd31
FING-1532,1363,2014,1,Cal 2,6,2,0,8,2013,2,A,2,5.0,acb3a69dc943bf1037a83f89c9b332cf8446f4db0faeb23a5b6a64211d42dad7
FING-1532,1363,2014,1,Alg 2,4,2,0,6,2013,2,A,2,5.3,f7475fca1cdcb3d772565c1474e5b8132c78ad221eaf9fbd10bdf3e06f37491a
FING-1532,1363,2014,1,Chemistry,4,2,0,6,2013,2,A,2,4.1,ea63a2c023e6d6c3517bd87da283000ca449ef34054615e2193889761501805d
FING-4306,1363,2012,1,Stat Analys,4,2,0,6,2014,2,R,2,3.2,210a8e47ed98a9dca0ae816e764e65883dfda696c107eee9ecb05e6200aae322
FING-12915,1363,2012,2,Stat Analys,4,2,0,6,2014,2,R,1,2.7,80ba212777d65715fa75beef6c200e1ff774ccae49bced566a5496db704f4a11
FING-4309,1363,2013,1,Stat Analys,4,2,0,6,2014,2,A,2,4.8,80ba212777d65715fa75beef6c200e1ff774ccae49bced566a5496db704f4a11
FING-23970,1363,2013,1,Stat Analys,4,2,0,6,2014,2,R,2,2.3,8d7b80249fc4f71cd9f58f7f5dac190a4d299b70aefcd701c8c55dfdf5c689c0
FING-4309,1363,2013,1,Diff Ec & Num Meth,4,2,0,6,2014,2,R,2,2.5,0c72a2ad7dd210d87d992a7bd4905912d4bd5f36d16b930d2302169cd2bac334
FING-4307,1363,2013,1,Diff Ec & Num Meth,4,2,0,6,2014,2,R,2,2.7,0c72a2ad7dd210d87d992a7bd4905912d4bd5f36d16b930d2302169cd2bac334
FING-4319,1363,2012,1,Diff Ec & Num Meth,4,2,0,6,2014,2,R,2,2.0,ed0e2252dac496aeb65005cce066c3a2fc447b1467621dba9605a4141c406e95
FING-12915,1363,2012,2,Diff Ec & Num Meth,4,2,0,6,2014,2,R,1,1.1,dec2ceb61415646c97fbc57093a23a996c1245b011ea790134e7bf7b9fc8224a
FING-4323,1363,2012,1,Diff Ec & Num Meth,4,2,0,6,2014,2,R,2,1.9,dec2ceb61415646c97fbc57093a23a996c1245b011ea790134e7bf7b9fc8224a
FING-4319,1363,2012,1,Cal 3,4,2,0,6,2014,2,R,2,2.4,8a5a1b2546b474bcad309c4ebcac6bed0bc1693473ad875d87a2bf81f9d006a7
FING-4305,1363,2012,1,Cal 3,4,2,0,6,2014,2,R,2,2.1,8a5a1b2546b474bcad309c4ebcac6bed0bc1693473ad875d87a2bf81f9d006a7
FING-4323,1363,2012,1,Cal 3,4,2,0,6,2014,2,R,2,1.9,8a5a1b2546b474bcad309c4ebcac6bed0bc1693473ad875d87a2bf81f9d006a7
FING-4306,1363,2012,1,Cal 3,4,2,0,6,2014,2,R,2,1.4,8a5a1b2546b474bcad309c4ebcac6bed0bc1693473ad875d87a2bf81f9d006a7
FING-4324,1363,2012,1,Cal 3,4,2,0,6,2014,2,R,2,1.9,5edc2f51e0bbed3ddd612a9f8ba01fa514db75f50615cf064f1aaf2fa14f00a1
FING-4313,1363,2012,1,Cal 3,4,2,0,6,2014,2,R,2,1.5,5edc2f51e0bbed3ddd612a9f8ba01fa514db75f50615cf064f1aaf2fa14f00a1
FING-4309,1363,2013,1,Elect & Mag,4,2,1,7,2014,2,R,2,1.4,4488d3d90e714a61d0e16e78a8197e307be9fdd281882df9f5cc59e694ff7740
FING-179,1363,2014,1,Chemistry,4,2,0,6,2014,2,A,2,4.0,fb9645e0acae33b6d451fbf3e7941f8c14945048003b1674c2446ca2d6071670
FING-12988,1363,2013,1,Diff Ec & Num Meth,4,2,0,6,2014,2,A,1,4.2,181e30176d5151f470b4d4ea3330f98226c82602e7fcc8ee6467abea8d0eeeca
FING-4319,1363,2012,1,Elect & Mag,4,2,1,7,2014,2,R,2,1.7,0c99d6fb093475c4544993d815b67dd3729d8d58dcdac886dc422de00102b7e3
FING-23970,1363,2013,1,Elect & Mag,4,2,1,7,2014,2,A,2,5.2,0c99d6fb093475c4544993d815b67dd3729d8d58dcdac886dc422de00102b7e3
FING-12915,1363,2012,2,Elect & Mag,4,2,1,7,2014,2,R,1,1.7,0c99d6fb093475c4544993d815b67dd3729d8d58dcdac886dc422de00102b7e3
FING-4311,1363,2013,1,Elect & Mag,4,2,1,7,2014,2,R,2,2.0,0c99d6fb093475c4544993d815b67dd3729d8d58dcdac886dc422de00102b7e3
FING-13024,1363,2013,1,Fund Econ,4,2,0,6,2014,2,A,2,4.2,c1c922293c3cebf99bf1671124556721ebd8cd2389e0ea643ccf05cb5c86de0b
FING-4313,1363,2012,1,Diff Ec & Num Meth,4,2,0,6,2014,2,R,2,3.0,8869d682d6ecc8b09fafd19be713a867b6307825799e9d6837aebf7d84cd7734
FING-4321,1363,2012,1,Diff Ec & Num Meth,4,2,0,6,2014,2,R,2,2.6,8869d682d6ecc8b09fafd19be713a867b6307825799e9d6837aebf7d84cd7734
FING-192,1363,2014,1,Alg 2,4,2,0,6,2014,2,R,2,2.9,f7475fca1cdcb3d772565c1474e5b8132c78ad221eaf9fbd10bdf3e06f37491a
FING-153,1363,2014,1,Alg 2,4,2,0,6,2014,2,R,2,3.7,f7475fca1cdcb3d772565c1474e5b8132c78ad221eaf9fbd10bdf3e06f37491a
FING-1531,1363,2014,1,Phy 2,4,2,1,7,2015,1,R,1,2.5,308314b89f1b0659b7d5bded4d421112ba9ccfddd33435f2cd846f5a73dea729
FING-222,1363,2014,1,Phy 2,4,2,1,7,2015,1,R,2,3.6,308314b89f1b0659b7d5bded4d421112ba9ccfddd33435f2cd846f5a73dea729
FING-1534,1363,2014,1,Phy 2,4,2,1,7,2015,1,R,2,3.2,308314b89f1b0659b7d5bded4d421112ba9ccfddd33435f2cd846f5a73dea729
FING-173,1363,2014,1,Phy 2,4,2,1,7,2015,1,R,2,3.3,308314b89f1b0659b7d5bded4d421112ba9ccfddd33435f2cd846f5a73dea729
FING-223,1363,2014,1,Phy 2,4,2,1,7,2015,1,A,2,5.3,308314b89f1b0659b7d5bded4d421112ba9ccfddd33435f2cd846f5a73dea729
FING-214,1363,2014,1,Phy 2,4,2,1,7,2015,1,A,2,4.5,308314b89f1b0659b7d5bded4d421112ba9ccfddd33435f2cd846f5a73dea729
FING-212,1363,2014,1,Phy 2,4,2,1,7,2015,1,A,2,4.3,e88a4a3bed34173ebae1bcba78f0206e468332b6cf378cef9e940a6416f902ef
FING-191,1363,2014,1,Phy 2,4,2,1,7,2015,1,R,2,1.3,e88a4a3bed34173ebae1bcba78f0206e468332b6cf378cef9e940a6416f902ef
FING-1221,1363,2014,1,Phy 2,4,2,1,7,2015,1,R,2,2.1,e88a4a3bed34173ebae1bcba78f0206e468332b6cf378cef9e940a6416f902ef
FING-199,1363,2014,1,Diff Ec & Num Meth,4,2,0,6,2015,1,R,2,2.4,8955549fe20e024f14a9840032c5c2053675de3e44a5ef170b632ca634492c94
FING-219,1363,2014,1,Diff Ec & Num Meth,4,2,0,6,2015,1,R,2,2.7,8955549fe20e024f14a9840032c5c2053675de3e44a5ef170b632ca634492c94
FING-186,1363,2014,1,Eff Comm,0,0,2,2,2015,1,A,2,6.7,90bf8197778b1053313e3ab693bb87856ab4f382774678945389244ea9e7ac49
FING-217,1363,2014,1,Eff Comm,0,0,2,2,2015,1,A,2,6.7,90bf8197778b1053313e3ab693bb87856ab4f382774678945389244ea9e7ac49
FING-1782,1363,2015,1,Eff Comm,0,0,2,2,2015,1,A,2,6.7,90bf8197778b1053313e3ab693bb87856ab4f382774678945389244ea9e7ac49
FING-227,1363,2014,1,Eff Comm,0,0,2,2,2015,1,A,2,6.8,8a00e0aeabba265ff45905df791f2c57dadf70ef3c672f1c44ed72b56afb9d69
FING-173,1363,2014,1,Eff Comm,0,0,2,2,2015,1,A,2,4.8,8a00e0aeabba265ff45905df791f2c57dadf70ef3c672f1c44ed72b56afb9d69
FING-157,1363,2014,1,Eff Comm,0,0,2,2,2015,1,A,2,6.8,8a00e0aeabba265ff45905df791f2c57dadf70ef3c672f1c44ed72b56afb9d69
FING-199,1363,2014,1,Eff Comm,0,0,2,2,2015,1,A,2,7.0,7e0df982e8932136a5e564b48d69a8cfe3278bbbb69a41d651ace840b6d3b6f3
FING-1531,1363,2014,1,Eff Comm,0,0,2,2,2015,1,A,1,5.3,7e0df982e8932136a5e564b48d69a8cfe3278bbbb69a41d651ace840b6d3b6f3
FING-179,1363,2014,1,Eff Comm,0,0,2,2,2015,1,A,2,6.8,0cd6ab3dd84e730b0d837a91ac174fa82cb07a9d1b7dac69b8f0c8acad7834e0
FING-1534,1363,2014,1,Eff Comm,0,0,2,2,2015,1,A,2,6.8,0cd6ab3dd84e730b0d837a91ac174fa82cb07a9d1b7dac69b8f0c8acad7834e0
FING-17689,1363,2013,1,Eff Comm,0,0,2,2,2015,1,A,2,6.6,42127df411b261884d19a3b8662668f5d2b1c18f37e1112b1c00038441267b75
FING-1531,1363,2014,1,Progr Methd,4,2,2,8,2015,1,A,1,4.2,c31cbe4df540d9624606faae87f7bf317f5b19593d9fe7d8856a5482bf31ebfd
FING-1534,1363,2014,1,Progr Methd,4,2,2,8,2015,1,A,2,4.5,c31cbe4df540d9624606faae87f7bf317f5b19593d9fe7d8856a5482bf31ebfd
FING-173,1363,2014,1,Progr Methd,4,2,2,8,2015,1,R,2,3.2,c31cbe4df540d9624606faae87f7bf317f5b19593d9fe7d8856a5482bf31ebfd
FING-217,1363,2014,1,Progr Methd,4,2,2,8,2015,1,A,2,4.2,c31cbe4df540d9624606faae87f7bf317f5b19593d9fe7d8856a5482bf31ebfd
FING-1782,1363,2015,1,Progr Methd,4,2,2,8,2015,1,A,2,4.6,c31cbe4df540d9624606faae87f7bf317f5b19593d9fe7d8856a5482bf31ebfd
FING-2920,1363,2015,1,Std Methods,0,0,2,2,2015,1,A,2,5.9,2fd22a87d961d99b59ac46aa2211897ed6cca3ee240bab73f1fc641439fd6dcf
FING-2919,1363,2015,1,Std Methods,0,0,2,2,2015,1,A,2,5.2,2fd22a87d961d99b59ac46aa2211897ed6cca3ee240bab73f1fc641439fd6dcf
FING-2951,1363,2015,1,Std Methods,0,0,2,2,2015,1,A,2,5.3,2fd22a87d961d99b59ac46aa2211897ed6cca3ee240bab73f1fc641439fd6dcf
FING-4190,1363,2015,1,Std Methods,0,0,2,2,2015,1,A,2,5.6,2fd22a87d961d99b59ac46aa2211897ed6cca3ee240bab73f1fc641439fd6dcf
FING-4115,1363,2015,1,Std Methods,0,0,2,2,2015,1,A,2,6.2,2fd22a87d961d99b59ac46aa2211897ed6cca3ee240bab73f1fc641439fd6dcf
FING-2971,1363,2015,1,Std Methods,0,0,2,2,2015,1,A,2,5.0,2fd22a87d961d99b59ac46aa2211897ed6cca3ee240bab73f1fc641439fd6dcf
FING-2935,1363,2015,1,Std Methods,0,0,2,2,2015,1,A,1,6.7,2fd22a87d961d99b59ac46aa2211897ed6cca3ee240bab73f1fc641439fd6dcf
FING-2960,1363,2015,1,Std Methods,0,0,2,2,2015,1,A,2,5.4,2fd22a87d961d99b59ac46aa2211897ed6cca3ee240bab73f1fc641439fd6dcf
FING-2915,1363,2015,1,Std Methods,0,0,2,2,2015,1,A,2,5.9,2fd22a87d961d99b59ac46aa2211897ed6cca3ee240bab73f1fc641439fd6dcf
FING-2931,1363,2015,1,Std Methods,0,0,2,2,2015,1,A,2,5.3,2fd22a87d961d99b59ac46aa2211897ed6cca3ee240bab73f1fc641439fd6dcf
FING-4201,1363,2015,1,Std Methods,0,0,2,2,2015,1,A,2,5.4,2fd22a87d961d99b59ac46aa2211897ed6cca3ee240bab73f1fc641439fd6dcf
FING-2908,1363,2015,1,Std Methods,0,0,2,2,2015,1,A,1,5.3,2fd22a87d961d99b59ac46aa2211897ed6cca3ee240bab73f1fc641439fd6dcf
FING-23970,1363,2013,1,Stat Analys,4,2,0,6,2015,1,R,2,2.8,80ba212777d65715fa75beef6c200e1ff774ccae49bced566a5496db704f4a11
FING-191,1363,2014,1,Fund Progr,4,0,2,6,2015,1,R,2,3.1,262093a216a636b36de09c0b618a2a8aa41f2a926eb8579f7c5b070257c3a9f8
FING-1221,1363,2014,1,Fund Progr,4,0,2,6,2015,1,R,2,2.2,262093a216a636b36de09c0b618a2a8aa41f2a926eb8579f7c5b070257c3a9f8
FING-223,1363,2014,1,Fund Progr,4,0,2,6,2015,1,A,2,6.1,262093a216a636b36de09c0b618a2a8aa41f2a926eb8579f7c5b070257c3a9f8
FING-222,1363,2014,1,Fund Progr,4,0,2,6,2015,1,R,2,3.7,9e2489575e089a0b2ea6512927a384d6e9bd1c24ef13e6fe53f8a24d61d3e2e0
FING-153,1363,2014,1,Fund Progr,4,0,2,6,2015,1,A,2,5.1,9e2489575e089a0b2ea6512927a384d6e9bd1c24ef13e6fe53f8a24d61d3e2e0
FING-1532,1363,2014,1,Comp Org,4,1,1,6,2015,1,A,2,4.4,07f17e93f3cc92f289f5f91679b6e6da0d975c3b85cf1dfb8223836fad4ef618
FING-13134,1363,2013,1,Stat Analys,4,2,0,6,2015,1,A,2,4.0,59bf6a1d7c4d01ab2ca1a2d14928d408c80b4df5a45d0cda10f77ef3b1ef0f03
FING-155,1363,2014,1,Fund Progr,4,0,2,6,2015,1,R,2,3.8,9e2489575e089a0b2ea6512927a384d6e9bd1c24ef13e6fe53f8a24d61d3e2e0
FING-165,1363,2014,1,Fund Progr,4,0,2,6,2015,1,A,2,4.3,9e2489575e089a0b2ea6512927a384d6e9bd1c24ef13e6fe53f8a24d61d3e2e0
FING-184,1363,2014,1,Fund Progr,4,0,2,6,2015,1,A,1,5.0,9e2489575e089a0b2ea6512927a384d6e9bd1c24ef13e6fe53f8a24d61d3e2e0
FING-13134,1363,2013,1,Eng 4,0,0,2,2,2016,1,R,2,2.7,3ddb3d54bf0aef1db562ad284cca4627ae51a7dfe12ed5d186a7ceade04c9492
FING-2945,1363,2015,1,Eff Comm,0,0,2,2,2016,1,A,2,6.8,c075e62e820f7b4d2365f49c28a3df09880c77a6f7aee816b90ebcb74edaf09f
FING-2946,1363,2015,1,Eff Comm,0,0,2,2,2016,1,A,2,6.7,c075e62e820f7b4d2365f49c28a3df09880c77a6f7aee816b90ebcb74edaf09f
FING-2933,1363,2015,1,Eff Comm,0,0,2,2,2016,1,A,2,7.0,c075e62e820f7b4d2365f49c28a3df09880c77a6f7aee816b90ebcb74edaf09f
FING-2918,1363,2015,1,Eff Comm,0,0,2,2,2016,1,A,2,6.2,ac0fa31b6f90d5467d01af81a917dc8ea221cecec76682f8bc4a74dc958be3f4
FING-2954,1363,2015,1,Eff Comm,0,0,2,2,2016,1,A,2,6.8,ac0fa31b6f90d5467d01af81a917dc8ea221cecec76682f8bc4a74dc958be3f4
FING-2946,1363,2015,1,Eng 1,0,0,2,2,2016,1,A,2,6.0,092e470ad55b5e39e5bb4ac4d390ccca2db411a53c583086dac93da1bcb64b70
FING-3928,1363,2015,1,Eng 1,0,0,2,2,2016,1,A,2,6.4,092e470ad55b5e39e5bb4ac4d390ccca2db411a53c583086dac93da1bcb64b70
FING-1532,1363,2014,1,Eng 3,0,0,2,2,2016,1,A,2,6.2,9f66bc7cfc89ba1c8e896cc6f9de8807632f1bbfb15fd67de293651bb5e3ad75
FING-1528,1363,2014,1,Progr Methd,4,2,2,8,2016,1,A,2,4.7,642a22eb984b5632934968b0535f493930d7b68aad8b0105ce42f03ad83022a4
FING-165,1363,2014,1,Progr Methd,4,2,2,8,2016,1,A,2,4.9,642a22eb984b5632934968b0535f493930d7b68aad8b0105ce42f03ad83022a4
FING-223,1363,2014,1,Progr Methd,4,2,2,8,2016,1,A,2,4.6,642a22eb984b5632934968b0535f493930d7b68aad8b0105ce42f03ad83022a4
FING-180,1363,2014,1,Progr Methd,4,2,2,8,2016,1,A,2,4.3,642a22eb984b5632934968b0535f493930d7b68aad8b0105ce42f03ad83022a4
FING-184,1363,2014,1,Progr Methd,4,2,2,8,2016,1,A,1,4.3,642a22eb984b5632934968b0535f493930d7b68aad8b0105ce42f03ad83022a4
FING-214,1363,2014,1,Progr Parad,4,0,2,6,2016,1,R,2,2.4,ccd981858c1ea839b512426d8dfcd4f88feaec45b731cc0a2f924fd2e6e153d8
FING-1531,1363,2014,1,Progr Parad,4,0,2,6,2016,1,A,1,4.6,c56774011ed92ae6a9ee1865d7ed6c2c2d98b82cc12b816c03bd77fcadd0817b
FING-1532,1363,2014,1,Macroeconomics,4,0,0,4,2016,1,A,2,4.6,90e37d439b3ffcadaccfc43e752e3beb562da4c9e551374fdcb071bc72e4cf0c
FING-227,1363,2014,1,Comp Struc,4,2,1,7,2016,1,A,2,4.4,93b27509910fd8f6cba12d81e82a313cbb395f4e059fc6b55c7ef7a4be7c997c
FING-223,1363,2014,1,Comp Struc,4,2,1,7,2016,1,A,2,4.4,93b27509910fd8f6cba12d81e82a313cbb395f4e059fc6b55c7ef7a4be7c997c
FING-12988,1363,2013,1,Comp Struc,4,2,1,7,2016,1,A,1,4.3,8b7eb5c8931cf41fe21d405c6a69bfafd6307c6f617d2a5af34c471a984c159e
FING-13134,1363,2013,1,Comp Struc,4,2,1,7,2016,1,R,2,3.5,8b7eb5c8931cf41fe21d405c6a69bfafd6307c6f617d2a5af34c471a984c159e
FING-13024,1363,2013,1,Comp Org,4,1,1,6,2016,1,R,2,1.0,0a9c692d542221f629484f3de348ff56b854150eba4173b584e7a1e75973da6c
FING-12860,1363,2012,1,Comp Org,4,1,1,6,2016,1,R,2,1.0,07f17e93f3cc92f289f5f91679b6e6da0d975c3b85cf1dfb8223836fad4ef618
FING-2945,1363,2015,1,Progr Methd,4,2,2,8,2016,1,R,2,3.7,f9ba9cc4cd9e47f5c65a8fbb26c6b6d5ef269d286aa2171d378d7651ce5e7779
FING-2919,1363,2015,1,Progr Methd,4,2,2,8,2016,1,R,2,3.5,f9ba9cc4cd9e47f5c65a8fbb26c6b6d5ef269d286aa2171d378d7651ce5e7779
FING-2951,1363,2015,1,Progr Methd,4,2,2,8,2016,1,R,2,3.0,f9ba9cc4cd9e47f5c65a8fbb26c6b6d5ef269d286aa2171d378d7651ce5e7779
FING-191,1363,2014,1,Progr Methd,4,2,2,8,2016,1,A,2,4.8,f9ba9cc4cd9e47f5c65a8fbb26c6b6d5ef269d286aa2171d378d7651ce5e7779
FING-157,1363,2014,1,Progr Methd,4,2,2,8,2016,1,A,2,4.1,f9ba9cc4cd9e47f5c65a8fbb26c6b6d5ef269d286aa2171d378d7651ce5e7779
FING-2946,1363,2015,1,Progr Methd,4,2,2,8,2016,1,A,2,5.5,f9ba9cc4cd9e47f5c65a8fbb26c6b6d5ef269d286aa2171d378d7651ce5e7779
FING-2954,1363,2015,1,Progr Methd,4,2,2,8,2016,1,A,2,5.0,f9ba9cc4cd9e47f5c65a8fbb26c6b6d5ef269d286aa2171d378d7651ce5e7779
FING-2915,1363,2015,1,Progr Methd,4,2,2,8,2016,1,R,2,3.6,f9ba9cc4cd9e47f5c65a8fbb26c6b6d5ef269d286aa2171d378d7651ce5e7779
FING-5369,1363,2016,1,Chemistry,4,2,0,6,2017,1,R,2,3.4,507ccf3952bb632e9621d2ebe959dfb3d5e0c8631d414e7e0d5ebc2385572cdd
FING-6281,1363,2016,1,Chemistry,4,2,0,6,2017,1,A,2,4.3,9438af86b5ca99ab3b517de806b821c024b6284478dbc5d992363a1d554aeda7
FING-1221,1363,2017,1,IPD Workshop,2,0,2,4,2017,1,A,2,6.1,30a0d708c503fc1c442967ef0f821d0e102ae7dbdd2b87d9c22e42167e805353
FING-7307,1363,2017,1,IPD Workshop,2,0,2,4,2017,1,A,1,7.0,30a0d708c503fc1c442967ef0f821d0e102ae7dbdd2b87d9c22e42167e805353
FING-15282,1363,2017,1,IPD Workshop,2,0,2,4,2017,1,A,1,7.0,30a0d708c503fc1c442967ef0f821d0e102ae7dbdd2b87d9c22e42167e805353
FING-7306,1363,2017,1,IPD Workshop,2,0,2,4,2017,1,A,1,5.6,30a0d708c503fc1c442967ef0f821d0e102ae7dbdd2b87d9c22e42167e805353
FING-7349,1363,2017,1,IPD Workshop,2,0,2,4,2017,1,A,2,6.5,710155895a7e3cc3b1b37db34ca85d029d6fc571c6f38085da5a26c8f182d29a
FING-7300,1363,2017,1,IPD Workshop,2,0,2,4,2017,1,A,2,6.6,710155895a7e3cc3b1b37db34ca85d029d6fc571c6f38085da5a26c8f182d29a
FING-29416,1363,2017,1,IPD Workshop,2,0,2,4,2017,1,A,2,6.1,710155895a7e3cc3b1b37db34ca85d029d6fc571c6f38085da5a26c8f182d29a
FING-8308,1363,2017,1,IPD Workshop,2,0,2,4,2017,1,A,2,6.0,88a7c15da856303700daf73cd17d544ee747dd4bcfb0c5310e3221757253b173
FING-7316,1363,2017,1,IPD Workshop,2,0,2,4,2017,1,A,2,6.2,88a7c15da856303700daf73cd17d544ee747dd4bcfb0c5310e3221757253b173
FING-7312,1363,2017,1,IPD Workshop,2,0,2,4,2017,1,A,2,6.2,88a7c15da856303700daf73cd17d544ee747dd4bcfb0c5310e3221757253b173
FING-8361,1363,2017,1,IPD Workshop,2,0,2,4,2017,1,A,2,5.9,88a7c15da856303700daf73cd17d544ee747dd4bcfb0c5310e3221757253b173
FING-7354,1363,2017,1,IPD Workshop,2,0,2,4,2017,1,A,2,6.3,8f11ae1419294423c03dc904f0554158932a626f4c6c88b3a25a5748841acce4
FING-7341,1363,2017,1,IPD Workshop,2,0,2,4,2017,1,A,1,5.9,8f11ae1419294423c03dc904f0554158932a626f4c6c88b3a25a5748841acce4
FING-8195,1363,2017,1,IPD Workshop,2,0,2,4,2017,1,A,2,5.8,f5793ef126a2c5c42d114ce162802b457266738abd6306169f65ba85f5edf025
FING-8359,1363,2017,1,IPD Workshop,2,0,2,4,2017,1,A,2,6.4,f5793ef126a2c5c42d114ce162802b457266738abd6306169f65ba85f5edf025
FING-7327,1363,2017,1,IPD Workshop,2,0,2,4,2017,1,A,2,5.8,30a0d708c503fc1c442967ef0f821d0e102ae7dbdd2b87d9c22e42167e805353
FING-7352,1363,2017,1,IPD Workshop,2,0,2,4,2017,1,A,2,6.4,30a0d708c503fc1c442967ef0f821d0e102ae7dbdd2b87d9c22e42167e805353
FING-1221,1363,2017,1,Std Methods,0,0,2,2,2017,1,A,2,5.7,0e762c9a1a5aedd2ae17c432ec1d662ef2f0da0f75640e7adcfb978187f556f1
FING-7307,1363,2017,1,Std Methods,0,0,2,2,2017,1,A,1,5.9,0e762c9a1a5aedd2ae17c432ec1d662ef2f0da0f75640e7adcfb978187f556f1
FING-15282,1363,2017,1,Std Methods,0,0,2,2,2017,1,A,1,6.0,0e762c9a1a5aedd2ae17c432ec1d662ef2f0da0f75640e7adcfb978187f556f1
FING-7306,1363,2017,1,Std Methods,0,0,2,2,2017,1,A,1,5.9,0e762c9a1a5aedd2ae17c432ec1d662ef2f0da0f75640e7adcfb978187f556f1
FING-7354,1363,2017,1,Std Methods,0,0,2,2,2017,1,A,2,5.7,7bd83a44dc7696632973aeee4562f889260bd3c9e7b4f66dd5f074115f86b78a
FING-7341,1363,2017,1,Std Methods,0,0,2,2,2017,1,A,1,6.3,7bd83a44dc7696632973aeee4562f889260bd3c9e7b4f66dd5f074115f86b78a
FING-8195,1363,2017,1,Std Methods,0,0,2,2,2017,1,A,2,5.6,67278b2da1e4c769924d04c1c22e71192829b46743d5d31da29c67e91e78ccdb
FING-8359,1363,2017,1,Std Methods,0,0,2,2,2017,1,A,2,5.4,67278b2da1e4c769924d04c1c22e71192829b46743d5d31da29c67e91e78ccdb
FING-7327,1363,2017,1,Std Methods,0,0,2,2,2017,1,A,2,5.8,85f2b486738f3d43c736f055f41e57ad87553978f4d5ee88716da3169ab21edd
FING-7352,1363,2017,1,Std Methods,0,0,2,2,2017,1,A,2,4.9,85f2b486738f3d43c736f055f41e57ad87553978f4d5ee88716da3169ab21edd
FING-7349,1363,2017,1,Cal 1,6,2,0,8,2017,1,A,2,5.0,679de43c5ee1f85bb033a4e4ba64ad988864023094396a16c3b1dd2a2a8d2dcb
FING-7300,1363,2017,1,Cal 1,6,2,0,8,2017,1,R,2,3.1,679de43c5ee1f85bb033a4e4ba64ad988864023094396a16c3b1dd2a2a8d2dcb
FING-29416,1363,2017,1,Cal 1,6,2,0,8,2017,1,R,2,2.1,679de43c5ee1f85bb033a4e4ba64ad988864023094396a16c3b1dd2a2a8d2dcb
FING-8195,1363,2017,1,Alg 1,6,2,0,8,2017,1,A,2,5.9,eb3336bead1db7d01c3566372ee3fd9590eb3302ab5c3efcab1c2fedcae047d9
FING-8359,1363,2017,1,Alg 1,6,2,0,8,2017,1,R,2,3.5,eb3336bead1db7d01c3566372ee3fd9590eb3302ab5c3efcab1c2fedcae047d9
FING-6350,1363,2016,1,Cal 2,6,2,0,8,2017,1,A,2,4.4,bf9a4f134286b7a9ed7dbd00bb89843f370a0a7a6e907355ead0b09e8a867c9f
FING-2935,1363,2015,1,Cal 2,6,2,0,8,2017,1,R,1,1.9,bf9a4f134286b7a9ed7dbd00bb89843f370a0a7a6e907355ead0b09e8a867c9f
FING-5401,1363,2016,1,Cal 2,6,2,0,8,2017,1,R,2,3.5,bf9a4f134286b7a9ed7dbd00bb89843f370a0a7a6e907355ead0b09e8a867c9f
FING-15274,1363,2016,1,Cal 2,6,2,0,8,2017,1,R,2,3.5,bf9a4f134286b7a9ed7dbd00bb89843f370a0a7a6e907355ead0b09e8a867c9f
FING-2908,1363,2015,1,Cal 2,6,2,0,8,2017,1,R,1,3.5,bf9a4f134286b7a9ed7dbd00bb89843f370a0a7a6e907355ead0b09e8a867c9f
FING-5387,1363,2016,1,Alg 2,4,2,0,6,2017,1,A,2,4.9,cd4258abd494e338dd13dad75ea3f1f1ced923cec073b330363a2340dbb751bf
FING-6281,1363,2016,1,Diff Ec & Num Meth,4,2,0,6,2017,1,A,2,4.9,181e30176d5151f470b4d4ea3330f98226c82602e7fcc8ee6467abea8d0eeeca
FING-2919,1363,2015,1,Diff Ec & Num Meth,4,2,0,6,2017,1,R,2,3.8,5edc2f51e0bbed3ddd612a9f8ba01fa514db75f50615cf064f1aaf2fa14f00a1
FING-12860,1363,2012,1,Numerical Algorithms,4,2,2,8,2017,1,A,2,5.6,de362fb95f53a0ada1ce7ad1fc8db444e40ea24d306028d5be3c5da21288f0d1
FING-1782,1363,2015,1,Numerical Algorithms,4,2,2,8,2017,1,A,2,4.9,de362fb95f53a0ada1ce7ad1fc8db444e40ea24d306028d5be3c5da21288f0d1
FING-180,1363,2014,1,Numerical Algorithms,4,2,2,8,2017,1,R,2,2.0,de362fb95f53a0ada1ce7ad1fc8db444e40ea24d306028d5be3c5da21288f0d1
FING-184,1363,2014,1,Numerical Algorithms,4,2,2,8,2017,1,A,1,4.7,de362fb95f53a0ada1ce7ad1fc8db444e40ea24d306028d5be3c5da21288f0d1
FING-12860,1363,2012,1,Statistical Inference,4,2,0,6,2017,1,A,2,5.1,c1e4635e6d285e41246f10c26345ab46753a2410b81286e3de6f4577af5f89c3
FING-227,1363,2014,1,Statistical Inference,4,2,0,6,2017,1,A,2,4.1,c1e4635e6d285e41246f10c26345ab46753a2410b81286e3de6f4577af5f89c3
FING-7354,1363,2017,1,Alg 2,4,2,0,6,2017,2,A,2,5.0,8b42f45aab7337fe4a974e5be08b452554fd5bcaf1bd1563470918402e15a2ec
FING-7354,1363,2017,1,Fund Progr,4,0,2,6,2017,2,A,2,5.1,c1e4635e6d285e41246f10c26345ab46753a2410b81286e3de6f4577af5f89c3
FING-1782,1363,2015,1,Std Methods,0,0,2,2,2014,1,A,2,5.9,de3d119e76e44a37a794195152ab2abbf0155e9fb95650b4c6e4f4361ce38dec
FING-1782,1363,2015,1,Chemistry,4,2,0,6,2014,2,A,2,5.0,ea63a2c023e6d6c3517bd87da283000ca449ef34054615e2193889761501805d
FING-1782,1363,2015,1,Fund Progr,4,0,2,6,2014,2,A,2,5.3,f9ba9cc4cd9e47f5c65a8fbb26c6b6d5ef269d286aa2171d378d7651ce5e7779
FING-1782,1363,2015,1,Alg 2,4,2,0,6,2014,2,A,2,5.1,0c72a2ad7dd210d87d992a7bd4905912d4bd5f36d16b930d2302169cd2bac334
FING-1782,1363,2015,1,Cal 2,6,2,0,8,2014,2,A,2,4.9,1c702013c61a4e9c3d55a6cab9307e9dd956c95b7bc9c9eaecbcaad761f589f1
FING-1782,1363,2015,1,Phy 1,4,2,1,7,2014,1,A,2,4.7,b16bbd0fad82b9bb1bfc510e79dd7d8a4e75ef1c7cab10b911baa1b94ebd9512
FING-1782,1363,2015,1,Alg 1,6,2,0,8,2014,1,A,2,5.7,146d264f13828d777fc7d1851ab7a7fe7067b173f4bc543116c44f86feef5130
FING-7760,1363,2018,1,Std Methods,0,0,2,2,2017,1,A,2,6.1,67278b2da1e4c769924d04c1c22e71192829b46743d5d31da29c67e91e78ccdb
FING-7760,1363,2018,1,Phy 2,4,2,1,7,2017,2,A,2,5.0,f6a9adfbc3b98c2908bdd53b48de5c161e80b51fb449a4e25dea88bcad634efe
FING-7760,1363,2018,1,Fund Progr,4,0,2,6,2017,2,A,2,5.3,01030513ef15a66d7ad87c5d9acf05496c247caebd0e0514526d4fc05b743a1d
FING-7760,1363,2018,1,Cal 2,6,2,0,8,2017,2,A,2,5.1,8a5a1b2546b474bcad309c4ebcac6bed0bc1693473ad875d87a2bf81f9d006a7
FING-7760,1363,2018,1,Cal 1,6,2,0,8,2017,1,A,2,5.1,6ce3d4b660335b81bd74aaa8368457b8af7f4c4f732e0c8328c353910242dbd8
FING-7760,1363,2018,1,Phy 1,4,2,1,7,2017,1,A,2,4.9,7ea795004f1cb8d32c4a78074043991d251305240f40666dead81eb0d826b585
FING-7760,1363,2018,1,IPD Workshop,2,0,2,4,2017,1,A,2,5.7,f5793ef126a2c5c42d114ce162802b457266738abd6306169f65ba85f5edf025
FING-6491,1363,2017,1,Intro Eng,0,0,2,2,2016,1,A,2,6.3,6bcf085b7890f041a12132d99b67e1757d432c6392df14b04dc8321ec70d86a6
FING-6491,1363,2017,1,Cal 1,6,2,0,8,2016,1,A,2,4.4,ecd60fd1346f0838445968535fabe5f649e470341bb1345158468e3ec6b98ccc
FING-6491,1363,2017,1,Alg 1,6,2,0,8,2016,1,A,2,4.0,8f76c3c9624622bf49eaf281bc72c03859c96fa850b904deafda3adcacf92130
FING-6491,1363,2017,1,Chemistry,4,2,0,6,2016,2,A,2,4.3,b8ef9ba165d4c5a1328ebe88366ecfbd3cc62c2e3566c1717aac33b640a04548
FING-6491,1363,2017,1,Cal 2,6,2,0,8,2016,2,A,2,5.6,2584353b91d4eadef813ce626630cca4de7f6dcaaff46a066999b7d4e9b34d1b
FING-6491,1363,2017,1,Phy 2,4,2,1,7,2016,2,A,2,4.1,0c99d6fb093475c4544993d815b67dd3729d8d58dcdac886dc422de00102b7e3
FING-6491,1363,2017,1,Fund Progr,4,0,2,6,2016,2,A,2,4.7,38af4d4daf2f18f9b897fcc9f78d7520adc0ce400599e5fa0bc0cb9f212ddcdd
FING-7312,1363,2017,1,Fund Progr,4,0,2,6,2018,2,A,2,4.9,8a00056dda116e6e344eb91e507097341ac2d8336a6fee83c16f256bb4c3799e
FING-28124,1363,2018,1,Fund Progr,4,0,2,6,2018,2,R,2,3.0,a5ee47612daf0cce7c392ed587f782266ea390eae289b87610118b7ab3479b67
FING-10014,1363,2018,1,Fund Progr,4,0,2,6,2018,2,R,2,2.3,a5ee47612daf0cce7c392ed587f782266ea390eae289b87610118b7ab3479b67
FING-15282,1363,2017,1,Progr Methd,4,2,2,8,2018,2,A,1,4.5,c31cbe4df540d9624606faae87f7bf317f5b19593d9fe7d8856a5482bf31ebfd
FING-8308,1363,2017,1,Progr Parad,4,0,2,6,2018,2,R,2,1.3,ae5fb0db2f7aa7d4f622134492fe773f10da0ae9b3fae3ac5db21a41eb4cafd8
FING-5381,1363,2016,1,Progr Parad,4,0,2,6,2018,2,R,2,1.3,ae5fb0db2f7aa7d4f622134492fe773f10da0ae9b3fae3ac5db21a41eb4cafd8
FING-2933,1363,2015,1,Progr Parad,4,0,2,6,2018,2,R,2,3.6,ae5fb0db2f7aa7d4f622134492fe773f10da0ae9b3fae3ac5db21a41eb4cafd8
FING-5402,1363,2016,1,Progr Parad,4,0,2,6,2018,2,R,1,2.0,ae5fb0db2f7aa7d4f622134492fe773f10da0ae9b3fae3ac5db21a41eb4cafd8
FING-6364,1363,2016,1,Progr Parad,4,0,2,6,2018,2,R,2,2.3,ae5fb0db2f7aa7d4f622134492fe773f10da0ae9b3fae3ac5db21a41eb4cafd8
FING-7307,1363,2017,1,Fund Progr,4,0,2,6,2018,2,R,1,3.2,1fbd1a1b4f834f260ef1d637bb0ee82e627d22cd0ea0bc0b7a12255527f26b4b
FING-7306,1363,2017,1,Fund Progr,4,0,2,6,2018,2,A,1,5.0,1fbd1a1b4f834f260ef1d637bb0ee82e627d22cd0ea0bc0b7a12255527f26b4b
FING-9191,1363,2018,1,Fund Progr,4,0,2,6,2018,2,R,2,2.1,1fbd1a1b4f834f260ef1d637bb0ee82e627d22cd0ea0bc0b7a12255527f26b4b
FING-7341,1363,2017,1,Fund Progr,4,0,2,6,2018,2,R,1,3.1,1fbd1a1b4f834f260ef1d637bb0ee82e627d22cd0ea0bc0b7a12255527f26b4b
FING-4371,1363,2018,1,Fund Progr,4,0,2,6,2018,2,A,2,5.9,d7343236b9fa2ffd2649e69c6cf9786e9a1c4f96f777d3d1298b7794b4ecfdc5
FING-7316,1363,2017,1,Fund Progr,4,0,2,6,2018,2,A,2,4.7,d7343236b9fa2ffd2649e69c6cf9786e9a1c4f96f777d3d1298b7794b4ecfdc5
FING-8359,1363,2017,1,Fund Progr,4,0,2,6,2018,2,A,2,4.7,d7343236b9fa2ffd2649e69c6cf9786e9a1c4f96f777d3d1298b7794b4ecfdc5
FING-29416,1363,2017,1,Fund Progr,4,0,2,6,2018,2,A,2,4.9,d7343236b9fa2ffd2649e69c6cf9786e9a1c4f96f777d3d1298b7794b4ecfdc5
FING-9150,1363,2018,1,Fund Progr,4,0,2,6,2018,2,A,1,5.3,62a0c1f36a5d5b85d7a4c61a2ecd9a07c3849b498393760e00f6fe577de34f06
FING-9202,1363,2018,1,Fund Progr,4,0,2,6,2018,2,A,1,5.4,a5ee47612daf0cce7c392ed587f782266ea390eae289b87610118b7ab3479b67
FING-28159,1363,2018,1,Fund Progr,4,0,2,6,2018,2,R,2,1.2,a5ee47612daf0cce7c392ed587f782266ea390eae289b87610118b7ab3479b67
FING-2919,1363,2015,1,Syst Eng,4,2,0,6,2018,2,A,2,4.1,60ce27515b352c8179aff14e8d8faff2523573adadb0770699724d2100baeead
FING-2989,1363,2016,1,Syst Eng,4,2,0,6,2018,2,R,2,3.9,60ce27515b352c8179aff14e8d8faff2523573adadb0770699724d2100baeead
FING-2933,1363,2015,1,Logic and Computer Science Theory,4,2,0,6,2018,2,A,2,5.1,a758b091c1e446acfaa4e13d0d2839a313dd0371a35228eb5511991cee34fc12
FING-3928,1363,2015,1,Statistical Inference,4,2,0,6,2018,2,A,2,4.4,c1e4635e6d285e41246f10c26345ab46753a2410b81286e3de6f4577af5f89c3
FING-6281,1363,2016,1,Statistical Inference,4,2,0,6,2018,2,A,2,4.6,c1e4635e6d285e41246f10c26345ab46753a2410b81286e3de6f4577af5f89c3
FING-1532,1363,2014,1,CS Seminar,2,0,4,6,2018,2,A,2,6.4,28c6c5bbf5d7179bb107cafd4476735962f8f755b2efb9903fb0e52b497fa2b7
FING-1221,1363,2017,1,Progr Methd,4,2,2,8,2018,2,A,2,4.9,f9ba9cc4cd9e47f5c65a8fbb26c6b6d5ef269d286aa2171d378d7651ce5e7779
FING-6354,1363,2016,1,Progr Methd,4,2,2,8,2018,2,A,2,4.9,f9ba9cc4cd9e47f5c65a8fbb26c6b6d5ef269d286aa2171d378d7651ce5e7779
FING-5349,1363,2016,1,Progr Methd,4,2,2,8,2018,2,R,2,1.0,f9ba9cc4cd9e47f5c65a8fbb26c6b6d5ef269d286aa2171d378d7651ce5e7779
FING-5387,1363,2016,1,Progr Methd,4,2,2,8,2018,2,R,2,1.0,f9ba9cc4cd9e47f5c65a8fbb26c6b6d5ef269d286aa2171d378d7651ce5e7779
FING-15274,1363,2016,1,Progr Methd,4,2,2,8,2018,2,A,2,4.6,f9ba9cc4cd9e47f5c65a8fbb26c6b6d5ef269d286aa2171d378d7651ce5e7779
FING-5767,1363,2017,2,Progr Parad,4,0,2,6,2018,2,A,2,5.0,ccd981858c1ea839b512426d8dfcd4f88feaec45b731cc0a2f924fd2e6e153d8
FING-5376,1363,2016,1,Progr Parad,4,0,2,6,2018,2,A,2,4.3,ccd981858c1ea839b512426d8dfcd4f88feaec45b731cc0a2f924fd2e6e153d8
FING-2919,1363,2015,1,SoftEng Fund,4,2,0,6,2018,2,A,2,4.4,c5f69578498bbc6ba44c3f7b0467c4c68faf4f6ffb17840197137f2114fe67bb
FING-223,1363,2014,1,Advanced Algorithms,4,2,2,8,2018,2,R,2,2.0,245b64604a8d5d0553dacc990da644b71a70600bca3960b0154ad94b4c33a1f1
FING-6281,1363,2016,1,Advanced Algorithms,4,2,2,8,2018,2,A,2,5.2,245b64604a8d5d0553dacc990da644b71a70600bca3960b0154ad94b4c33a1f1
FING-1782,1363,2015,1,Optimization,4,0,2,6,2018,2,A,2,6.5,01030513ef15a66d7ad87c5d9acf05496c247caebd0e0514526d4fc05b743a1d
FING-1532,1363,2014,1,Elective IV,4,0,2,6,2018,2,A,2,5.5,ccd981858c1ea839b512426d8dfcd4f88feaec45b731cc0a2f924fd2e6e153d8
FING-8308,1363,2017,1,Comp Struc,4,2,1,7,2018,2,R,2,1.0,8b7eb5c8931cf41fe21d405c6a69bfafd6307c6f617d2a5af34c471a984c159e
FING-6359,1363,2016,1,Comp Struc,4,2,1,7,2018,2,R,2,1.5,8b7eb5c8931cf41fe21d405c6a69bfafd6307c6f617d2a5af34c471a984c159e
FING-7760,1363,2018,1,Comp Struc,4,2,1,7,2018,2,R,2,3.8,8b7eb5c8931cf41fe21d405c6a69bfafd6307c6f617d2a5af34c471a984c159e
FING-11142,1363,2019,1,Stat Analys,4,2,0,6,2020,2,R,2,3.1,717de10ba7028ece9212f63482eb2bccf95985b28c4c84c7c80956b04bb28f8f
FING-7341,1363,2017,1,Stat Analys,4,2,0,6,2020,2,A,1,5.6,d4144b8d5f9e2a81c010901ff13bcb04ccee6a1fd936701c4eed447b58c948d2
FING-11135,1363,2019,1,Stat Analys,4,2,0,6,2020,2,R,2,2.0,146b7cc2f27312d49f7d63a6b7cb83378210b2b23c318323a884fbfb109feee1
FING-11089,1363,2019,1,Diff Ec & Num Meth,4,2,0,6,2020,2,A,2,4.2,bf94262a3cdb991e7eabe861f41bd9d8a5db6b3a312f5307ae389d047b610ea3
FING-15346,1363,2019,1,Diff Ec & Num Meth,4,2,0,6,2020,2,A,2,6.6,bf94262a3cdb991e7eabe861f41bd9d8a5db6b3a312f5307ae389d047b610ea3
FING-11164,1363,2019,1,Diff Ec & Num Meth,4,2,0,6,2020,2,A,2,4.0,bf94262a3cdb991e7eabe861f41bd9d8a5db6b3a312f5307ae389d047b610ea3
FING-11182,1363,2019,1,Diff Ec & Num Meth,4,2,0,6,2020,2,A,2,4.7,bf94262a3cdb991e7eabe861f41bd9d8a5db6b3a312f5307ae389d047b610ea3
FING-13492,1363,2020,2,Diff Ec & Num Meth,4,2,0,6,2020,2,A,2,6.1,0c72a2ad7dd210d87d992a7bd4905912d4bd5f36d16b930d2302169cd2bac334
FING-11071,1363,2019,1,Diff Ec & Num Meth,4,2,0,6,2020,2,A,2,4.7,0c72a2ad7dd210d87d992a7bd4905912d4bd5f36d16b930d2302169cd2bac334
FING-28124,1363,2018,1,Diff Ec & Num Meth,4,2,0,6,2020,2,R,2,2.8,dec2ceb61415646c97fbc57093a23a996c1245b011ea790134e7bf7b9fc8224a
FING-11113,1363,2019,1,Diff Ec & Num Meth,4,2,0,6,2020,2,A,2,4.6,dec2ceb61415646c97fbc57093a23a996c1245b011ea790134e7bf7b9fc8224a
FING-28148,1363,2019,1,Diff Ec & Num Meth,4,2,0,6,2020,2,A,2,5.5,4d1735bd404f48d4855de32dbd8c65be393f2ce0ae0955c99ea591fbd6921f00
FING-11165,1363,2019,1,Diff Ec & Num Meth,4,2,0,6,2020,2,A,2,4.1,4d1735bd404f48d4855de32dbd8c65be393f2ce0ae0955c99ea591fbd6921f00
FING-11116,1363,2019,1,Diff Ec & Num Meth,4,2,0,6,2020,2,A,2,4.6,4d1735bd404f48d4855de32dbd8c65be393f2ce0ae0955c99ea591fbd6921f00
FING-11135,1363,2019,1,Diff Ec & Num Meth,4,2,0,6,2020,2,A,2,5.3,4d1735bd404f48d4855de32dbd8c65be393f2ce0ae0955c99ea591fbd6921f00
FING-11089,1363,2019,1,Elect & Mag,4,2,1,7,2020,2,A,2,4.4,8d708188d48a205fd0ee6094067176dc7d98cbf0882b42659479e4ee14e20270
FING-15346,1363,2019,1,Elect & Mag,4,2,1,7,2020,2,A,2,5.1,8d708188d48a205fd0ee6094067176dc7d98cbf0882b42659479e4ee14e20270
FING-11123,1363,2019,1,Elect & Mag,4,2,1,7,2020,2,R,2,2.1,8d708188d48a205fd0ee6094067176dc7d98cbf0882b42659479e4ee14e20270
FING-11113,1363,2019,1,Elect & Mag,4,2,1,7,2020,2,R,2,1.0,8d708188d48a205fd0ee6094067176dc7d98cbf0882b42659479e4ee14e20270
FING-11168,1363,2019,1,Elect & Mag,4,2,1,7,2020,2,R,2,3.8,090b1f778a7e6e7331c52a3b1cd830f21e14b4edc166aeeda390990c63868aa7
FING-11182,1363,2019,1,Elect & Mag,4,2,1,7,2020,2,A,2,5.4,090b1f778a7e6e7331c52a3b1cd830f21e14b4edc166aeeda390990c63868aa7
FING-11139,1363,2019,1,Elect & Mag,4,2,1,7,2020,2,A,2,4.9,89b3d307d426d5a97071eada465c25d92d0d885e19c8ef858a591ea6cd1bc161
FING-28124,1363,2018,1,Elect & Mag,4,2,1,7,2020,2,R,2,3.0,2600e88dbec8730d91cfd0b28f5262d8f134cb3ce654e533854390775226d0a4
FING-13492,1363,2020,2,Elect & Mag,4,2,1,7,2020,2,A,2,5.6,2600e88dbec8730d91cfd0b28f5262d8f134cb3ce654e533854390775226d0a4
FING-11165,1363,2019,1,Elect & Mag,4,2,1,7,2020,2,A,2,4.9,79d395e0a7136a7ec5f51c99dd1beb47b7bfa789076911352e5afe18d479a08a
FING-11116,1363,2019,1,Elect & Mag,4,2,1,7,2020,2,R,2,3.0,79d395e0a7136a7ec5f51c99dd1beb47b7bfa789076911352e5afe18d479a08a
FING-11135,1363,2019,1,Elect & Mag,4,2,1,7,2020,2,R,2,3.9,79d395e0a7136a7ec5f51c99dd1beb47b7bfa789076911352e5afe18d479a08a
FING-28148,1363,2019,1,Elect & Mag,4,2,1,7,2020,2,A,2,4.3,243cd58b88360ad768c68d8bdd22f9afc0a903b02e7f3f84d92fa9cd7472f974
FING-5767,1363,2017,2,Finances,4,0,2,6,2020,2,A,2,4.6,8b7fc70f5837b9869f3d108860049ac9d5d00eb3af0e7d999625274a530c8386
FING-7307,1363,2017,1,Finances,4,0,2,6,2020,2,A,1,4.7,8b7fc70f5837b9869f3d108860049ac9d5d00eb3af0e7d999625274a530c8386
FING-7760,1363,2018,1,Finances,4,0,2,6,2020,2,A,2,6.0,8b7fc70f5837b9869f3d108860049ac9d5d00eb3af0e7d999625274a530c8386
FING-7307,1363,2017,1,Comp Org,4,1,1,6,2020,2,R,1,3.9,cec81ee66a411914454dc487ece9a19e89f26d9cfa941ac1eb4885f74a77c639
FING-9611,1363,2019,2,Comp Org,4,1,1,6,2020,2,A,2,4.2,cec81ee66a411914454dc487ece9a19e89f26d9cfa941ac1eb4885f74a77c639
FING-10014,1363,2018,1,Comp Org,4,1,1,6,2020,2,R,2,2.7,cec81ee66a411914454dc487ece9a19e89f26d9cfa941ac1eb4885f74a77c639
FING-15306,1363,2018,1,Comp Org,4,1,1,6,2020,2,A,2,4.2,cec81ee66a411914454dc487ece9a19e89f26d9cfa941ac1eb4885f74a77c639
FING-683,1363,2013,1,Alg 1,6,2,0,8,2013,1,R,2,1.6,eb3336bead1db7d01c3566372ee3fd9590eb3302ab5c3efcab1c2fedcae047d9
FING-23970,1363,2013,1,Alg 1,6,2,0,8,2013,1,A,2,4.8,56a3d6902679774decd90c6418cb72b900fccac84dbd7a90839a5fcc227537b2
FING-4311,1363,2013,1,Alg 1,6,2,0,8,2013,1,A,2,5.3,6e5f30fbc183c4cc4a7f3fdfb1702eaa2c1e8e7182ae818a5635e214525e950f
FING-4309,1363,2013,1,Alg 1,6,2,0,8,2013,1,A,2,4.7,6e5f30fbc183c4cc4a7f3fdfb1702eaa2c1e8e7182ae818a5635e214525e950f
FING-3421,1363,2013,1,Alg 1,6,2,0,8,2013,1,A,2,4.0,6e5f30fbc183c4cc4a7f3fdfb1702eaa2c1e8e7182ae818a5635e214525e950f
FING-192,1363,2013,1,Alg 1,6,2,0,8,2013,1,A,2,4.2,c20990256923145e12cc95b746304d47ac14b7609d5deed25b1edacffc507e8a
FING-13105,1363,2013,1,Alg 1,6,2,0,8,2013,1,A,1,4.1,c20990256923145e12cc95b746304d47ac14b7609d5deed25b1edacffc507e8a
FING-13134,1363,2013,1,Alg 1,6,2,0,8,2013,1,A,2,4.4,c20990256923145e12cc95b746304d47ac14b7609d5deed25b1edacffc507e8a
FING-4313,1363,2012,1,Alg 2,4,2,0,6,2013,1,A,2,5.0,481c419802a34eb82348639dc01ec37816ed8b160e7bb2962e2d5b36891fe815
FING-4321,1363,2012,1,Alg 2,4,2,0,6,2013,1,R,2,3.6,0c72a2ad7dd210d87d992a7bd4905912d4bd5f36d16b930d2302169cd2bac334
FING-4319,1363,2012,1,Alg 2,4,2,0,6,2013,1,R,2,3.5,4f6de681fc3e712ed1a39b00639ba1a66ae254fdb37a3ad046a1c5f7b8ac8d38
FING-12915,1363,2012,2,Alg 2,4,2,0,6,2013,1,R,1,3.4,4f6de681fc3e712ed1a39b00639ba1a66ae254fdb37a3ad046a1c5f7b8ac8d38
FING-12915,1363,2012,2,Cal 1,6,2,0,8,2013,1,R,1,2.8,e66b1dab43fdd8a7e3e7f95abc277e0458464c8952ac3bb9fc24531febba3ec9
FING-5750,1363,2013,1,Cal 1,6,2,0,8,2013,1,R,2,3.5,e66b1dab43fdd8a7e3e7f95abc277e0458464c8952ac3bb9fc24531febba3ec9
FING-4307,1363,2013,1,Cal 1,6,2,0,8,2013,1,A,2,4.0,e66b1dab43fdd8a7e3e7f95abc277e0458464c8952ac3bb9fc24531febba3ec9
FING-683,1363,2013,1,Cal 1,6,2,0,8,2013,1,R,2,1.7,994f36cec6af24c6bde845537be805631930eed47dadc8e353cb21b5f084bad7
FING-23970,1363,2013,1,Cal 1,6,2,0,8,2013,1,R,2,3.0,ada1a8652f898b79af7d71eeaf368558504e1187b472a12399598845c1955fe3
FING-666,1363,2012,1,Cal 1,6,2,0,8,2013,1,R,2,2.9,b8cfc512f99f1372efa88cf44d04e7d07ecec3d7b896c9db4cccbfc2accc3504
FING-4312,1363,2012,1,Cal 1,6,2,0,8,2013,1,A,2,4.1,b8cfc512f99f1372efa88cf44d04e7d07ecec3d7b896c9db4cccbfc2accc3504
FING-4313,1363,2012,1,Cal 1,6,2,0,8,2013,1,A,2,4.4,b8cfc512f99f1372efa88cf44d04e7d07ecec3d7b896c9db4cccbfc2accc3504
FING-12988,1363,2013,1,Cal 1,6,2,0,8,2013,1,A,1,4.0,8955549fe20e024f14a9840032c5c2053675de3e44a5ef170b632ca634492c94
FING-13024,1363,2013,1,Cal 1,6,2,0,8,2013,1,A,2,5.3,8955549fe20e024f14a9840032c5c2053675de3e44a5ef170b632ca634492c94
FING-17689,1363,2013,1,Cal 1,6,2,0,8,2013,1,R,2,3.0,8955549fe20e024f14a9840032c5c2053675de3e44a5ef170b632ca634492c94
FING-4311,1363,2013,1,Cal 1,6,2,0,8,2013,1,R,2,2.4,a4350993ec4ff994083d1302384e3e1308d97ad2f0d6a0317ccd603e76b04771
FING-4309,1363,2013,1,Cal 1,6,2,0,8,2013,1,R,2,3.5,a4350993ec4ff994083d1302384e3e1308d97ad2f0d6a0317ccd603e76b04771
FING-3421,1363,2013,1,Cal 1,6,2,0,8,2013,1,R,2,2.7,a4350993ec4ff994083d1302384e3e1308d97ad2f0d6a0317ccd603e76b04771
FING-4319,1363,2012,1,Cal 2,6,2,0,8,2013,1,R,2,2.8,c08a48b7dc87852ac219b3fa8b132e2aba0f0a5f7d9acb57507b5f6e8307c530
FING-4305,1363,2012,1,Cal 2,6,2,0,8,2013,1,A,2,4.0,c08a48b7dc87852ac219b3fa8b132e2aba0f0a5f7d9acb57507b5f6e8307c530
FING-4321,1363,2012,1,Cal 2,6,2,0,8,2013,1,A,2,4.4,c08a48b7dc87852ac219b3fa8b132e2aba0f0a5f7d9acb57507b5f6e8307c530
FING-1799,1363,2012,1,Diff Ec & Num Meth,4,2,0,6,2013,1,A,2,5.9,bf94262a3cdb991e7eabe861f41bd9d8a5db6b3a312f5307ae389d047b610ea3
FING-12988,1363,2013,1,Chemistry,4,2,0,6,2013,2,A,1,4.4,bd23e40a5885a0ba59f0b7530e52911ed929968a175428df4e239e8d77f93ac5
FING-13024,1363,2013,1,Chemistry,4,2,0,6,2013,2,A,2,4.3,bd23e40a5885a0ba59f0b7530e52911ed929968a175428df4e239e8d77f93ac5
FING-4319,1363,2012,1,Intro Eng,0,0,2,2,2012,1,A,2,4.6,
FING-23970,1363,2013,1,Intro Eng,0,0,2,2,2013,1,A,2,6.2,
FING-1662,1363,2013,1,Intro Eng,0,0,2,2,2012,1,A,2,5.0,
FING-12915,1363,2012,2,Intro Eng,0,0,2,2,2012,2,A,1,5.5,
FING-1799,1363,2012,1,Intro Eng,0,0,2,2,2012,1,A,2,6.6,
FING-5750,1363,2013,1,Intro Eng,0,0,2,2,2013,1,A,2,6.1,
FING-17689,1363,2013,1,Intro Eng,0,0,2,2,2013,1,A,2,6.2,
FING-3421,1363,2013,1,Intro Eng,0,0,2,2,2013,1,A,2,5.0,
FING-4324,1363,2012,1,Std Methods,0,0,2,2,2012,1,A,2,7.0,
FING-1799,1363,2012,1,Std Methods,0,0,2,2,2012,1,A,2,5.4,
FING-4323,1363,2012,1,Std Methods,0,0,2,2,2012,1,A,2,5.3,
FING-12988,1363,2013,1,Std Methods,0,0,2,2,2013,1,A,1,4.4,
FING-5750,1363,2013,1,Std Methods,0,0,2,2,2013,1,A,2,6.0,
FING-12860,1363,2012,1,Elect & Mag,4,2,1,7,2013,1,R,2,2.6,
FING-4324,1363,2012,1,Elect & Mag,4,2,1,7,2013,2,A,2,5.1,
FING-4323,1363,2012,1,Elect & Mag,4,2,1,7,2013,2,R,2,1.6,
FING-4306,1363,2012,1,Elect & Mag,4,2,1,7,2013,1,R,2,3.4,
FING-227,1363,2014,1,Fund Progr,4,0,2,6,2014,2,A,2,5.1,b2f2e408712fcc4c0629e46d1d41084bdf94f09a5b5d8e6e22c090c72be3d8c0
FING-1534,1363,2014,1,Fund Progr,4,0,2,6,2014,2,A,2,4.4,b2f2e408712fcc4c0629e46d1d41084bdf94f09a5b5d8e6e22c090c72be3d8c0
FING-179,1363,2014,1,Fund Progr,4,0,2,6,2014,2,A,2,4.1,542f1cbab59882c8987cf22f343c79737b3bbfc192312b1449da57e8ffbceb86
FING-186,1363,2014,1,Fund Progr,4,0,2,6,2014,2,A,2,4.9,542f1cbab59882c8987cf22f343c79737b3bbfc192312b1449da57e8ffbceb86
FING-158,1363,2014,1,Fund Progr,4,0,2,6,2014,2,R,2,3.2,542f1cbab59882c8987cf22f343c79737b3bbfc192312b1449da57e8ffbceb86
FING-157,1363,2014,1,Fund Progr,4,0,2,6,2014,2,A,2,4.4,542f1cbab59882c8987cf22f343c79737b3bbfc192312b1449da57e8ffbceb86
FING-214,1363,2014,1,Fund Progr,4,0,2,6,2014,2,A,2,5.5,542f1cbab59882c8987cf22f343c79737b3bbfc192312b1449da57e8ffbceb86
FING-1472,1363,2014,1,Fund Progr,4,0,2,6,2014,2,A,2,5.4,6ae92ff5b73ce1addd87085ccdc2eee889a9d48c799f92c20a123998dd8aa395
FING-173,1363,2014,1,Fund Progr,4,0,2,6,2014,2,A,2,5.2,6ae92ff5b73ce1addd87085ccdc2eee889a9d48c799f92c20a123998dd8aa395
FING-217,1363,2014,1,Fund Progr,4,0,2,6,2014,2,A,2,6.0,6ae92ff5b73ce1addd87085ccdc2eee889a9d48c799f92c20a123998dd8aa395
FING-153,1363,2014,1,Fund Progr,4,0,2,6,2014,2,R,2,3.7,6ae92ff5b73ce1addd87085ccdc2eee889a9d48c799f92c20a123998dd8aa395
FING-4311,1363,2013,1,Progr Methd,4,2,2,8,2014,2,A,2,5.0,f9ba9cc4cd9e47f5c65a8fbb26c6b6d5ef269d286aa2171d378d7651ce5e7779
FING-12988,1363,2013,1,Progr Methd,4,2,2,8,2014,2,A,1,4.5,f9ba9cc4cd9e47f5c65a8fbb26c6b6d5ef269d286aa2171d378d7651ce5e7779
FING-13024,1363,2013,1,Progr Methd,4,2,2,8,2014,2,A,2,4.8,f9ba9cc4cd9e47f5c65a8fbb26c6b6d5ef269d286aa2171d378d7651ce5e7779
FING-13105,1363,2013,1,Progr Methd,4,2,2,8,2014,2,A,1,5.3,f9ba9cc4cd9e47f5c65a8fbb26c6b6d5ef269d286aa2171d378d7651ce5e7779
FING-13134,1363,2013,1,Progr Methd,4,2,2,8,2014,2,A,2,4.8,f9ba9cc4cd9e47f5c65a8fbb26c6b6d5ef269d286aa2171d378d7651ce5e7779
FING-4307,1363,2013,1,Progr Methd,4,2,2,8,2014,2,R,2,3.4,f9ba9cc4cd9e47f5c65a8fbb26c6b6d5ef269d286aa2171d378d7651ce5e7779
FING-17689,1363,2013,1,Progr Methd,4,2,2,8,2014,2,A,2,4.3,c31cbe4df540d9624606faae87f7bf317f5b19593d9fe7d8856a5482bf31ebfd
FING-4305,1363,2012,1,Progr Parad,4,0,2,6,2014,2,R,2,1.6,c56774011ed92ae6a9ee1865d7ed6c2c2d98b82cc12b816c03bd77fcadd0817b
FING-1532,1363,2014,1,Progr Parad,4,0,2,6,2014,2,R,2,3.7,c56774011ed92ae6a9ee1865d7ed6c2c2d98b82cc12b816c03bd77fcadd0817b
FING-4319,1363,2012,1,SoftEng Fund,4,2,0,6,2014,2,R,2,3.8,b2f2e408712fcc4c0629e46d1d41084bdf94f09a5b5d8e6e22c090c72be3d8c0
FING-4312,1363,2012,1,SoftEng Fund,4,2,0,6,2014,2,A,2,4.3,b2f2e408712fcc4c0629e46d1d41084bdf94f09a5b5d8e6e22c090c72be3d8c0
FING-4324,1363,2012,1,Formal Language Processing,4,2,2,8,2014,2,R,2,2.4,16b2d5b4c473b956b41412275c081b5cab38d261f201aad7e31443548418f4bc
FING-12860,1363,2012,1,Comp Struc,4,2,1,7,2014,2,A,2,4.6,93b27509910fd8f6cba12d81e82a313cbb395f4e059fc6b55c7ef7a4be7c997c
FING-4324,1363,2012,1,Comp Struc,4,2,1,7,2014,2,R,2,3.6,93b27509910fd8f6cba12d81e82a313cbb395f4e059fc6b55c7ef7a4be7c997c
FING-4313,1363,2012,1,Comp Struc,4,2,1,7,2014,2,R,2,3.5,93b27509910fd8f6cba12d81e82a313cbb395f4e059fc6b55c7ef7a4be7c997c
FING-4307,1363,2013,1,Fund Econ,4,2,0,6,2014,2,R,2,3.4,f455697606e54a05709e4c124ef70ca8904632a4bf366c6ce2c5a68419aeafca
FING-13105,1363,2013,1,Fund Econ,4,2,0,6,2014,2,R,1,3.9,0d1ac6df39f59e438d5b17cfa9141b07887151c0287da33d8871e3db3c668e16
FING-13134,1363,2013,1,Fund Econ,4,2,0,6,2014,2,A,2,4.8,0d1ac6df39f59e438d5b17cfa9141b07887151c0287da33d8871e3db3c668e16
FING-4319,1363,2012,1,Fund Econ,4,2,0,6,2014,2,R,2,1.7,bba314c704e3dd81baa34ea26275169866b0b68bb21e2340fcc2a1345a42a0be
FING-4312,1363,2012,1,Fund Econ,4,2,0,6,2014,2,R,2,2.9,bba314c704e3dd81baa34ea26275169866b0b68bb21e2340fcc2a1345a42a0be
FING-4309,1363,2013,1,Fund Econ,4,2,0,6,2014,2,A,2,4.2,f07aee52d6c6bcf2d5d0515a7b5bc96a76bcfb5cdceca686b2a60ce754f77b43
FING-4321,1363,2012,1,Fund Econ,4,2,0,6,2014,2,A,2,4.3,b866dad0a4f407ef553b785f6e8ceded3b945ddd91d65344eac0edb7a7936422
FING-222,1363,2014,1,Cal 2,6,2,0,8,2014,2,R,2,3.6,146d264f13828d777fc7d1851ab7a7fe7067b173f4bc543116c44f86feef5130
FING-17689,1363,2013,1,Cal 2,6,2,0,8,2014,2,R,2,2.0,8a5a1b2546b474bcad309c4ebcac6bed0bc1693473ad875d87a2bf81f9d006a7
FING-192,1363,2014,1,Cal 2,6,2,0,8,2014,2,R,2,1.4,b3974f3a0fb740f1b20d683affca74b55178d63549c105c0b8f5177a5f7d17e1
FING-13105,1363,2013,1,Cal 2,6,2,0,8,2014,2,R,1,3.2,b3974f3a0fb740f1b20d683affca74b55178d63549c105c0b8f5177a5f7d17e1
FING-173,1363,2014,1,Cal 2,6,2,0,8,2014,2,R,2,1.0,b3974f3a0fb740f1b20d683affca74b55178d63549c105c0b8f5177a5f7d17e1
FING-217,1363,2014,1,Cal 2,6,2,0,8,2014,2,A,2,4.0,b3974f3a0fb740f1b20d683affca74b55178d63549c105c0b8f5177a5f7d17e1
FING-205,1363,2014,1,Cal 2,6,2,0,8,2014,2,R,2,3.4,b3974f3a0fb740f1b20d683affca74b55178d63549c105c0b8f5177a5f7d17e1
FING-214,1363,2014,1,Cal 2,6,2,0,8,2014,2,A,2,4.2,b3974f3a0fb740f1b20d683affca74b55178d63549c105c0b8f5177a5f7d17e1
FING-212,1363,2014,1,Alg 2,4,2,0,6,2014,2,R,2,3.3,dec2ceb61415646c97fbc57093a23a996c1245b011ea790134e7bf7b9fc8224a
FING-158,1363,2014,1,Alg 2,4,2,0,6,2014,2,R,2,3.6,dec2ceb61415646c97fbc57093a23a996c1245b011ea790134e7bf7b9fc8224a
FING-1534,1363,2014,1,Alg 2,4,2,0,6,2014,2,A,2,4.1,dec2ceb61415646c97fbc57093a23a996c1245b011ea790134e7bf7b9fc8224a
FING-173,1363,2014,1,Alg 2,4,2,0,6,2014,2,A,2,4.0,dec2ceb61415646c97fbc57093a23a996c1245b011ea790134e7bf7b9fc8224a
FING-227,1363,2014,1,Alg 2,4,2,0,6,2014,2,A,2,4.3,0c72a2ad7dd210d87d992a7bd4905912d4bd5f36d16b930d2302169cd2bac334
FING-165,1363,2014,1,Alg 2,4,2,0,6,2014,2,R,2,1.5,0c72a2ad7dd210d87d992a7bd4905912d4bd5f36d16b930d2302169cd2bac334
FING-219,1363,2014,1,Alg 2,4,2,0,6,2014,2,A,2,4.6,0c72a2ad7dd210d87d992a7bd4905912d4bd5f36d16b930d2302169cd2bac334
FING-199,1363,2014,1,Progr Methd,4,2,2,8,2015,1,A,2,4.8,f9ba9cc4cd9e47f5c65a8fbb26c6b6d5ef269d286aa2171d378d7651ce5e7779
FING-186,1363,2014,1,Progr Methd,4,2,2,8,2015,1,R,2,3.8,f9ba9cc4cd9e47f5c65a8fbb26c6b6d5ef269d286aa2171d378d7651ce5e7779
FING-205,1363,2014,1,Progr Methd,4,2,2,8,2015,1,A,2,4.3,f9ba9cc4cd9e47f5c65a8fbb26c6b6d5ef269d286aa2171d378d7651ce5e7779
FING-180,1363,2014,1,Progr Methd,4,2,2,8,2015,1,R,2,3.2,f9ba9cc4cd9e47f5c65a8fbb26c6b6d5ef269d286aa2171d378d7651ce5e7779
FING-1532,1363,2014,1,SoftEng Fund,4,2,0,6,2015,1,A,2,4.1,b2f2e408712fcc4c0629e46d1d41084bdf94f09a5b5d8e6e22c090c72be3d8c0
FING-12915,1363,2012,2,Elect & Mag,4,2,1,7,2015,1,A,1,5.3,9f4d7abfe9f9d65f263b4a63521ac1241e6198e8844a2443b31729dc9ac2ed06
FING-12915,1363,2012,2,Stat Analys,4,2,0,6,2015,1,A,1,4.0,2ecf34b9ea0b53c1c84418cf3e4f9a0d8a2946eb457604384dd9405954fc33ff
FING-180,1363,2014,1,Fund Econ,4,2,0,6,2015,1,R,2,3.5,c25670079945e9a61cbc4fbb6c3df331485d160977706908e36546df3d180990
FING-184,1363,2014,1,Fund Econ,4,2,0,6,2015,1,A,1,4.2,c25670079945e9a61cbc4fbb6c3df331485d160977706908e36546df3d180990
FING-199,1363,2014,1,Fund Econ,4,2,0,6,2015,1,R,2,3.2,bec737689c2c1f3db9da33309ac14e62168d8edf9d37e192f814ceb9c80e1a34
FING-1532,1363,2014,1,Syst Eng,4,2,0,6,2015,1,A,2,4.1,60ce27515b352c8179aff14e8d8faff2523573adadb0770699724d2100baeead
FING-12915,1363,2012,2,Eng 3,0,0,2,2,2015,1,A,1,6.1,0c76941946728f595533375dd564fcb6ac35a60520a3c33182b8a54dc3ebc072
FING-192,1363,2014,1,Eng 3,0,0,2,2,2016,1,A,2,5.9,328524d2ffbcc4ec63d1b5a3bfa425c0f37661344eaa844294ba743535d8c18e
FING-223,1363,2014,1,Eng 3,0,0,2,2,2016,1,A,2,5.9,328524d2ffbcc4ec63d1b5a3bfa425c0f37661344eaa844294ba743535d8c18e
FING-1782,1363,2015,1,Eng 3,0,0,2,2,2016,1,A,2,7.0,d243075554e9e28bcc9460e19789a9578b49db27694e674c6c0f82cb7f85a5e5
FING-5349,1363,2016,1,IPD Workshop,2,0,2,4,2016,1,A,2,6.1,f5793ef126a2c5c42d114ce162802b457266738abd6306169f65ba85f5edf025
FING-6281,1363,2016,1,IPD Workshop,2,0,2,4,2016,1,A,2,6.0,f5793ef126a2c5c42d114ce162802b457266738abd6306169f65ba85f5edf025
FING-214,1363,2014,1,Finances,4,0,2,6,2016,1,R,2,1.0,90e37d439b3ffcadaccfc43e752e3beb562da4c9e551374fdcb071bc72e4cf0c
FING-13134,1363,2013,1,Algorithms,4,0,2,6,2016,1,R,2,3.0,642a22eb984b5632934968b0535f493930d7b68aad8b0105ce42f03ad83022a4
FING-227,1363,2014,1,Algorithms,4,0,2,6,2016,1,A,2,4.4,642a22eb984b5632934968b0535f493930d7b68aad8b0105ce42f03ad83022a4
FING-1534,1363,2014,1,Algorithms,4,0,2,6,2016,1,A,2,4.6,642a22eb984b5632934968b0535f493930d7b68aad8b0105ce42f03ad83022a4
FING-192,1363,2014,1,Algorithms,4,0,2,6,2016,1,A,2,4.0,642a22eb984b5632934968b0535f493930d7b68aad8b0105ce42f03ad83022a4
FING-6355,1363,2016,1,Std Methods,0,0,2,2,2016,1,A,2,5.3,b4e01d344f94e47e81b2c59794d433618e4fac069d8596d7fd31bd2ad1f26cc3
FING-5402,1363,2016,1,Std Methods,0,0,2,2,2016,1,A,1,6.4,b4e01d344f94e47e81b2c59794d433618e4fac069d8596d7fd31bd2ad1f26cc3
FING-2931,1363,2016,1,Std Methods,0,0,2,2,2016,1,A,2,5.3,b4e01d344f94e47e81b2c59794d433618e4fac069d8596d7fd31bd2ad1f26cc3
FING-5353,1363,2016,1,Std Methods,0,0,2,2,2016,1,A,2,5.4,b4e01d344f94e47e81b2c59794d433618e4fac069d8596d7fd31bd2ad1f26cc3
FING-5401,1363,2016,1,Std Methods,0,0,2,2,2016,1,A,2,4.9,b4e01d344f94e47e81b2c59794d433618e4fac069d8596d7fd31bd2ad1f26cc3
FING-15274,1363,2016,1,Std Methods,0,0,2,2,2016,1,A,2,5.4,b4e01d344f94e47e81b2c59794d433618e4fac069d8596d7fd31bd2ad1f26cc3
FING-5381,1363,2016,1,Fund Econ,4,2,0,6,2017,1,A,2,4.2,0989238be5362cf4cae16b9ffb00d5d13d623aaa763b8c7ff935dd893b6db7a4
FING-2989,1363,2016,1,Fund Econ,4,2,0,6,2017,1,A,2,4.2,0989238be5362cf4cae16b9ffb00d5d13d623aaa763b8c7ff935dd893b6db7a4
FING-5402,1363,2016,1,Fund Econ,4,2,0,6,2017,1,A,1,5.1,f07aee52d6c6bcf2d5d0515a7b5bc96a76bcfb5cdceca686b2a60ce754f77b43
FING-5349,1363,2016,1,Fund Econ,4,2,0,6,2017,1,A,2,4.2,f07aee52d6c6bcf2d5d0515a7b5bc96a76bcfb5cdceca686b2a60ce754f77b43
FING-4201,1363,2015,1,Fund Econ,4,2,0,6,2017,1,A,2,4.0,f07aee52d6c6bcf2d5d0515a7b5bc96a76bcfb5cdceca686b2a60ce754f77b43
FING-6281,1363,2016,1,Fund Econ,4,2,0,6,2017,1,A,2,4.9,a4981df8f1af2792fcff427cc3d027d02b66fbb86906b0686e05be3a8d1d7780
FING-6350,1363,2016,1,Fund Econ,4,2,0,6,2017,1,A,2,4.3,e0f19966a5fb28ea6c374ff717b67fb61e365c189e4603d0155e95a2f42121fb
FING-5382,1363,2016,1,Fund Econ,4,2,0,6,2017,1,A,2,4.0,8cf72964550d65b891b4dc419d2555e2f4f62aedd67d9bce90befaae86c0d171
FING-173,1363,2014,1,Fund Econ,4,2,0,6,2017,1,R,2,1.0,8cf72964550d65b891b4dc419d2555e2f4f62aedd67d9bce90befaae86c0d171
FING-2935,1363,2015,1,Fund Econ,4,2,0,6,2017,1,R,1,3.4,8cf72964550d65b891b4dc419d2555e2f4f62aedd67d9bce90befaae86c0d171
FING-5369,1363,2016,1,Fund Econ,4,2,0,6,2017,1,R,2,2.4,8cf72964550d65b891b4dc419d2555e2f4f62aedd67d9bce90befaae86c0d171
FING-6491,1363,2017,1,Fund Econ,4,2,0,6,2017,1,A,2,4.0,8cf72964550d65b891b4dc419d2555e2f4f62aedd67d9bce90befaae86c0d171
FING-2920,1363,2015,1,Fund Econ,4,2,0,6,2017,1,R,2,3.7,487baef69b6c44019f981a561ab6d322830657f2d6ce9dbbf6b58f22862fb390
FING-228,1363,2015,1,Fund Econ,4,2,0,6,2017,1,A,2,4.0,487baef69b6c44019f981a561ab6d322830657f2d6ce9dbbf6b58f22862fb390
FING-5360,1363,2016,1,Fund Econ,4,2,0,6,2017,1,R,2,2.3,487baef69b6c44019f981a561ab6d322830657f2d6ce9dbbf6b58f22862fb390
FING-4115,1363,2015,1,Fund Econ,4,2,0,6,2017,1,R,2,2.1,487baef69b6c44019f981a561ab6d322830657f2d6ce9dbbf6b58f22862fb390
FING-2960,1363,2015,1,Fund Econ,4,2,0,6,2017,1,R,2,3.8,487baef69b6c44019f981a561ab6d322830657f2d6ce9dbbf6b58f22862fb390
FING-5376,1363,2016,1,Fund Econ,4,2,0,6,2017,1,A,2,4.0,487baef69b6c44019f981a561ab6d322830657f2d6ce9dbbf6b58f22862fb390
FING-1221,1363,2017,1,Intro Eng,0,0,2,2,2017,1,A,2,5.2,68e55ae6f7dfd204af8fca9c971b08f70c8ee6490d1b335ad3800634f7197fa8
FING-7307,1363,2017,1,Intro Eng,0,0,2,2,2017,1,A,1,5.4,68e55ae6f7dfd204af8fca9c971b08f70c8ee6490d1b335ad3800634f7197fa8
FING-15282,1363,2017,1,Intro Eng,0,0,2,2,2017,1,A,1,5.7,68e55ae6f7dfd204af8fca9c971b08f70c8ee6490d1b335ad3800634f7197fa8
FING-7306,1363,2017,1,Intro Eng,0,0,2,2,2017,1,A,1,5.8,68e55ae6f7dfd204af8fca9c971b08f70c8ee6490d1b335ad3800634f7197fa8
FING-7349,1363,2017,1,Intro Eng,0,0,2,2,2017,1,A,2,5.8,eba7c9e5c081f1a45fc55092f7e4f93df24e010ec9313dffb94886301e310e0f
FING-7300,1363,2017,1,Intro Eng,0,0,2,2,2017,1,A,2,7.0,eba7c9e5c081f1a45fc55092f7e4f93df24e010ec9313dffb94886301e310e0f
FING-29416,1363,2017,1,Intro Eng,0,0,2,2,2017,1,A,2,7.0,eba7c9e5c081f1a45fc55092f7e4f93df24e010ec9313dffb94886301e310e0f
FING-8308,1363,2017,1,Intro Eng,0,0,2,2,2017,1,A,2,4.7,8b7eb5c8931cf41fe21d405c6a69bfafd6307c6f617d2a5af34c471a984c159e
FING-7316,1363,2017,1,Intro Eng,0,0,2,2,2017,1,A,2,4.3,8b7eb5c8931cf41fe21d405c6a69bfafd6307c6f617d2a5af34c471a984c159e
FING-7312,1363,2017,1,Intro Eng,0,0,2,2,2017,1,A,2,5.1,8b7eb5c8931cf41fe21d405c6a69bfafd6307c6f617d2a5af34c471a984c159e
FING-8361,1363,2017,1,Intro Eng,0,0,2,2,2017,1,A,2,5.2,8b7eb5c8931cf41fe21d405c6a69bfafd6307c6f617d2a5af34c471a984c159e
FING-7354,1363,2017,1,Intro Eng,0,0,2,2,2017,1,A,2,5.2,8b7eb5c8931cf41fe21d405c6a69bfafd6307c6f617d2a5af34c471a984c159e
FING-7341,1363,2017,1,Intro Eng,0,0,2,2,2017,1,A,1,5.2,8b7eb5c8931cf41fe21d405c6a69bfafd6307c6f617d2a5af34c471a984c159e
FING-8195,1363,2017,1,Intro Eng,0,0,2,2,2017,1,A,2,7.0,eba7c9e5c081f1a45fc55092f7e4f93df24e010ec9313dffb94886301e310e0f
FING-8359,1363,2017,1,Intro Eng,0,0,2,2,2017,1,A,2,6.1,eba7c9e5c081f1a45fc55092f7e4f93df24e010ec9313dffb94886301e310e0f
FING-7327,1363,2017,1,Intro Eng,0,0,2,2,2017,1,A,2,5.8,12575abe996676863d26164aa1cc159c1c79d162d0442d3aa282680c8ec3e02d
FING-7352,1363,2017,1,Intro Eng,0,0,2,2,2017,1,A,2,5.3,12575abe996676863d26164aa1cc159c1c79d162d0442d3aa282680c8ec3e02d
FING-6364,1363,2016,1,Eff Comm,0,0,2,2,2017,1,A,2,5.8,136ca982ae76831e53d7accd20f03ca2d700725a34f4209c7587668c483a1e88
FING-5360,1363,2016,1,Eff Comm,0,0,2,2,2017,1,A,2,6.7,710155895a7e3cc3b1b37db34ca85d029d6fc571c6f38085da5a26c8f182d29a
FING-5349,1363,2016,1,Eff Comm,0,0,2,2,2017,1,A,2,6.1,f5793ef126a2c5c42d114ce162802b457266738abd6306169f65ba85f5edf025
FING-5353,1363,2016,1,Eff Comm,0,0,2,2,2017,1,A,2,5.4,f5793ef126a2c5c42d114ce162802b457266738abd6306169f65ba85f5edf025
FING-6354,1363,2016,1,Eff Comm,0,0,2,2,2017,1,A,2,6.9,688b72842b68be151eaa797b7b854db6facb9b397801213b17a19b9acedfa58f
FING-6491,1363,2017,1,Eff Comm,0,0,2,2,2017,1,A,2,6.2,688b72842b68be151eaa797b7b854db6facb9b397801213b17a19b9acedfa58f
FING-5401,1363,2016,1,Eng 1,0,0,2,2,2017,1,A,2,5.3,b0ec3cd5bbb3a60c964c1cf862b24432a65417925c31daa1d2efd37f6de6ee63
FING-15274,1363,2016,1,Eng 1,0,0,2,2,2017,1,A,2,5.5,331daeb5e2bacaa17d203d73ce2c26227a79b69371f5f02e9b9d3d9d1d577b68
FING-5382,1363,2016,1,Eng 1,0,0,2,2,2017,1,A,2,6.0,d243075554e9e28bcc9460e19789a9578b49db27694e674c6c0f82cb7f85a5e5
FING-6354,1363,2016,1,Eng 1,0,0,2,2,2017,1,A,2,5.3,d243075554e9e28bcc9460e19789a9578b49db27694e674c6c0f82cb7f85a5e5
FING-5402,1363,2016,1,Eng 1,0,0,2,2,2017,1,A,1,6.5,d243075554e9e28bcc9460e19789a9578b49db27694e674c6c0f82cb7f85a5e5
FING-5349,1363,2016,1,Eng 1,0,0,2,2,2017,1,A,2,5.8,d243075554e9e28bcc9460e19789a9578b49db27694e674c6c0f82cb7f85a5e5
FING-4201,1363,2015,1,Eng 1,0,0,2,2,2017,1,A,2,7.0,d243075554e9e28bcc9460e19789a9578b49db27694e674c6c0f82cb7f85a5e5
FING-5387,1363,2016,1,Eng 1,0,0,2,2,2017,1,A,2,6.8,d243075554e9e28bcc9460e19789a9578b49db27694e674c6c0f82cb7f85a5e5
FING-6491,1363,2017,1,Eng 1,0,0,2,2,2017,1,A,2,7.0,d243075554e9e28bcc9460e19789a9578b49db27694e674c6c0f82cb7f85a5e5
FING-2945,1363,2015,1,Eng 2,0,0,2,2,2017,1,A,2,7.0,7445abcb3d02291ae02a0412ab6cfb157b95d1cdc92b3049f39926cfd55ed69d
FING-5376,1363,2016,1,Eng 2,0,0,2,2,2017,1,A,2,6.3,7445abcb3d02291ae02a0412ab6cfb157b95d1cdc92b3049f39926cfd55ed69d
FING-2933,1363,2015,1,Eng 2,0,0,2,2,2017,1,A,2,6.1,88b92944cf71d575adb267c2065647d01500a1577a232f797e0ed0930dcb0235
FING-2908,1363,2015,1,Eng 2,0,0,2,2,2017,1,A,1,6.2,88b92944cf71d575adb267c2065647d01500a1577a232f797e0ed0930dcb0235
FING-205,1363,2014,1,Eng 3,0,0,2,2,2017,1,A,2,6.5,331daeb5e2bacaa17d203d73ce2c26227a79b69371f5f02e9b9d3d9d1d577b68
FING-2905,1363,2015,1,Eng 3,0,0,2,2,2017,1,A,1,6.0,6283feeb3658ebd5b8c01cf13ddcbd5e4bd6cbb6345df87cde9d52ad2f80f9a2
FING-2909,1363,2015,1,Eng 3,0,0,2,2,2017,1,A,2,6.4,6283feeb3658ebd5b8c01cf13ddcbd5e4bd6cbb6345df87cde9d52ad2f80f9a2
FING-173,1363,2014,1,Eng 3,0,0,2,2,2017,1,A,2,5.0,05a158b0394b2121a1e31ebd32ad22748f8f672294e8e71dd514831300eacc2e
FING-2951,1363,2015,1,Eng 3,0,0,2,2,2017,1,A,2,5.8,56c5de6db1598dfd7a427ffcdd9e817614d9f8ef78899c67013b6b20fd3229a2
FING-3928,1363,2015,1,Eng 3,0,0,2,2,2017,1,A,2,6.2,56c5de6db1598dfd7a427ffcdd9e817614d9f8ef78899c67013b6b20fd3229a2
FING-2973,1363,2015,1,Eng 3,0,0,2,2,2017,1,A,2,5.9,1d876546af2d9960f4653465fd90e368995581194b9ace968ac2c3bf24551eb9
FING-2960,1363,2015,1,Eng 3,0,0,2,2,2017,1,A,2,6.2,05a158b0394b2121a1e31ebd32ad22748f8f672294e8e71dd514831300eacc2e
FING-2919,1363,2015,1,Eng 3,0,0,2,2,2017,1,A,2,7.0,d243075554e9e28bcc9460e19789a9578b49db27694e674c6c0f82cb7f85a5e5
FING-2918,1363,2015,1,Eng 3,0,0,2,2,2017,1,A,2,7.0,d243075554e9e28bcc9460e19789a9578b49db27694e674c6c0f82cb7f85a5e5
FING-2971,1363,2015,1,Eng 3,0,0,2,2,2017,1,A,2,6.5,d243075554e9e28bcc9460e19789a9578b49db27694e674c6c0f82cb7f85a5e5
FING-2935,1363,2015,1,Eng 3,0,0,2,2,2017,1,A,1,6.5,d243075554e9e28bcc9460e19789a9578b49db27694e674c6c0f82cb7f85a5e5
FING-2915,1363,2015,1,Eng 3,0,0,2,2,2017,1,A,2,7.0,d243075554e9e28bcc9460e19789a9578b49db27694e674c6c0f82cb7f85a5e5
FING-180,1363,2014,1,Eng 4,0,0,2,2,2017,1,A,2,6.1,c7a002f402fc2db943a0f882d3bb743c7f3e23e7bea4a51a9467c1a27d8e09c9
FING-186,1363,2014,1,Eng 4,0,0,2,2,2017,1,A,2,5.4,bd9ac54818f0c524b5791464d60e9a0bca29b466be2f66af984a8d3f35779f62
FING-184,1363,2014,1,Eng 4,0,0,2,2,2017,1,A,1,6.4,bd9ac54818f0c524b5791464d60e9a0bca29b466be2f66af984a8d3f35779f62
FING-223,1363,2014,1,Eng 4,0,0,2,2,2017,1,A,2,5.6,bd9ac54818f0c524b5791464d60e9a0bca29b466be2f66af984a8d3f35779f62
FING-227,1363,2014,1,Eng 4,0,0,2,2,2017,1,A,2,5.7,bd9ac54818f0c524b5791464d60e9a0bca29b466be2f66af984a8d3f35779f62
FING-5381,1363,2016,1,Eff Comm,0,0,2,2,2017,1,A,2,5.7,3b7d0d1b5d024e51b25ab537f5f7ff5ddc18862db2695d7aa4058c85055cee72
FING-2989,1363,2016,1,Eff Comm,0,0,2,2,2017,1,A,2,6.3,3b7d0d1b5d024e51b25ab537f5f7ff5ddc18862db2695d7aa4058c85055cee72
FING-15274,1363,2016,1,Eff Comm,0,0,2,2,2017,1,A,2,5.7,3b7d0d1b5d024e51b25ab537f5f7ff5ddc18862db2695d7aa4058c85055cee72
FING-5376,1363,2016,1,Chemistry,4,2,0,6,2017,1,R,2,2.8,25b7853f2f519c9986fbb47ae11ec2612086cd44201446f2bb97cd0f5ca4501d
FING-6359,1363,2016,1,Chemistry,4,2,0,6,2017,1,A,2,4.0,121f405a5dc34a38249311f5ce7e0353dbb5c5c79d2716cef4d07718ada38cf1
FING-5402,1363,2016,1,Chemistry,4,2,0,6,2017,1,A,1,5.3,d405568f9c355825632cbdc841d5ad96c093dce6229bde2fe085efbbc38814f2
FING-5353,1363,2016,1,Chemistry,4,2,0,6,2017,1,A,2,4.3,d405568f9c355825632cbdc841d5ad96c093dce6229bde2fe085efbbc38814f2
FING-5401,1363,2016,1,Chemistry,4,2,0,6,2017,1,A,2,4.0,abd3db93cd19a77fac3307cef19a07cdc05ab91c9a6fa97231cf58ecfe520439
FING-5387,1363,2016,1,Chemistry,4,2,0,6,2017,1,A,2,4.5,abd3db93cd19a77fac3307cef19a07cdc05ab91c9a6fa97231cf58ecfe520439
FING-5374,1363,2016,1,Chemistry,4,2,0,6,2017,1,R,2,3.1,abd3db93cd19a77fac3307cef19a07cdc05ab91c9a6fa97231cf58ecfe520439
FING-7354,1363,2017,1,Eff Comm,0,0,2,2,2017,2,A,2,6.9,4d36287815056e1be09b13677b66f83cb63a400ebfe07e8757fc9bfe505f1c6b
FING-2951,1363,2015,1,Elect & Mag,4,2,1,7,2017,2,R,2,2.4,dce08a58e1bb79b83c00a94ec1ba99a523a85f881896a03d434839663c78e242
FING-2973,1363,2015,1,Elect & Mag,4,2,1,7,2017,2,R,2,3.9,dce08a58e1bb79b83c00a94ec1ba99a523a85f881896a03d434839663c78e242
FING-5360,1363,2016,1,Fund Econ,4,2,0,6,2017,2,A,2,4.2,bec737689c2c1f3db9da33309ac14e62168d8edf9d37e192f814ceb9c80e1a34
FING-6364,1363,2016,1,Fund Econ,4,2,0,6,2017,2,A,2,4.2,bec737689c2c1f3db9da33309ac14e62168d8edf9d37e192f814ceb9c80e1a34
FING-7352,1363,2017,1,Chemistry,4,2,0,6,2017,2,A,2,4.3,2361504a18188db06e31327ec4115c67c738621a57cb3b1f070d301010d528ff
FING-5387,1363,2016,1,Cal 2,6,2,0,8,2017,2,A,2,4.4,8508436b0f900192b9c554f5c427e8274f4a2527a29c26777931111848b081b4
FING-228,1363,2015,1,Stat Analys,4,2,0,6,2017,2,A,2,4.7,2ecf34b9ea0b53c1c84418cf3e4f9a0d8a2946eb457604384dd9405954fc33ff
FING-2945,1363,2015,1,Stat Analys,4,2,0,6,2017,2,A,2,4.7,4c3af6a6fafc2a4fd8b54a0620614abd40e25d5b9bce3055d3a942e8d1a78208
FING-3928,1363,2015,1,Diff Ec & Num Meth,4,2,0,6,2017,2,R,2,3.9,0273a82eb29bb351d1c24137c450c6dc8cbebb7e6fc0029846691d238e3392af
FING-15282,1363,2017,1,Phy 2,4,2,1,7,2017,2,A,1,4.7,0d6f2359e12216f5ba70f54b9737cb1685f82e4c47189ed5ed915839c8a9c077
FING-8195,1363,2017,1,Phy 2,4,2,1,7,2017,2,A,2,4.7,049062ddbd2d501613f0397c9080ed3c1b88d1154822e87058350c92dfb9c585
FING-5401,1363,2016,1,Phy 2,4,2,1,7,2017,2,R,2,3.7,965a1dfe64b0e75e04c6d521177bdb6326b0c1d4745d4cbdf51cd633891377e5
FING-7306,1363,2017,1,Cal 1,6,2,0,8,2017,2,R,1,3.8,679de43c5ee1f85bb033a4e4ba64ad988864023094396a16c3b1dd2a2a8d2dcb
FING-7760,1363,2018,1,Alg 1,6,2,0,8,2017,1,A,2,6.0,29515579f1f72c90bb687a58351f21ab9cbfbf85da8ce3968de43412bb458b37
FING-7760,1363,2018,1,Intro Eng,0,0,2,2,2017,1,A,2,6.3,27962d6dcef4839bcd9ad5e80c2d65cd7dcc392874e2e94818aeff564c4c9242
FING-7760,1363,2018,1,Alg 2,4,2,0,6,2017,2,A,2,6.2,943dd3c053ca41e02636f5d8ed779187eb11b1b18493b738e3514270e04eefdd
FING-7760,1363,2018,1,Chemistry,4,2,0,6,2017,2,A,2,5.7,bd23e40a5885a0ba59f0b7530e52911ed929968a175428df4e239e8d77f93ac5
FING-7354,1363,2017,1,Phy 2,4,2,1,7,2017,2,R,2,2.3,049062ddbd2d501613f0397c9080ed3c1b88d1154822e87058350c92dfb9c585
FING-2946,1363,2015,1,Op Sys,4,2,2,8,2017,2,A,2,5.5,77ae0e761cf759feff15e0859ce05cabcbe0f0f325c4df11124519d1a7f7f91e
FING-6491,1363,2017,1,Comp Struc,4,2,1,7,2017,2,A,2,4.5,8b7eb5c8931cf41fe21d405c6a69bfafd6307c6f617d2a5af34c471a984c159e
FING-1531,1363,2014,1,Comp Org,4,1,1,6,2017,2,A,1,4.8,93b27509910fd8f6cba12d81e82a313cbb395f4e059fc6b55c7ef7a4be7c997c
FING-7354,1363,2017,1,Cal 2,6,2,0,8,2017,2,R,2,1.8,8508436b0f900192b9c554f5c427e8274f4a2527a29c26777931111848b081b4
FING-7354,1363,2017,1,Chemistry,4,2,0,6,2017,2,A,2,4.7,121f405a5dc34a38249311f5ce7e0353dbb5c5c79d2716cef4d07718ada38cf1
FING-535,1363,2017,2,Cal 1,6,2,0,8,2014,1,A,2,5.7,b8cfc512f99f1372efa88cf44d04e7d07ecec3d7b896c9db4cccbfc2accc3504
FING-535,1363,2017,2,Alg 2,4,2,0,6,2014,2,A,2,4.9,e34a2f3809917bc3a1cb046d5089c174db41724334bc48f579a9109418c3454e
FING-535,1363,2017,2,Cal 2,6,2,0,8,2014,2,A,2,5.2,bf9a4f134286b7a9ed7dbd00bb89843f370a0a7a6e907355ead0b09e8a867c9f
FING-535,1363,2017,2,Phy 1,4,2,1,7,2014,1,A,2,5.5,2b339e7a54e931058f355236a943b26a0f329668d4ec0ef2cb02efb3099d284b
FING-535,1363,2017,2,Diff Ec & Num Meth,4,2,0,6,2016,2,A,2,4.1,181e30176d5151f470b4d4ea3330f98226c82602e7fcc8ee6467abea8d0eeeca
FING-535,1363,2017,2,Stat Analys,4,2,0,6,2016,2,A,2,5.5,b668a1dd0b7fc9613e9eba607a925b31589677ce4ea1ce81f137e07d44635741
FING-535,1363,2017,2,Chemistry,4,2,0,6,2014,2,A,2,5.0,b90ca581ccbf361422a12e2286e34dc921e4d4f240796bdbc98422623e550b5c
FING-535,1363,2017,2,Phy 2,4,2,1,7,2014,2,A,2,4.6,2600e88dbec8730d91cfd0b28f5262d8f134cb3ce654e533854390775226d0a4
FING-535,1363,2017,2,Eng 1,0,0,2,2,2015,1,A,2,7.0,fdb1ccd1ffc24c385582f07efea282827420a31d5274d9b488cab44797d7e8ca
FING-535,1363,2017,2,Elect & Mag,4,2,1,7,2016,1,A,2,4.7,1b425c3bcf034894ba7a659b550b13e24a79839f0a37478d2cb9c5c69dece3fd
FING-535,1363,2017,2,Std Methods,0,0,2,2,2014,1,A,2,6.1,30a0d708c503fc1c442967ef0f821d0e102ae7dbdd2b87d9c22e42167e805353
FING-535,1363,2017,2,Eng 4,0,0,2,2,2017,1,A,2,7.0,bd9ac54818f0c524b5791464d60e9a0bca29b466be2f66af984a8d3f35779f62
FING-535,1363,2017,2,Eng 3,0,0,2,2,2016,2,A,2,7.0,78f0d05863b49f0f1964a8da4fbbc57454f1522e438f3057db9059ef89f5d749
FING-535,1363,2017,2,Alg 1,6,2,0,8,2014,1,A,2,5.1,1c702013c61a4e9c3d55a6cab9307e9dd956c95b7bc9c9eaecbcaad761f589f1
FING-5767,1363,2017,2,Cal 2,6,2,0,8,2016,2,A,2,4.1,b3974f3a0fb740f1b20d683affca74b55178d63549c105c0b8f5177a5f7d17e1
FING-5767,1363,2017,2,IPD Workshop,2,0,2,4,2016,1,A,2,5.7,88a7c15da856303700daf73cd17d544ee747dd4bcfb0c5310e3221757253b173
FING-5767,1363,2017,2,Alg 1,6,2,0,8,2016,1,A,2,5.1,8f76c3c9624622bf49eaf281bc72c03859c96fa850b904deafda3adcacf92130
FING-5767,1363,2017,2,Cal 1,6,2,0,8,2016,1,A,2,4.2,ecd60fd1346f0838445968535fabe5f649e470341bb1345158468e3ec6b98ccc
FING-5767,1363,2017,2,Chemistry,4,2,0,6,2016,2,A,2,4.7,9721a6b593b134a940b7e8e7daac7fbcb0ab2b9681cc12a67a9eefade6b0c2a9
FING-5767,1363,2017,2,Fund Progr,4,0,2,6,2016,2,A,2,4.8,38af4d4daf2f18f9b897fcc9f78d7520adc0ce400599e5fa0bc0cb9f212ddcdd
FING-5767,1363,2017,2,Progr Methd,4,2,2,8,2017,1,A,2,4.8,f9ba9cc4cd9e47f5c65a8fbb26c6b6d5ef269d286aa2171d378d7651ce5e7779
FING-5767,1363,2017,2,Eff Comm,0,0,2,2,2017,1,A,2,5.9,d3fd1b672b9186684aa0c14da19894173d03261fc4307876ca674165159d281e
FING-5767,1363,2017,2,Elect & Mag,4,2,1,7,2017,1,A,2,4.8,19beb6b43c539c48b2b2ee1d38b0ee40dacf4899e54107b0b80dce3ebe323564
FING-1532,1363,2014,1,Elective V,4,0,2,6,2018,2,A,2,5.3,8e3dcc8ea49f648fe1264e4c4267a2c8232c69e7ea3463b9f64ce3f9749a992e
FING-9193,1363,2018,1,Phy 1,4,2,1,7,2018,2,R,2,1.0,0d6f2359e12216f5ba70f54b9737cb1685f82e4c47189ed5ed915839c8a9c077
FING-10176,1363,2018,1,Phy 1,4,2,1,7,2018,2,A,2,4.3,9744ebe904d1dae33b54c1c59f8db4d9dab8e4debd45879372d42e3cbe6cdee8
FING-9208,1363,2018,1,Phy 1,4,2,1,7,2018,2,A,2,4.4,9744ebe904d1dae33b54c1c59f8db4d9dab8e4debd45879372d42e3cbe6cdee8
FING-28124,1363,2018,1,Phy 1,4,2,1,7,2018,2,A,2,4.8,5fd31c115422aec00f5667dbf4044062f508d0ad58659a08ae3051a7a11375e3
FING-9172,1363,2018,1,Phy 1,4,2,1,7,2018,2,A,2,5.0,5fd31c115422aec00f5667dbf4044062f508d0ad58659a08ae3051a7a11375e3
FING-9202,1363,2018,1,Phy 2,4,2,1,7,2018,2,A,1,4.9,965a1dfe64b0e75e04c6d521177bdb6326b0c1d4745d4cbdf51cd633891377e5
FING-9191,1363,2018,1,Phy 2,4,2,1,7,2018,2,R,2,2.6,965a1dfe64b0e75e04c6d521177bdb6326b0c1d4745d4cbdf51cd633891377e5
FING-4371,1363,2018,1,Phy 2,4,2,1,7,2018,2,A,2,5.0,04984475ab2a46d62faf06a2f94711e9b3db1b0e8644d3267da3e4ce8dd2c372
FING-9150,1363,2018,1,Phy 2,4,2,1,7,2018,2,A,1,6.3,04984475ab2a46d62faf06a2f94711e9b3db1b0e8644d3267da3e4ce8dd2c372
FING-28068,1363,2018,1,Phy 2,4,2,1,7,2018,2,A,1,4.7,d3f7969d2544e512d0d4936f92d78837a96e926233c1693991906544bd069ec2
FING-7312,1363,2017,1,Phy 2,4,2,1,7,2018,2,A,2,4.7,d3f7969d2544e512d0d4936f92d78837a96e926233c1693991906544bd069ec2
FING-9160,1363,2018,1,Phy 2,4,2,1,7,2018,2,A,2,4.2,d3f7969d2544e512d0d4936f92d78837a96e926233c1693991906544bd069ec2
FING-28159,1363,2018,1,Phy 2,4,2,1,7,2018,2,A,2,4.9,d3f7969d2544e512d0d4936f92d78837a96e926233c1693991906544bd069ec2
FING-15306,1363,2018,1,Phy 2,4,2,1,7,2018,2,A,2,4.3,d3f7969d2544e512d0d4936f92d78837a96e926233c1693991906544bd069ec2
FING-10014,1363,2018,1,Phy 2,4,2,1,7,2018,2,A,2,4.6,f7a1cedf642f539e178d67fae168a8e3b836ceed10dcefa9904a536b4350a43f
FING-7306,1363,2017,1,Phy 2,4,2,1,7,2018,2,A,1,4.5,d3f7969d2544e512d0d4936f92d78837a96e926233c1693991906544bd069ec2
FING-9171,1363,2018,1,Phy 2,4,2,1,7,2018,2,R,2,3.4,d3f7969d2544e512d0d4936f92d78837a96e926233c1693991906544bd069ec2
FING-1221,1363,2017,1,Elect & Mag,4,2,1,7,2018,2,A,2,4.5,79d395e0a7136a7ec5f51c99dd1beb47b7bfa789076911352e5afe18d479a08a
FING-7349,1363,2017,1,Elect & Mag,4,2,1,7,2018,2,A,2,6.0,79d395e0a7136a7ec5f51c99dd1beb47b7bfa789076911352e5afe18d479a08a
FING-223,1363,2014,1,Op Sys,4,2,2,8,2018,2,R,2,1.8,5ea3b82eb99612f6505e355dbb2b4ec6a630f5217f5b53df0a17295ebd2612b9
FING-1782,1363,2015,1,Communication Systems,4,0,2,6,2018,2,A,2,6.2,1d2f04874f1461d4e98749f75ccfa1929db2fe137433d027a87ca70c2ea63fd0
FING-2933,1363,2015,1,Finances,4,0,2,6,2018,2,A,2,4.9,a6ca0396309e6ba5c7796d53f77e7eef22ffc877352fa1ba10eb876b495ffa1a
FING-7354,1363,2017,1,Finances,4,0,2,6,2018,2,A,2,5.4,a6ca0396309e6ba5c7796d53f77e7eef22ffc877352fa1ba10eb876b495ffa1a
FING-3928,1363,2015,1,Comp Struc,4,2,1,7,2018,2,A,2,4.6,93b27509910fd8f6cba12d81e82a313cbb395f4e059fc6b55c7ef7a4be7c997c
FING-2989,1363,2016,1,DB Design,4,1,1,6,2018,2,A,2,5.3,e7664f59ac17269c7b8850165be580d22f8815f1b1dee14b1468d917d36b1b1e
FING-2919,1363,2015,1,Comp Org,4,1,1,6,2018,2,R,2,3.0,cec81ee66a411914454dc487ece9a19e89f26d9cfa941ac1eb4885f74a77c639
FING-2933,1363,2015,1,Comp Org,4,1,1,6,2018,2,A,2,4.2,cec81ee66a411914454dc487ece9a19e89f26d9cfa941ac1eb4885f74a77c639
FING-2989,1363,2016,1,Comp Org,4,1,1,6,2018,2,A,2,4.8,cec81ee66a411914454dc487ece9a19e89f26d9cfa941ac1eb4885f74a77c639
FING-6281,1363,2016,1,Comp Org,4,1,1,6,2018,2,A,2,4.9,cec81ee66a411914454dc487ece9a19e89f26d9cfa941ac1eb4885f74a77c639
FING-5376,1363,2016,1,Comp Org,4,1,1,6,2018,2,R,2,2.9,cec81ee66a411914454dc487ece9a19e89f26d9cfa941ac1eb4885f74a77c639
FING-6491,1363,2017,1,Comp Org,4,1,1,6,2018,2,A,2,4.8,cec81ee66a411914454dc487ece9a19e89f26d9cfa941ac1eb4885f74a77c639
FING-5349,1363,2016,1,Comp Struc,4,2,1,7,2018,2,R,2,1.3,8b7eb5c8931cf41fe21d405c6a69bfafd6307c6f617d2a5af34c471a984c159e
FING-9172,1363,2018,1,Phy 2,4,2,1,7,2019,2,A,2,5.4,d3f7969d2544e512d0d4936f92d78837a96e926233c1693991906544bd069ec2
FING-11139,1363,2019,1,Phy 2,4,2,1,7,2019,2,R,2,3.4,d3f7969d2544e512d0d4936f92d78837a96e926233c1693991906544bd069ec2
FING-11115,1363,2019,1,Phy 2,4,2,1,7,2019,2,A,2,4.0,d3f7969d2544e512d0d4936f92d78837a96e926233c1693991906544bd069ec2
FING-11178,1363,2019,1,Phy 2,4,2,1,7,2019,2,A,2,4.5,d3f7969d2544e512d0d4936f92d78837a96e926233c1693991906544bd069ec2
FING-11136,1363,2019,1,Phy 2,4,2,1,7,2019,2,A,2,5.2,d3f7969d2544e512d0d4936f92d78837a96e926233c1693991906544bd069ec2
FING-15346,1363,2019,1,Phy 2,4,2,1,7,2019,2,A,2,4.3,d3f7969d2544e512d0d4936f92d78837a96e926233c1693991906544bd069ec2
FING-28229,1363,2019,1,Phy 2,4,2,1,7,2019,2,R,2,2.1,d3f7969d2544e512d0d4936f92d78837a96e926233c1693991906544bd069ec2
FING-11110,1363,2019,1,Phy 2,4,2,1,7,2019,2,A,2,4.2,1cf1c4a71269576976a351a1076ed874662bbfb4dee8fb0a4589ab169efde287
FING-11170,1363,2019,1,Phy 2,4,2,1,7,2019,2,A,2,4.8,1cf1c4a71269576976a351a1076ed874662bbfb4dee8fb0a4589ab169efde287
FING-11165,1363,2019,1,Phy 2,4,2,1,7,2019,2,R,2,3.3,1cf1c4a71269576976a351a1076ed874662bbfb4dee8fb0a4589ab169efde287
FING-11170,1363,2019,1,Fund Progr,4,0,2,6,2019,2,A,2,5.1,207587b24553abc3af0ae0d185af72e1d0303d38b1f39017f8130981d00fa513
FING-11165,1363,2019,1,Fund Progr,4,0,2,6,2019,2,A,2,5.0,207587b24553abc3af0ae0d185af72e1d0303d38b1f39017f8130981d00fa513
FING-9208,1363,2018,1,Fund Progr,4,0,2,6,2019,2,A,2,5.4,207587b24553abc3af0ae0d185af72e1d0303d38b1f39017f8130981d00fa513
FING-11178,1363,2019,1,Fund Progr,4,0,2,6,2019,2,R,2,2.0,b2f2e408712fcc4c0629e46d1d41084bdf94f09a5b5d8e6e22c090c72be3d8c0
FING-4473,1363,2019,1,Fund Progr,4,0,2,6,2019,2,A,2,5.5,d7343236b9fa2ffd2649e69c6cf9786e9a1c4f96f777d3d1298b7794b4ecfdc5
FING-11122,1363,2019,1,Fund Progr,4,0,2,6,2019,2,A,1,4.4,d7343236b9fa2ffd2649e69c6cf9786e9a1c4f96f777d3d1298b7794b4ecfdc5
FING-15261,1363,2019,1,Fund Progr,4,0,2,6,2019,2,A,2,4.2,88de5812adfceeb0bd6a75c02b864703084269b052d45141c9d083f8e6e464cf
FING-11158,1363,2019,1,Fund Progr,4,0,2,6,2019,2,A,2,4.6,88de5812adfceeb0bd6a75c02b864703084269b052d45141c9d083f8e6e464cf
FING-11123,1363,2019,1,Fund Progr,4,0,2,6,2019,2,A,2,4.9,88de5812adfceeb0bd6a75c02b864703084269b052d45141c9d083f8e6e464cf
FING-11164,1363,2019,1,Fund Progr,4,0,2,6,2019,2,A,2,4.8,88de5812adfceeb0bd6a75c02b864703084269b052d45141c9d083f8e6e464cf
FING-11178,1363,2019,1,Chemistry,4,2,0,6,2019,2,A,2,5.3,3487b41d9b9f4540c8d28da2bbf9c1259987b9c25f2bee9bfafe945e7bfd7ae3
FING-4371,1363,2018,1,Chemistry,4,2,0,6,2019,2,A,2,4.1,121f405a5dc34a38249311f5ce7e0353dbb5c5c79d2716cef4d07718ada38cf1
FING-7349,1363,2017,1,Stat Analys,4,2,0,6,2019,2,A,2,4.0,541f6ac20b5fad01e5f9155ac2dd4fcc0055b6fa626465a66e1af10b178e02a2
FING-4371,1363,2018,1,Fund Econ,4,2,0,6,2019,2,A,2,4.4,a4981df8f1af2792fcff427cc3d027d02b66fbb86906b0686e05be3a8d1d7780
FING-7316,1363,2017,1,Fund Econ,4,2,0,6,2019,2,A,2,4.8,a4981df8f1af2792fcff427cc3d027d02b66fbb86906b0686e05be3a8d1d7780
FING-7312,1363,2017,1,Fund Econ,4,2,0,6,2019,2,A,2,4.5,e0f19966a5fb28ea6c374ff717b67fb61e365c189e4603d0155e95a2f42121fb
FING-28124,1363,2018,1,Fund Econ,4,2,0,6,2019,2,A,2,4.9,e0f19966a5fb28ea6c374ff717b67fb61e365c189e4603d0155e95a2f42121fb
FING-9160,1363,2018,1,Fund Econ,4,2,0,6,2019,2,A,2,4.6,e0f19966a5fb28ea6c374ff717b67fb61e365c189e4603d0155e95a2f42121fb
FING-9172,1363,2018,1,Fund Econ,4,2,0,6,2019,2,A,2,4.6,e0f19966a5fb28ea6c374ff717b67fb61e365c189e4603d0155e95a2f42121fb
FING-7306,1363,2017,1,Diff Ec & Num Meth,4,2,0,6,2019,2,A,1,4.7,bf94262a3cdb991e7eabe861f41bd9d8a5db6b3a312f5307ae389d047b610ea3
FING-10014,1363,2018,1,Diff Ec & Num Meth,4,2,0,6,2019,2,A,2,4.4,bf94262a3cdb991e7eabe861f41bd9d8a5db6b3a312f5307ae389d047b610ea3
FING-6354,1363,2016,1,Diff Ec & Num Meth,4,2,0,6,2019,2,A,2,4.7,a210f30ff7c2d98c257908cf296e42438eefb5cf9cc725c1b02d3bd756cfeb00
FING-9611,1363,2019,2,Diff Ec & Num Meth,4,2,0,6,2019,2,A,2,4.0,a210f30ff7c2d98c257908cf296e42438eefb5cf9cc725c1b02d3bd756cfeb00
FING-9171,1363,2018,1,Diff Ec & Num Meth,4,2,0,6,2019,2,R,2,2.3,a210f30ff7c2d98c257908cf296e42438eefb5cf9cc725c1b02d3bd756cfeb00
FING-28068,1363,2018,1,Diff Ec & Num Meth,4,2,0,6,2019,2,R,1,3.0,984fd6e8e8cd71628ae210f6a1f1557e0da0a64e905394cc57386d1524bbc85a
FING-7354,1363,2017,1,Diff Ec & Num Meth,4,2,0,6,2019,2,R,2,2.0,984fd6e8e8cd71628ae210f6a1f1557e0da0a64e905394cc57386d1524bbc85a
FING-7312,1363,2017,1,Elect & Mag,4,2,1,7,2019,2,A,2,4.5,8d708188d48a205fd0ee6094067176dc7d98cbf0882b42659479e4ee14e20270
FING-7306,1363,2017,1,Elect & Mag,4,2,1,7,2019,2,A,1,4.6,fea5b7bcdc45132a0a47425e3bac23e1bb1e1e0539882cc40c3f0301915e529b
FING-9171,1363,2018,1,Elect & Mag,4,2,1,7,2019,2,A,2,4.9,fea5b7bcdc45132a0a47425e3bac23e1bb1e1e0539882cc40c3f0301915e529b
FING-15306,1363,2018,1,Elect & Mag,4,2,1,7,2019,2,A,2,4.7,fea5b7bcdc45132a0a47425e3bac23e1bb1e1e0539882cc40c3f0301915e529b
FING-7341,1363,2017,1,Elect & Mag,4,2,1,7,2019,2,A,1,4.5,fea5b7bcdc45132a0a47425e3bac23e1bb1e1e0539882cc40c3f0301915e529b
FING-10014,1363,2018,1,Elect & Mag,4,2,1,7,2019,2,A,2,4.4,2b339e7a54e931058f355236a943b26a0f329668d4ec0ef2cb02efb3099d284b
FING-9191,1363,2018,1,Elect & Mag,4,2,1,7,2019,2,A,2,4.6,2b339e7a54e931058f355236a943b26a0f329668d4ec0ef2cb02efb3099d284b
FING-28068,1363,2018,1,Elect & Mag,4,2,1,7,2019,2,A,1,4.5,79d395e0a7136a7ec5f51c99dd1beb47b7bfa789076911352e5afe18d479a08a
FING-7307,1363,2017,1,Elect & Mag,4,2,1,7,2019,2,A,1,4.6,cc963961bb473ee9b52fbc9afaa0a142ed8e95ac665f278fe01d860e76f2f632
FING-28159,1363,2018,1,Elect & Mag,4,2,1,7,2019,2,A,2,5.9,0c99d6fb093475c4544993d815b67dd3729d8d58dcdac886dc422de00102b7e3
FING-9208,1363,2018,1,Elect & Mag,4,2,1,7,2019,2,R,2,3.6,0c99d6fb093475c4544993d815b67dd3729d8d58dcdac886dc422de00102b7e3
FING-11079,1363,2019,1,Eng 1,0,0,2,2,2019,2,A,2,7.0,7d33f62a63aee5caeec62193ce582aa4a527c814f41d25376c3ed4727aa2be66
FING-11113,1363,2019,1,Eng 1,0,0,2,2,2019,2,A,2,7.0,7d33f62a63aee5caeec62193ce582aa4a527c814f41d25376c3ed4727aa2be66
FING-15346,1363,2019,1,Eng 1,0,0,2,2,2019,2,A,2,7.0,22fc737534243706ce5a9e595cf70cfae2dbefc2080fd869c1924acfe32cdaca
FING-11182,1363,2019,1,Eng 1,0,0,2,2,2019,2,A,2,7.0,22fc737534243706ce5a9e595cf70cfae2dbefc2080fd869c1924acfe32cdaca
FING-9202,1363,2018,1,Eng 1,0,0,2,2,2019,2,A,1,7.0,7445abcb3d02291ae02a0412ab6cfb157b95d1cdc92b3049f39926cfd55ed69d
FING-11177,1363,2019,1,Eng 1,0,0,2,2,2019,2,A,1,7.0,7445abcb3d02291ae02a0412ab6cfb157b95d1cdc92b3049f39926cfd55ed69d
FING-11135,1363,2019,1,Eng 1,0,0,2,2,2019,2,A,2,7.0,7445abcb3d02291ae02a0412ab6cfb157b95d1cdc92b3049f39926cfd55ed69d
FING-11130,1363,2019,1,Eng 1,0,0,2,2,2019,2,A,2,7.0,1539ec383f45bc6530080b906ea6224bccf6c7878e26fbe1c2b73dcc43f27c16
FING-11116,1363,2019,1,Eng 1,0,0,2,2,2019,2,A,2,7.0,56c5de6db1598dfd7a427ffcdd9e817614d9f8ef78899c67013b6b20fd3229a2
FING-9208,1363,2018,1,Eng 2,0,0,2,2,2019,2,A,2,7.0,331daeb5e2bacaa17d203d73ce2c26227a79b69371f5f02e9b9d3d9d1d577b68
FING-7341,1363,2017,1,Eng 3,0,0,2,2,2019,2,A,1,4.0,331daeb5e2bacaa17d203d73ce2c26227a79b69371f5f02e9b9d3d9d1d577b68
FING-6354,1363,2016,1,Eng 3,0,0,2,2,2019,2,A,2,6.8,331daeb5e2bacaa17d203d73ce2c26227a79b69371f5f02e9b9d3d9d1d577b68
FING-7760,1363,2018,1,Eng 3,0,0,2,2,2019,2,A,2,6.8,331daeb5e2bacaa17d203d73ce2c26227a79b69371f5f02e9b9d3d9d1d577b68
FING-7354,1363,2017,1,Eng 4,0,0,2,2,2019,2,A,2,7.0,676472d9733969341e880539f5cd2aa02fee27568316a06004b006dc9e0c0f45
FING-7349,1363,2017,1,Eng 4,0,0,2,2,2019,2,A,2,6.5,676472d9733969341e880539f5cd2aa02fee27568316a06004b006dc9e0c0f45
FING-28068,1363,2018,1,Progr Methd,4,2,2,8,2019,2,A,1,5.3,f9ba9cc4cd9e47f5c65a8fbb26c6b6d5ef269d286aa2171d378d7651ce5e7779
FING-4371,1363,2018,1,Progr Methd,4,2,2,8,2019,2,A,2,4.7,f9ba9cc4cd9e47f5c65a8fbb26c6b6d5ef269d286aa2171d378d7651ce5e7779
FING-9136,1363,2018,1,Progr Methd,4,2,2,8,2019,2,A,2,5.0,f9ba9cc4cd9e47f5c65a8fbb26c6b6d5ef269d286aa2171d378d7651ce5e7779
FING-10014,1363,2018,1,Progr Methd,4,2,2,8,2019,2,R,2,3.9,f9ba9cc4cd9e47f5c65a8fbb26c6b6d5ef269d286aa2171d378d7651ce5e7779
FING-9191,1363,2018,1,Progr Methd,4,2,2,8,2019,2,A,2,4.6,f9ba9cc4cd9e47f5c65a8fbb26c6b6d5ef269d286aa2171d378d7651ce5e7779
FING-9171,1363,2018,1,Progr Methd,4,2,2,8,2019,2,A,2,4.8,f9ba9cc4cd9e47f5c65a8fbb26c6b6d5ef269d286aa2171d378d7651ce5e7779
FING-15306,1363,2018,1,Progr Methd,4,2,2,8,2019,2,A,2,4.9,f9ba9cc4cd9e47f5c65a8fbb26c6b6d5ef269d286aa2171d378d7651ce5e7779
FING-7341,1363,2017,1,Progr Methd,4,2,2,8,2019,2,R,1,2.9,f9ba9cc4cd9e47f5c65a8fbb26c6b6d5ef269d286aa2171d378d7651ce5e7779
FING-9611,1363,2019,2,Progr Methd,4,2,2,8,2019,2,A,2,4.4,6e791079ac56bf68eb2f03d0de931ccdd204d92fb602928c597323c42d1fe97a
FING-9202,1363,2018,1,Progr Parad,4,0,2,6,2019,2,A,1,4.7,ccd981858c1ea839b512426d8dfcd4f88feaec45b731cc0a2f924fd2e6e153d8
FING-15282,1363,2017,1,Progr Parad,4,0,2,6,2019,2,A,1,4.2,ccd981858c1ea839b512426d8dfcd4f88feaec45b731cc0a2f924fd2e6e153d8
FING-7349,1363,2017,1,Algorithms,4,0,2,6,2019,2,A,2,6.3,e38a4859f2ef4ae267fdcfaae2275e8c1603705f132a90923c5e03c2f30b9999
FING-15282,1363,2017,1,Algorithms,4,0,2,6,2019,2,A,1,4.1,e38a4859f2ef4ae267fdcfaae2275e8c1603705f132a90923c5e03c2f30b9999
FING-5767,1363,2017,2,Formal Language Processing,4,2,2,8,2019,2,A,2,4.9,16b2d5b4c473b956b41412275c081b5cab38d261f201aad7e31443548418f4bc
FING-6281,1363,2016,1,Anthropology and Engineering,4,0,0,4,2019,2,A,2,6.7,28705518ad54de7ff7a728187f822af28090208020a6a3846171a17906851fe5
FING-5376,1363,2016,1,Anthropology and Engineering,4,0,0,4,2019,2,A,2,5.2,28705518ad54de7ff7a728187f822af28090208020a6a3846171a17906851fe5
FING-5767,1363,2017,2,DB Workshop,2,0,4,6,2019,2,A,2,5.4,f072b1c51af296c36b788c59183f904422b84d9e501221ec592a879a02a946ed
FING-6281,1363,2016,1,DB Workshop,2,0,4,6,2019,2,A,2,5.2,f072b1c51af296c36b788c59183f904422b84d9e501221ec592a879a02a946ed
FING-2919,1363,2015,1,Networks,4,2,2,8,2019,2,R,2,3.0,6ac1bc49bbbee7eb8a61ba9ddbb9373b5e8e859ce218a87c731fc76ce0b464f7
FING-6491,1363,2017,1,Networks,4,2,2,8,2019,2,R,2,3.0,6ac1bc49bbbee7eb8a61ba9ddbb9373b5e8e859ce218a87c731fc76ce0b464f7
FING-6491,1363,2017,1,SoftEng Proj Management,4,2,2,8,2019,2,A,2,4.0,ffb59ab5b84a4a983fde75ebe4cc50f1f4a3f6f50263a9c11b8a6ea115c56fa8
FING-6354,1363,2016,1,Syst Eng,4,2,0,6,2019,2,A,2,5.3,3b18591e1c3394aae96d32fb09f8c2c4ceecab4aab861b361fd16ff9b2dd12a7
FING-6281,1363,2016,1,Logic and Computer Science Theory,4,2,0,6,2019,2,A,2,5.5,a758b091c1e446acfaa4e13d0d2839a313dd0371a35228eb5511991cee34fc12
FING-6491,1363,2017,1,Logic and Computer Science Theory,4,2,0,6,2019,2,A,2,4.3,a758b091c1e446acfaa4e13d0d2839a313dd0371a35228eb5511991cee34fc12
FING-11178,1363,2019,1,Eng 1,0,0,2,2,2020,2,A,2,6.8,3687063f9a46b01930cfb7dda6b9f6f605971e2b475cdd798f928bd397270ec6
FING-11139,1363,2019,1,Eng 1,0,0,2,2,2020,2,A,2,7.0,c7a002f402fc2db943a0f882d3bb743c7f3e23e7bea4a51a9467c1a27d8e09c9
FING-11129,1363,2019,1,Eng 1,0,0,2,2,2020,2,A,2,7.0,22fc737534243706ce5a9e595cf70cfae2dbefc2080fd869c1924acfe32cdaca
FING-11151,1363,2019,1,Eng 2,0,0,2,2,2020,2,A,1,5.6,22fc737534243706ce5a9e595cf70cfae2dbefc2080fd869c1924acfe32cdaca
FING-11110,1363,2019,1,Eng 2,0,0,2,2,2020,2,A,2,6.3,da13843c885b13df7d3b6dd5e834d0d1e7e4edb0b2f9e394017c27a653743c44
FING-11154,1363,2019,1,Eng 2,0,0,2,2,2020,2,A,2,5.2,da13843c885b13df7d3b6dd5e834d0d1e7e4edb0b2f9e394017c27a653743c44
FING-11135,1363,2019,1,Eng 2,0,0,2,2,2020,2,A,2,6.4,7445abcb3d02291ae02a0412ab6cfb157b95d1cdc92b3049f39926cfd55ed69d
FING-11158,1363,2019,1,Eng 2,0,0,2,2,2020,2,A,2,5.5,7445abcb3d02291ae02a0412ab6cfb157b95d1cdc92b3049f39926cfd55ed69d
FING-11115,1363,2019,1,Eng 2,0,0,2,2,2020,2,A,2,6.3,f6ebcf1498f2499d6564de00300c040a79cce1e50cf7e1d19ba1a6ef5dc40c57
FING-15343,1363,2019,1,Eng 2,0,0,2,2,2020,2,A,2,6.5,ae115bd88bdf9c51905ad88469da4a5fca6babda2955123f228ca87d64dc1082
FING-11170,1363,2019,1,Eng 2,0,0,2,2,2020,2,A,2,6.0,da13843c885b13df7d3b6dd5e834d0d1e7e4edb0b2f9e394017c27a653743c44
FING-9171,1363,2018,1,Eng 3,0,0,2,2,2020,2,A,2,6.5,f6ebcf1498f2499d6564de00300c040a79cce1e50cf7e1d19ba1a6ef5dc40c57
FING-11182,1363,2019,1,Eng 3,0,0,2,2,2020,2,A,2,6.0,22fc737534243706ce5a9e595cf70cfae2dbefc2080fd869c1924acfe32cdaca
FING-11177,1363,2019,1,Eng 3,0,0,2,2,2020,2,A,1,5.6,3c3271a032093fa3d04e8319d8913bfdc0f4bfaea37c4f05dc6f719348c4b4e1
FING-11116,1363,2019,1,Eng 3,0,0,2,2,2020,2,A,2,7.0,ae115bd88bdf9c51905ad88469da4a5fca6babda2955123f228ca87d64dc1082
FING-9160,1363,2018,1,Eng 3,0,0,2,2,2020,2,A,2,6.5,3c3271a032093fa3d04e8319d8913bfdc0f4bfaea37c4f05dc6f719348c4b4e1
FING-28068,1363,2018,1,Eng 4,0,0,2,2,2020,2,A,1,6.8,f6ebcf1498f2499d6564de00300c040a79cce1e50cf7e1d19ba1a6ef5dc40c57
FING-10014,1363,2018,1,Eng 4,0,0,2,2,2020,2,A,2,6.6,3687063f9a46b01930cfb7dda6b9f6f605971e2b475cdd798f928bd397270ec6
FING-15343,1363,2019,1,Cal 2,6,2,0,8,2020,2,A,2,5.0,94434f361cfd8e20fdddb4ecf46307ee2176795b035583a9581a1fbd50b982d3
FING-5767,1363,2017,2,Elective V,4,0,2,6,2021,2,A,2,5.1,6b99165475edd08b007ab43973c273b201ea96f928772390eba6126fee732c89
FING-11154,1363,2019,1,Cal 2,6,2,0,8,2021,2,A,2,4.1,38b7a3d4cde627f477c2591bbc44019be318dfbaa4ddb7a7125171b7a4e1f597
FING-4305,1363,2012,1,Cal 1,6,2,0,8,2012,1,R,2,2.5,5c1b56c44ae252bb24a2439b8e9c45b1ee1f89cc8f5cfa4376397173245ef6fd
FING-4313,1363,2012,1,Cal 1,6,2,0,8,2012,1,R,2,1.2,a0a823c0ad35aff4b38a4e89902a49d4a8f505f4cf1b18c295e53448331a2277
FING-666,1363,2012,1,Cal 1,6,2,0,8,2012,1,R,2,2.4,6e5f30fbc183c4cc4a7f3fdfb1702eaa2c1e8e7182ae818a5635e214525e950f
FING-1799,1363,2012,1,Cal 1,6,2,0,8,2012,1,A,2,5.0,943dd3c053ca41e02636f5d8ed779187eb11b1b18493b738e3514270e04eefdd
FING-4324,1363,2012,1,Cal 1,6,2,0,8,2012,1,A,2,4.7,ce9bb794b4845a96bcb70f744980d1cfd7e192f7aba107ffad3a558f492efa0d
FING-4323,1363,2012,1,Cal 1,6,2,0,8,2012,1,R,2,2.1,928bb54213a20f09fee5f102e05b9920ccba9d5ed93b59e9c92d3e0c98234988
FING-12860,1363,2012,1,Cal 1,6,2,0,8,2012,1,A,2,4.5,8cf90035b57ccb17369bd4b7959f9905b424aafb6fc1fcdc375a0b19358b9e86
FING-4321,1363,2012,1,Cal 1,6,2,0,8,2012,1,R,2,1.3,8cf90035b57ccb17369bd4b7959f9905b424aafb6fc1fcdc375a0b19358b9e86
FING-4319,1363,2012,1,Cal 1,6,2,0,8,2012,1,R,2,2.8,405cf1a1441e18a8a94585f2ce20c7609dbd67f3bc4d8aa2fabca4763e4ffad1
FING-4312,1363,2012,1,Cal 1,6,2,0,8,2012,1,R,2,3.6,405cf1a1441e18a8a94585f2ce20c7609dbd67f3bc4d8aa2fabca4763e4ffad1
FING-4305,1363,2012,1,Alg 1,6,2,0,8,2012,1,A,2,4.0,29515579f1f72c90bb687a58351f21ab9cbfbf85da8ce3968de43412bb458b37
FING-4313,1363,2012,1,Alg 1,6,2,0,8,2012,1,A,2,4.0,5c1b56c44ae252bb24a2439b8e9c45b1ee1f89cc8f5cfa4376397173245ef6fd
FING-666,1363,2012,1,Alg 1,6,2,0,8,2012,1,A,2,4.0,c8ac1c47eb7282cd0a3dd5e03a17b5950dd951cc5201b32c9b64413a6b6572a4
FING-4324,1363,2012,1,Alg 1,6,2,0,8,2012,1,A,2,5.3,943dd3c053ca41e02636f5d8ed779187eb11b1b18493b738e3514270e04eefdd
FING-4306,1363,2012,1,Alg 1,6,2,0,8,2012,1,A,2,5.1,c20990256923145e12cc95b746304d47ac14b7609d5deed25b1edacffc507e8a
FING-4323,1363,2012,1,Alg 1,6,2,0,8,2012,1,A,2,4.8,94dea789701aabde0e03773dfd1675ad536dd074251708c9542a8c059f9e0f15
FING-12860,1363,2012,1,Alg 1,6,2,0,8,2012,1,A,2,4.1,a0a823c0ad35aff4b38a4e89902a49d4a8f505f4cf1b18c295e53448331a2277
FING-4321,1363,2012,1,Alg 1,6,2,0,8,2012,1,R,2,2.2,a0a823c0ad35aff4b38a4e89902a49d4a8f505f4cf1b18c295e53448331a2277
FING-4319,1363,2012,1,Alg 1,6,2,0,8,2012,1,R,2,2.9,ce9bb794b4845a96bcb70f744980d1cfd7e192f7aba107ffad3a558f492efa0d
FING-4312,1363,2012,1,Alg 1,6,2,0,8,2012,1,A,2,4.0,ce9bb794b4845a96bcb70f744980d1cfd7e192f7aba107ffad3a558f492efa0d
FING-1802,1363,2012,1,Fund Progr,4,0,2,6,2013,2,A,2,4.5,f9ba9cc4cd9e47f5c65a8fbb26c6b6d5ef269d286aa2171d378d7651ce5e7779
FING-1802,1363,2012,1,Stat Analys,4,2,0,6,2013,2,R,2,2.7,e74fdcdbecefa796631349c86aa9219aa5b47fb48a4a25cfb0982d652800be78
FING-12860,1363,2012,1,Stat Analys,4,2,0,6,2013,2,A,2,4.7,0ca4d824bcbe766ebc7990b56af2b2c7d793695f48363551c8b12015c1ff463e
FING-1662,1363,2013,1,Algorithms,4,0,2,6,2013,2,R,2,3.1,e38a4859f2ef4ae267fdcfaae2275e8c1603705f132a90923c5e03c2f30b9999
FING-4324,1363,2012,1,Algorithms,4,0,2,6,2013,2,A,2,4.8,e38a4859f2ef4ae267fdcfaae2275e8c1603705f132a90923c5e03c2f30b9999
FING-4323,1363,2012,1,Algorithms,4,0,2,6,2013,2,A,2,4.2,e38a4859f2ef4ae267fdcfaae2275e8c1603705f132a90923c5e03c2f30b9999
FING-17689,1363,2013,1,Fund Progr,4,0,2,6,2013,2,A,2,4.7,98f3fc95a6dc5cb00fde98e3a276ac6248b74ed17a607e7c632b79684b43dbba
FING-13105,1363,2013,1,Fund Progr,4,0,2,6,2013,2,A,1,4.7,98f3fc95a6dc5cb00fde98e3a276ac6248b74ed17a607e7c632b79684b43dbba
FING-13134,1363,2013,1,Fund Progr,4,0,2,6,2013,2,A,2,4.5,98f3fc95a6dc5cb00fde98e3a276ac6248b74ed17a607e7c632b79684b43dbba
FING-683,1363,2013,1,Fund Progr,4,0,2,6,2013,2,R,2,1.8,98f3fc95a6dc5cb00fde98e3a276ac6248b74ed17a607e7c632b79684b43dbba
FING-3421,1363,2013,1,Fund Progr,4,0,2,6,2013,2,R,2,2.3,98f3fc95a6dc5cb00fde98e3a276ac6248b74ed17a607e7c632b79684b43dbba
FING-12988,1363,2013,1,Fund Progr,4,0,2,6,2013,2,A,1,4.7,262093a216a636b36de09c0b618a2a8aa41f2a926eb8579f7c5b070257c3a9f8
FING-13024,1363,2013,1,Fund Progr,4,0,2,6,2013,2,A,2,5.2,262093a216a636b36de09c0b618a2a8aa41f2a926eb8579f7c5b070257c3a9f8
FING-4307,1363,2013,1,Fund Progr,4,0,2,6,2013,2,R,2,3.9,262093a216a636b36de09c0b618a2a8aa41f2a926eb8579f7c5b070257c3a9f8
FING-4311,1363,2013,1,Fund Progr,4,0,2,6,2013,2,R,2,3.8,a5ee47612daf0cce7c392ed587f782266ea390eae289b87610118b7ab3479b67
FING-5750,1363,2013,1,Fund Progr,4,0,2,6,2013,2,R,2,1.0,a5ee47612daf0cce7c392ed587f782266ea390eae289b87610118b7ab3479b67
FING-4305,1363,2012,1,Chemistry,4,2,0,6,2013,2,A,2,4.1,fb602df840621f7a0cfeed69e3290b13e75c22541d4cc37913ae02229ff82bf1
FING-683,1363,2013,1,Chemistry,4,2,0,6,2013,2,R,2,2.0,17bc645d5fed04d0d35952b7b4d1af97d13cb19b736c795671bafd4c9a88c296
FING-3421,1363,2013,1,Chemistry,4,2,0,6,2013,2,R,2,2.5,17bc645d5fed04d0d35952b7b4d1af97d13cb19b736c795671bafd4c9a88c296
FING-4311,1363,2013,1,Chemistry,4,2,0,6,2013,2,R,2,1.0,fb602df840621f7a0cfeed69e3290b13e75c22541d4cc37913ae02229ff82bf1
FING-4309,1363,2013,1,Chemistry,4,2,0,6,2013,2,R,2,2.9,fb602df840621f7a0cfeed69e3290b13e75c22541d4cc37913ae02229ff82bf1
FING-13134,1363,2013,1,Chemistry,4,2,0,6,2013,2,A,2,4.0,fb602df840621f7a0cfeed69e3290b13e75c22541d4cc37913ae02229ff82bf1
FING-17689,1363,2013,1,Chemistry,4,2,0,6,2013,2,R,2,3.6,8d43441bd39fcaeec9ecf1a16f9cadcf1caf9a4fb91034ab90e0ecf8c202acbd
FING-23970,1363,2013,1,Fund Progr,4,0,2,6,2013,2,A,2,4.7,66083bde2978281a180d6f7e44cb28f113708232df5f4ff3d9e36781c88722fe
FING-4309,1363,2013,1,Fund Progr,4,0,2,6,2013,2,A,2,4.9,66083bde2978281a180d6f7e44cb28f113708232df5f4ff3d9e36781c88722fe
FING-199,1363,2014,1,Fund Progr,4,0,2,6,2014,2,A,2,5.8,5ea3b82eb99612f6505e355dbb2b4ec6a630f5217f5b53df0a17295ebd2612b9
FING-219,1363,2014,1,Fund Progr,4,0,2,6,2014,2,A,2,5.1,5ea3b82eb99612f6505e355dbb2b4ec6a630f5217f5b53df0a17295ebd2612b9
FING-184,1363,2014,1,Fund Progr,4,0,2,6,2014,2,R,1,2.6,5ea3b82eb99612f6505e355dbb2b4ec6a630f5217f5b53df0a17295ebd2612b9
FING-23970,1363,2013,1,Algorithms,4,0,2,6,2014,2,R,2,3.5,642a22eb984b5632934968b0535f493930d7b68aad8b0105ce42f03ad83022a4
FING-4305,1363,2012,1,Algorithms,4,0,2,6,2014,2,R,2,2.0,642a22eb984b5632934968b0535f493930d7b68aad8b0105ce42f03ad83022a4
FING-4313,1363,2012,1,Algorithms,4,0,2,6,2014,2,A,2,4.4,642a22eb984b5632934968b0535f493930d7b68aad8b0105ce42f03ad83022a4
FING-4306,1363,2012,1,Algorithms,4,0,2,6,2014,2,R,2,3.1,642a22eb984b5632934968b0535f493930d7b68aad8b0105ce42f03ad83022a4
FING-1532,1363,2014,1,Algorithms,4,0,2,6,2014,2,A,2,4.7,642a22eb984b5632934968b0535f493930d7b68aad8b0105ce42f03ad83022a4
FING-4305,1363,2012,1,Comp Struc,4,2,1,7,2014,2,R,2,1.5,3dba836932965ec29b9b8b8ce1520e40c996e638dd28a0e6ecfda852e911fadf
FING-1532,1363,2014,1,Comp Struc,4,2,1,7,2014,2,A,2,5.1,3dba836932965ec29b9b8b8ce1520e40c996e638dd28a0e6ecfda852e911fadf
FING-12860,1363,2012,1,DB Design,4,1,1,6,2014,2,A,2,4.4,226f06cacd6928e34611addfcdd279fb57bdd4159294aee74ce61d94ca67d0c3
FING-205,1363,2014,1,Fund Econ,4,2,0,6,2015,1,A,2,4.9,e0f19966a5fb28ea6c374ff717b67fb61e365c189e4603d0155e95a2f42121fb
FING-186,1363,2014,1,Fund Econ,4,2,0,6,2015,1,R,2,2.1,f455697606e54a05709e4c124ef70ca8904632a4bf366c6ce2c5a68419aeafca
FING-217,1363,2014,1,Fund Econ,4,2,0,6,2015,1,A,2,4.2,e0f19966a5fb28ea6c374ff717b67fb61e365c189e4603d0155e95a2f42121fb
FING-1531,1363,2014,1,Fund Econ,4,2,0,6,2015,1,A,1,4.0,a4981df8f1af2792fcff427cc3d027d02b66fbb86906b0686e05be3a8d1d7780
FING-13105,1363,2013,1,Fund Econ,4,2,0,6,2015,1,A,1,4.3,a4981df8f1af2792fcff427cc3d027d02b66fbb86906b0686e05be3a8d1d7780
FING-1782,1363,2015,1,Fund Econ,4,2,0,6,2015,1,A,2,4.0,a4981df8f1af2792fcff427cc3d027d02b66fbb86906b0686e05be3a8d1d7780
FING-2920,1363,2015,1,Intro Eng,0,0,2,2,2015,1,A,2,5.5,eba7c9e5c081f1a45fc55092f7e4f93df24e010ec9313dffb94886301e310e0f
FING-2919,1363,2015,1,Intro Eng,0,0,2,2,2015,1,A,2,5.3,eba7c9e5c081f1a45fc55092f7e4f93df24e010ec9313dffb94886301e310e0f
FING-2951,1363,2015,1,Intro Eng,0,0,2,2,2015,1,A,2,6.2,eba7c9e5c081f1a45fc55092f7e4f93df24e010ec9313dffb94886301e310e0f
FING-4190,1363,2015,1,Intro Eng,0,0,2,2,2015,1,A,2,6.0,eba7c9e5c081f1a45fc55092f7e4f93df24e010ec9313dffb94886301e310e0f
FING-4115,1363,2015,1,Intro Eng,0,0,2,2,2015,1,A,2,6.3,eba7c9e5c081f1a45fc55092f7e4f93df24e010ec9313dffb94886301e310e0f
FING-2971,1363,2015,1,Intro Eng,0,0,2,2,2015,1,R,2,3.6,eba7c9e5c081f1a45fc55092f7e4f93df24e010ec9313dffb94886301e310e0f
FING-2935,1363,2015,1,Intro Eng,0,0,2,2,2015,1,A,1,6.1,eba7c9e5c081f1a45fc55092f7e4f93df24e010ec9313dffb94886301e310e0f
FING-2960,1363,2015,1,Intro Eng,0,0,2,2,2015,1,A,2,6.3,eba7c9e5c081f1a45fc55092f7e4f93df24e010ec9313dffb94886301e310e0f
FING-2915,1363,2015,1,Intro Eng,0,0,2,2,2015,1,A,2,5.1,eba7c9e5c081f1a45fc55092f7e4f93df24e010ec9313dffb94886301e310e0f
FING-2931,1363,2015,1,Intro Eng,0,0,2,2,2015,1,A,2,6.0,eba7c9e5c081f1a45fc55092f7e4f93df24e010ec9313dffb94886301e310e0f
FING-4201,1363,2015,1,Intro Eng,0,0,2,2,2015,1,A,2,6.2,eba7c9e5c081f1a45fc55092f7e4f93df24e010ec9313dffb94886301e310e0f
FING-2908,1363,2015,1,Intro Eng,0,0,2,2,2015,1,A,1,6.3,eba7c9e5c081f1a45fc55092f7e4f93df24e010ec9313dffb94886301e310e0f
FING-2945,1363,2015,1,Intro Eng,0,0,2,2,2015,1,A,2,6.6,4cb60f5157e3ddf7694f7a7267851e2b80876ccfa73911dc86be9e53d0fa19e2
FING-228,1363,2015,1,Intro Eng,0,0,2,2,2015,1,A,2,5.0,4cb60f5157e3ddf7694f7a7267851e2b80876ccfa73911dc86be9e53d0fa19e2
FING-2918,1363,2015,1,Intro Eng,0,0,2,2,2015,1,A,2,6.4,4cb60f5157e3ddf7694f7a7267851e2b80876ccfa73911dc86be9e53d0fa19e2
FING-2973,1363,2015,1,Intro Eng,0,0,2,2,2015,1,A,2,6.6,4cb60f5157e3ddf7694f7a7267851e2b80876ccfa73911dc86be9e53d0fa19e2
FING-2946,1363,2015,1,Intro Eng,0,0,2,2,2015,1,A,2,6.6,4cb60f5157e3ddf7694f7a7267851e2b80876ccfa73911dc86be9e53d0fa19e2
FING-2954,1363,2015,1,Intro Eng,0,0,2,2,2015,1,A,2,6.7,4cb60f5157e3ddf7694f7a7267851e2b80876ccfa73911dc86be9e53d0fa19e2
FING-2955,1363,2015,1,Intro Eng,0,0,2,2,2015,1,A,2,6.7,4cb60f5157e3ddf7694f7a7267851e2b80876ccfa73911dc86be9e53d0fa19e2
FING-2933,1363,2015,1,Intro Eng,0,0,2,2,2015,1,A,2,6.5,4cb60f5157e3ddf7694f7a7267851e2b80876ccfa73911dc86be9e53d0fa19e2
FING-2910,1363,2015,1,Intro Eng,0,0,2,2,2015,1,A,1,5.6,4cb60f5157e3ddf7694f7a7267851e2b80876ccfa73911dc86be9e53d0fa19e2
FING-4195,1363,2015,1,Intro Eng,0,0,2,2,2015,1,A,2,6.5,4cb60f5157e3ddf7694f7a7267851e2b80876ccfa73911dc86be9e53d0fa19e2
FING-2905,1363,2015,1,Intro Eng,0,0,2,2,2015,1,A,1,6.4,4cb60f5157e3ddf7694f7a7267851e2b80876ccfa73911dc86be9e53d0fa19e2
FING-2909,1363,2015,1,Intro Eng,0,0,2,2,2015,1,A,2,5.6,4cb60f5157e3ddf7694f7a7267851e2b80876ccfa73911dc86be9e53d0fa19e2
FING-3928,1363,2015,1,Intro Eng,0,0,2,2,2015,1,A,2,6.4,4cb60f5157e3ddf7694f7a7267851e2b80876ccfa73911dc86be9e53d0fa19e2
FING-1782,1363,2015,1,Eng 1,0,0,2,2,2015,1,A,2,7.0,17b06f7b69e3bedb842e83e938e37b69431e1cc956e65f9aeefb39333e4f0870
FING-217,1363,2014,1,Eng 1,0,0,2,2,2015,1,A,2,7.0,39bca73615ba5094b6932326ff316036b6baf2f1ba8ae7349db42c3bfdce08a7
FING-186,1363,2014,1,Eng 1,0,0,2,2,2015,1,A,2,7.0,e8026d3d5eac3f00bfdf43d7bdd0d414d0874475c78c8e86191a987845651484
FING-173,1363,2014,1,Eng 1,0,0,2,2,2015,1,A,2,6.7,e8026d3d5eac3f00bfdf43d7bdd0d414d0874475c78c8e86191a987845651484
FING-199,1363,2014,1,Eng 1,0,0,2,2,2015,1,A,2,6.3,328524d2ffbcc4ec63d1b5a3bfa425c0f37661344eaa844294ba743535d8c18e
FING-1534,1363,2014,1,Eng 1,0,0,2,2,2015,1,A,2,5.0,6283feeb3658ebd5b8c01cf13ddcbd5e4bd6cbb6345df87cde9d52ad2f80f9a2
FING-153,1363,2014,1,Eng 1,0,0,2,2,2015,1,A,2,5.8,6283feeb3658ebd5b8c01cf13ddcbd5e4bd6cbb6345df87cde9d52ad2f80f9a2
FING-179,1363,2014,1,Eng 1,0,0,2,2,2015,1,A,2,5.7,6283feeb3658ebd5b8c01cf13ddcbd5e4bd6cbb6345df87cde9d52ad2f80f9a2
FING-157,1363,2014,1,Eng 1,0,0,2,2,2015,1,A,2,5.4,6283feeb3658ebd5b8c01cf13ddcbd5e4bd6cbb6345df87cde9d52ad2f80f9a2
FING-214,1363,2014,1,Eng 1,0,0,2,2,2015,1,A,2,6.6,7b357dcad6947e9a0c2ef7a7b32609e57135d8468aedce13e4e9edb680cbb9d2
FING-227,1363,2014,1,Eng 1,0,0,2,2,2015,1,A,2,6.8,aa960f76572f68ff42b8e0257369bd524516381fb85569774c2e2c62f5d4e33d
FING-205,1363,2014,1,Eng 1,0,0,2,2,2015,1,A,2,5.8,aa960f76572f68ff42b8e0257369bd524516381fb85569774c2e2c62f5d4e33d
FING-192,1363,2014,1,Eng 1,0,0,2,2,2015,1,A,2,7.0,d7e1118e4206da09a1b00507c94b6b4d91ec991600cf16a8af56e8e3ef8a0b0b
FING-165,1363,2014,1,Eng 1,0,0,2,2,2015,1,A,2,7.0,d7e1118e4206da09a1b00507c94b6b4d91ec991600cf16a8af56e8e3ef8a0b0b
FING-180,1363,2014,1,Eng 1,0,0,2,2,2015,1,A,2,7.0,d7e1118e4206da09a1b00507c94b6b4d91ec991600cf16a8af56e8e3ef8a0b0b
FING-184,1363,2014,1,Eng 1,0,0,2,2,2015,1,A,1,7.0,d7e1118e4206da09a1b00507c94b6b4d91ec991600cf16a8af56e8e3ef8a0b0b
FING-155,1363,2014,1,Eng 1,0,0,2,2,2015,1,A,2,6.1,aa960f76572f68ff42b8e0257369bd524516381fb85569774c2e2c62f5d4e33d
FING-212,1363,2014,1,Eng 1,0,0,2,2,2015,1,A,2,6.0,1d876546af2d9960f4653465fd90e368995581194b9ace968ac2c3bf24551eb9
FING-1531,1363,2014,1,Eng 1,0,0,2,2,2015,1,A,1,6.9,1d876546af2d9960f4653465fd90e368995581194b9ace968ac2c3bf24551eb9
FING-223,1363,2014,1,Eng 1,0,0,2,2,2015,1,A,2,6.0,1d876546af2d9960f4653465fd90e368995581194b9ace968ac2c3bf24551eb9
FING-17689,1363,2013,1,Eng 2,0,0,2,2,2015,1,A,2,4.3,b0ec3cd5bbb3a60c964c1cf862b24432a65417925c31daa1d2efd37f6de6ee63
FING-1472,1363,2014,1,Eng 2,0,0,2,2,2015,1,A,2,5.8,b0ec3cd5bbb3a60c964c1cf862b24432a65417925c31daa1d2efd37f6de6ee63
FING-1532,1363,2014,1,Eng 2,0,0,2,2,2015,1,A,2,6.0,b0ec3cd5bbb3a60c964c1cf862b24432a65417925c31daa1d2efd37f6de6ee63
FING-1528,1363,2014,1,Eng 2,0,0,2,2,2015,1,A,2,6.1,53fc9a822f29e7420b4dc35570544feb66888fabbe0cac14695b5398fe02cc43
FING-12988,1363,2013,1,Eng 2,0,0,2,2,2015,1,A,1,5.7,b60e9a7fd97a90757e0ac284f4f9cc7b33edfc9731ba40e82d7ffb42242474c0
FING-13105,1363,2013,1,Eng 3,0,0,2,2,2015,1,A,1,7.0,d7e1118e4206da09a1b00507c94b6b4d91ec991600cf16a8af56e8e3ef8a0b0b
FING-13024,1363,2013,1,Eng 3,0,0,2,2,2015,1,A,2,4.9,d7e1118e4206da09a1b00507c94b6b4d91ec991600cf16a8af56e8e3ef8a0b0b
FING-13134,1363,2013,1,Eng 3,0,0,2,2,2015,1,A,2,7.0,d7e1118e4206da09a1b00507c94b6b4d91ec991600cf16a8af56e8e3ef8a0b0b
FING-1531,1363,2014,1,Cal 2,6,2,0,8,2016,1,A,1,4.5,8a5a1b2546b474bcad309c4ebcac6bed0bc1693473ad875d87a2bf81f9d006a7
FING-2905,1363,2015,1,Cal 2,6,2,0,8,2016,1,A,1,4.0,8a5a1b2546b474bcad309c4ebcac6bed0bc1693473ad875d87a2bf81f9d006a7
FING-3928,1363,2015,1,Cal 2,6,2,0,8,2016,1,A,2,4.0,8a5a1b2546b474bcad309c4ebcac6bed0bc1693473ad875d87a2bf81f9d006a7
FING-2898,1363,2015,1,Cal 2,6,2,0,8,2016,1,A,2,4.0,67278b2da1e4c769924d04c1c22e71192829b46743d5d31da29c67e91e78ccdb
FING-2951,1363,2015,1,Cal 2,6,2,0,8,2016,1,R,2,2.8,67278b2da1e4c769924d04c1c22e71192829b46743d5d31da29c67e91e78ccdb
FING-2971,1363,2015,1,Cal 2,6,2,0,8,2016,1,R,2,1.3,67278b2da1e4c769924d04c1c22e71192829b46743d5d31da29c67e91e78ccdb
FING-4195,1363,2015,1,Cal 2,6,2,0,8,2016,1,R,2,1.9,67278b2da1e4c769924d04c1c22e71192829b46743d5d31da29c67e91e78ccdb
FING-2915,1363,2015,1,Cal 2,6,2,0,8,2016,1,A,2,4.0,67278b2da1e4c769924d04c1c22e71192829b46743d5d31da29c67e91e78ccdb
FING-228,1363,2015,1,Cal 2,6,2,0,8,2016,1,R,2,1.7,b3974f3a0fb740f1b20d683affca74b55178d63549c105c0b8f5177a5f7d17e1
FING-2973,1363,2015,1,Cal 2,6,2,0,8,2016,1,R,2,2.2,b3974f3a0fb740f1b20d683affca74b55178d63549c105c0b8f5177a5f7d17e1
FING-1528,1363,2014,1,Diff Ec & Num Meth,4,2,0,6,2016,1,A,2,4.4,181e30176d5151f470b4d4ea3330f98226c82602e7fcc8ee6467abea8d0eeeca
FING-157,1363,2014,1,Diff Ec & Num Meth,4,2,0,6,2016,1,R,2,1.2,181e30176d5151f470b4d4ea3330f98226c82602e7fcc8ee6467abea8d0eeeca
FING-180,1363,2014,1,Diff Ec & Num Meth,4,2,0,6,2016,1,A,2,4.4,181e30176d5151f470b4d4ea3330f98226c82602e7fcc8ee6467abea8d0eeeca
FING-228,1363,2015,1,Phy 1,4,2,1,7,2016,1,A,2,4.7,b5d555da3524d1970f70b0deaf38d485566cf7c2b611775961f56b7059cd3019
FING-2910,1363,2015,1,Phy 1,4,2,1,7,2016,1,A,1,5.5,b5d555da3524d1970f70b0deaf38d485566cf7c2b611775961f56b7059cd3019
FING-5369,1363,2016,1,Phy 1,4,2,1,7,2016,1,A,2,4.8,b5d555da3524d1970f70b0deaf38d485566cf7c2b611775961f56b7059cd3019
FING-5349,1363,2016,1,Phy 1,4,2,1,7,2016,1,A,2,5.4,e22ef9b038ff225d1952c610a984b5996fdafb5e41bdb7fb2ce22bb66939283b
FING-6281,1363,2016,1,Phy 1,4,2,1,7,2016,1,A,2,5.2,e22ef9b038ff225d1952c610a984b5996fdafb5e41bdb7fb2ce22bb66939283b
FING-6350,1363,2016,1,Phy 1,4,2,1,7,2016,1,A,2,5.1,970dcc5e8b9f2d13860d33b97976fb5cb8841e0c7767da8c3c0680751961b811
FING-6359,1363,2016,1,Phy 1,4,2,1,7,2016,1,A,2,5.4,970dcc5e8b9f2d13860d33b97976fb5cb8841e0c7767da8c3c0680751961b811
FING-6364,1363,2016,1,Phy 1,4,2,1,7,2016,1,A,2,5.2,970dcc5e8b9f2d13860d33b97976fb5cb8841e0c7767da8c3c0680751961b811
FING-2945,1363,2015,1,Elect & Mag,4,2,1,7,2016,1,R,2,2.1,1b425c3bcf034894ba7a659b550b13e24a79839f0a37478d2cb9c5c69dece3fd
FING-1472,1363,2014,1,Elect & Mag,4,2,1,7,2016,1,R,2,1.4,1b425c3bcf034894ba7a659b550b13e24a79839f0a37478d2cb9c5c69dece3fd
FING-180,1363,2014,1,Elect & Mag,4,2,1,7,2016,1,A,2,4.5,1b425c3bcf034894ba7a659b550b13e24a79839f0a37478d2cb9c5c69dece3fd
FING-2945,1363,2015,1,Fund Econ,4,2,0,6,2016,1,R,2,3.6,c1c922293c3cebf99bf1671124556721ebd8cd2389e0ea643ccf05cb5c86de0b
FING-186,1363,2014,1,Fund Econ,4,2,0,6,2016,1,A,2,4.2,c1c922293c3cebf99bf1671124556721ebd8cd2389e0ea643ccf05cb5c86de0b
FING-157,1363,2014,1,Fund Econ,4,2,0,6,2016,1,R,2,1.4,c1c922293c3cebf99bf1671124556721ebd8cd2389e0ea643ccf05cb5c86de0b
FING-2946,1363,2015,1,Fund Econ,4,2,0,6,2016,1,A,2,4.0,c1c922293c3cebf99bf1671124556721ebd8cd2389e0ea643ccf05cb5c86de0b
FING-1472,1363,2014,1,Fund Econ,4,2,0,6,2016,1,R,2,2.2,170c1099a518cbadde2735015f4d442829bd04fca4e07fdeaa5349b38c603a39
FING-2918,1363,2015,1,Fund Econ,4,2,0,6,2016,1,A,2,4.1,170c1099a518cbadde2735015f4d442829bd04fca4e07fdeaa5349b38c603a39
FING-3928,1363,2015,1,Fund Econ,4,2,0,6,2016,1,A,2,4.0,170c1099a518cbadde2735015f4d442829bd04fca4e07fdeaa5349b38c603a39
FING-5382,1363,2016,1,Intro Eng,0,0,2,2,2016,1,A,2,5.9,e91c1278c36b3a4ae968907e6f048eb3a48bd2aa9c436794f577abe0008869a1
FING-6164,1363,2016,1,Intro Eng,0,0,2,2,2016,1,A,2,6.0,e91c1278c36b3a4ae968907e6f048eb3a48bd2aa9c436794f577abe0008869a1
FING-6354,1363,2016,1,Intro Eng,0,0,2,2,2016,1,A,2,5.8,e91c1278c36b3a4ae968907e6f048eb3a48bd2aa9c436794f577abe0008869a1
FING-5381,1363,2016,1,Intro Eng,0,0,2,2,2016,1,A,2,5.9,e91c1278c36b3a4ae968907e6f048eb3a48bd2aa9c436794f577abe0008869a1
FING-2989,1363,2016,1,Intro Eng,0,0,2,2,2016,1,A,2,5.8,e91c1278c36b3a4ae968907e6f048eb3a48bd2aa9c436794f577abe0008869a1
FING-5387,1363,2016,1,Intro Eng,0,0,2,2,2016,1,A,2,5.8,e91c1278c36b3a4ae968907e6f048eb3a48bd2aa9c436794f577abe0008869a1
FING-5374,1363,2016,1,Intro Eng,0,0,2,2,2016,1,A,2,5.8,e91c1278c36b3a4ae968907e6f048eb3a48bd2aa9c436794f577abe0008869a1
FING-5369,1363,2016,1,Intro Eng,0,0,2,2,2016,1,A,2,4.2,8b7eb5c8931cf41fe21d405c6a69bfafd6307c6f617d2a5af34c471a984c159e
FING-6355,1363,2016,1,Intro Eng,0,0,2,2,2016,1,A,2,4.8,8b7eb5c8931cf41fe21d405c6a69bfafd6307c6f617d2a5af34c471a984c159e
FING-5402,1363,2016,1,Intro Eng,0,0,2,2,2016,1,A,1,5.6,8b7eb5c8931cf41fe21d405c6a69bfafd6307c6f617d2a5af34c471a984c159e
FING-2931,1363,2016,1,Intro Eng,0,0,2,2,2016,1,A,2,6.1,8b7eb5c8931cf41fe21d405c6a69bfafd6307c6f617d2a5af34c471a984c159e
FING-5353,1363,2016,1,Intro Eng,0,0,2,2,2016,1,A,2,4.6,8b7eb5c8931cf41fe21d405c6a69bfafd6307c6f617d2a5af34c471a984c159e
FING-5401,1363,2016,1,Intro Eng,0,0,2,2,2016,1,A,2,5.5,8b7eb5c8931cf41fe21d405c6a69bfafd6307c6f617d2a5af34c471a984c159e
FING-15274,1363,2016,1,Intro Eng,0,0,2,2,2016,1,A,2,4.4,8b7eb5c8931cf41fe21d405c6a69bfafd6307c6f617d2a5af34c471a984c159e
FING-2954,1363,2015,1,Eng 1,0,0,2,2,2016,1,A,2,5.7,6283feeb3658ebd5b8c01cf13ddcbd5e4bd6cbb6345df87cde9d52ad2f80f9a2
FING-2945,1363,2015,1,Eng 1,0,0,2,2,2016,1,A,2,7.0,d243075554e9e28bcc9460e19789a9578b49db27694e674c6c0f82cb7f85a5e5
FING-2920,1363,2015,1,Eng 1,0,0,2,2,2016,1,A,2,6.1,d243075554e9e28bcc9460e19789a9578b49db27694e674c6c0f82cb7f85a5e5
FING-2919,1363,2015,1,Eng 1,0,0,2,2,2016,1,A,2,7.0,d243075554e9e28bcc9460e19789a9578b49db27694e674c6c0f82cb7f85a5e5
FING-2951,1363,2015,1,Eng 1,0,0,2,2,2016,1,A,2,5.0,d243075554e9e28bcc9460e19789a9578b49db27694e674c6c0f82cb7f85a5e5
FING-4190,1363,2015,1,Eng 1,0,0,2,2,2016,1,A,2,7.0,d243075554e9e28bcc9460e19789a9578b49db27694e674c6c0f82cb7f85a5e5
FING-228,1363,2015,1,Eng 1,0,0,2,2,2016,1,A,2,5.0,d243075554e9e28bcc9460e19789a9578b49db27694e674c6c0f82cb7f85a5e5
FING-2918,1363,2015,1,Eng 1,0,0,2,2,2016,1,A,2,7.0,d243075554e9e28bcc9460e19789a9578b49db27694e674c6c0f82cb7f85a5e5
FING-4115,1363,2015,1,Eng 1,0,0,2,2,2016,1,A,2,6.6,d243075554e9e28bcc9460e19789a9578b49db27694e674c6c0f82cb7f85a5e5
FING-2971,1363,2015,1,Eng 1,0,0,2,2,2016,1,A,2,7.0,d243075554e9e28bcc9460e19789a9578b49db27694e674c6c0f82cb7f85a5e5
FING-2910,1363,2015,1,Eng 1,0,0,2,2,2016,1,A,1,6.0,d243075554e9e28bcc9460e19789a9578b49db27694e674c6c0f82cb7f85a5e5
FING-4195,1363,2015,1,Eng 1,0,0,2,2,2016,1,A,2,7.0,d243075554e9e28bcc9460e19789a9578b49db27694e674c6c0f82cb7f85a5e5
FING-2935,1363,2015,1,Eng 1,0,0,2,2,2016,1,A,1,7.0,d243075554e9e28bcc9460e19789a9578b49db27694e674c6c0f82cb7f85a5e5
FING-2960,1363,2015,1,Eng 1,0,0,2,2,2016,1,A,2,6.8,d243075554e9e28bcc9460e19789a9578b49db27694e674c6c0f82cb7f85a5e5
FING-2915,1363,2015,1,Eng 1,0,0,2,2,2016,1,A,2,7.0,d243075554e9e28bcc9460e19789a9578b49db27694e674c6c0f82cb7f85a5e5
FING-2905,1363,2015,1,Eng 1,0,0,2,2,2016,1,A,1,7.0,d243075554e9e28bcc9460e19789a9578b49db27694e674c6c0f82cb7f85a5e5
FING-2908,1363,2015,1,Eng 1,0,0,2,2,2016,1,A,1,5.5,d243075554e9e28bcc9460e19789a9578b49db27694e674c6c0f82cb7f85a5e5
FING-191,1363,2014,1,Eng 2,0,0,2,2,2016,1,A,2,5.8,78f0d05863b49f0f1964a8da4fbbc57454f1522e438f3057db9059ef89f5d749
FING-1534,1363,2014,1,Stat Analys,4,2,0,6,2016,2,A,2,4.6,b668a1dd0b7fc9613e9eba607a925b31589677ce4ea1ce81f137e07d44635741
FING-1221,1363,2017,1,Cal 1,6,2,0,8,2017,1,A,2,5.8,a071e7dcac0f0f5c4d5c899659b20935cd8d0b2f9a4ea34ff0db2f66521bbc63
FING-7307,1363,2017,1,Cal 1,6,2,0,8,2017,1,R,1,3.1,a071e7dcac0f0f5c4d5c899659b20935cd8d0b2f9a4ea34ff0db2f66521bbc63
FING-15282,1363,2017,1,Cal 1,6,2,0,8,2017,1,R,1,3.3,a071e7dcac0f0f5c4d5c899659b20935cd8d0b2f9a4ea34ff0db2f66521bbc63
FING-7306,1363,2017,1,Cal 1,6,2,0,8,2017,1,R,1,2.0,a071e7dcac0f0f5c4d5c899659b20935cd8d0b2f9a4ea34ff0db2f66521bbc63
FING-8308,1363,2017,1,Cal 1,6,2,0,8,2017,1,A,2,4.3,6517cc799bc85a6e2a02781df18ef2a785448b1396ceb533e40e5b1159cb0197
FING-7316,1363,2017,1,Cal 1,6,2,0,8,2017,1,R,2,2.2,6517cc799bc85a6e2a02781df18ef2a785448b1396ceb533e40e5b1159cb0197
FING-7312,1363,2017,1,Cal 1,6,2,0,8,2017,1,R,2,3.4,6517cc799bc85a6e2a02781df18ef2a785448b1396ceb533e40e5b1159cb0197
FING-8361,1363,2017,1,Cal 1,6,2,0,8,2017,1,R,2,2.4,6517cc799bc85a6e2a02781df18ef2a785448b1396ceb533e40e5b1159cb0197
FING-7354,1363,2017,1,Cal 1,6,2,0,8,2017,1,A,2,4.0,acd91d8669b613d14e5ab9aca106b2efc39478f4ace3275b267e975e49b781b6
FING-7341,1363,2017,1,Cal 1,6,2,0,8,2017,1,A,1,4.0,acd91d8669b613d14e5ab9aca106b2efc39478f4ace3275b267e975e49b781b6
FING-8195,1363,2017,1,Cal 1,6,2,0,8,2017,1,A,2,5.2,d5f0c5974075d6921ee86c4785d64f875008fae4a5f9ab50325310c0de3a911b
FING-8359,1363,2017,1,Cal 1,6,2,0,8,2017,1,R,2,2.3,d5f0c5974075d6921ee86c4785d64f875008fae4a5f9ab50325310c0de3a911b
FING-8308,1363,2017,1,Alg 1,6,2,0,8,2017,1,A,2,5.5,33e204aea668f394b1ec19305f5f71d78734fae850319a330b803ec15a5920f1
FING-7316,1363,2017,1,Alg 1,6,2,0,8,2017,1,A,2,4.0,33e204aea668f394b1ec19305f5f71d78734fae850319a330b803ec15a5920f1
FING-7312,1363,2017,1,Alg 1,6,2,0,8,2017,1,R,2,3.4,33e204aea668f394b1ec19305f5f71d78734fae850319a330b803ec15a5920f1
FING-8361,1363,2017,1,Alg 1,6,2,0,8,2017,1,R,2,2.9,33e204aea668f394b1ec19305f5f71d78734fae850319a330b803ec15a5920f1
FING-7354,1363,2017,1,Alg 1,6,2,0,8,2017,1,A,2,4.5,c20990256923145e12cc95b746304d47ac14b7609d5deed25b1edacffc507e8a
FING-7341,1363,2017,1,Alg 1,6,2,0,8,2017,1,A,1,4.4,c20990256923145e12cc95b746304d47ac14b7609d5deed25b1edacffc507e8a
FING-2973,1363,2015,1,Cal 2,6,2,0,8,2017,1,A,2,4.3,1c702013c61a4e9c3d55a6cab9307e9dd956c95b7bc9c9eaecbcaad761f589f1
FING-5381,1363,2016,1,Cal 2,6,2,0,8,2017,1,A,2,4.0,1c702013c61a4e9c3d55a6cab9307e9dd956c95b7bc9c9eaecbcaad761f589f1
FING-5402,1363,2016,1,Cal 2,6,2,0,8,2017,1,A,1,4.4,1c702013c61a4e9c3d55a6cab9307e9dd956c95b7bc9c9eaecbcaad761f589f1
FING-2931,1363,2016,1,Cal 2,6,2,0,8,2017,1,A,2,4.0,1c702013c61a4e9c3d55a6cab9307e9dd956c95b7bc9c9eaecbcaad761f589f1
FING-5353,1363,2016,1,Cal 2,6,2,0,8,2017,1,R,2,3.3,1c702013c61a4e9c3d55a6cab9307e9dd956c95b7bc9c9eaecbcaad761f589f1
FING-5376,1363,2016,1,Cal 2,6,2,0,8,2017,1,A,2,4.5,1c702013c61a4e9c3d55a6cab9307e9dd956c95b7bc9c9eaecbcaad761f589f1
FING-228,1363,2015,1,Cal 2,6,2,0,8,2017,1,A,2,4.3,94434f361cfd8e20fdddb4ecf46307ee2176795b035583a9581a1fbd50b982d3
FING-5360,1363,2016,1,Cal 2,6,2,0,8,2017,1,A,2,4.4,94434f361cfd8e20fdddb4ecf46307ee2176795b035583a9581a1fbd50b982d3
FING-4115,1363,2015,1,Cal 2,6,2,0,8,2017,1,A,2,4.0,94434f361cfd8e20fdddb4ecf46307ee2176795b035583a9581a1fbd50b982d3
FING-6354,1363,2016,1,Cal 2,6,2,0,8,2017,1,R,2,2.3,94434f361cfd8e20fdddb4ecf46307ee2176795b035583a9581a1fbd50b982d3
FING-2989,1363,2016,1,Cal 2,6,2,0,8,2017,1,A,2,4.1,94434f361cfd8e20fdddb4ecf46307ee2176795b035583a9581a1fbd50b982d3
FING-6359,1363,2016,1,Cal 2,6,2,0,8,2017,1,A,2,4.0,94434f361cfd8e20fdddb4ecf46307ee2176795b035583a9581a1fbd50b982d3
FING-4201,1363,2015,1,Cal 2,6,2,0,8,2017,1,R,2,3.8,94434f361cfd8e20fdddb4ecf46307ee2176795b035583a9581a1fbd50b982d3
FING-6364,1363,2016,1,Cal 2,6,2,0,8,2017,1,A,2,4.3,94434f361cfd8e20fdddb4ecf46307ee2176795b035583a9581a1fbd50b982d3
FING-5374,1363,2016,1,Cal 2,6,2,0,8,2017,1,R,2,2.1,94434f361cfd8e20fdddb4ecf46307ee2176795b035583a9581a1fbd50b982d3
FING-5369,1363,2016,1,Cal 2,6,2,0,8,2017,1,R,2,3.5,94434f361cfd8e20fdddb4ecf46307ee2176795b035583a9581a1fbd50b982d3
FING-2919,1363,2015,1,Stat Analys,4,2,0,6,2017,1,R,2,1.0,4c3af6a6fafc2a4fd8b54a0620614abd40e25d5b9bce3055d3a942e8d1a78208
FING-2945,1363,2015,1,Stat Analys,4,2,0,6,2017,1,R,2,3.2,b668a1dd0b7fc9613e9eba607a925b31589677ce4ea1ce81f137e07d44635741
FING-205,1363,2014,1,Stat Analys,4,2,0,6,2017,1,R,2,2.7,b668a1dd0b7fc9613e9eba607a925b31589677ce4ea1ce81f137e07d44635741
FING-2905,1363,2015,1,Stat Analys,4,2,0,6,2017,1,R,1,3.5,b668a1dd0b7fc9613e9eba607a925b31589677ce4ea1ce81f137e07d44635741
FING-2920,1363,2015,1,Stat Analys,4,2,0,6,2017,1,R,2,2.6,80ba212777d65715fa75beef6c200e1ff774ccae49bced566a5496db704f4a11
FING-2951,1363,2015,1,Stat Analys,4,2,0,6,2017,1,R,2,2.3,80ba212777d65715fa75beef6c200e1ff774ccae49bced566a5496db704f4a11
FING-2909,1363,2015,1,Stat Analys,4,2,0,6,2017,1,R,2,3.3,80ba212777d65715fa75beef6c200e1ff774ccae49bced566a5496db704f4a11
FING-3928,1363,2015,1,Stat Analys,4,2,0,6,2017,1,A,2,5.2,80ba212777d65715fa75beef6c200e1ff774ccae49bced566a5496db704f4a11
FING-2905,1363,2015,1,Diff Ec & Num Meth,4,2,0,6,2017,1,R,1,2.6,0c2dc3deb0bae08406fed36357dcf5bcb0d9eeda3f03c061cf3cd96d2cfda0cb
FING-2909,1363,2015,1,Diff Ec & Num Meth,4,2,0,6,2017,1,R,2,2.1,0c2dc3deb0bae08406fed36357dcf5bcb0d9eeda3f03c061cf3cd96d2cfda0cb
FING-2915,1363,2015,1,Diff Ec & Num Meth,4,2,0,6,2017,1,R,2,3.8,0c72a2ad7dd210d87d992a7bd4905912d4bd5f36d16b930d2302169cd2bac334
FING-2971,1363,2015,1,Diff Ec & Num Meth,4,2,0,6,2017,1,R,2,1.0,bf94262a3cdb991e7eabe861f41bd9d8a5db6b3a312f5307ae389d047b610ea3
FING-2960,1363,2015,1,Diff Ec & Num Meth,4,2,0,6,2017,1,R,2,3.3,bf94262a3cdb991e7eabe861f41bd9d8a5db6b3a312f5307ae389d047b610ea3
FING-5349,1363,2016,1,Diff Ec & Num Meth,4,2,0,6,2017,1,A,2,4.0,bf94262a3cdb991e7eabe861f41bd9d8a5db6b3a312f5307ae389d047b610ea3
FING-5382,1363,2016,1,Diff Ec & Num Meth,4,2,0,6,2017,1,R,2,3.3,dec2ceb61415646c97fbc57093a23a996c1245b011ea790134e7bf7b9fc8224a
FING-6491,1363,2017,1,Diff Ec & Num Meth,4,2,0,6,2017,1,A,2,4.8,dec2ceb61415646c97fbc57093a23a996c1245b011ea790134e7bf7b9fc8224a
FING-173,1363,2014,1,Diff Ec & Num Meth,4,2,0,6,2017,1,R,2,1.0,0273a82eb29bb351d1c24137c450c6dc8cbebb7e6fc0029846691d238e3392af
FING-1532,1363,2014,1,IPD Workshop,2,0,2,4,2013,1,A,2,6.5,068f77b1c8ac5d55e1fcbbdfa1132f1dd40945a441ce3bea3055f8e252e71966
FING-1532,1363,2014,1,Alg 1,6,2,0,8,2013,1,A,2,6.0,c20990256923145e12cc95b746304d47ac14b7609d5deed25b1edacffc507e8a
FING-1532,1363,2014,1,Std Methods,0,0,2,2,2013,1,A,2,5.2,
FING-1532,1363,2014,1,Intro Eng,0,0,2,2,2013,1,A,2,5.4,
FING-1532,1363,2014,1,Phy 2,4,2,1,7,2013,2,A,2,5.5,a340e735836f568b6e42e02aa14c8f3a41ccb297f9c2b4f7be6a7e4306c78154
FING-1532,1363,2014,1,Fund Progr,4,0,2,6,2013,2,A,2,5.1,a5ee47612daf0cce7c392ed587f782266ea390eae289b87610118b7ab3479b67
FING-1532,1363,2014,1,Phy 1,4,2,1,7,2013,1,A,2,5.9,9744ebe904d1dae33b54c1c59f8db4d9dab8e4debd45879372d42e3cbe6cdee8
FING-15306,1363,2018,1,Alg 1,6,2,0,8,2018,2,A,2,5.1,e5a61f3d4018f69c73f9e1dede989e7987d481e58e72554c714897ff90834af8
FING-8308,1363,2017,1,Algorithms,4,0,2,6,2018,2,A,2,4.5,e38a4859f2ef4ae267fdcfaae2275e8c1603705f132a90923c5e03c2f30b9999
FING-5381,1363,2016,1,Algorithms,4,0,2,6,2018,2,R,2,2.6,e38a4859f2ef4ae267fdcfaae2275e8c1603705f132a90923c5e03c2f30b9999
FING-6359,1363,2016,1,Algorithms,4,0,2,6,2018,2,R,2,2.2,e38a4859f2ef4ae267fdcfaae2275e8c1603705f132a90923c5e03c2f30b9999
FING-5376,1363,2016,1,Algorithms,4,0,2,6,2018,2,A,2,4.3,e38a4859f2ef4ae267fdcfaae2275e8c1603705f132a90923c5e03c2f30b9999
FING-5767,1363,2017,2,Anthropology and Engineering,4,0,0,4,2018,2,A,2,6.4,28705518ad54de7ff7a728187f822af28090208020a6a3846171a17906851fe5
FING-3928,1363,2015,1,Anthropology and Engineering,4,0,0,4,2018,2,A,2,6.0,28705518ad54de7ff7a728187f822af28090208020a6a3846171a17906851fe5
FING-1782,1363,2015,1,Data Analysis,4,0,2,6,2018,2,A,2,5.7,b1b15560e2be8b7042f970cb5fefe8691e2a7551695704e678411dc14da06999
FING-1782,1363,2015,1,SoftEng Proj Management,4,2,2,8,2018,2,A,2,5.7,ffb59ab5b84a4a983fde75ebe4cc50f1f4a3f6f50263a9c11b8a6ea115c56fa8
FING-1532,1363,2014,1,Elective III,4,0,2,6,2018,2,A,2,5.2,b1b15560e2be8b7042f970cb5fefe8691e2a7551695704e678411dc14da06999
FING-5381,1363,2016,1,Elect & Mag,4,2,1,7,2018,2,A,2,5.0,33666d1635748870b4c3bfe1ce815983256e9c6488be5ea1dcbad54121072a6a
FING-5349,1363,2016,1,Elect & Mag,4,2,1,7,2018,2,A,2,5.0,33666d1635748870b4c3bfe1ce815983256e9c6488be5ea1dcbad54121072a6a
FING-6364,1363,2016,1,Elect & Mag,4,2,1,7,2018,2,A,2,5.0,33666d1635748870b4c3bfe1ce815983256e9c6488be5ea1dcbad54121072a6a
FING-15274,1363,2016,1,Elect & Mag,4,2,1,7,2018,2,A,2,4.8,9744ebe904d1dae33b54c1c59f8db4d9dab8e4debd45879372d42e3cbe6cdee8
FING-6491,1363,2017,1,DB Workshop,2,0,4,6,2018,2,A,2,4.9,f072b1c51af296c36b788c59183f904422b84d9e501221ec592a879a02a946ed
FING-223,1363,2014,1,Formal Language Processing,4,2,2,8,2018,2,R,2,1.0,16b2d5b4c473b956b41412275c081b5cab38d261f201aad7e31443548418f4bc
FING-6491,1363,2017,1,Formal Language Processing,4,2,2,8,2018,2,R,2,2.2,16b2d5b4c473b956b41412275c081b5cab38d261f201aad7e31443548418f4bc
FING-15261,1363,2019,1,Phy 2,4,2,1,7,2019,2,A,2,4.9,049062ddbd2d501613f0397c9080ed3c1b88d1154822e87058350c92dfb9c585
FING-11089,1363,2019,1,Phy 2,4,2,1,7,2019,2,A,2,4.0,049062ddbd2d501613f0397c9080ed3c1b88d1154822e87058350c92dfb9c585
FING-11130,1363,2019,1,Phy 2,4,2,1,7,2019,2,A,2,4.3,049062ddbd2d501613f0397c9080ed3c1b88d1154822e87058350c92dfb9c585
FING-11071,1363,2019,1,Phy 2,4,2,1,7,2019,2,A,2,4.4,049062ddbd2d501613f0397c9080ed3c1b88d1154822e87058350c92dfb9c585
FING-11104,1363,2019,1,Phy 2,4,2,1,7,2019,2,A,2,4.3,049062ddbd2d501613f0397c9080ed3c1b88d1154822e87058350c92dfb9c585
FING-4473,1363,2019,1,Phy 2,4,2,1,7,2019,2,A,2,5.4,07ea25cc999ba1ee184921eefda12a1e051152febf739a79c8f4247d56b87fb2
FING-11168,1363,2019,1,Phy 2,4,2,1,7,2019,2,R,2,2.3,07ea25cc999ba1ee184921eefda12a1e051152febf739a79c8f4247d56b87fb2
FING-11158,1363,2019,1,Phy 2,4,2,1,7,2019,2,A,2,6.2,07ea25cc999ba1ee184921eefda12a1e051152febf739a79c8f4247d56b87fb2
FING-11164,1363,2019,1,Phy 2,4,2,1,7,2019,2,A,2,5.1,07ea25cc999ba1ee184921eefda12a1e051152febf739a79c8f4247d56b87fb2
FING-11142,1363,2019,1,Phy 2,4,2,1,7,2019,2,A,2,4.8,07ea25cc999ba1ee184921eefda12a1e051152febf739a79c8f4247d56b87fb2
FING-11089,1363,2019,1,Fund Progr,4,0,2,6,2019,2,R,2,1.8,b2f2e408712fcc4c0629e46d1d41084bdf94f09a5b5d8e6e22c090c72be3d8c0
FING-11110,1363,2019,1,Fund Progr,4,0,2,6,2019,2,A,2,5.1,8a00056dda116e6e344eb91e507097341ac2d8336a6fee83c16f256bb4c3799e
FING-28229,1363,2019,1,Fund Progr,4,0,2,6,2019,2,R,2,3.4,8a00056dda116e6e344eb91e507097341ac2d8336a6fee83c16f256bb4c3799e
FING-9172,1363,2018,1,Fund Progr,4,0,2,6,2019,2,A,2,4.8,7b4536a007e54e73a00bfae248441e0818ef503fb99957f82175c961a29a6eb6
FING-11104,1363,2019,1,Fund Progr,4,0,2,6,2019,2,A,2,5.1,7b4536a007e54e73a00bfae248441e0818ef503fb99957f82175c961a29a6eb6
FING-11142,1363,2019,1,Fund Progr,4,0,2,6,2019,2,R,2,2.0,7b4536a007e54e73a00bfae248441e0818ef503fb99957f82175c961a29a6eb6
FING-11168,1363,2019,1,Fund Progr,4,0,2,6,2019,2,R,2,1.4,207587b24553abc3af0ae0d185af72e1d0303d38b1f39017f8130981d00fa513
FING-11139,1363,2019,1,Fund Progr,4,0,2,6,2019,2,R,2,3.7,207587b24553abc3af0ae0d185af72e1d0303d38b1f39017f8130981d00fa513
FING-11115,1363,2019,1,Fund Progr,4,0,2,6,2019,2,R,2,3.9,207587b24553abc3af0ae0d185af72e1d0303d38b1f39017f8130981d00fa513
FING-28159,1363,2018,1,Fund Progr,4,0,2,6,2019,2,A,2,4.6,8a00056dda116e6e344eb91e507097341ac2d8336a6fee83c16f256bb4c3799e
FING-11177,1363,2019,1,Chemistry,4,2,0,6,2019,2,A,1,5.9,39baceb72fec0a6d32ffe2e718de719b4077f6b669c32b647aa28921f11a7124
FING-11159,1363,2019,1,Chemistry,4,2,0,6,2019,2,A,2,4.8,39baceb72fec0a6d32ffe2e718de719b4077f6b669c32b647aa28921f11a7124
FING-11154,1363,2019,1,Chemistry,4,2,0,6,2019,2,A,2,4.5,39baceb72fec0a6d32ffe2e718de719b4077f6b669c32b647aa28921f11a7124
FING-11071,1363,2019,1,Chemistry,4,2,0,6,2019,2,A,2,4.9,39baceb72fec0a6d32ffe2e718de719b4077f6b669c32b647aa28921f11a7124
FING-4473,1363,2019,1,Chemistry,4,2,0,6,2019,2,A,2,5.2,619b8d965d2e2f3cb257702d638e3dc2b24ddf5e7eb610b076f0267d6aa42159
FING-11110,1363,2019,1,Chemistry,4,2,0,6,2019,2,A,2,6.0,619b8d965d2e2f3cb257702d638e3dc2b24ddf5e7eb610b076f0267d6aa42159
FING-15261,1363,2019,1,Chemistry,4,2,0,6,2019,2,A,2,5.6,619b8d965d2e2f3cb257702d638e3dc2b24ddf5e7eb610b076f0267d6aa42159
FING-9172,1363,2018,1,Chemistry,4,2,0,6,2019,2,A,2,6.3,619b8d965d2e2f3cb257702d638e3dc2b24ddf5e7eb610b076f0267d6aa42159
FING-11165,1363,2019,1,Chemistry,4,2,0,6,2019,2,A,2,5.6,619b8d965d2e2f3cb257702d638e3dc2b24ddf5e7eb610b076f0267d6aa42159
FING-11116,1363,2019,1,Chemistry,4,2,0,6,2019,2,A,2,5.6,619b8d965d2e2f3cb257702d638e3dc2b24ddf5e7eb610b076f0267d6aa42159
FING-11139,1363,2019,1,Chemistry,4,2,0,6,2019,2,A,2,5.2,619b8d965d2e2f3cb257702d638e3dc2b24ddf5e7eb610b076f0267d6aa42159
FING-11115,1363,2019,1,Chemistry,4,2,0,6,2019,2,A,2,5.7,619b8d965d2e2f3cb257702d638e3dc2b24ddf5e7eb610b076f0267d6aa42159
FING-11164,1363,2019,1,Chemistry,4,2,0,6,2019,2,A,2,4.3,ab580fb423018bb25af6c7c74f97cc35cad7273f99fc100adff98c9460878364
FING-11130,1363,2019,1,Chemistry,4,2,0,6,2019,2,A,2,4.4,39baceb72fec0a6d32ffe2e718de719b4077f6b669c32b647aa28921f11a7124
FING-15339,1363,2019,1,Chemistry,4,2,0,6,2019,2,R,2,2.3,39baceb72fec0a6d32ffe2e718de719b4077f6b669c32b647aa28921f11a7124
FING-11123,1363,2019,1,Chemistry,4,2,0,6,2019,2,A,2,6.3,39baceb72fec0a6d32ffe2e718de719b4077f6b669c32b647aa28921f11a7124
FING-11182,1363,2019,1,Chemistry,4,2,0,6,2019,2,A,2,6.0,39baceb72fec0a6d32ffe2e718de719b4077f6b669c32b647aa28921f11a7124
FING-11168,1363,2019,1,Chemistry,4,2,0,6,2019,2,A,2,4.9,619b8d965d2e2f3cb257702d638e3dc2b24ddf5e7eb610b076f0267d6aa42159
FING-11170,1363,2019,1,Chemistry,4,2,0,6,2019,2,A,2,5.7,619b8d965d2e2f3cb257702d638e3dc2b24ddf5e7eb610b076f0267d6aa42159
FING-8308,1363,2017,1,Stat Analys,4,2,0,6,2019,2,A,2,4.1,541f6ac20b5fad01e5f9155ac2dd4fcc0055b6fa626465a66e1af10b178e02a2
FING-15306,1363,2018,1,Stat Analys,4,2,0,6,2019,2,R,2,3.4,541f6ac20b5fad01e5f9155ac2dd4fcc0055b6fa626465a66e1af10b178e02a2
FING-15282,1363,2017,1,Eng 4,0,0,2,2,2019,2,A,1,7.0,56c5de6db1598dfd7a427ffcdd9e817614d9f8ef78899c67013b6b20fd3229a2
FING-1782,1363,2015,1,Elective II,4,0,2,6,2019,2,A,2,5.1,16efa47bc22e02e6684516c8d89c65ee9145840df64449d697d55cc0d46fe1ed
FING-9611,1363,2019,2,Intro Informatics,0,0,2,2,2019,2,A,2,6.1,ee79889a45358c26a433c3f197d47b41ef968eca12f23f4a8d3d04f11bad172d
FING-11116,1363,2019,1,Alg 1,6,2,0,8,2019,2,A,2,4.8,0273a82eb29bb351d1c24137c450c6dc8cbebb7e6fc0029846691d238e3392af
FING-11154,1363,2019,1,Alg 1,6,2,0,8,2019,2,A,2,4.2,0273a82eb29bb351d1c24137c450c6dc8cbebb7e6fc0029846691d238e3392af
FING-11182,1363,2019,1,Alg 1,6,2,0,8,2019,2,A,2,5.2,0273a82eb29bb351d1c24137c450c6dc8cbebb7e6fc0029846691d238e3392af
FING-11079,1363,2019,1,Alg 1,6,2,0,8,2019,2,R,2,2.1,0273a82eb29bb351d1c24137c450c6dc8cbebb7e6fc0029846691d238e3392af
FING-11177,1363,2019,1,Phy 1,4,2,1,7,2019,2,A,1,5.1,68e0e25fc360fe35368324da51d7412198180b0cdbab1d2fbedc8639e0d9e05c
FING-11116,1363,2019,1,Phy 1,4,2,1,7,2019,2,A,2,4.1,68e0e25fc360fe35368324da51d7412198180b0cdbab1d2fbedc8639e0d9e05c
FING-11154,1363,2019,1,Phy 1,4,2,1,7,2019,2,A,2,4.3,68e0e25fc360fe35368324da51d7412198180b0cdbab1d2fbedc8639e0d9e05c
FING-11182,1363,2019,1,Phy 1,4,2,1,7,2019,2,A,2,5.3,68e0e25fc360fe35368324da51d7412198180b0cdbab1d2fbedc8639e0d9e05c
FING-11079,1363,2019,1,Phy 1,4,2,1,7,2019,2,R,2,2.7,68e0e25fc360fe35368324da51d7412198180b0cdbab1d2fbedc8639e0d9e05c
FING-11113,1363,2019,1,Phy 1,4,2,1,7,2019,2,A,2,5.2,68e0e25fc360fe35368324da51d7412198180b0cdbab1d2fbedc8639e0d9e05c
FING-11122,1363,2019,1,Phy 1,4,2,1,7,2019,2,A,1,5.0,965a1dfe64b0e75e04c6d521177bdb6326b0c1d4745d4cbdf51cd633891377e5
FING-11135,1363,2019,1,Phy 1,4,2,1,7,2019,2,A,2,5.5,965a1dfe64b0e75e04c6d521177bdb6326b0c1d4745d4cbdf51cd633891377e5
FING-9172,1363,2018,1,Eng 2,0,0,2,2,2020,2,A,2,6.2,fdb1ccd1ffc24c385582f07efea282827420a31d5274d9b488cab44797d7e8ca
FING-11164,1363,2019,1,Eng 2,0,0,2,2,2020,2,A,2,5.2,fdb1ccd1ffc24c385582f07efea282827420a31d5274d9b488cab44797d7e8ca
FING-11122,1363,2019,1,Eng 2,0,0,2,2,2020,2,A,1,6.4,88b92944cf71d575adb267c2065647d01500a1577a232f797e0ed0930dcb0235
FING-11749,1363,2020,1,Eng 2,0,0,2,2,2020,2,A,2,6.1,88b92944cf71d575adb267c2065647d01500a1577a232f797e0ed0930dcb0235
FING-7300,1363,2017,1,Eng 3,0,0,2,2,2020,2,A,2,6.2,fdb1ccd1ffc24c385582f07efea282827420a31d5274d9b488cab44797d7e8ca
FING-28124,1363,2018,1,Eng 3,0,0,2,2,2020,2,A,2,7.0,fdb1ccd1ffc24c385582f07efea282827420a31d5274d9b488cab44797d7e8ca
FING-15306,1363,2018,1,Eng 4,0,0,2,2,2020,2,A,2,6.3,331daeb5e2bacaa17d203d73ce2c26227a79b69371f5f02e9b9d3d9d1d577b68
FING-9208,1363,2018,1,Eng 4,0,0,2,2,2020,2,A,2,7.0,331daeb5e2bacaa17d203d73ce2c26227a79b69371f5f02e9b9d3d9d1d577b68
FING-1221,1363,2017,1,Eng 4,0,0,2,2,2020,2,A,2,6.0,6283feeb3658ebd5b8c01cf13ddcbd5e4bd6cbb6345df87cde9d52ad2f80f9a2
FING-7306,1363,2017,1,Eng 4,0,0,2,2,2020,2,A,1,6.4,6283feeb3658ebd5b8c01cf13ddcbd5e4bd6cbb6345df87cde9d52ad2f80f9a2
FING-7341,1363,2017,1,Eng 4,0,0,2,2,2020,2,A,1,6.0,6283feeb3658ebd5b8c01cf13ddcbd5e4bd6cbb6345df87cde9d52ad2f80f9a2
FING-11151,1363,2019,1,Phy 2,4,2,1,7,2020,2,A,1,4.6,89b3d307d426d5a97071eada465c25d92d0d885e19c8ef858a591ea6cd1bc161
FING-11083,1363,2019,1,Phy 2,4,2,1,7,2020,2,A,1,4.6,89b3d307d426d5a97071eada465c25d92d0d885e19c8ef858a591ea6cd1bc161
FING-11110,1363,2019,1,Stat Analys,4,2,0,6,2020,2,R,2,3.2,59bf6a1d7c4d01ab2ca1a2d14928d408c80b4df5a45d0cda10f77ef3b1ef0f03
FING-11158,1363,2019,1,Stat Analys,4,2,0,6,2020,2,A,2,5.1,59bf6a1d7c4d01ab2ca1a2d14928d408c80b4df5a45d0cda10f77ef3b1ef0f03
FING-4473,1363,2019,1,Stat Analys,4,2,0,6,2020,2,R,2,1.0,59bf6a1d7c4d01ab2ca1a2d14928d408c80b4df5a45d0cda10f77ef3b1ef0f03
FING-11130,1363,2019,1,Stat Analys,4,2,0,6,2020,2,R,2,2.2,59bf6a1d7c4d01ab2ca1a2d14928d408c80b4df5a45d0cda10f77ef3b1ef0f03
FING-11749,1363,2020,1,Stat Analys,4,2,0,6,2020,2,A,2,5.1,59bf6a1d7c4d01ab2ca1a2d14928d408c80b4df5a45d0cda10f77ef3b1ef0f03
FING-11165,1363,2019,1,Stat Analys,4,2,0,6,2020,2,A,2,4.2,717de10ba7028ece9212f63482eb2bccf95985b28c4c84c7c80956b04bb28f8f
FING-11139,1363,2019,1,Stat Analys,4,2,0,6,2020,2,A,2,4.2,717de10ba7028ece9212f63482eb2bccf95985b28c4c84c7c80956b04bb28f8f
FING-11083,1363,2019,1,Fund Econ,4,2,0,6,2020,2,R,1,3.2,e0f19966a5fb28ea6c374ff717b67fb61e365c189e4603d0155e95a2f42121fb
FING-11071,1363,2019,1,Fund Econ,4,2,0,6,2020,2,R,2,3.4,e0f19966a5fb28ea6c374ff717b67fb61e365c189e4603d0155e95a2f42121fb
FING-11113,1363,2019,1,Fund Econ,4,2,0,6,2020,2,R,2,1.8,e0f19966a5fb28ea6c374ff717b67fb61e365c189e4603d0155e95a2f42121fb
FING-11071,1363,2019,1,Eff Comm,0,0,2,2,2020,2,A,2,5.6,f5793ef126a2c5c42d114ce162802b457266738abd6306169f65ba85f5edf025
FING-7307,1363,2017,1,Formal Language Processing,4,2,2,8,2020,2,R,1,3.2,16b2d5b4c473b956b41412275c081b5cab38d261f201aad7e31443548418f4bc
FING-5767,1363,2017,2,Optimization,4,0,2,6,2020,2,A,2,5.8,357d86e26130f416e6c085af2a671658c36d144793ff3af80f588e380637d41c
FING-7760,1363,2018,1,Optimization,4,0,2,6,2020,2,A,2,5.4,357d86e26130f416e6c085af2a671658c36d144793ff3af80f588e380637d41c
FING-6491,1363,2017,1,Elective IV,4,0,2,6,2020,2,A,2,6.5,28c6c5bbf5d7179bb107cafd4476735962f8f755b2efb9903fb0e52b497fa2b7
FING-9208,1363,2018,1,Syst Eng,4,2,0,6,2020,2,A,2,4.7,c72589d68256189170bf7f9b01833c29e775b289fb07c42175439e0d5cdfcf53
FING-28068,1363,2018,1,Syst Eng,4,2,0,6,2020,2,A,1,5.3,3b18591e1c3394aae96d32fb09f8c2c4ceecab4aab861b361fd16ff9b2dd12a7
FING-7307,1363,2017,1,Syst Eng,4,2,0,6,2020,2,A,1,4.9,3b18591e1c3394aae96d32fb09f8c2c4ceecab4aab861b361fd16ff9b2dd12a7
FING-28148,1363,2019,1,Fund Econ,4,2,0,6,2020,2,A,2,4.5,c1c922293c3cebf99bf1671124556721ebd8cd2389e0ea643ccf05cb5c86de0b
FING-11116,1363,2019,1,Fund Econ,4,2,0,6,2020,2,R,2,2.2,c1c922293c3cebf99bf1671124556721ebd8cd2389e0ea643ccf05cb5c86de0b
FING-11122,1363,2019,1,Fund Econ,4,2,0,6,2020,2,A,1,4.1,c1c922293c3cebf99bf1671124556721ebd8cd2389e0ea643ccf05cb5c86de0b
FING-11182,1363,2019,1,Fund Econ,4,2,0,6,2020,2,R,2,1.8,c1c922293c3cebf99bf1671124556721ebd8cd2389e0ea643ccf05cb5c86de0b
FING-15350,1363,2020,2,Fund Econ,4,2,0,6,2020,2,A,2,4.5,0989238be5362cf4cae16b9ffb00d5d13d623aaa763b8c7ff935dd893b6db7a4
FING-11177,1363,2019,1,Fund Econ,4,2,0,6,2020,2,A,1,4.3,f07aee52d6c6bcf2d5d0515a7b5bc96a76bcfb5cdceca686b2a60ce754f77b43
FING-15343,1363,2019,1,Fund Econ,4,2,0,6,2020,2,A,2,4.1,f07aee52d6c6bcf2d5d0515a7b5bc96a76bcfb5cdceca686b2a60ce754f77b43
FING-13492,1363,2020,2,Fund Econ,4,2,0,6,2020,2,R,2,1.9,a4981df8f1af2792fcff427cc3d027d02b66fbb86906b0686e05be3a8d1d7780
FING-11142,1363,2019,1,Fund Econ,4,2,0,6,2020,2,R,2,1.9,a4981df8f1af2792fcff427cc3d027d02b66fbb86906b0686e05be3a8d1d7780
FING-15339,1363,2019,1,Fund Econ,4,2,0,6,2020,2,A,2,4.5,f07aee52d6c6bcf2d5d0515a7b5bc96a76bcfb5cdceca686b2a60ce754f77b43
FING-28068,1363,2018,1,Cal 3,4,2,0,6,2021,1,R,1,2.5,1145021fe318b6bb3fc50dab301f9c37a56cfb4299ef4103eafa189f368fb589
FING-2915,1363,2015,1,Cal 3,4,2,0,6,2021,1,R,2,1.0,1145021fe318b6bb3fc50dab301f9c37a56cfb4299ef4103eafa189f368fb589
FING-11178,1363,2019,1,Cal 3,4,2,0,6,2021,1,R,2,1.6,1145021fe318b6bb3fc50dab301f9c37a56cfb4299ef4103eafa189f368fb589
FING-1221,1363,2017,1,Cal 3,4,2,0,6,2021,1,R,2,1.0,0e791b0cde429bf8b93558ec4b22fc98bc4a6332a5f776ca0d628b80d97f3491
FING-7300,1363,2017,1,Cal 3,4,2,0,6,2021,1,R,2,2.2,0e791b0cde429bf8b93558ec4b22fc98bc4a6332a5f776ca0d628b80d97f3491
FING-7306,1363,2017,1,Cal 3,4,2,0,6,2021,1,R,1,1.0,0e791b0cde429bf8b93558ec4b22fc98bc4a6332a5f776ca0d628b80d97f3491
FING-9191,1363,2018,1,Cal 3,4,2,0,6,2021,1,A,2,4.6,0e791b0cde429bf8b93558ec4b22fc98bc4a6332a5f776ca0d628b80d97f3491
FING-9171,1363,2018,1,Cal 3,4,2,0,6,2021,1,R,2,1.4,0e791b0cde429bf8b93558ec4b22fc98bc4a6332a5f776ca0d628b80d97f3491
FING-9208,1363,2018,1,Cal 3,4,2,0,6,2021,1,A,2,4.2,0e791b0cde429bf8b93558ec4b22fc98bc4a6332a5f776ca0d628b80d97f3491
FING-11123,1363,2019,1,Cal 3,4,2,0,6,2021,1,R,2,3.4,0e791b0cde429bf8b93558ec4b22fc98bc4a6332a5f776ca0d628b80d97f3491
FING-11071,1363,2019,1,Cal 3,4,2,0,6,2021,1,R,2,2.7,0e791b0cde429bf8b93558ec4b22fc98bc4a6332a5f776ca0d628b80d97f3491
FING-4473,1363,2019,1,Cal 3,4,2,0,6,2021,1,R,2,1.7,ef626cf1b187815247502ff5c478358a918b289bda0e1e8e70b19aa147b1a083
FING-11110,1363,2019,1,Cal 3,4,2,0,6,2021,1,R,2,1.8,ef626cf1b187815247502ff5c478358a918b289bda0e1e8e70b19aa147b1a083
FING-9611,1363,2019,2,Cal 3,4,2,0,6,2021,1,A,2,4.0,ef626cf1b187815247502ff5c478358a918b289bda0e1e8e70b19aa147b1a083
FING-11170,1363,2019,1,Cal 3,4,2,0,6,2021,1,A,2,5.1,ef626cf1b187815247502ff5c478358a918b289bda0e1e8e70b19aa147b1a083
FING-11165,1363,2019,1,Cal 3,4,2,0,6,2021,1,R,2,3.4,ef626cf1b187815247502ff5c478358a918b289bda0e1e8e70b19aa147b1a083
FING-11139,1363,2019,1,Cal 3,4,2,0,6,2021,1,A,2,4.1,ef626cf1b187815247502ff5c478358a918b289bda0e1e8e70b19aa147b1a083
FING-11158,1363,2019,1,Cal 3,4,2,0,6,2021,1,R,2,1.0,ef626cf1b187815247502ff5c478358a918b289bda0e1e8e70b19aa147b1a083
FING-15350,1363,2020,2,Cal 3,4,2,0,6,2021,1,R,2,2.2,ef626cf1b187815247502ff5c478358a918b289bda0e1e8e70b19aa147b1a083
FING-7316,1363,2017,1,Cal 3,4,2,0,6,2021,1,R,2,3.6,e1142bf508728422bd0053eb76f063e2a9261eaadaf023a8d7fcb967d4ec272a
FING-13105,1363,2013,1,Chemistry,4,2,0,6,2013,2,A,1,5.3,886b8d9266906987afd4cba92a1074cdf9c9db5b793d57f7e318d192e2b15720
FING-4307,1363,2013,1,Chemistry,4,2,0,6,2013,2,A,2,4.6,ea63a2c023e6d6c3517bd87da283000ca449ef34054615e2193889761501805d
FING-4321,1363,2012,1,Chemistry,4,2,0,6,2013,2,A,2,4.7,ea63a2c023e6d6c3517bd87da283000ca449ef34054615e2193889761501805d
FING-12860,1363,2012,1,Progr Parad,4,0,2,6,2013,2,A,2,5.4,eca6fb5704eccdbb06d982a22295a13f2158949fdce1d6845444330bc0f55b15
FING-1799,1363,2012,1,Progr Parad,4,0,2,6,2013,2,A,2,6.0,eca6fb5704eccdbb06d982a22295a13f2158949fdce1d6845444330bc0f55b15
FING-4307,1363,2013,1,Cal 2,6,2,0,8,2013,2,R,2,2.8,c08a48b7dc87852ac219b3fa8b132e2aba0f0a5f7d9acb57507b5f6e8307c530
FING-23970,1363,2013,1,Alg 2,4,2,0,6,2013,2,A,2,4.7,7b2dac439804d2da5d57199b1ef1ef28bba86165fc57d1b1d0183d1d9f4bf483
FING-3421,1363,2013,1,Alg 2,4,2,0,6,2013,2,R,2,2.7,7b2dac439804d2da5d57199b1ef1ef28bba86165fc57d1b1d0183d1d9f4bf483
FING-179,1363,2014,1,Cal 2,6,2,0,8,2014,2,A,2,4.1,1c702013c61a4e9c3d55a6cab9307e9dd956c95b7bc9c9eaecbcaad761f589f1
FING-165,1363,2014,1,Cal 2,6,2,0,8,2014,2,R,2,2.2,bf9a4f134286b7a9ed7dbd00bb89843f370a0a7a6e907355ead0b09e8a867c9f
FING-219,1363,2014,1,Cal 2,6,2,0,8,2014,2,A,2,4.0,bf9a4f134286b7a9ed7dbd00bb89843f370a0a7a6e907355ead0b09e8a867c9f
FING-1472,1363,2014,1,Cal 2,6,2,0,8,2014,2,R,2,2.8,ac4571df0d355fd037350ea5595a8e8eb0687ac5f0a7a4a1b0f7fe35934ff117
FING-157,1363,2014,1,Cal 2,6,2,0,8,2014,2,R,2,1.5,ac4571df0d355fd037350ea5595a8e8eb0687ac5f0a7a4a1b0f7fe35934ff117
FING-1531,1363,2014,1,Alg 2,4,2,0,6,2014,2,A,1,4.0,8f76c3c9624622bf49eaf281bc72c03859c96fa850b904deafda3adcacf92130
FING-217,1363,2014,1,Alg 2,4,2,0,6,2014,2,A,2,4.2,cd4258abd494e338dd13dad75ea3f1f1ced923cec073b330363a2340dbb751bf
FING-205,1363,2014,1,Alg 2,4,2,0,6,2014,2,A,2,4.1,cd4258abd494e338dd13dad75ea3f1f1ced923cec073b330363a2340dbb751bf
FING-180,1363,2014,1,Alg 2,4,2,0,6,2014,2,A,2,4.6,cd4258abd494e338dd13dad75ea3f1f1ced923cec073b330363a2340dbb751bf
FING-214,1363,2014,1,Alg 2,4,2,0,6,2014,2,A,2,4.3,cd4258abd494e338dd13dad75ea3f1f1ced923cec073b330363a2340dbb751bf
FING-184,1363,2014,1,Alg 2,4,2,0,6,2014,2,A,1,5.8,cd4258abd494e338dd13dad75ea3f1f1ced923cec073b330363a2340dbb751bf
FING-199,1363,2014,1,Alg 2,4,2,0,6,2014,2,A,2,5.1,1c702013c61a4e9c3d55a6cab9307e9dd956c95b7bc9c9eaecbcaad761f589f1
FING-1472,1363,2014,1,Alg 2,4,2,0,6,2014,2,R,2,3.5,94dea789701aabde0e03773dfd1675ad536dd074251708c9542a8c059f9e0f15
FING-186,1363,2014,1,Alg 2,4,2,0,6,2014,2,A,2,5.5,94dea789701aabde0e03773dfd1675ad536dd074251708c9542a8c059f9e0f15
FING-4319,1363,2012,1,Stat Analys,4,2,0,6,2014,2,R,2,1.9,2ecf34b9ea0b53c1c84418cf3e4f9a0d8a2946eb457604384dd9405954fc33ff
FING-4312,1363,2012,1,Stat Analys,4,2,0,6,2014,2,R,2,1.7,2ecf34b9ea0b53c1c84418cf3e4f9a0d8a2946eb457604384dd9405954fc33ff
FING-4323,1363,2012,1,Stat Analys,4,2,0,6,2014,2,R,2,3.1,2ecf34b9ea0b53c1c84418cf3e4f9a0d8a2946eb457604384dd9405954fc33ff
FING-1532,1363,2014,1,Stat Analys,4,2,0,6,2014,2,A,2,4.0,b668a1dd0b7fc9613e9eba607a925b31589677ce4ea1ce81f137e07d44635741
FING-4324,1363,2012,1,Stat Analys,4,2,0,6,2014,2,R,2,1.6,59bf6a1d7c4d01ab2ca1a2d14928d408c80b4df5a45d0cda10f77ef3b1ef0f03
FING-4312,1363,2012,1,Diff Ec & Num Meth,4,2,0,6,2014,2,R,2,1.2,bf94262a3cdb991e7eabe861f41bd9d8a5db6b3a312f5307ae389d047b610ea3
FING-4311,1363,2013,1,Diff Ec & Num Meth,4,2,0,6,2014,2,R,2,1.9,bf94262a3cdb991e7eabe861f41bd9d8a5db6b3a312f5307ae389d047b610ea3
FING-23970,1363,2013,1,Fund Econ,4,2,0,6,2014,2,A,2,4.4,a5b9d8858c1f8e3ffb0d18b58f1dc278fdf7b7273a236e0989beed0b92360903
FING-12915,1363,2012,2,Fund Econ,4,2,0,6,2014,2,A,1,4.1,bec737689c2c1f3db9da33309ac14e62168d8edf9d37e192f814ceb9c80e1a34
FING-4306,1363,2012,1,Fund Econ,4,2,0,6,2014,2,R,2,3.2,a4981df8f1af2792fcff427cc3d027d02b66fbb86906b0686e05be3a8d1d7780
FING-217,1363,2014,1,Chemistry,4,2,0,6,2014,2,A,2,5.1,fb602df840621f7a0cfeed69e3290b13e75c22541d4cc37913ae02229ff82bf1
FING-1472,1363,2014,1,Chemistry,4,2,0,6,2014,2,A,2,4.2,17bc645d5fed04d0d35952b7b4d1af97d13cb19b736c795671bafd4c9a88c296
FING-199,1363,2014,1,Chemistry,4,2,0,6,2014,2,A,2,4.6,ea63a2c023e6d6c3517bd87da283000ca449ef34054615e2193889761501805d
FING-227,1363,2014,1,Chemistry,4,2,0,6,2014,2,A,2,5.0,ea63a2c023e6d6c3517bd87da283000ca449ef34054615e2193889761501805d
FING-165,1363,2014,1,Chemistry,4,2,0,6,2014,2,A,2,4.0,ea63a2c023e6d6c3517bd87da283000ca449ef34054615e2193889761501805d
FING-219,1363,2014,1,Chemistry,4,2,0,6,2014,2,R,2,3.8,ea63a2c023e6d6c3517bd87da283000ca449ef34054615e2193889761501805d
FING-212,1363,2014,1,Chemistry,4,2,0,6,2014,2,A,2,4.2,2361504a18188db06e31327ec4115c67c738621a57cb3b1f070d301010d528ff
FING-1531,1363,2014,1,Chemistry,4,2,0,6,2014,2,A,1,4.4,25b7853f2f519c9986fbb47ae11ec2612086cd44201446f2bb97cd0f5ca4501d
FING-228,1363,2014,1,Chemistry,4,2,0,6,2014,2,R,2,3.6,25b7853f2f519c9986fbb47ae11ec2612086cd44201446f2bb97cd0f5ca4501d
FING-158,1363,2014,1,Chemistry,4,2,0,6,2014,2,R,2,2.5,25b7853f2f519c9986fbb47ae11ec2612086cd44201446f2bb97cd0f5ca4501d
FING-223,1363,2014,1,Chemistry,4,2,0,6,2014,2,A,2,4.0,d405568f9c355825632cbdc841d5ad96c093dce6229bde2fe085efbbc38814f2
FING-1534,1363,2014,1,Chemistry,4,2,0,6,2014,2,A,2,4.2,816ea560961a9666ed262149b13cba25b720822965bcdf3d3b27f23ae92ef8fb
FING-192,1363,2014,1,Chemistry,4,2,0,6,2014,2,A,2,4.1,f3e3077060b02367391659203cbf31e291e495f3ea741f9e69bb3e0daae8a34c
FING-186,1363,2014,1,Chemistry,4,2,0,6,2014,2,A,2,4.0,f3e3077060b02367391659203cbf31e291e495f3ea741f9e69bb3e0daae8a34c
FING-205,1363,2014,1,Chemistry,4,2,0,6,2014,2,A,2,4.7,f3e3077060b02367391659203cbf31e291e495f3ea741f9e69bb3e0daae8a34c
FING-153,1363,2014,1,Chemistry,4,2,0,6,2014,2,R,2,3.8,ea63a2c023e6d6c3517bd87da283000ca449ef34054615e2193889761501805d
FING-173,1363,2014,1,Chemistry,4,2,0,6,2014,2,A,2,4.1,9438af86b5ca99ab3b517de806b821c024b6284478dbc5d992363a1d554aeda7
FING-180,1363,2014,1,Chemistry,4,2,0,6,2014,2,R,2,3.6,802d3d41e0bf7a86c048f27170e8d4ed798c239be9e254303d2493c46412f352
FING-184,1363,2014,1,Chemistry,4,2,0,6,2014,2,R,1,2.5,802d3d41e0bf7a86c048f27170e8d4ed798c239be9e254303d2493c46412f352
FING-157,1363,2014,1,Chemistry,4,2,0,6,2014,2,A,2,4.0,426bafe49f8601549ea411c81e6ebe345c6d227da3217edcf62034bd7c49a9d7
FING-222,1363,2014,1,Chemistry,4,2,0,6,2014,2,R,2,3.4,dff9205339cad8aebdbb008fed5c84364f38c72521bcc05bbd8561f76788d38d
FING-1472,1363,2014,1,Cal 2,6,2,0,8,2015,1,R,2,3.0,1c702013c61a4e9c3d55a6cab9307e9dd956c95b7bc9c9eaecbcaad761f589f1
FING-1531,1363,2014,1,Cal 2,6,2,0,8,2015,1,R,1,3.4,1c702013c61a4e9c3d55a6cab9307e9dd956c95b7bc9c9eaecbcaad761f589f1
FING-13105,1363,2013,1,Cal 2,6,2,0,8,2015,1,A,1,4.0,1c702013c61a4e9c3d55a6cab9307e9dd956c95b7bc9c9eaecbcaad761f589f1
FING-1221,1363,2014,1,Cal 2,6,2,0,8,2015,1,R,2,1.8,1c702013c61a4e9c3d55a6cab9307e9dd956c95b7bc9c9eaecbcaad761f589f1
FING-165,1363,2014,1,Cal 2,6,2,0,8,2015,1,A,2,5.0,1c702013c61a4e9c3d55a6cab9307e9dd956c95b7bc9c9eaecbcaad761f589f1
FING-173,1363,2014,1,Cal 2,6,2,0,8,2015,1,A,2,4.0,1c702013c61a4e9c3d55a6cab9307e9dd956c95b7bc9c9eaecbcaad761f589f1
FING-223,1363,2014,1,Cal 2,6,2,0,8,2015,1,A,2,4.8,1c702013c61a4e9c3d55a6cab9307e9dd956c95b7bc9c9eaecbcaad761f589f1
FING-184,1363,2014,1,Cal 2,6,2,0,8,2015,1,A,1,4.0,1c702013c61a4e9c3d55a6cab9307e9dd956c95b7bc9c9eaecbcaad761f589f1
FING-17689,1363,2013,1,Cal 2,6,2,0,8,2015,1,A,2,4.0,bf9a4f134286b7a9ed7dbd00bb89843f370a0a7a6e907355ead0b09e8a867c9f
FING-1528,1363,2014,1,Cal 2,6,2,0,8,2015,1,A,2,4.3,bf9a4f134286b7a9ed7dbd00bb89843f370a0a7a6e907355ead0b09e8a867c9f
FING-222,1363,2014,1,Cal 2,6,2,0,8,2015,1,A,2,4.4,bf9a4f134286b7a9ed7dbd00bb89843f370a0a7a6e907355ead0b09e8a867c9f
FING-1534,1363,2014,1,Cal 2,6,2,0,8,2015,1,R,2,3.6,bf9a4f134286b7a9ed7dbd00bb89843f370a0a7a6e907355ead0b09e8a867c9f
FING-157,1363,2014,1,Cal 2,6,2,0,8,2015,1,R,2,3.7,bf9a4f134286b7a9ed7dbd00bb89843f370a0a7a6e907355ead0b09e8a867c9f
FING-180,1363,2014,1,Cal 2,6,2,0,8,2015,1,A,2,4.4,bf9a4f134286b7a9ed7dbd00bb89843f370a0a7a6e907355ead0b09e8a867c9f
FING-153,1363,2014,1,Cal 2,6,2,0,8,2015,1,A,2,4.1,bf9a4f134286b7a9ed7dbd00bb89843f370a0a7a6e907355ead0b09e8a867c9f
FING-1528,1363,2014,1,Alg 2,4,2,0,6,2015,1,A,2,4.0,8f76c3c9624622bf49eaf281bc72c03859c96fa850b904deafda3adcacf92130
FING-179,1363,2014,1,Diff Ec & Num Meth,4,2,0,6,2015,1,R,2,3.0,0273a82eb29bb351d1c24137c450c6dc8cbebb7e6fc0029846691d238e3392af
FING-214,1363,2014,1,Diff Ec & Num Meth,4,2,0,6,2015,1,A,2,4.1,0273a82eb29bb351d1c24137c450c6dc8cbebb7e6fc0029846691d238e3392af
FING-1221,1363,2014,1,Chemistry,4,2,0,6,2015,1,A,2,4.5,802d3d41e0bf7a86c048f27170e8d4ed798c239be9e254303d2493c46412f352
FING-180,1363,2014,1,Chemistry,4,2,0,6,2015,1,A,2,4.6,802d3d41e0bf7a86c048f27170e8d4ed798c239be9e254303d2493c46412f352
FING-184,1363,2014,1,Chemistry,4,2,0,6,2015,1,A,1,5.1,802d3d41e0bf7a86c048f27170e8d4ed798c239be9e254303d2493c46412f352
FING-191,1363,2014,1,Chemistry,4,2,0,6,2015,1,R,2,3.0,9438af86b5ca99ab3b517de806b821c024b6284478dbc5d992363a1d554aeda7
FING-1528,1363,2014,1,Chemistry,4,2,0,6,2015,1,A,2,4.1,9438af86b5ca99ab3b517de806b821c024b6284478dbc5d992363a1d554aeda7
FING-155,1363,2014,1,Chemistry,4,2,0,6,2015,1,R,2,3.6,9438af86b5ca99ab3b517de806b821c024b6284478dbc5d992363a1d554aeda7
FING-222,1363,2014,1,Chemistry,4,2,0,6,2015,1,A,2,4.4,9438af86b5ca99ab3b517de806b821c024b6284478dbc5d992363a1d554aeda7
FING-219,1363,2014,1,Chemistry,4,2,0,6,2015,1,A,2,5.0,886b8d9266906987afd4cba92a1074cdf9c9db5b793d57f7e318d192e2b15720
FING-2920,1363,2015,1,IPD Workshop,2,0,2,4,2015,1,A,2,6.1,30a0d708c503fc1c442967ef0f821d0e102ae7dbdd2b87d9c22e42167e805353
FING-2919,1363,2015,1,IPD Workshop,2,0,2,4,2015,1,A,2,6.4,30a0d708c503fc1c442967ef0f821d0e102ae7dbdd2b87d9c22e42167e805353
FING-2951,1363,2015,1,IPD Workshop,2,0,2,4,2015,1,A,2,6.5,30a0d708c503fc1c442967ef0f821d0e102ae7dbdd2b87d9c22e42167e805353
FING-4190,1363,2015,1,IPD Workshop,2,0,2,4,2015,1,A,2,6.2,30a0d708c503fc1c442967ef0f821d0e102ae7dbdd2b87d9c22e42167e805353
FING-4115,1363,2015,1,IPD Workshop,2,0,2,4,2015,1,A,2,6.3,30a0d708c503fc1c442967ef0f821d0e102ae7dbdd2b87d9c22e42167e805353
FING-2971,1363,2015,1,IPD Workshop,2,0,2,4,2015,1,A,2,6.3,30a0d708c503fc1c442967ef0f821d0e102ae7dbdd2b87d9c22e42167e805353
FING-2935,1363,2015,1,IPD Workshop,2,0,2,4,2015,1,A,1,6.5,30a0d708c503fc1c442967ef0f821d0e102ae7dbdd2b87d9c22e42167e805353
FING-2960,1363,2015,1,IPD Workshop,2,0,2,4,2015,1,A,2,4.8,30a0d708c503fc1c442967ef0f821d0e102ae7dbdd2b87d9c22e42167e805353
FING-2915,1363,2015,1,IPD Workshop,2,0,2,4,2015,1,A,2,6.7,30a0d708c503fc1c442967ef0f821d0e102ae7dbdd2b87d9c22e42167e805353
FING-2931,1363,2015,1,IPD Workshop,2,0,2,4,2015,1,A,2,6.0,30a0d708c503fc1c442967ef0f821d0e102ae7dbdd2b87d9c22e42167e805353
FING-4201,1363,2015,1,IPD Workshop,2,0,2,4,2015,1,A,2,5.3,30a0d708c503fc1c442967ef0f821d0e102ae7dbdd2b87d9c22e42167e805353
FING-2908,1363,2015,1,IPD Workshop,2,0,2,4,2015,1,A,1,6.7,30a0d708c503fc1c442967ef0f821d0e102ae7dbdd2b87d9c22e42167e805353
FING-2945,1363,2015,1,IPD Workshop,2,0,2,4,2015,1,A,2,6.4,f5793ef126a2c5c42d114ce162802b457266738abd6306169f65ba85f5edf025
FING-228,1363,2015,1,IPD Workshop,2,0,2,4,2015,1,A,2,6.1,f5793ef126a2c5c42d114ce162802b457266738abd6306169f65ba85f5edf025
FING-2918,1363,2015,1,IPD Workshop,2,0,2,4,2015,1,A,2,6.4,f5793ef126a2c5c42d114ce162802b457266738abd6306169f65ba85f5edf025
FING-2973,1363,2015,1,IPD Workshop,2,0,2,4,2015,1,A,2,5.3,f5793ef126a2c5c42d114ce162802b457266738abd6306169f65ba85f5edf025
FING-2946,1363,2015,1,IPD Workshop,2,0,2,4,2015,1,A,2,6.0,f5793ef126a2c5c42d114ce162802b457266738abd6306169f65ba85f5edf025
FING-2954,1363,2015,1,IPD Workshop,2,0,2,4,2015,1,A,2,6.8,f5793ef126a2c5c42d114ce162802b457266738abd6306169f65ba85f5edf025
FING-2955,1363,2015,1,IPD Workshop,2,0,2,4,2015,1,A,2,5.6,f5793ef126a2c5c42d114ce162802b457266738abd6306169f65ba85f5edf025
FING-2933,1363,2015,1,IPD Workshop,2,0,2,4,2015,1,A,2,6.7,f5793ef126a2c5c42d114ce162802b457266738abd6306169f65ba85f5edf025
FING-2910,1363,2015,1,IPD Workshop,2,0,2,4,2015,1,A,1,6.1,f5793ef126a2c5c42d114ce162802b457266738abd6306169f65ba85f5edf025
FING-4195,1363,2015,1,IPD Workshop,2,0,2,4,2015,1,A,2,5.3,f5793ef126a2c5c42d114ce162802b457266738abd6306169f65ba85f5edf025
FING-2905,1363,2015,1,IPD Workshop,2,0,2,4,2015,1,A,1,5.7,f5793ef126a2c5c42d114ce162802b457266738abd6306169f65ba85f5edf025
FING-2909,1363,2015,1,IPD Workshop,2,0,2,4,2015,1,A,2,6.1,f5793ef126a2c5c42d114ce162802b457266738abd6306169f65ba85f5edf025
FING-3928,1363,2015,1,IPD Workshop,2,0,2,4,2015,1,A,2,6.1,f5793ef126a2c5c42d114ce162802b457266738abd6306169f65ba85f5edf025
FING-2945,1363,2015,1,Std Methods,0,0,2,2,2015,1,A,2,6.9,41538965545a3b049102ff2e3640da287bd7a594d8b219c529519957987db23b
FING-228,1363,2015,1,Std Methods,0,0,2,2,2015,1,A,2,6.9,41538965545a3b049102ff2e3640da287bd7a594d8b219c529519957987db23b
FING-2918,1363,2015,1,Std Methods,0,0,2,2,2015,1,A,2,6.8,41538965545a3b049102ff2e3640da287bd7a594d8b219c529519957987db23b
FING-2973,1363,2015,1,Std Methods,0,0,2,2,2015,1,A,2,6.8,41538965545a3b049102ff2e3640da287bd7a594d8b219c529519957987db23b
FING-2946,1363,2015,1,Std Methods,0,0,2,2,2015,1,A,2,4.8,41538965545a3b049102ff2e3640da287bd7a594d8b219c529519957987db23b
FING-2954,1363,2015,1,Std Methods,0,0,2,2,2015,1,A,2,6.4,41538965545a3b049102ff2e3640da287bd7a594d8b219c529519957987db23b
FING-2955,1363,2015,1,Std Methods,0,0,2,2,2015,1,A,2,6.3,41538965545a3b049102ff2e3640da287bd7a594d8b219c529519957987db23b
FING-2933,1363,2015,1,Std Methods,0,0,2,2,2015,1,A,2,6.5,41538965545a3b049102ff2e3640da287bd7a594d8b219c529519957987db23b
FING-2910,1363,2015,1,Std Methods,0,0,2,2,2015,1,A,1,6.2,41538965545a3b049102ff2e3640da287bd7a594d8b219c529519957987db23b
FING-4195,1363,2015,1,Std Methods,0,0,2,2,2015,1,A,2,6.8,41538965545a3b049102ff2e3640da287bd7a594d8b219c529519957987db23b
FING-2905,1363,2015,1,Std Methods,0,0,2,2,2015,1,A,1,6.1,41538965545a3b049102ff2e3640da287bd7a594d8b219c529519957987db23b
FING-2909,1363,2015,1,Std Methods,0,0,2,2,2015,1,A,2,6.3,41538965545a3b049102ff2e3640da287bd7a594d8b219c529519957987db23b
FING-3928,1363,2015,1,Std Methods,0,0,2,2,2015,1,A,2,6.3,41538965545a3b049102ff2e3640da287bd7a594d8b219c529519957987db23b
FING-5381,1363,2016,1,Std Methods,0,0,2,2,2016,1,A,2,6.3,1145021fe318b6bb3fc50dab301f9c37a56cfb4299ef4103eafa189f368fb589
FING-2989,1363,2016,1,Std Methods,0,0,2,2,2016,1,A,2,5.8,1145021fe318b6bb3fc50dab301f9c37a56cfb4299ef4103eafa189f368fb589
FING-5387,1363,2016,1,Std Methods,0,0,2,2,2016,1,A,2,5.3,1145021fe318b6bb3fc50dab301f9c37a56cfb4299ef4103eafa189f368fb589
FING-5374,1363,2016,1,Std Methods,0,0,2,2,2016,1,A,2,6.3,1145021fe318b6bb3fc50dab301f9c37a56cfb4299ef4103eafa189f368fb589
FING-5360,1363,2016,1,Std Methods,0,0,2,2,2016,1,A,2,6.0,74150b3f9cef39d25b4c6adecfd659ceb7ee1113dc8959f87883f4bc625990a9
FING-5376,1363,2016,1,Std Methods,0,0,2,2,2016,1,A,2,5.5,74150b3f9cef39d25b4c6adecfd659ceb7ee1113dc8959f87883f4bc625990a9
FING-5369,1363,2016,1,Std Methods,0,0,2,2,2016,1,A,2,6.1,c8f1700f3d77389918619bcf2854dde2b07c6a430eb6a96d2895491aa7d5d342
FING-5349,1363,2016,1,Std Methods,0,0,2,2,2016,1,A,2,6.2,7bd83a44dc7696632973aeee4562f889260bd3c9e7b4f66dd5f074115f86b78a
FING-6281,1363,2016,1,Std Methods,0,0,2,2,2016,1,A,2,6.4,7bd83a44dc7696632973aeee4562f889260bd3c9e7b4f66dd5f074115f86b78a
FING-6350,1363,2016,1,Std Methods,0,0,2,2,2016,1,A,2,5.0,ef6ccd1d33c1fb7c6e4d922f2443f61e30542dc1c540dbd46f505981927475a4
FING-6359,1363,2016,1,Std Methods,0,0,2,2,2016,1,A,2,5.6,ef6ccd1d33c1fb7c6e4d922f2443f61e30542dc1c540dbd46f505981927475a4
FING-6364,1363,2016,1,Std Methods,0,0,2,2,2016,1,A,2,6.4,ef6ccd1d33c1fb7c6e4d922f2443f61e30542dc1c540dbd46f505981927475a4
FING-5382,1363,2016,1,Cal 1,6,2,0,8,2016,1,A,2,4.2,7a010e08ef357db66111e0002541d9497add97259a609f600493a85dfc11a288
FING-6164,1363,2016,1,Cal 1,6,2,0,8,2016,1,A,2,4.2,7a010e08ef357db66111e0002541d9497add97259a609f600493a85dfc11a288
FING-6354,1363,2016,1,Cal 1,6,2,0,8,2016,1,R,2,2.6,7a010e08ef357db66111e0002541d9497add97259a609f600493a85dfc11a288
FING-2910,1363,2015,1,Cal 1,6,2,0,8,2016,1,A,1,4.4,7a010e08ef357db66111e0002541d9497add97259a609f600493a85dfc11a288
FING-2989,1363,2016,1,Cal 1,6,2,0,8,2016,1,A,2,4.4,7a010e08ef357db66111e0002541d9497add97259a609f600493a85dfc11a288
FING-5387,1363,2016,1,Cal 1,6,2,0,8,2016,1,R,2,2.2,7a010e08ef357db66111e0002541d9497add97259a609f600493a85dfc11a288
FING-1782,1363,2015,1,Stat Analys,4,2,0,6,2016,1,A,2,4.6,541f6ac20b5fad01e5f9155ac2dd4fcc0055b6fa626465a66e1af10b178e02a2
FING-13105,1363,2013,1,Stat Analys,4,2,0,6,2016,1,A,1,4.9,15d8fa612333f7e85381ecc16be1b11e169b2cbe85c48dd0424cb6ed977747db
FING-227,1363,2014,1,Stat Analys,4,2,0,6,2016,1,A,2,4.6,15d8fa612333f7e85381ecc16be1b11e169b2cbe85c48dd0424cb6ed977747db
FING-217,1363,2014,1,Stat Analys,4,2,0,6,2016,1,A,2,4.5,210a8e47ed98a9dca0ae816e764e65883dfda696c107eee9ecb05e6200aae322
FING-184,1363,2014,1,Stat Analys,4,2,0,6,2016,1,A,1,4.0,210a8e47ed98a9dca0ae816e764e65883dfda696c107eee9ecb05e6200aae322
FING-2945,1363,2015,1,Diff Ec & Num Meth,4,2,0,6,2016,1,R,2,2.1,bf94262a3cdb991e7eabe861f41bd9d8a5db6b3a312f5307ae389d047b610ea3
FING-2946,1363,2015,1,Diff Ec & Num Meth,4,2,0,6,2016,1,A,2,4.1,bf94262a3cdb991e7eabe861f41bd9d8a5db6b3a312f5307ae389d047b610ea3
FING-153,1363,2014,1,Diff Ec & Num Meth,4,2,0,6,2016,1,R,2,3.0,0273a82eb29bb351d1c24137c450c6dc8cbebb7e6fc0029846691d238e3392af
FING-1534,1363,2014,1,Diff Ec & Num Meth,4,2,0,6,2016,1,R,2,1.6,2584353b91d4eadef813ce626630cca4de7f6dcaaff46a066999b7d4e9b34d1b
FING-217,1363,2014,1,Diff Ec & Num Meth,4,2,0,6,2016,1,A,2,4.0,2584353b91d4eadef813ce626630cca4de7f6dcaaff46a066999b7d4e9b34d1b
FING-2933,1363,2015,1,Diff Ec & Num Meth,4,2,0,6,2016,1,A,2,4.8,2584353b91d4eadef813ce626630cca4de7f6dcaaff46a066999b7d4e9b34d1b
FING-2973,1363,2015,1,Eng 1,0,0,2,2,2016,1,A,2,6.1,53fc9a822f29e7420b4dc35570544feb66888fabbe0cac14695b5398fe02cc43
FING-2909,1363,2015,1,Eng 1,0,0,2,2,2016,1,A,2,6.9,1d876546af2d9960f4653465fd90e368995581194b9ace968ac2c3bf24551eb9
FING-214,1363,2014,1,Eng 3,0,0,2,2,2016,1,A,2,6.2,aea16065bdc33446cd8f74328537475b4d942028b16074eec09f010c80b1496c
FING-217,1363,2014,1,Eng 3,0,0,2,2,2016,1,A,2,6.0,aea16065bdc33446cd8f74328537475b4d942028b16074eec09f010c80b1496c
FING-227,1363,2014,1,Eng 3,0,0,2,2,2016,1,A,2,6.5,9a418a74088a84206d75ef35607d8a69e524e55cf62de21dcd6020a0b5764e91
FING-1534,1363,2014,1,Eng 3,0,0,2,2,2016,1,A,2,6.4,9a418a74088a84206d75ef35607d8a69e524e55cf62de21dcd6020a0b5764e91
FING-13105,1363,2013,1,Eng 4,0,0,2,2,2016,1,A,1,6.5,5d23b576926526798fa0e0ee4071651b375654fec17bf116cf852e6cbf7c20f5
FING-12988,1363,2013,1,Eng 4,0,0,2,2,2016,1,A,1,6.0,5d23b576926526798fa0e0ee4071651b375654fec17bf116cf852e6cbf7c20f5
FING-2905,1363,2015,1,Fund Progr,4,0,2,6,2016,1,A,1,5.5,24c1d989b471eebd0dfda9f17946f264c15fefc7dda29c860adbd753f7ae39fe
FING-2909,1363,2015,1,Fund Progr,4,0,2,6,2016,1,A,2,5.3,24c1d989b471eebd0dfda9f17946f264c15fefc7dda29c860adbd753f7ae39fe
FING-4115,1363,2015,1,Fund Progr,4,0,2,6,2016,1,A,2,5.2,b2f2e408712fcc4c0629e46d1d41084bdf94f09a5b5d8e6e22c090c72be3d8c0
FING-2973,1363,2015,1,Fund Progr,4,0,2,6,2016,1,A,2,5.1,b2f2e408712fcc4c0629e46d1d41084bdf94f09a5b5d8e6e22c090c72be3d8c0
FING-2933,1363,2015,1,Fund Progr,4,0,2,6,2016,1,A,2,5.4,b2f2e408712fcc4c0629e46d1d41084bdf94f09a5b5d8e6e22c090c72be3d8c0
FING-4190,1363,2015,1,Fund Progr,4,0,2,6,2016,1,A,2,5.8,38af4d4daf2f18f9b897fcc9f78d7520adc0ce400599e5fa0bc0cb9f212ddcdd
FING-228,1363,2015,1,Fund Progr,4,0,2,6,2016,1,A,2,5.4,38af4d4daf2f18f9b897fcc9f78d7520adc0ce400599e5fa0bc0cb9f212ddcdd
FING-2935,1363,2015,1,Fund Progr,4,0,2,6,2016,1,A,1,4.4,38af4d4daf2f18f9b897fcc9f78d7520adc0ce400599e5fa0bc0cb9f212ddcdd
FING-2960,1363,2015,1,Fund Progr,4,0,2,6,2016,1,A,2,4.8,38af4d4daf2f18f9b897fcc9f78d7520adc0ce400599e5fa0bc0cb9f212ddcdd
FING-2898,1363,2015,1,Fund Progr,4,0,2,6,2016,1,A,2,6.4,262093a216a636b36de09c0b618a2a8aa41f2a926eb8579f7c5b070257c3a9f8
FING-2920,1363,2015,1,Fund Progr,4,0,2,6,2016,1,R,2,3.5,262093a216a636b36de09c0b618a2a8aa41f2a926eb8579f7c5b070257c3a9f8
FING-12860,1363,2012,1,Formal Language Processing,4,2,2,8,2016,1,R,2,2.1,16b2d5b4c473b956b41412275c081b5cab38d261f201aad7e31443548418f4bc
FING-12988,1363,2013,1,Formal Language Processing,4,2,2,8,2016,1,A,1,4.0,16b2d5b4c473b956b41412275c081b5cab38d261f201aad7e31443548418f4bc
FING-1532,1363,2014,1,Formal Language Processing,4,2,2,8,2016,1,A,2,4.7,16b2d5b4c473b956b41412275c081b5cab38d261f201aad7e31443548418f4bc
FING-1532,1363,2014,1,Networks,4,2,2,8,2016,1,A,2,5.0,6ac1bc49bbbee7eb8a61ba9ddbb9373b5e8e859ce218a87c731fc76ce0b464f7
FING-12860,1363,2012,1,Numerical Algorithms,4,2,2,8,2016,1,R,2,2.6,de362fb95f53a0ada1ce7ad1fc8db444e40ea24d306028d5be3c5da21288f0d1
FING-2898,1363,2015,1,Chemistry,4,2,0,6,2016,1,A,2,4.7,886b8d9266906987afd4cba92a1074cdf9c9db5b793d57f7e318d192e2b15720
FING-4190,1363,2015,1,Chemistry,4,2,0,6,2016,1,R,2,3.0,886b8d9266906987afd4cba92a1074cdf9c9db5b793d57f7e318d192e2b15720
FING-2935,1363,2015,1,Chemistry,4,2,0,6,2016,1,A,1,4.0,9721a6b593b134a940b7e8e7daac7fbcb0ab2b9681cc12a67a9eefade6b0c2a9
FING-2908,1363,2015,1,Chemistry,4,2,0,6,2016,1,A,1,4.1,9438af86b5ca99ab3b517de806b821c024b6284478dbc5d992363a1d554aeda7
FING-2910,1363,2015,1,Chemistry,4,2,0,6,2016,1,R,1,3.5,d405568f9c355825632cbdc841d5ad96c093dce6229bde2fe085efbbc38814f2
FING-4190,1363,2015,1,Chemistry,4,2,0,6,2016,2,R,2,3.0,39baceb72fec0a6d32ffe2e718de719b4077f6b669c32b647aa28921f11a7124
FING-6354,1363,2016,1,Chemistry,4,2,0,6,2016,2,A,2,5.4,2361504a18188db06e31327ec4115c67c738621a57cb3b1f070d301010d528ff
FING-2910,1363,2015,1,Chemistry,4,2,0,6,2016,2,A,1,5.1,2361504a18188db06e31327ec4115c67c738621a57cb3b1f070d301010d528ff
FING-165,1363,2014,1,Stat Analys,4,2,0,6,2016,2,A,2,4.5,80ba212777d65715fa75beef6c200e1ff774ccae49bced566a5496db704f4a11
FING-2945,1363,2015,1,Diff Ec & Num Meth,4,2,0,6,2016,2,A,2,5.6,181e30176d5151f470b4d4ea3330f98226c82602e7fcc8ee6467abea8d0eeeca
FING-180,1363,2014,1,Cal 3,4,2,0,6,2016,2,A,2,4.6,d9432f4e1d42c298e4a5bf3c9da43999e4ecf8ddf03af24848fa23131f9e31ea
FING-192,1363,2014,1,Fund Econ,4,2,0,6,2016,2,A,2,4.8,487baef69b6c44019f981a561ab6d322830657f2d6ce9dbbf6b58f22862fb390
FING-157,1363,2014,1,Fund Econ,4,2,0,6,2016,2,A,2,4.8,487baef69b6c44019f981a561ab6d322830657f2d6ce9dbbf6b58f22862fb390
FING-5353,1363,2016,1,Cal 1,6,2,0,8,2016,2,A,2,4.2,928bb54213a20f09fee5f102e05b9920ccba9d5ed93b59e9c92d3e0c98234988
FING-5374,1363,2016,1,Cal 1,6,2,0,8,2016,2,A,2,4.5,928bb54213a20f09fee5f102e05b9920ccba9d5ed93b59e9c92d3e0c98234988
FING-6355,1363,2016,1,Cal 1,6,2,0,8,2016,2,R,2,2.5,98ea76fb2e93a2f81fc61627bc908f29841d7b6ee32ad2ea732a1e56491aead3
FING-228,1363,2015,1,Cal 2,6,2,0,8,2016,2,R,2,3.5,33e204aea668f394b1ec19305f5f71d78734fae850319a330b803ec15a5920f1
FING-2971,1363,2015,1,Cal 2,6,2,0,8,2016,2,A,2,4.6,33e204aea668f394b1ec19305f5f71d78734fae850319a330b803ec15a5920f1
FING-13134,1363,2013,1,Cal 3,4,2,0,6,2016,2,A,2,4.0,8a5a1b2546b474bcad309c4ebcac6bed0bc1693473ad875d87a2bf81f9d006a7
FING-2933,1363,2015,1,Cal 3,4,2,0,6,2016,2,A,2,4.7,8a5a1b2546b474bcad309c4ebcac6bed0bc1693473ad875d87a2bf81f9d006a7
FING-5369,1363,2016,1,Cal 1,6,2,0,8,2016,2,A,2,5.4,07e94f38187545d903a892230fedc379ace5c5d1c0f8ecbded5705c3654b2b49
FING-5382,1363,2016,1,Cal 2,6,2,0,8,2016,2,A,2,4.8,1c702013c61a4e9c3d55a6cab9307e9dd956c95b7bc9c9eaecbcaad761f589f1
FING-2955,1363,2015,1,Cal 2,6,2,0,8,2016,2,R,2,3.6,1c702013c61a4e9c3d55a6cab9307e9dd956c95b7bc9c9eaecbcaad761f589f1
FING-5349,1363,2016,1,Cal 2,6,2,0,8,2016,2,A,2,4.2,1c702013c61a4e9c3d55a6cab9307e9dd956c95b7bc9c9eaecbcaad761f589f1
FING-2908,1363,2015,1,Cal 2,6,2,0,8,2016,2,R,1,2.5,94434f361cfd8e20fdddb4ecf46307ee2176795b035583a9581a1fbd50b982d3
FING-15274,1363,2016,1,Fund Progr,4,0,2,6,2016,2,A,2,5.0,8a00056dda116e6e344eb91e507097341ac2d8336a6fee83c16f256bb4c3799e
FING-2951,1363,2015,1,Cal 2,6,2,0,8,2016,2,A,2,4.9,2584353b91d4eadef813ce626630cca4de7f6dcaaff46a066999b7d4e9b34d1b
FING-2973,1363,2015,1,Cal 2,6,2,0,8,2016,2,R,2,2.4,2584353b91d4eadef813ce626630cca4de7f6dcaaff46a066999b7d4e9b34d1b
FING-5376,1363,2016,1,Fund Progr,4,0,2,6,2016,2,A,2,4.8,122280003ba72daba6bbe7fc1195f53350963bcaad5a298ca665422993f2eb0c
FING-2909,1363,2015,1,Elect & Mag,4,2,1,7,2016,2,A,2,4.4,9744ebe904d1dae33b54c1c59f8db4d9dab8e4debd45879372d42e3cbe6cdee8
FING-2905,1363,2015,1,Elect & Mag,4,2,1,7,2016,2,R,1,3.1,b94daedab2212a82b2e037a693841bb8355920496031b307cc16e7f127705dcc
FING-1528,1363,2014,1,Elect & Mag,4,2,1,7,2016,2,R,2,2.3,b94daedab2212a82b2e037a693841bb8355920496031b307cc16e7f127705dcc
FING-1531,1363,2014,1,Elect & Mag,4,2,1,7,2016,2,A,1,4.4,9744ebe904d1dae33b54c1c59f8db4d9dab8e4debd45879372d42e3cbe6cdee8
FING-2946,1363,2015,1,Comp Struc,4,2,1,7,2016,2,A,2,5.1,8b7eb5c8931cf41fe21d405c6a69bfafd6307c6f617d2a5af34c471a984c159e
FING-214,1363,2014,1,Comp Struc,4,2,1,7,2016,2,A,2,4.7,8b7eb5c8931cf41fe21d405c6a69bfafd6307c6f617d2a5af34c471a984c159e
FING-184,1363,2014,1,Algorithms,4,0,2,6,2016,2,A,1,5.1,1d2f04874f1461d4e98749f75ccfa1929db2fe137433d027a87ca70c2ea63fd0
FING-6491,1363,2017,1,Phy 1,4,2,1,7,2016,1,A,2,5.0,9744ebe904d1dae33b54c1c59f8db4d9dab8e4debd45879372d42e3cbe6cdee8
FING-6491,1363,2017,1,IPD Workshop,2,0,2,4,2016,1,A,2,5.4,88a7c15da856303700daf73cd17d544ee747dd4bcfb0c5310e3221757253b173
FING-6491,1363,2017,1,Std Methods,0,0,2,2,2016,1,A,2,4.9,67278b2da1e4c769924d04c1c22e71192829b46743d5d31da29c67e91e78ccdb
FING-6491,1363,2017,1,Alg 2,4,2,0,6,2016,2,A,2,5.3,f7475fca1cdcb3d772565c1474e5b8132c78ad221eaf9fbd10bdf3e06f37491a
FING-7312,1363,2017,1,Chemistry,4,2,0,6,2017,2,R,2,1.9,9721a6b593b134a940b7e8e7daac7fbcb0ab2b9681cc12a67a9eefade6b0c2a9
FING-5349,1363,2016,1,Chemistry,4,2,0,6,2017,2,R,2,2.0,fb9645e0acae33b6d451fbf3e7941f8c14945048003b1674c2446ca2d6071670
FING-7300,1363,2017,1,Chemistry,4,2,0,6,2017,2,R,2,2.9,fb9645e0acae33b6d451fbf3e7941f8c14945048003b1674c2446ca2d6071670
FING-15282,1363,2017,1,Chemistry,4,2,0,6,2017,2,R,1,2.9,3fe86a928159cf9ef9e2ca5544a667c9629d0e210733f7178dccaea9f02f0b1a
FING-7327,1363,2017,1,Chemistry,4,2,0,6,2017,2,R,2,2.5,35959c07813ba32246bde7a3f5849b35a05e121bf3fb2c0fc668aba67cf7e817
FING-8361,1363,2017,1,Chemistry,4,2,0,6,2017,2,A,2,4.0,35959c07813ba32246bde7a3f5849b35a05e121bf3fb2c0fc668aba67cf7e817
FING-7349,1363,2017,1,Chemistry,4,2,0,6,2017,2,A,2,6.4,12088f67644d278b27bf0357691bcc823c23a59c355c86fa4f0aedd2bc737854
FING-5376,1363,2016,1,Chemistry,4,2,0,6,2017,2,A,2,4.3,12088f67644d278b27bf0357691bcc823c23a59c355c86fa4f0aedd2bc737854
FING-8308,1363,2017,1,Chemistry,4,2,0,6,2017,2,A,2,4.7,f3e3077060b02367391659203cbf31e291e495f3ea741f9e69bb3e0daae8a34c
FING-1221,1363,2017,1,Chemistry,4,2,0,6,2017,2,A,2,4.4,f3e3077060b02367391659203cbf31e291e495f3ea741f9e69bb3e0daae8a34c
FING-7316,1363,2017,1,Chemistry,4,2,0,6,2017,2,R,2,1.8,f3e3077060b02367391659203cbf31e291e495f3ea741f9e69bb3e0daae8a34c
FING-6364,1363,2016,1,Chemistry,4,2,0,6,2017,2,A,2,4.1,f3e3077060b02367391659203cbf31e291e495f3ea741f9e69bb3e0daae8a34c
FING-7306,1363,2017,1,Chemistry,4,2,0,6,2017,2,R,1,3.5,f3e3077060b02367391659203cbf31e291e495f3ea741f9e69bb3e0daae8a34c
FING-7341,1363,2017,1,Chemistry,4,2,0,6,2017,2,A,1,4.2,f3e3077060b02367391659203cbf31e291e495f3ea741f9e69bb3e0daae8a34c
FING-8359,1363,2017,1,Chemistry,4,2,0,6,2017,2,R,2,2.4,d1f27e9b5bab9a6972c0f27842b962d4b75efbc27ba41aab3b75db7134d77324
FING-8195,1363,2017,1,Chemistry,4,2,0,6,2017,2,A,2,4.5,25b7853f2f519c9986fbb47ae11ec2612086cd44201446f2bb97cd0f5ca4501d
FING-7307,1363,2017,1,Chemistry,4,2,0,6,2017,2,R,1,3.5,25b7853f2f519c9986fbb47ae11ec2612086cd44201446f2bb97cd0f5ca4501d
FING-5382,1363,2016,1,Progr Methd,4,2,2,8,2017,2,A,2,4.7,f072b1c51af296c36b788c59183f904422b84d9e501221ec592a879a02a946ed
FING-2920,1363,2015,1,Progr Methd,4,2,2,8,2017,2,R,2,1.8,f072b1c51af296c36b788c59183f904422b84d9e501221ec592a879a02a946ed
FING-535,1363,2017,2,Progr Methd,4,2,2,8,2017,2,A,2,5.3,f072b1c51af296c36b788c59183f904422b84d9e501221ec592a879a02a946ed
FING-6350,1363,2016,1,Progr Methd,4,2,2,8,2017,2,A,2,5.1,f072b1c51af296c36b788c59183f904422b84d9e501221ec592a879a02a946ed
FING-2909,1363,2015,1,Progr Methd,4,2,2,8,2017,2,R,2,2.5,f072b1c51af296c36b788c59183f904422b84d9e501221ec592a879a02a946ed
FING-6359,1363,2016,1,Progr Methd,4,2,2,8,2017,2,A,2,5.2,f072b1c51af296c36b788c59183f904422b84d9e501221ec592a879a02a946ed
FING-5353,1363,2016,1,Progr Methd,4,2,2,8,2017,2,R,2,1.8,f072b1c51af296c36b788c59183f904422b84d9e501221ec592a879a02a946ed
FING-1531,1363,2014,1,SoftEng Methods,4,2,0,6,2017,2,A,1,6.2,3221f42f64144bbf31bd3850691b5a66b89783586a0a613e87d6e9a1b02c4cb7
FING-1532,1363,2014,1,SoftEng Workshop,2,0,4,6,2017,2,A,2,4.9,535f9bee2a55efa707487a88d61fbb6cef568349a81b3aed143ec41146e7c790
FING-5382,1363,2016,1,Comp Struc,4,2,1,7,2017,2,A,2,4.5,93b27509910fd8f6cba12d81e82a313cbb395f4e059fc6b55c7ef7a4be7c997c
FING-2919,1363,2015,1,Comp Struc,4,2,1,7,2017,2,R,2,1.0,93b27509910fd8f6cba12d81e82a313cbb395f4e059fc6b55c7ef7a4be7c997c
FING-3928,1363,2015,1,Comp Struc,4,2,1,7,2017,2,R,2,3.3,93b27509910fd8f6cba12d81e82a313cbb395f4e059fc6b55c7ef7a4be7c997c
FING-2973,1363,2015,1,Progr Parad,4,0,2,6,2017,2,R,2,1.0,9f07d0f42bbd4ac3b6a3bd9012347cccde485e88def5c3acffca747d7d8eef5c
FING-6281,1363,2016,1,Progr Parad,4,0,2,6,2017,2,A,2,4.2,9f07d0f42bbd4ac3b6a3bd9012347cccde485e88def5c3acffca747d7d8eef5c
FING-6491,1363,2017,1,Progr Parad,4,0,2,6,2017,2,A,2,4.4,9f07d0f42bbd4ac3b6a3bd9012347cccde485e88def5c3acffca747d7d8eef5c
FING-1782,1363,2015,1,Op Sys,4,2,2,8,2017,2,A,2,4.5,8e3dcc8ea49f648fe1264e4c4267a2c8232c69e7ea3463b9f64ce3f9749a992e
FING-5767,1363,2017,2,Comp Struc,4,2,1,7,2017,2,A,2,4.1,8b7eb5c8931cf41fe21d405c6a69bfafd6307c6f617d2a5af34c471a984c159e
FING-6281,1363,2016,1,Comp Struc,4,2,1,7,2017,2,A,2,5.3,8b7eb5c8931cf41fe21d405c6a69bfafd6307c6f617d2a5af34c471a984c159e
FING-535,1363,2017,2,Comp Struc,4,2,1,7,2017,2,R,2,1.1,8b7eb5c8931cf41fe21d405c6a69bfafd6307c6f617d2a5af34c471a984c159e
FING-2933,1363,2015,1,Comp Struc,4,2,1,7,2017,2,A,2,4.9,8b7eb5c8931cf41fe21d405c6a69bfafd6307c6f617d2a5af34c471a984c159e
FING-199,1363,2014,1,Algorithms,4,0,2,6,2015,1,A,2,CNV,
FING-10014,1363,2018,1,Eff Comm,0,0,2,2,2018,2,A,2,6.9,80b77e03e906b6b90f7282edb67cb80f532e56d6704ff5b5896dce0e702084f0
FING-4371,1363,2018,1,Eff Comm,0,0,2,2,2018,2,A,2,6.7,710155895a7e3cc3b1b37db34ca85d029d6fc571c6f38085da5a26c8f182d29a
FING-9202,1363,2018,1,Eff Comm,0,0,2,2,2018,2,A,1,6.6,710155895a7e3cc3b1b37db34ca85d029d6fc571c6f38085da5a26c8f182d29a
FING-9191,1363,2018,1,Eff Comm,0,0,2,2,2018,2,A,2,6.2,710155895a7e3cc3b1b37db34ca85d029d6fc571c6f38085da5a26c8f182d29a
FING-29416,1363,2017,1,Eng 1,0,0,2,2,2018,2,A,2,5.4,88b92944cf71d575adb267c2065647d01500a1577a232f797e0ed0930dcb0235
FING-7300,1363,2017,1,Eng 1,0,0,2,2,2018,2,A,2,5.8,1539ec383f45bc6530080b906ea6224bccf6c7878e26fbe1c2b73dcc43f27c16
FING-10176,1363,2018,1,Eng 1,0,0,2,2,2018,2,A,2,6.6,fdb1ccd1ffc24c385582f07efea282827420a31d5274d9b488cab44797d7e8ca
FING-6359,1363,2016,1,Eng 2,0,0,2,2,2018,2,A,2,6.0,05a158b0394b2121a1e31ebd32ad22748f8f672294e8e71dd514831300eacc2e
FING-1221,1363,2017,1,Eng 2,0,0,2,2,2018,2,A,2,6.1,8cd1c525096ad294d6e86e1c1eb8f0518f07be21695937adbf64724a25cdb78f
FING-7306,1363,2017,1,Eng 2,0,0,2,2,2018,2,A,1,6.8,8cd1c525096ad294d6e86e1c1eb8f0518f07be21695937adbf64724a25cdb78f
FING-7341,1363,2017,1,Eng 2,0,0,2,2,2018,2,A,1,4.4,8cd1c525096ad294d6e86e1c1eb8f0518f07be21695937adbf64724a25cdb78f
FING-5349,1363,2016,1,Eng 2,0,0,2,2,2018,2,R,2,1.0,7445abcb3d02291ae02a0412ab6cfb157b95d1cdc92b3049f39926cfd55ed69d
FING-8359,1363,2017,1,Eng 2,0,0,2,2,2018,2,A,2,5.9,7445abcb3d02291ae02a0412ab6cfb157b95d1cdc92b3049f39926cfd55ed69d
FING-7307,1363,2017,1,Eng 2,0,0,2,2,2018,2,A,1,6.5,88b92944cf71d575adb267c2065647d01500a1577a232f797e0ed0930dcb0235
FING-7316,1363,2017,1,Eng 2,0,0,2,2,2018,2,A,2,5.6,6bb5c3af4266c0b8d6491b3c111fed9e5b23e78bd46349c1341957dca57156de
FING-8361,1363,2017,1,Eng 2,0,0,2,2,2018,2,A,2,5.9,676472d9733969341e880539f5cd2aa02fee27568316a06004b006dc9e0c0f45
FING-8308,1363,2017,1,Eng 2,0,0,2,2,2018,2,A,2,7.0,d243075554e9e28bcc9460e19789a9578b49db27694e674c6c0f82cb7f85a5e5
FING-8195,1363,2017,1,Eng 2,0,0,2,2,2018,2,A,2,7.0,d243075554e9e28bcc9460e19789a9578b49db27694e674c6c0f82cb7f85a5e5
FING-7349,1363,2017,1,Eng 2,0,0,2,2,2018,2,A,2,7.0,d243075554e9e28bcc9460e19789a9578b49db27694e674c6c0f82cb7f85a5e5
FING-6364,1363,2016,1,Eng 2,0,0,2,2,2018,2,A,2,6.8,d243075554e9e28bcc9460e19789a9578b49db27694e674c6c0f82cb7f85a5e5
FING-7354,1363,2017,1,Eng 2,0,0,2,2,2018,2,A,2,7.0,d243075554e9e28bcc9460e19789a9578b49db27694e674c6c0f82cb7f85a5e5
FING-15282,1363,2017,1,Eng 2,0,0,2,2,2018,2,A,1,7.0,d243075554e9e28bcc9460e19789a9578b49db27694e674c6c0f82cb7f85a5e5
FING-2989,1363,2016,1,Eng 3,0,0,2,2,2018,2,A,2,5.3,1539ec383f45bc6530080b906ea6224bccf6c7878e26fbe1c2b73dcc43f27c16
FING-15274,1363,2016,1,Eng 3,0,0,2,2,2018,2,A,2,5.8,bd9ac54818f0c524b5791464d60e9a0bca29b466be2f66af984a8d3f35779f62
FING-6491,1363,2017,1,Eng 3,0,0,2,2,2018,2,A,2,5.7,bd9ac54818f0c524b5791464d60e9a0bca29b466be2f66af984a8d3f35779f62
FING-5387,1363,2016,1,Eng 3,0,0,2,2,2018,2,A,2,5.6,78f0d05863b49f0f1964a8da4fbbc57454f1522e438f3057db9059ef89f5d749
FING-6281,1363,2016,1,Eng 3,0,0,2,2,2018,2,A,2,6.6,2c7cea8c73e2f9d0b6f52d0c92c59296fed3776ac568e2fb97f385239ac09e5f
FING-5381,1363,2016,1,Eng 3,0,0,2,2,2018,2,A,2,7.0,c7a002f402fc2db943a0f882d3bb743c7f3e23e7bea4a51a9467c1a27d8e09c9
FING-5402,1363,2016,1,Eng 4,0,0,2,2,2018,2,A,1,7.0,331daeb5e2bacaa17d203d73ce2c26227a79b69371f5f02e9b9d3d9d1d577b68
FING-5767,1363,2017,2,Eng 4,0,0,2,2,2018,2,A,2,5.2,da13843c885b13df7d3b6dd5e834d0d1e7e4edb0b2f9e394017c27a653743c44
FING-5376,1363,2016,1,Eng 4,0,0,2,2,2018,2,A,2,5.9,7445abcb3d02291ae02a0412ab6cfb157b95d1cdc92b3049f39926cfd55ed69d
FING-5402,1363,2016,1,Algorithms,4,0,2,6,2018,2,R,1,3.2,642a22eb984b5632934968b0535f493930d7b68aad8b0105ce42f03ad83022a4
FING-7760,1363,2018,1,Algorithms,4,0,2,6,2018,2,A,2,5.6,642a22eb984b5632934968b0535f493930d7b68aad8b0105ce42f03ad83022a4
FING-1782,1363,2015,1,Project Evaluation,2,0,4,6,2018,2,A,2,5.8,f07aee52d6c6bcf2d5d0515a7b5bc96a76bcfb5cdceca686b2a60ce754f77b43
FING-223,1363,2014,1,Numerical Algorithms,4,2,2,8,2018,2,R,2,2.5,de362fb95f53a0ada1ce7ad1fc8db444e40ea24d306028d5be3c5da21288f0d1
FING-6491,1363,2017,1,Numerical Algorithms,4,2,2,8,2018,2,A,2,4.2,de362fb95f53a0ada1ce7ad1fc8db444e40ea24d306028d5be3c5da21288f0d1
FING-9202,1363,2018,1,Algorithms,4,0,2,6,2019,2,A,1,4.9,47a53c862e3e2968799fbe044929caa2ae12af763967e5a9678384cd2f846b16
FING-7312,1363,2017,1,Algorithms,4,0,2,6,2019,2,R,2,2.8,47a53c862e3e2968799fbe044929caa2ae12af763967e5a9678384cd2f846b16
FING-15274,1363,2016,1,Algorithms,4,0,2,6,2019,2,A,2,5.1,47a53c862e3e2968799fbe044929caa2ae12af763967e5a9678384cd2f846b16
FING-8308,1363,2017,1,SoftEng Fund,4,2,0,6,2019,2,A,2,5.9,50ef7af33e399196fd03422a15dab72129669feb547029ad89552c189a5accb5
FING-7760,1363,2018,1,SoftEng Fund,4,2,0,6,2019,2,A,2,5.9,50ef7af33e399196fd03422a15dab72129669feb547029ad89552c189a5accb5
FING-2919,1363,2015,1,Advanced Algorithms,4,2,2,8,2019,2,A,2,5.0,245b64604a8d5d0553dacc990da644b71a70600bca3960b0154ad94b4c33a1f1
FING-7760,1363,2018,1,Advanced Algorithms,4,2,2,8,2019,2,A,2,5.5,245b64604a8d5d0553dacc990da644b71a70600bca3960b0154ad94b4c33a1f1
FING-2919,1363,2015,1,Op Sys,4,2,2,8,2019,2,A,2,4.4,8e3dcc8ea49f648fe1264e4c4267a2c8232c69e7ea3463b9f64ce3f9749a992e
FING-5376,1363,2016,1,Op Sys,4,2,2,8,2019,2,R,2,3.7,8e3dcc8ea49f648fe1264e4c4267a2c8232c69e7ea3463b9f64ce3f9749a992e
FING-3928,1363,2015,1,Op Sys,4,2,2,8,2019,2,R,2,3.5,5ea3b82eb99612f6505e355dbb2b4ec6a630f5217f5b53df0a17295ebd2612b9
FING-5767,1363,2017,2,Macroeconomics,4,0,0,4,2019,2,A,2,5.0,90e37d439b3ffcadaccfc43e752e3beb562da4c9e551374fdcb071bc72e4cf0c
FING-6491,1363,2017,1,Macroeconomics,4,0,0,4,2019,2,R,2,2.8,90e37d439b3ffcadaccfc43e752e3beb562da4c9e551374fdcb071bc72e4cf0c
FING-3928,1363,2015,1,SoftEng Methods,4,2,0,6,2019,2,A,2,6.2,3221f42f64144bbf31bd3850691b5a66b89783586a0a613e87d6e9a1b02c4cb7
FING-6281,1363,2016,1,SoftEng Methods,4,2,0,6,2019,2,A,2,7.0,3221f42f64144bbf31bd3850691b5a66b89783586a0a613e87d6e9a1b02c4cb7
FING-1782,1363,2015,1,Elective III,4,0,2,6,2019,2,A,2,6.3,39820b6bab1a972732d6c9e6d82fc9b028e6cb29b9f5a95e3d587fa64bd9d39c
FING-1782,1363,2015,1,CS Engineering Project,0,0,8,8,2019,2,A,2,4.9,33dd9f3b84956c6e4576cf75cf3951ba13557122fe669448b32ffefc911211ea
FING-8308,1363,2017,1,Comp Struc,4,2,1,7,2019,2,A,2,5.6,2401236f54376c526d5c6581ee2065cd860ce0203660ebf3c7c33654be2db3a4
FING-1221,1363,2017,1,Comp Struc,4,2,1,7,2019,2,A,2,5.0,2401236f54376c526d5c6581ee2065cd860ce0203660ebf3c7c33654be2db3a4
FING-2915,1363,2015,1,Comp Struc,4,2,1,7,2019,2,A,2,5.9,2401236f54376c526d5c6581ee2065cd860ce0203660ebf3c7c33654be2db3a4
FING-7349,1363,2017,1,Comp Struc,4,2,1,7,2019,2,A,2,5.6,2401236f54376c526d5c6581ee2065cd860ce0203660ebf3c7c33654be2db3a4
FING-9202,1363,2018,1,Comp Struc,4,2,1,7,2019,2,A,1,5.5,2401236f54376c526d5c6581ee2065cd860ce0203660ebf3c7c33654be2db3a4
FING-7354,1363,2017,1,Comp Struc,4,2,1,7,2019,2,A,2,5.5,2401236f54376c526d5c6581ee2065cd860ce0203660ebf3c7c33654be2db3a4
FING-15282,1363,2017,1,Comp Struc,4,2,1,7,2019,2,A,1,5.0,2401236f54376c526d5c6581ee2065cd860ce0203660ebf3c7c33654be2db3a4
FING-15274,1363,2016,1,Syst Eng,4,2,0,6,2019,2,A,2,4.1,28c6c5bbf5d7179bb107cafd4476735962f8f755b2efb9903fb0e52b497fa2b7
FING-7760,1363,2018,1,DB Design,4,1,1,6,2019,2,A,2,5.9,e7664f59ac17269c7b8850165be580d22f8815f1b1dee14b1468d917d36b1b1e
FING-15274,1363,2016,1,Comp Org,4,1,1,6,2019,2,A,2,4.2,cec81ee66a411914454dc487ece9a19e89f26d9cfa941ac1eb4885f74a77c639
FING-7760,1363,2018,1,Comp Org,4,1,1,6,2019,2,A,2,5.3,cec81ee66a411914454dc487ece9a19e89f26d9cfa941ac1eb4885f74a77c639
FING-5376,1363,2016,1,Numerical Algorithms,4,2,2,8,2019,2,A,2,4.7,de362fb95f53a0ada1ce7ad1fc8db444e40ea24d306028d5be3c5da21288f0d1
FING-2919,1363,2015,1,Statistical Inference,4,2,0,6,2019,2,A,2,5.3,c1e4635e6d285e41246f10c26345ab46753a2410b81286e3de6f4577af5f89c3
FING-6491,1363,2017,1,Statistical Inference,4,2,0,6,2019,2,A,2,4.0,c1e4635e6d285e41246f10c26345ab46753a2410b81286e3de6f4577af5f89c3
FING-28148,1363,2019,1,Eng 1,0,0,2,2,2020,2,A,2,6.8,bd9ac54818f0c524b5791464d60e9a0bca29b466be2f66af984a8d3f35779f62
FING-11159,1363,2019,1,Eng 1,0,0,2,2,2020,2,A,2,6.5,bd9ac54818f0c524b5791464d60e9a0bca29b466be2f66af984a8d3f35779f62
FING-11142,1363,2019,1,Eng 1,0,0,2,2,2020,2,A,2,6.0,676472d9733969341e880539f5cd2aa02fee27568316a06004b006dc9e0c0f45
FING-11168,1363,2019,1,Eng 1,0,0,2,2,2020,2,A,2,7.0,bd9ac54818f0c524b5791464d60e9a0bca29b466be2f66af984a8d3f35779f62
FING-11123,1363,2019,1,Eng 1,0,0,2,2,2020,2,A,2,4.8,bd9ac54818f0c524b5791464d60e9a0bca29b466be2f66af984a8d3f35779f62
FING-11113,1363,2019,1,Eng 2,0,0,2,2,2020,2,A,2,6.2,a6fb443946e583f3114b054a27ffbef6eeddc3b37b0afc838fd8e1e240171f9a
FING-11071,1363,2019,1,Eng 2,0,0,2,2,2020,2,A,2,6.7,bd9ac54818f0c524b5791464d60e9a0bca29b466be2f66af984a8d3f35779f62
FING-15339,1363,2019,1,Eng 2,0,0,2,2,2020,2,A,2,6.6,c20cd0d61719863119ca824ae4728f5aa9e8f1cd5b7e44f5e412f26bc4304dd8
FING-15346,1363,2019,1,Eng 2,0,0,2,2,2020,2,A,2,6.9,c20cd0d61719863119ca824ae4728f5aa9e8f1cd5b7e44f5e412f26bc4304dd8
FING-11115,1363,2019,1,Cal 2,6,2,0,8,2020,2,A,2,4.7,b8cfc512f99f1372efa88cf44d04e7d07ecec3d7b896c9db4cccbfc2accc3504
FING-11122,1363,2019,1,Cal 2,6,2,0,8,2020,2,A,1,4.1,b8cfc512f99f1372efa88cf44d04e7d07ecec3d7b896c9db4cccbfc2accc3504
FING-11083,1363,2019,1,Cal 2,6,2,0,8,2020,2,A,1,5.0,b8cfc512f99f1372efa88cf44d04e7d07ecec3d7b896c9db4cccbfc2accc3504
FING-7312,1363,2017,1,SoftEng Fund,4,2,0,6,2020,2,A,2,5.7,403e5a64663d846f76ab728811fa09aed18dd766afa0e1a60faf460bd2299b53
FING-5767,1363,2017,2,SoftEng Methods,4,2,0,6,2020,2,A,2,4.4,3221f42f64144bbf31bd3850691b5a66b89783586a0a613e87d6e9a1b02c4cb7
FING-7760,1363,2018,1,SoftEng Methods,4,2,0,6,2020,2,A,2,6.7,3221f42f64144bbf31bd3850691b5a66b89783586a0a613e87d6e9a1b02c4cb7
FING-6281,1363,2016,1,Data Analysis,4,0,2,6,2020,2,A,2,4.9,b1b15560e2be8b7042f970cb5fefe8691e2a7551695704e678411dc14da06999
FING-6491,1363,2017,1,Data Analysis,4,0,2,6,2020,2,A,2,5.7,b1b15560e2be8b7042f970cb5fefe8691e2a7551695704e678411dc14da06999
FING-6281,1363,2016,1,Project Evaluation,2,0,4,6,2020,2,A,2,5.2,70c98bb5a2fc66264f5fee9ab71aa0b889a9f8466bb941fe0d340fecf9e7cc57
FING-6491,1363,2017,1,Project Evaluation,2,0,4,6,2020,2,A,2,4.9,70c98bb5a2fc66264f5fee9ab71aa0b889a9f8466bb941fe0d340fecf9e7cc57
FING-223,1363,2014,1,Advanced Algorithms,4,2,2,8,2021,1,A,2,6.3,245b64604a8d5d0553dacc990da644b71a70600bca3960b0154ad94b4c33a1f1
FING-7349,1363,2017,1,Advanced Algorithms,4,2,2,8,2021,1,A,2,5.1,245b64604a8d5d0553dacc990da644b71a70600bca3960b0154ad94b4c33a1f1
FING-9611,1363,2019,2,Advanced Algorithms,4,2,2,8,2021,1,A,2,5.5,245b64604a8d5d0553dacc990da644b71a70600bca3960b0154ad94b4c33a1f1
FING-4371,1363,2018,1,Syst Eng,4,2,0,6,2021,1,A,2,4.9,28705518ad54de7ff7a728187f822af28090208020a6a3846171a17906851fe5
FING-9172,1363,2018,1,Syst Eng,4,2,0,6,2021,1,R,2,1.0,28705518ad54de7ff7a728187f822af28090208020a6a3846171a17906851fe5
FING-11177,1363,2019,1,Diff Ec & Num Meth,4,2,0,6,2021,1,A,1,4.8,0273a82eb29bb351d1c24137c450c6dc8cbebb7e6fc0029846691d238e3392af
FING-4371,1363,2018,1,Diff Ec & Num Meth,4,2,0,6,2021,1,A,2,5.4,0273a82eb29bb351d1c24137c450c6dc8cbebb7e6fc0029846691d238e3392af
FING-28124,1363,2018,1,Diff Ec & Num Meth,4,2,0,6,2021,1,R,2,3.8,0273a82eb29bb351d1c24137c450c6dc8cbebb7e6fc0029846691d238e3392af
FING-9136,1363,2018,1,Diff Ec & Num Meth,4,2,0,6,2021,1,R,2,3.3,0273a82eb29bb351d1c24137c450c6dc8cbebb7e6fc0029846691d238e3392af
FING-11122,1363,2019,1,Diff Ec & Num Meth,4,2,0,6,2021,1,A,1,4.3,0273a82eb29bb351d1c24137c450c6dc8cbebb7e6fc0029846691d238e3392af
FING-11083,1363,2019,1,Diff Ec & Num Meth,4,2,0,6,2021,1,R,1,3.0,0273a82eb29bb351d1c24137c450c6dc8cbebb7e6fc0029846691d238e3392af
FING-11177,1363,2019,1,Elect & Mag,4,2,1,7,2021,1,A,1,4.8,8d708188d48a205fd0ee6094067176dc7d98cbf0882b42659479e4ee14e20270
FING-28124,1363,2018,1,Elect & Mag,4,2,1,7,2021,1,A,2,4.2,8d708188d48a205fd0ee6094067176dc7d98cbf0882b42659479e4ee14e20270
FING-11135,1363,2019,1,Elect & Mag,4,2,1,7,2021,1,A,2,4.1,8d708188d48a205fd0ee6094067176dc7d98cbf0882b42659479e4ee14e20270
FING-11123,1363,2019,1,Elect & Mag,4,2,1,7,2021,1,A,2,4.5,8d708188d48a205fd0ee6094067176dc7d98cbf0882b42659479e4ee14e20270
FING-4371,1363,2018,1,Elect & Mag,4,2,1,7,2021,1,A,2,4.8,d429f0c2c0879b3816a2fe4e7c81caf809118742b7d1d51b0d589e9a3a6e059e
FING-11168,1363,2019,1,Elect & Mag,4,2,1,7,2021,1,A,2,5.7,d429f0c2c0879b3816a2fe4e7c81caf809118742b7d1d51b0d589e9a3a6e059e
FING-9136,1363,2018,1,Elect & Mag,4,2,1,7,2021,1,A,2,4.5,d429f0c2c0879b3816a2fe4e7c81caf809118742b7d1d51b0d589e9a3a6e059e
FING-11115,1363,2019,1,Elect & Mag,4,2,1,7,2021,1,A,2,5.5,d429f0c2c0879b3816a2fe4e7c81caf809118742b7d1d51b0d589e9a3a6e059e
FING-11122,1363,2019,1,Elect & Mag,4,2,1,7,2021,1,A,1,4.4,d429f0c2c0879b3816a2fe4e7c81caf809118742b7d1d51b0d589e9a3a6e059e
FING-11083,1363,2019,1,Elect & Mag,4,2,1,7,2021,1,A,1,5.4,d429f0c2c0879b3816a2fe4e7c81caf809118742b7d1d51b0d589e9a3a6e059e
FING-11113,1363,2019,1,Elect & Mag,4,2,1,7,2021,1,A,2,4.6,d429f0c2c0879b3816a2fe4e7c81caf809118742b7d1d51b0d589e9a3a6e059e
FING-11129,1363,2019,1,Elect & Mag,4,2,1,7,2021,1,A,2,5.2,243cd58b88360ad768c68d8bdd22f9afc0a903b02e7f3f84d92fa9cd7472f974
FING-11177,1363,2019,1,Progr Methd,4,2,2,8,2021,1,A,1,4.7,f9ba9cc4cd9e47f5c65a8fbb26c6b6d5ef269d286aa2171d378d7651ce5e7779
FING-11178,1363,2019,1,Progr Methd,4,2,2,8,2021,1,R,2,2.3,f9ba9cc4cd9e47f5c65a8fbb26c6b6d5ef269d286aa2171d378d7651ce5e7779
FING-11083,1363,2019,1,Progr Methd,4,2,2,8,2021,1,R,1,3.9,f9ba9cc4cd9e47f5c65a8fbb26c6b6d5ef269d286aa2171d378d7651ce5e7779
FING-11113,1363,2019,1,Progr Methd,4,2,2,8,2021,1,R,2,3.4,f9ba9cc4cd9e47f5c65a8fbb26c6b6d5ef269d286aa2171d378d7651ce5e7779
FING-7316,1363,2017,1,Progr Methd,4,2,2,8,2021,1,R,2,3.7,6e791079ac56bf68eb2f03d0de931ccdd204d92fb602928c597323c42d1fe97a
FING-9160,1363,2018,1,Progr Methd,4,2,2,8,2021,1,R,2,1.4,6e791079ac56bf68eb2f03d0de931ccdd204d92fb602928c597323c42d1fe97a
FING-11135,1363,2019,1,Progr Methd,4,2,2,8,2021,1,R,2,3.8,6e791079ac56bf68eb2f03d0de931ccdd204d92fb602928c597323c42d1fe97a
FING-4473,1363,2019,1,Progr Parad,4,0,2,6,2021,1,R,2,2.6,c56774011ed92ae6a9ee1865d7ed6c2c2d98b82cc12b816c03bd77fcadd0817b
FING-2915,1363,2015,1,Progr Parad,4,0,2,6,2021,1,R,2,1.3,c56774011ed92ae6a9ee1865d7ed6c2c2d98b82cc12b816c03bd77fcadd0817b
FING-11170,1363,2019,1,Progr Parad,4,0,2,6,2021,1,R,2,3.5,c56774011ed92ae6a9ee1865d7ed6c2c2d98b82cc12b816c03bd77fcadd0817b
FING-11165,1363,2019,1,Progr Parad,4,0,2,6,2021,1,A,2,5.8,c56774011ed92ae6a9ee1865d7ed6c2c2d98b82cc12b816c03bd77fcadd0817b
FING-11139,1363,2019,1,Progr Parad,4,0,2,6,2021,1,A,2,5.2,c56774011ed92ae6a9ee1865d7ed6c2c2d98b82cc12b816c03bd77fcadd0817b
FING-11115,1363,2019,1,Progr Parad,4,0,2,6,2021,1,R,2,2.0,c56774011ed92ae6a9ee1865d7ed6c2c2d98b82cc12b816c03bd77fcadd0817b
FING-11122,1363,2019,1,Progr Parad,4,0,2,6,2021,1,R,1,1.6,c56774011ed92ae6a9ee1865d7ed6c2c2d98b82cc12b816c03bd77fcadd0817b
FING-15350,1363,2020,2,Progr Parad,4,0,2,6,2021,1,A,2,4.3,c56774011ed92ae6a9ee1865d7ed6c2c2d98b82cc12b816c03bd77fcadd0817b
FING-6354,1363,2016,1,Comp Struc,4,2,1,7,2021,1,A,2,5.2,7480a71043322ff306762e310c1bbc8f830541a79bae264296bd4c0b1997058e
FING-9160,1363,2018,1,Comp Struc,4,2,1,7,2021,1,R,2,1.0,7480a71043322ff306762e310c1bbc8f830541a79bae264296bd4c0b1997058e
FING-9191,1363,2018,1,Comp Struc,4,2,1,7,2021,1,A,2,6.1,7480a71043322ff306762e310c1bbc8f830541a79bae264296bd4c0b1997058e
FING-13492,1363,2020,2,Comp Struc,4,2,1,7,2021,1,A,2,4.7,7480a71043322ff306762e310c1bbc8f830541a79bae264296bd4c0b1997058e
FING-11089,1363,2019,1,Comp Struc,4,2,1,7,2021,1,A,2,5.4,7480a71043322ff306762e310c1bbc8f830541a79bae264296bd4c0b1997058e
FING-11182,1363,2019,1,Comp Struc,4,2,1,7,2021,1,R,2,1.0,7480a71043322ff306762e310c1bbc8f830541a79bae264296bd4c0b1997058e
FING-11071,1363,2019,1,Comp Struc,4,2,1,7,2021,1,A,2,5.1,7480a71043322ff306762e310c1bbc8f830541a79bae264296bd4c0b1997058e
FING-11104,1363,2019,1,Comp Struc,4,2,1,7,2021,1,A,2,5.4,7480a71043322ff306762e310c1bbc8f830541a79bae264296bd4c0b1997058e
FING-1221,1363,2017,1,Comp Org,4,1,1,6,2021,1,A,2,4.8,cec81ee66a411914454dc487ece9a19e89f26d9cfa941ac1eb4885f74a77c639
FING-28068,1363,2018,1,Comp Org,4,1,1,6,2021,1,R,1,2.2,cec81ee66a411914454dc487ece9a19e89f26d9cfa941ac1eb4885f74a77c639
FING-7349,1363,2017,1,Comp Org,4,1,1,6,2021,1,A,2,4.5,cec81ee66a411914454dc487ece9a19e89f26d9cfa941ac1eb4885f74a77c639
FING-7307,1363,2017,1,Comp Org,4,1,1,6,2021,1,R,1,3.3,cec81ee66a411914454dc487ece9a19e89f26d9cfa941ac1eb4885f74a77c639
FING-7312,1363,2017,1,Comp Org,4,1,1,6,2021,1,R,2,3.1,cec81ee66a411914454dc487ece9a19e89f26d9cfa941ac1eb4885f74a77c639
FING-10014,1363,2018,1,Comp Org,4,1,1,6,2021,1,R,2,2.1,cec81ee66a411914454dc487ece9a19e89f26d9cfa941ac1eb4885f74a77c639
FING-7341,1363,2017,1,Comp Org,4,1,1,6,2021,1,R,1,1.8,cec81ee66a411914454dc487ece9a19e89f26d9cfa941ac1eb4885f74a77c639
FING-223,1363,2014,1,Numerical Algorithms,4,2,2,8,2021,1,A,2,6.6,de362fb95f53a0ada1ce7ad1fc8db444e40ea24d306028d5be3c5da21288f0d1
FING-5767,1363,2017,2,Modelling and Simulation,4,2,2,8,2021,1,A,2,5.0,8e3dcc8ea49f648fe1264e4c4267a2c8232c69e7ea3463b9f64ce3f9749a992e
FING-6354,1363,2016,1,Progr Parad,4,0,2,6,2021,1,A,2,5.3,52f9c2e45a50c1e6f63185f52d3d851ff89da18a6e73f618a203f8759b0c08b7
FING-11110,1363,2019,1,Progr Parad,4,0,2,6,2021,1,A,2,4.6,52f9c2e45a50c1e6f63185f52d3d851ff89da18a6e73f618a203f8759b0c08b7
FING-7300,1363,2017,1,Progr Parad,4,0,2,6,2021,1,R,2,3.0,52f9c2e45a50c1e6f63185f52d3d851ff89da18a6e73f618a203f8759b0c08b7
FING-10014,1363,2018,1,Progr Parad,4,0,2,6,2021,1,R,2,3.5,52f9c2e45a50c1e6f63185f52d3d851ff89da18a6e73f618a203f8759b0c08b7
FING-9171,1363,2018,1,Progr Parad,4,0,2,6,2021,1,R,2,3.0,52f9c2e45a50c1e6f63185f52d3d851ff89da18a6e73f618a203f8759b0c08b7
FING-11089,1363,2019,1,Progr Parad,4,0,2,6,2021,1,A,2,5.1,52f9c2e45a50c1e6f63185f52d3d851ff89da18a6e73f618a203f8759b0c08b7
FING-11123,1363,2019,1,Progr Parad,4,0,2,6,2021,1,A,2,4.9,52f9c2e45a50c1e6f63185f52d3d851ff89da18a6e73f618a203f8759b0c08b7
FING-223,1363,2014,1,Op Sys,4,2,2,8,2021,1,A,2,6.3,5ea3b82eb99612f6505e355dbb2b4ec6a630f5217f5b53df0a17295ebd2612b9
FING-7307,1363,2017,1,Op Sys,4,2,2,8,2021,1,R,1,1.5,5ea3b82eb99612f6505e355dbb2b4ec6a630f5217f5b53df0a17295ebd2612b9
FING-5767,1363,2017,2,SoftEng Proj Management,4,2,2,8,2021,1,A,2,5.2,ffb59ab5b84a4a983fde75ebe4cc50f1f4a3f6f50263a9c11b8a6ea115c56fa8
FING-7760,1363,2018,1,SoftEng Proj Management,4,2,2,8,2021,1,A,2,5.8,ffb59ab5b84a4a983fde75ebe4cc50f1f4a3f6f50263a9c11b8a6ea115c56fa8
FING-11165,1363,2019,1,Comp Struc,4,2,1,7,2021,1,A,2,5.9,2401236f54376c526d5c6581ee2065cd860ce0203660ebf3c7c33654be2db3a4
FING-9171,1363,2018,1,Comp Struc,4,2,1,7,2021,1,A,2,4.4,2401236f54376c526d5c6581ee2065cd860ce0203660ebf3c7c33654be2db3a4
FING-11139,1363,2019,1,Comp Struc,4,2,1,7,2021,1,A,2,5.5,2401236f54376c526d5c6581ee2065cd860ce0203660ebf3c7c33654be2db3a4
FING-11130,1363,2019,1,Comp Struc,4,2,1,7,2021,1,A,2,5.0,2401236f54376c526d5c6581ee2065cd860ce0203660ebf3c7c33654be2db3a4
FING-15350,1363,2020,2,Comp Struc,4,2,1,7,2021,1,A,2,5.5,2401236f54376c526d5c6581ee2065cd860ce0203660ebf3c7c33654be2db3a4
FING-11749,1363,2020,1,Syst Eng,4,2,0,6,2021,1,A,2,5.3,28705518ad54de7ff7a728187f822af28090208020a6a3846171a17906851fe5
FING-11110,1363,2019,1,Comp Org,4,1,1,6,2021,1,R,2,2.3,6ac1bc49bbbee7eb8a61ba9ddbb9373b5e8e859ce218a87c731fc76ce0b464f7
FING-7306,1363,2017,1,Comp Org,4,1,1,6,2021,1,A,1,4.4,6ac1bc49bbbee7eb8a61ba9ddbb9373b5e8e859ce218a87c731fc76ce0b464f7
FING-11158,1363,2019,1,Comp Org,4,1,1,6,2021,1,A,2,4.3,6ac1bc49bbbee7eb8a61ba9ddbb9373b5e8e859ce218a87c731fc76ce0b464f7
FING-11164,1363,2019,1,Comp Org,4,1,1,6,2021,1,A,2,4.3,6ac1bc49bbbee7eb8a61ba9ddbb9373b5e8e859ce218a87c731fc76ce0b464f7
FING-9208,1363,2018,1,Comp Org,4,1,1,6,2021,1,A,2,4.2,7a41747a8228bce8bc0b10d5827071b7b9fc0393df1fb089f2909d5e89d8664c
FING-11178,1363,2019,1,Comp Org,4,1,1,6,2021,1,R,2,2.2,7a41747a8228bce8bc0b10d5827071b7b9fc0393df1fb089f2909d5e89d8664c
FING-11749,1363,2020,1,Comp Org,4,1,1,6,2021,1,A,2,5.2,7a41747a8228bce8bc0b10d5827071b7b9fc0393df1fb089f2909d5e89d8664c
FING-13492,1363,2020,2,Intro Informatics,0,0,2,2,2021,1,A,2,6.3,ee79889a45358c26a433c3f197d47b41ef968eca12f23f4a8d3d04f11bad172d
FING-12860,1363,2012,1,Chemistry,4,2,0,6,2012,2,A,2,6.0,
FING-1662,1363,2013,1,Cal 1,6,2,0,8,2012,1,A,2,5.8,405cf1a1441e18a8a94585f2ce20c7609dbd67f3bc4d8aa2fabca4763e4ffad1
FING-1662,1363,2013,1,Phy 1,4,2,1,7,2012,1,A,2,5.5,c32a2283ffb5eec385dc3f0bbd08af4e930148f6ec70a67a259d6dcaaa0ac8db
FING-1662,1363,2013,1,Phy 2,4,2,1,7,2012,2,A,2,6.2,4488d3d90e714a61d0e16e78a8197e307be9fdd281882df9f5cc59e694ff7740
FING-4305,1363,2012,1,Progr Methd,4,2,2,8,2013,2,R,2,2.6,2e635be1742fbb5f651b5408e58e872db0d6c9496b812c32234ed264a55b529a
FING-4313,1363,2012,1,Progr Methd,4,2,2,8,2013,2,A,2,4.8,2e635be1742fbb5f651b5408e58e872db0d6c9496b812c32234ed264a55b529a
FING-4321,1363,2012,1,Progr Methd,4,2,2,8,2013,2,A,2,4.9,2e635be1742fbb5f651b5408e58e872db0d6c9496b812c32234ed264a55b529a
FING-5750,1363,2013,1,Cal 1,6,2,0,8,2013,2,R,2,1.3,e66b1dab43fdd8a7e3e7f95abc277e0458464c8952ac3bb9fc24531febba3ec9
FING-12915,1363,2012,2,Cal 1,6,2,0,8,2013,2,A,1,4.3,ada1a8652f898b79af7d71eeaf368558504e1187b472a12399598845c1955fe3
FING-4311,1363,2013,1,Cal 1,6,2,0,8,2013,2,A,2,4.0,ada1a8652f898b79af7d71eeaf368558504e1187b472a12399598845c1955fe3
FING-4309,1363,2013,1,Cal 1,6,2,0,8,2013,2,A,2,4.7,ada1a8652f898b79af7d71eeaf368558504e1187b472a12399598845c1955fe3
FING-17689,1363,2013,1,Cal 1,6,2,0,8,2013,2,R,2,3.1,ada1a8652f898b79af7d71eeaf368558504e1187b472a12399598845c1955fe3
FING-13105,1363,2013,1,Cal 1,6,2,0,8,2013,2,R,1,3.0,ada1a8652f898b79af7d71eeaf368558504e1187b472a12399598845c1955fe3
FING-3421,1363,2013,1,Cal 1,6,2,0,8,2013,2,R,2,2.2,ada1a8652f898b79af7d71eeaf368558504e1187b472a12399598845c1955fe3
FING-683,1363,2013,1,Cal 1,6,2,0,8,2013,2,R,2,1.6,97c2057ec7b370db2569cd5c65b806483b818fa342efb490bc1f4854b777a878
FING-192,1363,2014,1,Phy 2,4,2,1,7,2014,2,A,2,4.8,049062ddbd2d501613f0397c9080ed3c1b88d1154822e87058350c92dfb9c585
FING-217,1363,2014,1,Phy 2,4,2,1,7,2014,2,A,2,4.5,049062ddbd2d501613f0397c9080ed3c1b88d1154822e87058350c92dfb9c585
FING-212,1363,2014,1,Phy 2,4,2,1,7,2014,2,R,2,3.0,1517590ccefe5aec2d583bc60e5e750efe2414152a06537ded0b0de72aa824fe
FING-17689,1363,2013,1,Phy 2,4,2,1,7,2014,2,A,2,4.0,1517590ccefe5aec2d583bc60e5e750efe2414152a06537ded0b0de72aa824fe
FING-179,1363,2014,1,Phy 2,4,2,1,7,2014,2,A,2,4.8,f6a9adfbc3b98c2908bdd53b48de5c161e80b51fb449a4e25dea88bcad634efe
FING-214,1363,2014,1,Phy 2,4,2,1,7,2014,2,R,2,3.3,f6a9adfbc3b98c2908bdd53b48de5c161e80b51fb449a4e25dea88bcad634efe
FING-227,1363,2014,1,Phy 2,4,2,1,7,2014,2,A,2,4.9,beccd73e1c103a5b4b7e183b4a2a07d259aa1dd0c81b7848d1aa98a6e7ee9070
FING-165,1363,2014,1,Phy 2,4,2,1,7,2014,2,A,2,5.0,beccd73e1c103a5b4b7e183b4a2a07d259aa1dd0c81b7848d1aa98a6e7ee9070
FING-219,1363,2014,1,Phy 2,4,2,1,7,2014,2,A,2,4.4,beccd73e1c103a5b4b7e183b4a2a07d259aa1dd0c81b7848d1aa98a6e7ee9070
FING-205,1363,2014,1,Phy 2,4,2,1,7,2014,2,A,2,5.2,beccd73e1c103a5b4b7e183b4a2a07d259aa1dd0c81b7848d1aa98a6e7ee9070
FING-180,1363,2014,1,Phy 2,4,2,1,7,2014,2,A,2,5.3,beccd73e1c103a5b4b7e183b4a2a07d259aa1dd0c81b7848d1aa98a6e7ee9070
FING-184,1363,2014,1,Phy 2,4,2,1,7,2014,2,A,1,5.2,beccd73e1c103a5b4b7e183b4a2a07d259aa1dd0c81b7848d1aa98a6e7ee9070
FING-1472,1363,2014,1,Phy 2,4,2,1,7,2014,2,A,2,4.7,185aebc447d3b230074d54652311afc885e643ae557cae60674e99638ca8860d
FING-186,1363,2014,1,Phy 2,4,2,1,7,2014,2,A,2,5.4,185aebc447d3b230074d54652311afc885e643ae557cae60674e99638ca8860d
FING-199,1363,2014,1,Phy 2,4,2,1,7,2014,2,A,2,4.9,965a1dfe64b0e75e04c6d521177bdb6326b0c1d4745d4cbdf51cd633891377e5
FING-1531,1363,2014,1,Cal 1,6,2,0,8,2014,2,A,1,4.6,928bb54213a20f09fee5f102e05b9920ccba9d5ed93b59e9c92d3e0c98234988
FING-191,1363,2014,1,Cal 1,6,2,0,8,2014,2,A,2,4.9,928bb54213a20f09fee5f102e05b9920ccba9d5ed93b59e9c92d3e0c98234988
FING-228,1363,2014,1,Cal 1,6,2,0,8,2014,2,R,2,1.6,928bb54213a20f09fee5f102e05b9920ccba9d5ed93b59e9c92d3e0c98234988
FING-223,1363,2014,1,Cal 1,6,2,0,8,2014,2,A,2,5.3,928bb54213a20f09fee5f102e05b9920ccba9d5ed93b59e9c92d3e0c98234988
FING-180,1363,2014,1,Cal 1,6,2,0,8,2014,2,A,2,4.7,928bb54213a20f09fee5f102e05b9920ccba9d5ed93b59e9c92d3e0c98234988
FING-153,1363,2014,1,Cal 1,6,2,0,8,2014,2,A,2,4.0,928bb54213a20f09fee5f102e05b9920ccba9d5ed93b59e9c92d3e0c98234988
FING-184,1363,2014,1,Cal 1,6,2,0,8,2014,2,A,1,4.4,928bb54213a20f09fee5f102e05b9920ccba9d5ed93b59e9c92d3e0c98234988
FING-155,1363,2014,1,Cal 1,6,2,0,8,2014,2,A,2,4.1,ada1a8652f898b79af7d71eeaf368558504e1187b472a12399598845c1955fe3
FING-185,1363,2014,1,Cal 1,6,2,0,8,2014,2,R,2,2.6,ecd60fd1346f0838445968535fabe5f649e470341bb1345158468e3ec6b98ccc
FING-158,1363,2014,1,Cal 1,6,2,0,8,2014,2,A,2,5.0,984fd6e8e8cd71628ae210f6a1f1557e0da0a64e905394cc57386d1524bbc85a
FING-1528,1363,2014,1,Alg 1,6,2,0,8,2014,2,A,2,4.5,29515579f1f72c90bb687a58351f21ab9cbfbf85da8ce3968de43412bb458b37
FING-222,1363,2014,1,Alg 1,6,2,0,8,2014,2,A,2,5.2,29515579f1f72c90bb687a58351f21ab9cbfbf85da8ce3968de43412bb458b37
FING-185,1363,2014,1,Alg 1,6,2,0,8,2014,2,R,2,2.0,29515579f1f72c90bb687a58351f21ab9cbfbf85da8ce3968de43412bb458b37
FING-223,1363,2014,1,Alg 1,6,2,0,8,2014,2,A,2,6.6,29515579f1f72c90bb687a58351f21ab9cbfbf85da8ce3968de43412bb458b37
FING-191,1363,2014,1,Alg 1,6,2,0,8,2014,2,A,2,5.3,5c1b56c44ae252bb24a2439b8e9c45b1ee1f89cc8f5cfa4376397173245ef6fd
FING-228,1363,2014,1,Alg 1,6,2,0,8,2014,2,A,2,4.1,5c1b56c44ae252bb24a2439b8e9c45b1ee1f89cc8f5cfa4376397173245ef6fd
FING-1221,1363,2014,1,Alg 1,6,2,0,8,2014,2,A,2,5.3,5c1b56c44ae252bb24a2439b8e9c45b1ee1f89cc8f5cfa4376397173245ef6fd
FING-155,1363,2014,1,Alg 1,6,2,0,8,2014,2,A,2,5.7,5c1b56c44ae252bb24a2439b8e9c45b1ee1f89cc8f5cfa4376397173245ef6fd
FING-212,1363,2014,1,Cal 2,6,2,0,8,2014,2,R,2,2.7,c08a48b7dc87852ac219b3fa8b132e2aba0f0a5f7d9acb57507b5f6e8307c530
FING-2898,1363,2015,1,Alg 1,6,2,0,8,2015,1,A,2,4.1,6d16f20b1cbf58a1d0bc83209f979b89c532b149e332911dae010e6b0d8e72a8
FING-2919,1363,2015,1,Alg 1,6,2,0,8,2015,1,A,2,4.5,6d16f20b1cbf58a1d0bc83209f979b89c532b149e332911dae010e6b0d8e72a8
FING-2951,1363,2015,1,Alg 1,6,2,0,8,2015,1,A,2,4.4,6d16f20b1cbf58a1d0bc83209f979b89c532b149e332911dae010e6b0d8e72a8
FING-4190,1363,2015,1,Alg 1,6,2,0,8,2015,1,R,2,2.4,6d16f20b1cbf58a1d0bc83209f979b89c532b149e332911dae010e6b0d8e72a8
FING-2971,1363,2015,1,Alg 1,6,2,0,8,2015,1,A,2,4.0,6d16f20b1cbf58a1d0bc83209f979b89c532b149e332911dae010e6b0d8e72a8
FING-2935,1363,2015,1,Alg 1,6,2,0,8,2015,1,A,1,4.0,6d16f20b1cbf58a1d0bc83209f979b89c532b149e332911dae010e6b0d8e72a8
FING-2960,1363,2015,1,Alg 1,6,2,0,8,2015,1,A,2,4.0,6d16f20b1cbf58a1d0bc83209f979b89c532b149e332911dae010e6b0d8e72a8
FING-2915,1363,2015,1,Alg 1,6,2,0,8,2015,1,A,2,4.0,6d16f20b1cbf58a1d0bc83209f979b89c532b149e332911dae010e6b0d8e72a8
FING-2931,1363,2015,1,Alg 1,6,2,0,8,2015,1,R,2,2.5,6d16f20b1cbf58a1d0bc83209f979b89c532b149e332911dae010e6b0d8e72a8
FING-4201,1363,2015,1,Alg 1,6,2,0,8,2015,1,A,2,4.0,6d16f20b1cbf58a1d0bc83209f979b89c532b149e332911dae010e6b0d8e72a8
FING-2908,1363,2015,1,Alg 1,6,2,0,8,2015,1,A,1,4.0,6d16f20b1cbf58a1d0bc83209f979b89c532b149e332911dae010e6b0d8e72a8
FING-212,1363,2014,1,Cal 2,6,2,0,8,2015,1,A,2,4.0,8a5a1b2546b474bcad309c4ebcac6bed0bc1693473ad875d87a2bf81f9d006a7
FING-155,1363,2014,1,Cal 2,6,2,0,8,2015,1,R,2,2.5,8a5a1b2546b474bcad309c4ebcac6bed0bc1693473ad875d87a2bf81f9d006a7
FING-205,1363,2014,1,Cal 2,6,2,0,8,2015,1,A,2,4.0,8a5a1b2546b474bcad309c4ebcac6bed0bc1693473ad875d87a2bf81f9d006a7
FING-13134,1363,2013,1,Cal 3,4,2,0,6,2015,1,R,2,2.9,8a5a1b2546b474bcad309c4ebcac6bed0bc1693473ad875d87a2bf81f9d006a7
FING-2898,1363,2015,1,Phy 1,4,2,1,7,2015,1,R,2,3.7,0d6f2359e12216f5ba70f54b9737cb1685f82e4c47189ed5ed915839c8a9c077
FING-2920,1363,2015,1,Phy 1,4,2,1,7,2015,1,A,2,4.1,0d6f2359e12216f5ba70f54b9737cb1685f82e4c47189ed5ed915839c8a9c077
FING-2919,1363,2015,1,Phy 1,4,2,1,7,2015,1,A,2,4.7,0d6f2359e12216f5ba70f54b9737cb1685f82e4c47189ed5ed915839c8a9c077
FING-2951,1363,2015,1,Phy 1,4,2,1,7,2015,1,A,2,5.3,0d6f2359e12216f5ba70f54b9737cb1685f82e4c47189ed5ed915839c8a9c077
FING-4190,1363,2015,1,Phy 1,4,2,1,7,2015,1,R,2,2.3,0d6f2359e12216f5ba70f54b9737cb1685f82e4c47189ed5ed915839c8a9c077
FING-155,1363,2014,1,Phy 1,4,2,1,7,2015,1,R,2,2.9,0d6f2359e12216f5ba70f54b9737cb1685f82e4c47189ed5ed915839c8a9c077
FING-4115,1363,2015,1,Phy 1,4,2,1,7,2015,1,R,2,2.3,0d6f2359e12216f5ba70f54b9737cb1685f82e4c47189ed5ed915839c8a9c077
FING-2971,1363,2015,1,Phy 1,4,2,1,7,2015,1,R,2,2.4,0d6f2359e12216f5ba70f54b9737cb1685f82e4c47189ed5ed915839c8a9c077
FING-2935,1363,2015,1,Phy 1,4,2,1,7,2015,1,R,1,2.7,0d6f2359e12216f5ba70f54b9737cb1685f82e4c47189ed5ed915839c8a9c077
FING-2960,1363,2015,1,Phy 1,4,2,1,7,2015,1,A,2,4.9,0d6f2359e12216f5ba70f54b9737cb1685f82e4c47189ed5ed915839c8a9c077
FING-2915,1363,2015,1,Phy 1,4,2,1,7,2015,1,A,2,4.5,0d6f2359e12216f5ba70f54b9737cb1685f82e4c47189ed5ed915839c8a9c077
FING-2931,1363,2015,1,Phy 1,4,2,1,7,2015,1,R,2,3.1,0d6f2359e12216f5ba70f54b9737cb1685f82e4c47189ed5ed915839c8a9c077
FING-4201,1363,2015,1,Phy 1,4,2,1,7,2015,1,A,2,4.8,0d6f2359e12216f5ba70f54b9737cb1685f82e4c47189ed5ed915839c8a9c077
FING-2908,1363,2015,1,Phy 1,4,2,1,7,2015,1,R,1,2.3,0d6f2359e12216f5ba70f54b9737cb1685f82e4c47189ed5ed915839c8a9c077
FING-153,1363,2014,1,Phy 1,4,2,1,7,2015,1,A,2,4.7,308314b89f1b0659b7d5bded4d421112ba9ccfddd33435f2cd846f5a73dea729
FING-2945,1363,2015,1,Phy 1,4,2,1,7,2015,1,A,2,5.1,fcdc914600ac4ff6c5c5e2df96cfd83ca9e60a43f3cc83b49dfeb289329ea7b9
FING-228,1363,2015,1,Phy 1,4,2,1,7,2015,1,R,2,3.7,fcdc914600ac4ff6c5c5e2df96cfd83ca9e60a43f3cc83b49dfeb289329ea7b9
FING-2918,1363,2015,1,Phy 1,4,2,1,7,2015,1,A,2,4.2,fcdc914600ac4ff6c5c5e2df96cfd83ca9e60a43f3cc83b49dfeb289329ea7b9
FING-1528,1363,2014,1,Phy 1,4,2,1,7,2015,1,A,2,4.3,fcdc914600ac4ff6c5c5e2df96cfd83ca9e60a43f3cc83b49dfeb289329ea7b9
FING-2973,1363,2015,1,Phy 1,4,2,1,7,2015,1,A,2,4.5,fcdc914600ac4ff6c5c5e2df96cfd83ca9e60a43f3cc83b49dfeb289329ea7b9
FING-2946,1363,2015,1,Phy 1,4,2,1,7,2015,1,A,2,5.6,fcdc914600ac4ff6c5c5e2df96cfd83ca9e60a43f3cc83b49dfeb289329ea7b9
FING-2954,1363,2015,1,Phy 1,4,2,1,7,2015,1,A,2,5.0,fcdc914600ac4ff6c5c5e2df96cfd83ca9e60a43f3cc83b49dfeb289329ea7b9
FING-2955,1363,2015,1,Phy 1,4,2,1,7,2015,1,R,2,3.8,fcdc914600ac4ff6c5c5e2df96cfd83ca9e60a43f3cc83b49dfeb289329ea7b9
FING-2933,1363,2015,1,Phy 1,4,2,1,7,2015,1,A,2,4.6,fcdc914600ac4ff6c5c5e2df96cfd83ca9e60a43f3cc83b49dfeb289329ea7b9
FING-2910,1363,2015,1,Phy 1,4,2,1,7,2015,1,R,1,2.2,fcdc914600ac4ff6c5c5e2df96cfd83ca9e60a43f3cc83b49dfeb289329ea7b9
FING-4195,1363,2015,1,Phy 1,4,2,1,7,2015,1,A,2,4.6,fcdc914600ac4ff6c5c5e2df96cfd83ca9e60a43f3cc83b49dfeb289329ea7b9
FING-2905,1363,2015,1,Phy 1,4,2,1,7,2015,1,A,1,4.5,fcdc914600ac4ff6c5c5e2df96cfd83ca9e60a43f3cc83b49dfeb289329ea7b9
FING-2909,1363,2015,1,Phy 1,4,2,1,7,2015,1,A,2,5.2,fcdc914600ac4ff6c5c5e2df96cfd83ca9e60a43f3cc83b49dfeb289329ea7b9
FING-3928,1363,2015,1,Phy 1,4,2,1,7,2015,1,R,2,3.6,fcdc914600ac4ff6c5c5e2df96cfd83ca9e60a43f3cc83b49dfeb289329ea7b9
FING-12988,1363,2013,1,Elect & Mag,4,2,1,7,2015,1,R,1,3.1,19beb6b43c539c48b2b2ee1d38b0ee40dacf4899e54107b0b80dce3ebe323564
FING-13134,1363,2013,1,Elect & Mag,4,2,1,7,2015,1,R,2,3.2,9744ebe904d1dae33b54c1c59f8db4d9dab8e4debd45879372d42e3cbe6cdee8
FING-179,1363,2014,1,Elect & Mag,4,2,1,7,2015,1,R,2,3.0,41478a8b72da27e1b7b4cac9dd254c1d624780ba4ce6d7c7cb1d9fe290612c3d
FING-1782,1363,2015,1,Elect & Mag,4,2,1,7,2015,1,A,2,4.5,41478a8b72da27e1b7b4cac9dd254c1d624780ba4ce6d7c7cb1d9fe290612c3d
FING-186,1363,2014,1,Elect & Mag,4,2,1,7,2015,1,R,2,3.3,0c99d6fb093475c4544993d815b67dd3729d8d58dcdac886dc422de00102b7e3
FING-217,1363,2014,1,Elect & Mag,4,2,1,7,2015,1,R,2,3.4,0c99d6fb093475c4544993d815b67dd3729d8d58dcdac886dc422de00102b7e3
FING-214,1363,2014,1,Cal 3,4,2,0,6,2016,1,R,2,3.1,8a5a1b2546b474bcad309c4ebcac6bed0bc1693473ad875d87a2bf81f9d006a7
FING-1782,1363,2015,1,Cal 3,4,2,0,6,2016,1,A,2,5.7,a071e7dcac0f0f5c4d5c899659b20935cd8d0b2f9a4ea34ff0db2f66521bbc63
FING-6350,1363,2016,1,Alg 1,6,2,0,8,2016,1,A,2,4.3,e5a61f3d4018f69c73f9e1dede989e7987d481e58e72554c714897ff90834af8
FING-6359,1363,2016,1,Alg 1,6,2,0,8,2016,1,A,2,4.3,e5a61f3d4018f69c73f9e1dede989e7987d481e58e72554c714897ff90834af8
FING-6364,1363,2016,1,Alg 1,6,2,0,8,2016,1,A,2,4.5,e5a61f3d4018f69c73f9e1dede989e7987d481e58e72554c714897ff90834af8
FING-2898,1363,2015,1,Alg 2,4,2,0,6,2016,1,A,2,5.2,cd4258abd494e338dd13dad75ea3f1f1ced923cec073b330363a2340dbb751bf
FING-4190,1363,2015,1,Alg 2,4,2,0,6,2016,1,A,2,4.4,cd4258abd494e338dd13dad75ea3f1f1ced923cec073b330363a2340dbb751bf
FING-2973,1363,2015,1,Alg 2,4,2,0,6,2016,1,A,2,4.0,cd4258abd494e338dd13dad75ea3f1f1ced923cec073b330363a2340dbb751bf
FING-1472,1363,2014,1,Stat Analys,4,2,0,6,2016,1,R,2,1.5,4c3af6a6fafc2a4fd8b54a0620614abd40e25d5b9bce3055d3a942e8d1a78208
FING-1528,1363,2014,1,Stat Analys,4,2,0,6,2016,1,A,2,4.0,4c3af6a6fafc2a4fd8b54a0620614abd40e25d5b9bce3055d3a942e8d1a78208
FING-165,1363,2014,1,Stat Analys,4,2,0,6,2016,1,R,2,1.1,4c3af6a6fafc2a4fd8b54a0620614abd40e25d5b9bce3055d3a942e8d1a78208
FING-157,1363,2014,1,Stat Analys,4,2,0,6,2016,1,R,2,2.0,4c3af6a6fafc2a4fd8b54a0620614abd40e25d5b9bce3055d3a942e8d1a78208
FING-223,1363,2014,1,Stat Analys,4,2,0,6,2016,1,R,2,2.0,4c3af6a6fafc2a4fd8b54a0620614abd40e25d5b9bce3055d3a942e8d1a78208
FING-223,1363,2014,1,Diff Ec & Num Meth,4,2,0,6,2016,1,A,2,4.4,0c72a2ad7dd210d87d992a7bd4905912d4bd5f36d16b930d2302169cd2bac334
FING-186,1363,2014,1,Cal 3,4,2,0,6,2016,1,A,2,4.1,5edc2f51e0bbed3ddd612a9f8ba01fa514db75f50615cf064f1aaf2fa14f00a1
FING-217,1363,2014,1,Cal 3,4,2,0,6,2016,1,R,2,3.3,5edc2f51e0bbed3ddd612a9f8ba01fa514db75f50615cf064f1aaf2fa14f00a1
FING-184,1363,2014,1,Cal 3,4,2,0,6,2016,1,A,1,4.6,5edc2f51e0bbed3ddd612a9f8ba01fa514db75f50615cf064f1aaf2fa14f00a1
FING-191,1363,2014,1,Fund Econ,4,2,0,6,2016,1,R,2,1.2,f455697606e54a05709e4c124ef70ca8904632a4bf366c6ce2c5a68419aeafca
FING-165,1363,2014,1,Fund Econ,4,2,0,6,2016,1,A,2,4.0,f455697606e54a05709e4c124ef70ca8904632a4bf366c6ce2c5a68419aeafca
FING-1534,1363,2014,1,Fund Econ,4,2,0,6,2016,1,A,2,4.0,f455697606e54a05709e4c124ef70ca8904632a4bf366c6ce2c5a68419aeafca
FING-2954,1363,2015,1,Fund Econ,4,2,0,6,2016,1,R,2,2.5,f455697606e54a05709e4c124ef70ca8904632a4bf366c6ce2c5a68419aeafca
FING-2919,1363,2015,1,Fund Econ,4,2,0,6,2016,1,R,2,2.5,f07aee52d6c6bcf2d5d0515a7b5bc96a76bcfb5cdceca686b2a60ce754f77b43
FING-2951,1363,2015,1,Fund Econ,4,2,0,6,2016,1,A,2,4.0,f07aee52d6c6bcf2d5d0515a7b5bc96a76bcfb5cdceca686b2a60ce754f77b43
FING-1528,1363,2014,1,Fund Econ,4,2,0,6,2016,1,A,2,4.0,f07aee52d6c6bcf2d5d0515a7b5bc96a76bcfb5cdceca686b2a60ce754f77b43
FING-2915,1363,2015,1,Fund Econ,4,2,0,6,2016,1,R,2,2.2,f07aee52d6c6bcf2d5d0515a7b5bc96a76bcfb5cdceca686b2a60ce754f77b43
FING-227,1363,2014,1,Fund Econ,4,2,0,6,2016,1,A,2,4.9,f07aee52d6c6bcf2d5d0515a7b5bc96a76bcfb5cdceca686b2a60ce754f77b43
FING-180,1363,2014,1,Fund Econ,4,2,0,6,2016,1,A,2,4.5,f07aee52d6c6bcf2d5d0515a7b5bc96a76bcfb5cdceca686b2a60ce754f77b43
FING-153,1363,2014,1,Fund Econ,4,2,0,6,2016,1,A,2,4.0,f07aee52d6c6bcf2d5d0515a7b5bc96a76bcfb5cdceca686b2a60ce754f77b43
FING-2905,1363,2015,1,Fund Econ,4,2,0,6,2016,1,A,1,4.0,f07aee52d6c6bcf2d5d0515a7b5bc96a76bcfb5cdceca686b2a60ce754f77b43
FING-2909,1363,2015,1,Fund Econ,4,2,0,6,2016,1,A,2,4.0,f07aee52d6c6bcf2d5d0515a7b5bc96a76bcfb5cdceca686b2a60ce754f77b43
FING-192,1363,2014,1,Fund Econ,4,2,0,6,2016,1,R,2,3.0,487baef69b6c44019f981a561ab6d322830657f2d6ce9dbbf6b58f22862fb390
FING-223,1363,2014,1,Fund Econ,4,2,0,6,2016,1,R,2,2.9,487baef69b6c44019f981a561ab6d322830657f2d6ce9dbbf6b58f22862fb390
FING-4195,1363,2015,1,Fund Econ,4,2,0,6,2016,1,R,2,2.5,487baef69b6c44019f981a561ab6d322830657f2d6ce9dbbf6b58f22862fb390
FING-2971,1363,2015,1,Eff Comm,0,0,2,2,2016,1,A,2,6.4,88a7c15da856303700daf73cd17d544ee747dd4bcfb0c5310e3221757253b173
FING-2955,1363,2015,1,Eff Comm,0,0,2,2,2016,1,A,2,6.6,88a7c15da856303700daf73cd17d544ee747dd4bcfb0c5310e3221757253b173
FING-2909,1363,2015,1,Eff Comm,0,0,2,2,2016,1,A,2,6.6,88a7c15da856303700daf73cd17d544ee747dd4bcfb0c5310e3221757253b173
FING-5382,1363,2016,1,Phy 1,4,2,1,7,2016,1,A,2,5.0,9b9e4e9d471657086fa65b23ee4e203792bb08e7c0f0cd2f99cf223e5b1427cc
FING-6164,1363,2016,1,Phy 1,4,2,1,7,2016,1,A,2,5.0,9b9e4e9d471657086fa65b23ee4e203792bb08e7c0f0cd2f99cf223e5b1427cc
FING-4115,1363,2015,1,Phy 1,4,2,1,7,2016,1,A,2,4.6,9b9e4e9d471657086fa65b23ee4e203792bb08e7c0f0cd2f99cf223e5b1427cc
FING-6354,1363,2016,1,Phy 1,4,2,1,7,2016,1,A,2,4.9,9b9e4e9d471657086fa65b23ee4e203792bb08e7c0f0cd2f99cf223e5b1427cc
FING-5381,1363,2016,1,Phy 1,4,2,1,7,2016,1,A,2,4.9,9b9e4e9d471657086fa65b23ee4e203792bb08e7c0f0cd2f99cf223e5b1427cc
FING-2935,1363,2015,1,Phy 1,4,2,1,7,2016,1,A,1,4.2,9b9e4e9d471657086fa65b23ee4e203792bb08e7c0f0cd2f99cf223e5b1427cc
FING-2989,1363,2016,1,Phy 1,4,2,1,7,2016,1,A,2,5.4,9b9e4e9d471657086fa65b23ee4e203792bb08e7c0f0cd2f99cf223e5b1427cc
FING-5387,1363,2016,1,Phy 1,4,2,1,7,2016,1,R,2,2.9,9b9e4e9d471657086fa65b23ee4e203792bb08e7c0f0cd2f99cf223e5b1427cc
FING-5374,1363,2016,1,Phy 1,4,2,1,7,2016,1,A,2,5.2,9b9e4e9d471657086fa65b23ee4e203792bb08e7c0f0cd2f99cf223e5b1427cc
FING-5360,1363,2016,1,Phy 1,4,2,1,7,2016,1,A,2,5.7,0d6f2359e12216f5ba70f54b9737cb1685f82e4c47189ed5ed915839c8a9c077
FING-5376,1363,2016,1,Phy 1,4,2,1,7,2016,1,A,2,4.4,0d6f2359e12216f5ba70f54b9737cb1685f82e4c47189ed5ed915839c8a9c077
FING-2955,1363,2015,1,Phy 1,4,2,1,7,2016,1,A,2,5.2,7ea795004f1cb8d32c4a78074043991d251305240f40666dead81eb0d826b585
FING-6355,1363,2016,1,Phy 1,4,2,1,7,2016,1,R,2,2.6,7ea795004f1cb8d32c4a78074043991d251305240f40666dead81eb0d826b585
FING-5402,1363,2016,1,Phy 1,4,2,1,7,2016,1,A,1,5.4,7ea795004f1cb8d32c4a78074043991d251305240f40666dead81eb0d826b585
FING-3928,1363,2015,1,Phy 1,4,2,1,7,2016,1,A,2,5.3,7ea795004f1cb8d32c4a78074043991d251305240f40666dead81eb0d826b585
FING-2931,1363,2016,1,Phy 1,4,2,1,7,2016,1,A,2,4.3,7ea795004f1cb8d32c4a78074043991d251305240f40666dead81eb0d826b585
FING-5353,1363,2016,1,Phy 1,4,2,1,7,2016,1,A,2,4.2,7ea795004f1cb8d32c4a78074043991d251305240f40666dead81eb0d826b585
FING-5401,1363,2016,1,Phy 1,4,2,1,7,2016,1,A,2,4.1,7ea795004f1cb8d32c4a78074043991d251305240f40666dead81eb0d826b585
FING-15274,1363,2016,1,Phy 1,4,2,1,7,2016,1,R,2,3.3,7ea795004f1cb8d32c4a78074043991d251305240f40666dead81eb0d826b585
FING-2971,1363,2015,1,Phy 2,4,2,1,7,2016,1,A,2,4.9,f6a9adfbc3b98c2908bdd53b48de5c161e80b51fb449a4e25dea88bcad634efe
FING-2960,1363,2015,1,Phy 2,4,2,1,7,2016,1,A,2,4.6,f6a9adfbc3b98c2908bdd53b48de5c161e80b51fb449a4e25dea88bcad634efe
FING-2908,1363,2015,1,Phy 2,4,2,1,7,2016,1,R,1,1.3,f6a9adfbc3b98c2908bdd53b48de5c161e80b51fb449a4e25dea88bcad634efe
FING-4190,1363,2015,1,Phy 2,4,2,1,7,2016,1,R,2,2.1,049062ddbd2d501613f0397c9080ed3c1b88d1154822e87058350c92dfb9c585
FING-4195,1363,2015,1,Phy 2,4,2,1,7,2016,1,A,2,4.9,049062ddbd2d501613f0397c9080ed3c1b88d1154822e87058350c92dfb9c585
FING-2905,1363,2015,1,Phy 2,4,2,1,7,2016,1,A,1,5.1,049062ddbd2d501613f0397c9080ed3c1b88d1154822e87058350c92dfb9c585
FING-2946,1363,2015,1,Elect & Mag,4,2,1,7,2016,1,A,2,5.4,41478a8b72da27e1b7b4cac9dd254c1d624780ba4ce6d7c7cb1d9fe290612c3d
FING-1528,1363,2014,1,Elect & Mag,4,2,1,7,2016,1,R,2,1.2,0eaa9a35fba33e162482a6441aaec91ea10944da309b39b55f71de7db41392c6
FING-184,1363,2014,1,Elect & Mag,4,2,1,7,2016,1,A,1,4.7,0eaa9a35fba33e162482a6441aaec91ea10944da309b39b55f71de7db41392c6
FING-222,1363,2014,1,Elect & Mag,4,2,1,7,2016,1,R,2,3.4,117979e0617f10cd3390a808e131caeeff3c6fbe801f2f87b5a8022cb9e6ee8a
FING-153,1363,2014,1,Elect & Mag,4,2,1,7,2016,1,R,2,1.6,df15b93892ec09f54dfe198ad4bb734cf2d45ca585299aa26bfa95e1636fce73
FING-13105,1363,2013,1,Elect & Mag,4,2,1,7,2016,1,A,1,5.5,1ccdca0a308924757438f23944aac63a55e5549eb927d43ae23efb5a2abb5b5c
FING-2933,1363,2015,1,Elect & Mag,4,2,1,7,2016,1,A,2,5.0,1ccdca0a308924757438f23944aac63a55e5549eb927d43ae23efb5a2abb5b5c
FING-5360,1363,2016,1,Intro Eng,0,0,2,2,2016,1,A,2,6.4,eba7c9e5c081f1a45fc55092f7e4f93df24e010ec9313dffb94886301e310e0f
FING-5376,1363,2016,1,Intro Eng,0,0,2,2,2016,1,A,2,6.1,eba7c9e5c081f1a45fc55092f7e4f93df24e010ec9313dffb94886301e310e0f
FING-5349,1363,2016,1,Intro Eng,0,0,2,2,2016,1,A,2,6.1,eba7c9e5c081f1a45fc55092f7e4f93df24e010ec9313dffb94886301e310e0f
FING-6281,1363,2016,1,Intro Eng,0,0,2,2,2016,1,A,2,6.3,eba7c9e5c081f1a45fc55092f7e4f93df24e010ec9313dffb94886301e310e0f
FING-6350,1363,2016,1,Intro Eng,0,0,2,2,2016,1,A,2,6.0,4f2083d0d40cef0c67af71245801f82e8186ecb668fae19e05efa2b1de8893f3
FING-6359,1363,2016,1,Intro Eng,0,0,2,2,2016,1,A,2,6.6,4f2083d0d40cef0c67af71245801f82e8186ecb668fae19e05efa2b1de8893f3
FING-6364,1363,2016,1,Intro Eng,0,0,2,2,2016,1,A,2,5.9,4f2083d0d40cef0c67af71245801f82e8186ecb668fae19e05efa2b1de8893f3
FING-1531,1363,2014,1,Eng 3,0,0,2,2,2016,1,A,1,6.1,6bb5c3af4266c0b8d6491b3c111fed9e5b23e78bd46349c1341957dca57156de
FING-222,1363,2014,1,Eng 3,0,0,2,2,2016,1,A,2,6.4,6bb5c3af4266c0b8d6491b3c111fed9e5b23e78bd46349c1341957dca57156de
FING-153,1363,2014,1,Eng 3,0,0,2,2,2016,1,A,2,6.0,6bb5c3af4266c0b8d6491b3c111fed9e5b23e78bd46349c1341957dca57156de
FING-5382,1363,2016,1,IPD Workshop,2,0,2,4,2016,1,A,2,6.4,aa46ac2687c393b1ce35dabe93d70012e82cb9ef6c58730682b9c9d80241bf28
FING-6164,1363,2016,1,IPD Workshop,2,0,2,4,2016,1,A,2,4.2,aa46ac2687c393b1ce35dabe93d70012e82cb9ef6c58730682b9c9d80241bf28
FING-6354,1363,2016,1,IPD Workshop,2,0,2,4,2016,1,A,2,6.7,aa46ac2687c393b1ce35dabe93d70012e82cb9ef6c58730682b9c9d80241bf28
FING-5381,1363,2016,1,IPD Workshop,2,0,2,4,2016,1,A,2,6.0,aa46ac2687c393b1ce35dabe93d70012e82cb9ef6c58730682b9c9d80241bf28
FING-2989,1363,2016,1,IPD Workshop,2,0,2,4,2016,1,A,2,6.2,aa46ac2687c393b1ce35dabe93d70012e82cb9ef6c58730682b9c9d80241bf28
FING-5387,1363,2016,1,IPD Workshop,2,0,2,4,2016,1,A,2,6.2,aa46ac2687c393b1ce35dabe93d70012e82cb9ef6c58730682b9c9d80241bf28
FING-5374,1363,2016,1,IPD Workshop,2,0,2,4,2016,1,A,2,6.0,aa46ac2687c393b1ce35dabe93d70012e82cb9ef6c58730682b9c9d80241bf28
FING-5360,1363,2016,1,IPD Workshop,2,0,2,4,2016,1,A,2,6.9,710155895a7e3cc3b1b37db34ca85d029d6fc571c6f38085da5a26c8f182d29a
FING-5376,1363,2016,1,IPD Workshop,2,0,2,4,2016,1,A,2,6.6,710155895a7e3cc3b1b37db34ca85d029d6fc571c6f38085da5a26c8f182d29a
FING-5369,1363,2016,1,IPD Workshop,2,0,2,4,2016,1,A,2,5.7,88a7c15da856303700daf73cd17d544ee747dd4bcfb0c5310e3221757253b173
FING-6355,1363,2016,1,IPD Workshop,2,0,2,4,2016,1,A,2,5.9,8f11ae1419294423c03dc904f0554158932a626f4c6c88b3a25a5748841acce4
FING-5402,1363,2016,1,IPD Workshop,2,0,2,4,2016,1,A,1,6.1,8f11ae1419294423c03dc904f0554158932a626f4c6c88b3a25a5748841acce4
FING-2931,1363,2016,1,IPD Workshop,2,0,2,4,2016,1,A,2,6.0,8f11ae1419294423c03dc904f0554158932a626f4c6c88b3a25a5748841acce4
FING-5353,1363,2016,1,IPD Workshop,2,0,2,4,2016,1,A,2,6.1,8f11ae1419294423c03dc904f0554158932a626f4c6c88b3a25a5748841acce4
FING-5401,1363,2016,1,IPD Workshop,2,0,2,4,2016,1,A,2,5.2,8f11ae1419294423c03dc904f0554158932a626f4c6c88b3a25a5748841acce4
FING-15274,1363,2016,1,IPD Workshop,2,0,2,4,2016,1,A,2,6.1,8f11ae1419294423c03dc904f0554158932a626f4c6c88b3a25a5748841acce4
FING-6350,1363,2016,1,IPD Workshop,2,0,2,4,2016,1,A,2,6.4,710155895a7e3cc3b1b37db34ca85d029d6fc571c6f38085da5a26c8f182d29a
FING-6359,1363,2016,1,IPD Workshop,2,0,2,4,2016,1,A,2,6.9,710155895a7e3cc3b1b37db34ca85d029d6fc571c6f38085da5a26c8f182d29a
FING-6364,1363,2016,1,IPD Workshop,2,0,2,4,2016,1,A,2,5.6,710155895a7e3cc3b1b37db34ca85d029d6fc571c6f38085da5a26c8f182d29a
FING-5382,1363,2016,1,Std Methods,0,0,2,2,2016,1,A,2,6.1,1145021fe318b6bb3fc50dab301f9c37a56cfb4299ef4103eafa189f368fb589
FING-6164,1363,2016,1,Std Methods,0,0,2,2,2016,1,A,2,5.8,1145021fe318b6bb3fc50dab301f9c37a56cfb4299ef4103eafa189f368fb589
FING-6354,1363,2016,1,Std Methods,0,0,2,2,2016,1,A,2,6.4,1145021fe318b6bb3fc50dab301f9c37a56cfb4299ef4103eafa189f368fb589
FING-1528,1363,2014,1,Syst Eng,4,2,0,6,2016,2,A,2,4.0,3b18591e1c3394aae96d32fb09f8c2c4ceecab4aab861b361fd16ff9b2dd12a7
FING-13134,1363,2013,1,Comp Struc,4,2,1,7,2016,2,A,2,5.2,8b7eb5c8931cf41fe21d405c6a69bfafd6307c6f617d2a5af34c471a984c159e
FING-1534,1363,2014,1,Comp Struc,4,2,1,7,2016,2,R,2,3.0,8b7eb5c8931cf41fe21d405c6a69bfafd6307c6f617d2a5af34c471a984c159e
FING-180,1363,2014,1,Comp Struc,4,2,1,7,2016,2,R,2,3.5,8b7eb5c8931cf41fe21d405c6a69bfafd6307c6f617d2a5af34c471a984c159e
FING-184,1363,2014,1,Comp Struc,4,2,1,7,2016,2,A,1,5.4,8b7eb5c8931cf41fe21d405c6a69bfafd6307c6f617d2a5af34c471a984c159e
FING-186,1363,2014,1,Comp Struc,4,2,1,7,2016,2,R,2,1.9,3dba836932965ec29b9b8b8ce1520e40c996e638dd28a0e6ecfda852e911fadf
FING-165,1363,2014,1,Comp Struc,4,2,1,7,2016,2,R,2,1.2,3dba836932965ec29b9b8b8ce1520e40c996e638dd28a0e6ecfda852e911fadf
FING-1782,1363,2015,1,Comp Struc,4,2,1,7,2016,2,A,2,4.5,3dba836932965ec29b9b8b8ce1520e40c996e638dd28a0e6ecfda852e911fadf
FING-12988,1363,2013,1,Syst Eng,4,2,0,6,2016,2,A,1,4.7,6156896e1eef7fd434eb3afdebec8f42f1f414a724fb605bcd84f23798033c99
FING-13024,1363,2013,1,Syst Eng,4,2,0,6,2016,2,A,2,4.3,6156896e1eef7fd434eb3afdebec8f42f1f414a724fb605bcd84f23798033c99
FING-13105,1363,2013,1,Syst Eng,4,2,0,6,2016,2,A,1,5.1,6156896e1eef7fd434eb3afdebec8f42f1f414a724fb605bcd84f23798033c99
FING-227,1363,2014,1,Syst Eng,4,2,0,6,2016,2,A,2,4.6,6156896e1eef7fd434eb3afdebec8f42f1f414a724fb605bcd84f23798033c99
FING-13134,1363,2013,1,Progr Parad,4,0,2,6,2016,2,R,2,2.8,b5288838101f043d5d921b3cb0ab9e48b7545e84feb6f9d18963b2df26786f77
FING-2946,1363,2015,1,Progr Parad,4,0,2,6,2016,2,A,2,5.1,b5288838101f043d5d921b3cb0ab9e48b7545e84feb6f9d18963b2df26786f77
FING-13134,1363,2013,1,Algorithms,4,0,2,6,2016,2,A,2,4.1,4b402f61486d553a1ac5cc701a0efb59f3b328062d42bece448d63f444f8f9e1
FING-222,1363,2014,1,Algorithms,4,0,2,6,2016,2,A,2,4.7,4b402f61486d553a1ac5cc701a0efb59f3b328062d42bece448d63f444f8f9e1
FING-5767,1363,2017,2,Fund Econ,4,2,0,6,2017,2,A,2,4.3,e0f19966a5fb28ea6c374ff717b67fb61e365c189e4603d0155e95a2f42121fb
FING-2960,1363,2015,1,Fund Econ,4,2,0,6,2017,2,A,2,4.6,8cf72964550d65b891b4dc419d2555e2f4f62aedd67d9bce90befaae86c0d171
FING-6359,1363,2016,1,Fund Econ,4,2,0,6,2017,2,R,2,3.3,8cf72964550d65b891b4dc419d2555e2f4f62aedd67d9bce90befaae86c0d171
FING-5401,1363,2016,1,Fund Econ,4,2,0,6,2017,2,R,2,2.9,8cf72964550d65b891b4dc419d2555e2f4f62aedd67d9bce90befaae86c0d171
FING-2920,1363,2015,1,Fund Econ,4,2,0,6,2017,2,A,2,4.6,487baef69b6c44019f981a561ab6d322830657f2d6ce9dbbf6b58f22862fb390
FING-4115,1363,2015,1,Fund Econ,4,2,0,6,2017,2,A,2,4.1,487baef69b6c44019f981a561ab6d322830657f2d6ce9dbbf6b58f22862fb390
FING-6354,1363,2016,1,Fund Econ,4,2,0,6,2017,2,R,2,2.3,487baef69b6c44019f981a561ab6d322830657f2d6ce9dbbf6b58f22862fb390
FING-15274,1363,2016,1,Fund Econ,4,2,0,6,2017,2,A,2,4.5,487baef69b6c44019f981a561ab6d322830657f2d6ce9dbbf6b58f22862fb390
FING-5353,1363,2016,1,Fund Econ,4,2,0,6,2017,2,R,2,3.0,b7f24e96466b2e4575d4f27fc1ecedb965ddb0ed8925438c7313a98201e34f8a
FING-7352,1363,2017,1,Eff Comm,0,0,2,2,2017,2,A,2,6.8,4d36287815056e1be09b13677b66f83cb63a400ebfe07e8757fc9bfe505f1c6b
FING-7307,1363,2017,1,Eff Comm,0,0,2,2,2017,2,A,1,6.8,d3fd1b672b9186684aa0c14da19894173d03261fc4307876ca674165159d281e
FING-29416,1363,2017,1,Eff Comm,0,0,2,2,2017,2,A,2,6.3,d3fd1b672b9186684aa0c14da19894173d03261fc4307876ca674165159d281e
FING-5402,1363,2016,1,Eff Comm,0,0,2,2,2017,2,A,1,6.5,688b72842b68be151eaa797b7b854db6facb9b397801213b17a19b9acedfa58f
FING-7316,1363,2017,1,Eff Comm,0,0,2,2,2017,2,A,2,6.0,688b72842b68be151eaa797b7b854db6facb9b397801213b17a19b9acedfa58f
FING-7312,1363,2017,1,Eff Comm,0,0,2,2,2017,2,A,2,6.2,688b72842b68be151eaa797b7b854db6facb9b397801213b17a19b9acedfa58f
FING-8359,1363,2017,1,Eff Comm,0,0,2,2,2017,2,A,2,6.7,688b72842b68be151eaa797b7b854db6facb9b397801213b17a19b9acedfa58f
FING-5387,1363,2016,1,Eff Comm,0,0,2,2,2017,2,A,2,6.4,88a7c15da856303700daf73cd17d544ee747dd4bcfb0c5310e3221757253b173
FING-6359,1363,2016,1,Eff Comm,0,0,2,2,2017,2,A,2,5.8,80b77e03e906b6b90f7282edb67cb80f532e56d6704ff5b5896dce0e702084f0
FING-6281,1363,2016,1,Eff Comm,0,0,2,2,2017,2,R,2,3.9,80b77e03e906b6b90f7282edb67cb80f532e56d6704ff5b5896dce0e702084f0
FING-7352,1363,2017,1,Eng 1,0,0,2,2,2017,2,A,2,5.5,331daeb5e2bacaa17d203d73ce2c26227a79b69371f5f02e9b9d3d9d1d577b68
FING-2989,1363,2016,1,Eng 1,0,0,2,2,2017,2,A,2,5.5,6283feeb3658ebd5b8c01cf13ddcbd5e4bd6cbb6345df87cde9d52ad2f80f9a2
FING-5381,1363,2016,1,Eng 1,0,0,2,2,2017,2,A,2,7.0,6bb5c3af4266c0b8d6491b3c111fed9e5b23e78bd46349c1341957dca57156de
FING-5360,1363,2016,1,Eng 1,0,0,2,2,2017,2,A,2,5.4,9a418a74088a84206d75ef35607d8a69e524e55cf62de21dcd6020a0b5764e91
FING-8359,1363,2017,1,Eng 1,0,0,2,2,2017,2,A,2,5.3,9a418a74088a84206d75ef35607d8a69e524e55cf62de21dcd6020a0b5764e91
FING-5353,1363,2016,1,Eng 1,0,0,2,2,2017,2,A,2,6.1,8cd1c525096ad294d6e86e1c1eb8f0518f07be21695937adbf64724a25cdb78f
FING-6281,1363,2016,1,Eng 1,0,0,2,2,2017,2,A,2,6.6,8cd1c525096ad294d6e86e1c1eb8f0518f07be21695937adbf64724a25cdb78f
FING-5767,1363,2017,2,Eng 2,0,0,2,2,2017,2,A,2,6.0,da13843c885b13df7d3b6dd5e834d0d1e7e4edb0b2f9e394017c27a653743c44
FING-6354,1363,2016,1,Eng 2,0,0,2,2,2017,2,A,2,6.1,da13843c885b13df7d3b6dd5e834d0d1e7e4edb0b2f9e394017c27a653743c44
FING-5402,1363,2016,1,Eng 2,0,0,2,2,2017,2,A,1,6.7,bd9ac54818f0c524b5791464d60e9a0bca29b466be2f66af984a8d3f35779f62
FING-15274,1363,2016,1,Eng 2,0,0,2,2,2017,2,A,2,5.7,bd9ac54818f0c524b5791464d60e9a0bca29b466be2f66af984a8d3f35779f62
FING-5401,1363,2016,1,Eng 2,0,0,2,2,2017,2,R,2,1.0,7445abcb3d02291ae02a0412ab6cfb157b95d1cdc92b3049f39926cfd55ed69d
FING-5387,1363,2016,1,Eng 2,0,0,2,2,2017,2,A,2,5.7,7445abcb3d02291ae02a0412ab6cfb157b95d1cdc92b3049f39926cfd55ed69d
FING-5382,1363,2016,1,Eng 2,0,0,2,2,2017,2,A,2,6.1,7445abcb3d02291ae02a0412ab6cfb157b95d1cdc92b3049f39926cfd55ed69d
FING-6491,1363,2017,1,Eng 2,0,0,2,2,2017,2,A,2,6.3,d243075554e9e28bcc9460e19789a9578b49db27694e674c6c0f82cb7f85a5e5
FING-228,1363,2015,1,Eng 3,0,0,2,2,2017,2,A,2,5.7,6bb5c3af4266c0b8d6491b3c111fed9e5b23e78bd46349c1341957dca57156de
FING-2933,1363,2015,1,Eng 3,0,0,2,2,2017,2,A,2,5.8,6bb5c3af4266c0b8d6491b3c111fed9e5b23e78bd46349c1341957dca57156de
FING-2946,1363,2015,1,Eng 3,0,0,2,2,2017,2,A,2,4.8,6bb5c3af4266c0b8d6491b3c111fed9e5b23e78bd46349c1341957dca57156de
FING-2945,1363,2015,1,Eng 3,0,0,2,2,2017,2,A,2,7.0,6bb5c3af4266c0b8d6491b3c111fed9e5b23e78bd46349c1341957dca57156de
FING-2971,1363,2015,1,Eng 4,0,0,2,2,2017,2,A,2,6.3,a6fb443946e583f3114b054a27ffbef6eeddc3b37b0afc838fd8e1e240171f9a
FING-2973,1363,2015,1,Eng 4,0,0,2,2,2017,2,A,2,5.2,05a158b0394b2121a1e31ebd32ad22748f8f672294e8e71dd514831300eacc2e
FING-2905,1363,2015,1,Eng 4,0,0,2,2,2017,2,A,1,5.5,05a158b0394b2121a1e31ebd32ad22748f8f672294e8e71dd514831300eacc2e
FING-2909,1363,2015,1,Eng 4,0,0,2,2,2017,2,A,2,5.6,05a158b0394b2121a1e31ebd32ad22748f8f672294e8e71dd514831300eacc2e
FING-2951,1363,2015,1,Eng 4,0,0,2,2,2017,2,A,2,5.1,05a158b0394b2121a1e31ebd32ad22748f8f672294e8e71dd514831300eacc2e
FING-2960,1363,2015,1,Eng 4,0,0,2,2,2017,2,A,2,5.5,05a158b0394b2121a1e31ebd32ad22748f8f672294e8e71dd514831300eacc2e
FING-205,1363,2014,1,Eng 4,0,0,2,2,2017,2,A,2,6.6,05a158b0394b2121a1e31ebd32ad22748f8f672294e8e71dd514831300eacc2e
FING-3928,1363,2015,1,Eng 4,0,0,2,2,2017,2,A,2,5.7,dca7504582e2c7c4376e6956cc22a4ca5e8a88e6f00413949a5eb0e989e7d05d
FING-2919,1363,2015,1,Eng 4,0,0,2,2,2017,2,A,2,6.8,d243075554e9e28bcc9460e19789a9578b49db27694e674c6c0f82cb7f85a5e5
FING-15282,1363,2017,1,Cal 2,6,2,0,8,2018,2,A,1,4.1,8f76c3c9624622bf49eaf281bc72c03859c96fa850b904deafda3adcacf92130
FING-8195,1363,2017,1,Cal 2,6,2,0,8,2018,2,R,2,3.2,8a5a1b2546b474bcad309c4ebcac6bed0bc1693473ad875d87a2bf81f9d006a7
FING-4371,1363,2018,1,Cal 2,6,2,0,8,2018,2,R,2,3.8,94434f361cfd8e20fdddb4ecf46307ee2176795b035583a9581a1fbd50b982d3
FING-7354,1363,2017,1,Cal 2,6,2,0,8,2018,2,A,2,4.1,8f76c3c9624622bf49eaf281bc72c03859c96fa850b904deafda3adcacf92130
FING-7306,1363,2017,1,Cal 2,6,2,0,8,2018,2,A,1,4.0,8f76c3c9624622bf49eaf281bc72c03859c96fa850b904deafda3adcacf92130
FING-15306,1363,2018,1,Cal 2,6,2,0,8,2018,2,R,2,3.0,8f76c3c9624622bf49eaf281bc72c03859c96fa850b904deafda3adcacf92130
FING-7341,1363,2017,1,Cal 2,6,2,0,8,2018,2,A,1,4.0,8f76c3c9624622bf49eaf281bc72c03859c96fa850b904deafda3adcacf92130
FING-29416,1363,2017,1,Cal 2,6,2,0,8,2018,2,A,2,4.3,8f76c3c9624622bf49eaf281bc72c03859c96fa850b904deafda3adcacf92130
FING-28068,1363,2018,1,Alg 2,4,2,0,6,2018,2,A,1,5.0,8f76c3c9624622bf49eaf281bc72c03859c96fa850b904deafda3adcacf92130
FING-4371,1363,2018,1,Alg 2,4,2,0,6,2018,2,R,2,3.1,8f76c3c9624622bf49eaf281bc72c03859c96fa850b904deafda3adcacf92130
FING-9202,1363,2018,1,Alg 2,4,2,0,6,2018,2,A,1,5.3,cd4258abd494e338dd13dad75ea3f1f1ced923cec073b330363a2340dbb751bf
FING-10014,1363,2018,1,Alg 2,4,2,0,6,2018,2,A,2,5.1,cd4258abd494e338dd13dad75ea3f1f1ced923cec073b330363a2340dbb751bf
FING-9171,1363,2018,1,Alg 2,4,2,0,6,2018,2,A,2,5.8,cd4258abd494e338dd13dad75ea3f1f1ced923cec073b330363a2340dbb751bf
FING-7349,1363,2017,1,Stat Analys,4,2,0,6,2018,2,R,2,3.1,2ecf34b9ea0b53c1c84418cf3e4f9a0d8a2946eb457604384dd9405954fc33ff
FING-7760,1363,2018,1,Stat Analys,4,2,0,6,2018,2,A,2,5.7,2ecf34b9ea0b53c1c84418cf3e4f9a0d8a2946eb457604384dd9405954fc33ff
FING-6359,1363,2016,1,Stat Analys,4,2,0,6,2018,2,A,2,4.0,cb12c444adb814e44382a71bf9cac035de445d205abf2278b9f8f5739247e814
FING-6364,1363,2016,1,Stat Analys,4,2,0,6,2018,2,A,2,4.4,b668a1dd0b7fc9613e9eba607a925b31589677ce4ea1ce81f137e07d44635741
FING-15274,1363,2016,1,Stat Analys,4,2,0,6,2018,2,A,2,4.3,b668a1dd0b7fc9613e9eba607a925b31589677ce4ea1ce81f137e07d44635741
FING-8359,1363,2017,1,Diff Ec & Num Meth,4,2,0,6,2018,2,R,2,1.4,dec2ceb61415646c97fbc57093a23a996c1245b011ea790134e7bf7b9fc8224a
FING-1221,1363,2017,1,Diff Ec & Num Meth,4,2,0,6,2018,2,R,2,1.0,6d5c6805270cba628b313ab9f9b1c42e3cadf5e3629878ef5b65b598f917ad7d
FING-2989,1363,2016,1,Diff Ec & Num Meth,4,2,0,6,2018,2,A,2,4.6,6d5c6805270cba628b313ab9f9b1c42e3cadf5e3629878ef5b65b598f917ad7d
FING-7349,1363,2017,1,Diff Ec & Num Meth,4,2,0,6,2018,2,A,2,4.1,6d5c6805270cba628b313ab9f9b1c42e3cadf5e3629878ef5b65b598f917ad7d
FING-7312,1363,2017,1,Diff Ec & Num Meth,4,2,0,6,2018,2,R,2,2.9,6d5c6805270cba628b313ab9f9b1c42e3cadf5e3629878ef5b65b598f917ad7d
FING-7760,1363,2018,1,Diff Ec & Num Meth,4,2,0,6,2018,2,A,2,4.6,6d5c6805270cba628b313ab9f9b1c42e3cadf5e3629878ef5b65b598f917ad7d
FING-7312,1363,2017,1,Cal 3,4,2,0,6,2018,2,R,2,1.5,dec2ceb61415646c97fbc57093a23a996c1245b011ea790134e7bf7b9fc8224a
FING-2919,1363,2015,1,Cal 3,4,2,0,6,2018,2,R,2,1.8,8a5a1b2546b474bcad309c4ebcac6bed0bc1693473ad875d87a2bf81f9d006a7
FING-5402,1363,2016,1,Cal 3,4,2,0,6,2018,2,R,1,2.8,8a5a1b2546b474bcad309c4ebcac6bed0bc1693473ad875d87a2bf81f9d006a7
FING-2989,1363,2016,1,Cal 3,4,2,0,6,2018,2,R,2,3.4,b8cfc512f99f1372efa88cf44d04e7d07ecec3d7b896c9db4cccbfc2accc3504
FING-6364,1363,2016,1,Cal 3,4,2,0,6,2018,2,A,2,4.0,b8cfc512f99f1372efa88cf44d04e7d07ecec3d7b896c9db4cccbfc2accc3504
FING-5387,1363,2016,1,Cal 3,4,2,0,6,2018,2,R,2,2.1,b8cfc512f99f1372efa88cf44d04e7d07ecec3d7b896c9db4cccbfc2accc3504
FING-7760,1363,2018,1,Cal 3,4,2,0,6,2018,2,A,2,5.0,b8cfc512f99f1372efa88cf44d04e7d07ecec3d7b896c9db4cccbfc2accc3504
FING-6354,1363,2016,1,Cal 3,4,2,0,6,2018,2,R,2,1.0,4d1735bd404f48d4855de32dbd8c65be393f2ce0ae0955c99ea591fbd6921f00
FING-5767,1363,2017,2,Cal 3,4,2,0,6,2018,2,A,2,4.9,4d1735bd404f48d4855de32dbd8c65be393f2ce0ae0955c99ea591fbd6921f00
FING-5381,1363,2016,1,Cal 3,4,2,0,6,2018,2,R,2,1.5,4d1735bd404f48d4855de32dbd8c65be393f2ce0ae0955c99ea591fbd6921f00
FING-3928,1363,2015,1,Cal 3,4,2,0,6,2018,2,R,2,1.8,4d1735bd404f48d4855de32dbd8c65be393f2ce0ae0955c99ea591fbd6921f00
FING-5349,1363,2016,1,Cal 3,4,2,0,6,2018,2,R,2,2.4,4d1735bd404f48d4855de32dbd8c65be393f2ce0ae0955c99ea591fbd6921f00
FING-7316,1363,2017,1,Chemistry,4,2,0,6,2018,2,R,2,3.3,12088f67644d278b27bf0357691bcc823c23a59c355c86fa4f0aedd2bc737854
FING-7312,1363,2017,1,Chemistry,4,2,0,6,2018,2,A,2,4.0,12088f67644d278b27bf0357691bcc823c23a59c355c86fa4f0aedd2bc737854
FING-9191,1363,2018,1,Chemistry,4,2,0,6,2018,2,R,2,2.2,39baceb72fec0a6d32ffe2e718de719b4077f6b669c32b647aa28921f11a7124
FING-9193,1363,2018,1,Chemistry,4,2,0,6,2018,2,R,2,1.0,f3e3077060b02367391659203cbf31e291e495f3ea741f9e69bb3e0daae8a34c
FING-28159,1363,2018,1,Chemistry,4,2,0,6,2018,2,A,2,4.4,558a08be0c20736bde0af68298ae33d0d56dd7ffce4fba2b3a8a4ad4bcfc2053
FING-15306,1363,2018,1,Chemistry,4,2,0,6,2018,2,R,2,3.2,558a08be0c20736bde0af68298ae33d0d56dd7ffce4fba2b3a8a4ad4bcfc2053
FING-8359,1363,2017,1,Chemistry,4,2,0,6,2018,2,A,2,4.6,f3e3077060b02367391659203cbf31e291e495f3ea741f9e69bb3e0daae8a34c
FING-7306,1363,2017,1,Chemistry,4,2,0,6,2018,2,A,1,4.0,f3e3077060b02367391659203cbf31e291e495f3ea741f9e69bb3e0daae8a34c
FING-9208,1363,2018,1,Chemistry,4,2,0,6,2018,2,A,2,4.1,3487b41d9b9f4540c8d28da2bbf9c1259987b9c25f2bee9bfafe945e7bfd7ae3
FING-9202,1363,2018,1,Chemistry,4,2,0,6,2018,2,A,1,5.5,39baceb72fec0a6d32ffe2e718de719b4077f6b669c32b647aa28921f11a7124
FING-28124,1363,2018,1,Chemistry,4,2,0,6,2018,2,R,2,1.5,39baceb72fec0a6d32ffe2e718de719b4077f6b669c32b647aa28921f11a7124
FING-4371,1363,2018,1,Chemistry,4,2,0,6,2018,2,R,2,3.0,121f405a5dc34a38249311f5ce7e0353dbb5c5c79d2716cef4d07718ada38cf1
FING-9150,1363,2018,1,Chemistry,4,2,0,6,2018,2,A,1,5.6,121f405a5dc34a38249311f5ce7e0353dbb5c5c79d2716cef4d07718ada38cf1
FING-28068,1363,2018,1,Chemistry,4,2,0,6,2018,2,A,1,4.4,9721a6b593b134a940b7e8e7daac7fbcb0ab2b9681cc12a67a9eefade6b0c2a9
FING-9160,1363,2018,1,Chemistry,4,2,0,6,2018,2,A,2,4.0,9721a6b593b134a940b7e8e7daac7fbcb0ab2b9681cc12a67a9eefade6b0c2a9
FING-9136,1363,2018,1,Chemistry,4,2,0,6,2018,2,R,2,3.5,9721a6b593b134a940b7e8e7daac7fbcb0ab2b9681cc12a67a9eefade6b0c2a9
FING-10014,1363,2018,1,Chemistry,4,2,0,6,2018,2,A,2,4.8,9721a6b593b134a940b7e8e7daac7fbcb0ab2b9681cc12a67a9eefade6b0c2a9
FING-7307,1363,2017,1,Cal 2,6,2,0,8,2018,2,R,1,2.6,8508436b0f900192b9c554f5c427e8274f4a2527a29c26777931111848b081b4
FING-9202,1363,2018,1,Cal 2,6,2,0,8,2018,2,A,1,4.8,8508436b0f900192b9c554f5c427e8274f4a2527a29c26777931111848b081b4
FING-9150,1363,2018,1,Cal 2,6,2,0,8,2018,2,A,1,5.0,8508436b0f900192b9c554f5c427e8274f4a2527a29c26777931111848b081b4
FING-9191,1363,2018,1,Cal 2,6,2,0,8,2018,2,A,2,4.1,8508436b0f900192b9c554f5c427e8274f4a2527a29c26777931111848b081b4
FING-9171,1363,2018,1,Cal 2,6,2,0,8,2018,2,R,2,2.2,8508436b0f900192b9c554f5c427e8274f4a2527a29c26777931111848b081b4
FING-28124,1363,2018,1,Alg 2,4,2,0,6,2018,2,A,2,4.0,8b42f45aab7337fe4a974e5be08b452554fd5bcaf1bd1563470918402e15a2ec
FING-9150,1363,2018,1,Alg 2,4,2,0,6,2018,2,A,1,6.8,ffb9801459f800c2b0a8df9223948729efa668d8033e3dacd975ed0e94f5ab0b
FING-9191,1363,2018,1,Alg 2,4,2,0,6,2018,2,A,2,5.7,ffb9801459f800c2b0a8df9223948729efa668d8033e3dacd975ed0e94f5ab0b
FING-28159,1363,2018,1,Alg 2,4,2,0,6,2018,2,A,2,5.1,ffb9801459f800c2b0a8df9223948729efa668d8033e3dacd975ed0e94f5ab0b
FING-6354,1363,2016,1,Stat Analys,4,2,0,6,2018,2,A,2,5.1,80ba212777d65715fa75beef6c200e1ff774ccae49bced566a5496db704f4a11
FING-5381,1363,2016,1,Stat Analys,4,2,0,6,2018,2,A,2,4.2,80ba212777d65715fa75beef6c200e1ff774ccae49bced566a5496db704f4a11
FING-8308,1363,2017,1,Diff Ec & Num Meth,4,2,0,6,2018,2,R,2,2.3,0273a82eb29bb351d1c24137c450c6dc8cbebb7e6fc0029846691d238e3392af
FING-6354,1363,2016,1,Diff Ec & Num Meth,4,2,0,6,2018,2,R,2,1.0,984fd6e8e8cd71628ae210f6a1f1557e0da0a64e905394cc57386d1524bbc85a
FING-7300,1363,2017,1,Diff Ec & Num Meth,4,2,0,6,2018,2,R,2,3.4,984fd6e8e8cd71628ae210f6a1f1557e0da0a64e905394cc57386d1524bbc85a
FING-8308,1363,2017,1,Fund Econ,4,2,0,6,2018,2,A,2,5.3,0989238be5362cf4cae16b9ffb00d5d13d623aaa763b8c7ff935dd893b6db7a4
FING-7349,1363,2017,1,Fund Econ,4,2,0,6,2018,2,A,2,5.7,0989238be5362cf4cae16b9ffb00d5d13d623aaa763b8c7ff935dd893b6db7a4
FING-8361,1363,2017,1,Fund Econ,4,2,0,6,2018,2,R,2,2.7,0989238be5362cf4cae16b9ffb00d5d13d623aaa763b8c7ff935dd893b6db7a4
FING-15306,1363,2018,1,Fund Econ,4,2,0,6,2018,2,A,2,4.0,0989238be5362cf4cae16b9ffb00d5d13d623aaa763b8c7ff935dd893b6db7a4
FING-1221,1363,2017,1,Fund Econ,4,2,0,6,2018,2,A,2,4.0,f07aee52d6c6bcf2d5d0515a7b5bc96a76bcfb5cdceca686b2a60ce754f77b43
FING-8195,1363,2017,1,Fund Econ,4,2,0,6,2018,2,A,2,4.0,f07aee52d6c6bcf2d5d0515a7b5bc96a76bcfb5cdceca686b2a60ce754f77b43
FING-7307,1363,2017,1,Fund Econ,4,2,0,6,2018,2,A,1,4.0,f07aee52d6c6bcf2d5d0515a7b5bc96a76bcfb5cdceca686b2a60ce754f77b43
FING-9171,1363,2018,1,Fund Econ,4,2,0,6,2018,2,A,2,4.0,f07aee52d6c6bcf2d5d0515a7b5bc96a76bcfb5cdceca686b2a60ce754f77b43
FING-7316,1363,2017,1,Fund Econ,4,2,0,6,2018,2,R,2,3.4,a4981df8f1af2792fcff427cc3d027d02b66fbb86906b0686e05be3a8d1d7780
FING-5387,1363,2016,1,Fund Econ,4,2,0,6,2018,2,A,2,4.6,a4981df8f1af2792fcff427cc3d027d02b66fbb86906b0686e05be3a8d1d7780
FING-7341,1363,2017,1,Fund Econ,4,2,0,6,2018,2,R,1,2.5,a4981df8f1af2792fcff427cc3d027d02b66fbb86906b0686e05be3a8d1d7780
FING-29416,1363,2017,1,Fund Econ,4,2,0,6,2018,2,R,2,2.6,a4981df8f1af2792fcff427cc3d027d02b66fbb86906b0686e05be3a8d1d7780
FING-7300,1363,2017,1,Fund Econ,4,2,0,6,2018,2,R,2,3.5,e0f19966a5fb28ea6c374ff717b67fb61e365c189e4603d0155e95a2f42121fb
FING-15282,1363,2017,1,Fund Econ,4,2,0,6,2018,2,A,1,4.4,47b11e8a4acdb2eecf224be51aeafde303064f80bc1c2cbb97bb6e3eac7ea0cb
FING-7300,1363,2017,1,Eff Comm,0,0,2,2,2018,2,A,2,6.2,bfbda5483f828babc6d93458f1b5f6e2cc38ec73a17c3d3969440056395bd44a
FING-15306,1363,2018,1,Eff Comm,0,0,2,2,2018,2,A,2,5.8,bfbda5483f828babc6d93458f1b5f6e2cc38ec73a17c3d3969440056395bd44a
FING-10176,1363,2018,1,Eff Comm,0,0,2,2,2018,2,A,2,5.1,d3fd1b672b9186684aa0c14da19894173d03261fc4307876ca674165159d281e
FING-9160,1363,2018,1,Eff Comm,0,0,2,2,2018,2,R,2,3.8,d3fd1b672b9186684aa0c14da19894173d03261fc4307876ca674165159d281e
FING-9136,1363,2018,1,Eff Comm,0,0,2,2,2018,2,A,2,4.0,d3fd1b672b9186684aa0c14da19894173d03261fc4307876ca674165159d281e
FING-9172,1363,2018,1,Eff Comm,0,0,2,2,2018,2,A,2,5.9,a128dddd69b168f7f3e3d04fab425f4da227c448b277af8d8e8c31cb8612f32b
FING-9171,1363,2018,1,Eff Comm,0,0,2,2,2018,2,A,2,6.2,a128dddd69b168f7f3e3d04fab425f4da227c448b277af8d8e8c31cb8612f32b
FING-9208,1363,2018,1,Eff Comm,0,0,2,2,2018,2,A,2,6.2,a128dddd69b168f7f3e3d04fab425f4da227c448b277af8d8e8c31cb8612f32b
FING-11159,1363,2019,1,Alg 1,6,2,0,8,2019,2,A,2,4.2,5c1b56c44ae252bb24a2439b8e9c45b1ee1f89cc8f5cfa4376397173245ef6fd
FING-11136,1363,2019,1,Alg 1,6,2,0,8,2019,2,A,2,5.1,5c1b56c44ae252bb24a2439b8e9c45b1ee1f89cc8f5cfa4376397173245ef6fd
FING-15343,1363,2019,1,Alg 1,6,2,0,8,2019,2,A,2,4.1,5c1b56c44ae252bb24a2439b8e9c45b1ee1f89cc8f5cfa4376397173245ef6fd
FING-15346,1363,2019,1,Alg 1,6,2,0,8,2019,2,A,2,4.3,5c1b56c44ae252bb24a2439b8e9c45b1ee1f89cc8f5cfa4376397173245ef6fd
FING-11135,1363,2019,1,Alg 1,6,2,0,8,2019,2,A,2,4.3,d91ed57673ff829a836b248c5437d2baa24bf8f65b2e9ad7330ea22ecc044d96
FING-11116,1363,2019,1,IPD Workshop,2,0,2,4,2019,2,A,2,5.9,f5793ef126a2c5c42d114ce162802b457266738abd6306169f65ba85f5edf025
FING-15261,1363,2019,1,Cal 2,6,2,0,8,2019,2,A,2,4.7,8a5a1b2546b474bcad309c4ebcac6bed0bc1693473ad875d87a2bf81f9d006a7
FING-11130,1363,2019,1,Cal 2,6,2,0,8,2019,2,A,2,4.5,8a5a1b2546b474bcad309c4ebcac6bed0bc1693473ad875d87a2bf81f9d006a7
FING-11164,1363,2019,1,Cal 2,6,2,0,8,2019,2,A,2,4.7,8a5a1b2546b474bcad309c4ebcac6bed0bc1693473ad875d87a2bf81f9d006a7
FING-11110,1363,2019,1,Cal 2,6,2,0,8,2019,2,A,2,5.1,ada1a8652f898b79af7d71eeaf368558504e1187b472a12399598845c1955fe3
FING-11168,1363,2019,1,Cal 2,6,2,0,8,2019,2,A,2,4.2,ada1a8652f898b79af7d71eeaf368558504e1187b472a12399598845c1955fe3
FING-28124,1363,2018,1,Cal 2,6,2,0,8,2019,2,R,2,2.5,ada1a8652f898b79af7d71eeaf368558504e1187b472a12399598845c1955fe3
FING-11089,1363,2019,1,Cal 2,6,2,0,8,2019,2,R,2,2.6,ada1a8652f898b79af7d71eeaf368558504e1187b472a12399598845c1955fe3
FING-11178,1363,2019,1,Cal 2,6,2,0,8,2019,2,A,2,4.0,ada1a8652f898b79af7d71eeaf368558504e1187b472a12399598845c1955fe3
FING-11142,1363,2019,1,Cal 2,6,2,0,8,2019,2,A,2,4.0,ada1a8652f898b79af7d71eeaf368558504e1187b472a12399598845c1955fe3
FING-4473,1363,2019,1,Cal 2,6,2,0,8,2019,2,A,2,4.8,4fa6ca240314b04309cb04f61a734a8159999e28bfe6305decd29515f58b18a2
FING-11170,1363,2019,1,Cal 2,6,2,0,8,2019,2,A,2,4.6,4fa6ca240314b04309cb04f61a734a8159999e28bfe6305decd29515f58b18a2
FING-11158,1363,2019,1,Cal 2,6,2,0,8,2019,2,A,2,5.7,4fa6ca240314b04309cb04f61a734a8159999e28bfe6305decd29515f58b18a2
FING-11123,1363,2019,1,Cal 2,6,2,0,8,2019,2,A,2,5.9,4fa6ca240314b04309cb04f61a734a8159999e28bfe6305decd29515f58b18a2
FING-11158,1363,2019,1,Alg 2,4,2,0,6,2019,2,A,2,5.2,7bd83a44dc7696632973aeee4562f889260bd3c9e7b4f66dd5f074115f86b78a
FING-4473,1363,2019,1,Alg 2,4,2,0,6,2019,2,A,2,5.7,8f76c3c9624622bf49eaf281bc72c03859c96fa850b904deafda3adcacf92130
FING-11110,1363,2019,1,Alg 2,4,2,0,6,2019,2,A,2,5.4,8f76c3c9624622bf49eaf281bc72c03859c96fa850b904deafda3adcacf92130
FING-15261,1363,2019,1,Alg 2,4,2,0,6,2019,2,A,2,5.0,8f76c3c9624622bf49eaf281bc72c03859c96fa850b904deafda3adcacf92130
FING-11170,1363,2019,1,Alg 2,4,2,0,6,2019,2,A,2,4.5,8f76c3c9624622bf49eaf281bc72c03859c96fa850b904deafda3adcacf92130
FING-11165,1363,2019,1,Alg 2,4,2,0,6,2019,2,A,2,4.8,8f76c3c9624622bf49eaf281bc72c03859c96fa850b904deafda3adcacf92130
FING-11164,1363,2019,1,Alg 2,4,2,0,6,2019,2,A,2,5.3,8f76c3c9624622bf49eaf281bc72c03859c96fa850b904deafda3adcacf92130
FING-11071,1363,2019,1,Alg 2,4,2,0,6,2019,2,A,2,5.0,8f76c3c9624622bf49eaf281bc72c03859c96fa850b904deafda3adcacf92130
FING-11142,1363,2019,1,Chemistry,4,2,0,6,2019,2,A,2,5.8,b5bcbc885cb45c07d71ece1883c448720427d5eedeea5e3491ce75d6d5bca32d
FING-7316,1363,2017,1,Stat Analys,4,2,0,6,2019,2,R,2,2.3,4c3af6a6fafc2a4fd8b54a0620614abd40e25d5b9bce3055d3a942e8d1a78208
FING-2915,1363,2015,1,Stat Analys,4,2,0,6,2019,2,A,2,5.0,2ecf34b9ea0b53c1c84418cf3e4f9a0d8a2946eb457604384dd9405954fc33ff
FING-7307,1363,2017,1,Stat Analys,4,2,0,6,2019,2,R,1,1.3,2ecf34b9ea0b53c1c84418cf3e4f9a0d8a2946eb457604384dd9405954fc33ff
FING-7312,1363,2017,1,Stat Analys,4,2,0,6,2019,2,R,2,1.0,2ecf34b9ea0b53c1c84418cf3e4f9a0d8a2946eb457604384dd9405954fc33ff
FING-9171,1363,2018,1,Stat Analys,4,2,0,6,2019,2,R,2,1.9,2ecf34b9ea0b53c1c84418cf3e4f9a0d8a2946eb457604384dd9405954fc33ff
FING-28068,1363,2018,1,Stat Analys,4,2,0,6,2019,2,R,1,1.7,cb12c444adb814e44382a71bf9cac035de445d205abf2278b9f8f5739247e814
FING-7341,1363,2017,1,Stat Analys,4,2,0,6,2019,2,R,1,1.8,cb12c444adb814e44382a71bf9cac035de445d205abf2278b9f8f5739247e814
FING-7354,1363,2017,1,Stat Analys,4,2,0,6,2019,2,A,2,4.3,4c3af6a6fafc2a4fd8b54a0620614abd40e25d5b9bce3055d3a942e8d1a78208
FING-9136,1363,2018,1,Fund Econ,4,2,0,6,2019,2,R,2,3.5,f07aee52d6c6bcf2d5d0515a7b5bc96a76bcfb5cdceca686b2a60ce754f77b43
FING-9208,1363,2018,1,Fund Econ,4,2,0,6,2019,2,A,2,4.1,f07aee52d6c6bcf2d5d0515a7b5bc96a76bcfb5cdceca686b2a60ce754f77b43
FING-15306,1363,2018,1,Diff Ec & Num Meth,4,2,0,6,2019,2,A,2,4.0,0c72a2ad7dd210d87d992a7bd4905912d4bd5f36d16b930d2302169cd2bac334
FING-7307,1363,2017,1,Diff Ec & Num Meth,4,2,0,6,2019,2,R,1,3.5,4d1735bd404f48d4855de32dbd8c65be393f2ce0ae0955c99ea591fbd6921f00
FING-28159,1363,2018,1,Diff Ec & Num Meth,4,2,0,6,2019,2,A,2,5.8,4d1735bd404f48d4855de32dbd8c65be393f2ce0ae0955c99ea591fbd6921f00
FING-11177,1363,2019,1,Eff Comm,0,0,2,2,2019,2,A,1,6.2,88a7c15da856303700daf73cd17d544ee747dd4bcfb0c5310e3221757253b173
FING-11159,1363,2019,1,Eff Comm,0,0,2,2,2019,2,A,2,6.3,88a7c15da856303700daf73cd17d544ee747dd4bcfb0c5310e3221757253b173
FING-11079,1363,2019,1,Eff Comm,0,0,2,2,2019,2,A,2,4.6,688b72842b68be151eaa797b7b854db6facb9b397801213b17a19b9acedfa58f
FING-11113,1363,2019,1,Eff Comm,0,0,2,2,2019,2,A,2,6.3,688b72842b68be151eaa797b7b854db6facb9b397801213b17a19b9acedfa58f
FING-7306,1363,2017,1,Eff Comm,0,0,2,2,2019,2,A,1,5.4,bfbda5483f828babc6d93458f1b5f6e2cc38ec73a17c3d3969440056395bd44a
FING-11154,1363,2019,1,Eff Comm,0,0,2,2,2019,2,A,2,6.2,4d36287815056e1be09b13677b66f83cb63a400ebfe07e8757fc9bfe505f1c6b
FING-15343,1363,2019,1,Eff Comm,0,0,2,2,2019,2,A,2,5.5,4d36287815056e1be09b13677b66f83cb63a400ebfe07e8757fc9bfe505f1c6b
FING-15346,1363,2019,1,Eff Comm,0,0,2,2,2019,2,A,2,6.5,4d36287815056e1be09b13677b66f83cb63a400ebfe07e8757fc9bfe505f1c6b
FING-11182,1363,2019,1,Eff Comm,0,0,2,2,2019,2,A,2,6.0,4d36287815056e1be09b13677b66f83cb63a400ebfe07e8757fc9bfe505f1c6b
FING-4473,1363,2019,1,Eff Comm,0,0,2,2,2019,2,A,2,6.5,f5793ef126a2c5c42d114ce162802b457266738abd6306169f65ba85f5edf025
FING-11122,1363,2019,1,Eff Comm,0,0,2,2,2019,2,A,1,5.5,d3fd1b672b9186684aa0c14da19894173d03261fc4307876ca674165159d281e
FING-7349,1363,2017,1,Cal 3,4,2,0,6,2019,2,R,2,2.8,8a5a1b2546b474bcad309c4ebcac6bed0bc1693473ad875d87a2bf81f9d006a7
FING-9191,1363,2018,1,Cal 3,4,2,0,6,2019,2,R,2,3.2,d9432f4e1d42c298e4a5bf3c9da43999e4ecf8ddf03af24848fa23131f9e31ea
FING-2919,1363,2015,1,Cal 3,4,2,0,6,2019,2,R,2,2.2,5edc2f51e0bbed3ddd612a9f8ba01fa514db75f50615cf064f1aaf2fa14f00a1
FING-28159,1363,2018,1,Cal 3,4,2,0,6,2019,2,A,2,5.4,5edc2f51e0bbed3ddd612a9f8ba01fa514db75f50615cf064f1aaf2fa14f00a1
FING-28229,1363,2019,1,Eng 1,0,0,2,2,2019,2,A,2,7.0,a6fb443946e583f3114b054a27ffbef6eeddc3b37b0afc838fd8e1e240171f9a
FING-9160,1363,2018,1,Eng 1,0,0,2,2,2019,2,A,2,6.5,da13843c885b13df7d3b6dd5e834d0d1e7e4edb0b2f9e394017c27a653743c44
FING-15306,1363,2018,1,Eng 2,0,0,2,2,2019,2,A,2,7.0,da13843c885b13df7d3b6dd5e834d0d1e7e4edb0b2f9e394017c27a653743c44
FING-9191,1363,2018,1,Eng 2,0,0,2,2,2019,2,A,2,6.0,da13843c885b13df7d3b6dd5e834d0d1e7e4edb0b2f9e394017c27a653743c44
FING-2915,1363,2015,1,Eng 4,0,0,2,2,2019,2,A,2,6.4,da13843c885b13df7d3b6dd5e834d0d1e7e4edb0b2f9e394017c27a653743c44
FING-6491,1363,2017,1,SoftEng Workshop,2,0,4,6,2020,2,A,2,5.8,567aacf1dff546b11839fb62a55455d087d826e7d0993ad1c9fab7fcd7be84d8
FING-15306,1363,2018,1,Syst Eng,4,2,0,6,2020,2,A,2,5.0,28c6c5bbf5d7179bb107cafd4476735962f8f755b2efb9903fb0e52b497fa2b7
FING-11089,1363,2019,1,Eng 2,0,0,2,2,2020,2,A,2,6.4,8a9a034d755b486192c8b26fcf78f976b7c88c3efc59ff1630d4ba991cba0c40
FING-4473,1363,2019,1,Eng 2,0,0,2,2,2020,2,A,2,6.5,d243075554e9e28bcc9460e19789a9578b49db27694e674c6c0f82cb7f85a5e5
FING-9611,1363,2019,2,Eng 2,0,0,2,2,2020,2,A,2,7.0,d243075554e9e28bcc9460e19789a9578b49db27694e674c6c0f82cb7f85a5e5
FING-11165,1363,2019,1,Eng 2,0,0,2,2,2020,2,A,2,6.5,d243075554e9e28bcc9460e19789a9578b49db27694e674c6c0f82cb7f85a5e5
FING-15350,1363,2020,2,Eng 2,0,0,2,2,2020,2,A,2,6.0,d243075554e9e28bcc9460e19789a9578b49db27694e674c6c0f82cb7f85a5e5
FING-9611,1363,2019,2,Syst Eng,4,2,0,6,2020,2,A,2,5.4,28c6c5bbf5d7179bb107cafd4476735962f8f755b2efb9903fb0e52b497fa2b7
FING-9160,1363,2018,1,Syst Eng,4,2,0,6,2020,2,A,2,4.2,28c6c5bbf5d7179bb107cafd4476735962f8f755b2efb9903fb0e52b497fa2b7
FING-10014,1363,2018,1,Syst Eng,4,2,0,6,2020,2,A,2,4.5,28c6c5bbf5d7179bb107cafd4476735962f8f755b2efb9903fb0e52b497fa2b7
FING-11168,1363,2019,1,Stat Analys,4,2,0,6,2020,2,R,2,1.0,4c3af6a6fafc2a4fd8b54a0620614abd40e25d5b9bce3055d3a942e8d1a78208
FING-9171,1363,2018,1,Stat Analys,4,2,0,6,2020,2,A,2,4.6,4c3af6a6fafc2a4fd8b54a0620614abd40e25d5b9bce3055d3a942e8d1a78208
FING-11178,1363,2019,1,Stat Analys,4,2,0,6,2020,2,R,2,3.2,4c3af6a6fafc2a4fd8b54a0620614abd40e25d5b9bce3055d3a942e8d1a78208
FING-15346,1363,2019,1,Stat Analys,4,2,0,6,2020,2,A,2,5.0,4c3af6a6fafc2a4fd8b54a0620614abd40e25d5b9bce3055d3a942e8d1a78208
FING-11123,1363,2019,1,Stat Analys,4,2,0,6,2020,2,R,2,3.3,4c3af6a6fafc2a4fd8b54a0620614abd40e25d5b9bce3055d3a942e8d1a78208
FING-11168,1363,2019,1,Diff Ec & Num Meth,4,2,0,6,2020,2,A,2,4.3,a210f30ff7c2d98c257908cf296e42438eefb5cf9cc725c1b02d3bd756cfeb00
FING-11154,1363,2019,1,Progr Methd,4,2,2,8,2021,1,A,2,4.6,c31cbe4df540d9624606faae87f7bf317f5b19593d9fe7d8856a5482bf31ebfd
FING-11182,1363,2019,1,Progr Methd,4,2,2,8,2021,1,R,2,3.2,c31cbe4df540d9624606faae87f7bf317f5b19593d9fe7d8856a5482bf31ebfd
FING-7341,1363,2017,1,Progr Methd,4,2,2,8,2021,1,A,1,4.4,c31cbe4df540d9624606faae87f7bf317f5b19593d9fe7d8856a5482bf31ebfd
FING-5767,1363,2017,2,Data Analysis,4,0,2,6,2021,1,A,2,5.2,b1b15560e2be8b7042f970cb5fefe8691e2a7551695704e678411dc14da06999
FING-7760,1363,2018,1,Data Analysis,4,0,2,6,2021,1,A,2,5.8,b1b15560e2be8b7042f970cb5fefe8691e2a7551695704e678411dc14da06999
FING-5767,1363,2017,2,Distributed Systems,4,0,2,6,2021,1,A,2,6.5,5f941f71b3c3e7327231b77037437144c0eea353ea42f5407d4b5d65cd834293
FING-6491,1363,2017,1,Distributed Systems,4,0,2,6,2021,1,A,2,6.5,5f941f71b3c3e7327231b77037437144c0eea353ea42f5407d4b5d65cd834293
FING-9172,1363,2018,1,Progr Parad,4,0,2,6,2021,1,R,2,1.1,ccd981858c1ea839b512426d8dfcd4f88feaec45b731cc0a2f924fd2e6e153d8
FING-9208,1363,2018,1,Progr Parad,4,0,2,6,2021,1,A,2,4.1,ccd981858c1ea839b512426d8dfcd4f88feaec45b731cc0a2f924fd2e6e153d8
FING-11159,1363,2019,1,Progr Parad,4,0,2,6,2021,1,A,2,4.7,ccd981858c1ea839b512426d8dfcd4f88feaec45b731cc0a2f924fd2e6e153d8
FING-11130,1363,2019,1,Progr Parad,4,0,2,6,2021,1,R,2,1.6,ccd981858c1ea839b512426d8dfcd4f88feaec45b731cc0a2f924fd2e6e153d8
FING-11158,1363,2019,1,Progr Parad,4,0,2,6,2021,1,A,2,5.3,ccd981858c1ea839b512426d8dfcd4f88feaec45b731cc0a2f924fd2e6e153d8
FING-11104,1363,2019,1,Progr Parad,4,0,2,6,2021,1,R,2,1.6,ccd981858c1ea839b512426d8dfcd4f88feaec45b731cc0a2f924fd2e6e153d8
FING-7760,1363,2018,1,Elective IV,4,0,2,6,2021,1,A,2,6.4,ccd981858c1ea839b512426d8dfcd4f88feaec45b731cc0a2f924fd2e6e153d8
FING-11168,1363,2019,1,Progr Parad,4,0,2,6,2021,1,R,2,3.7,ae5fb0db2f7aa7d4f622134492fe773f10da0ae9b3fae3ac5db21a41eb4cafd8
FING-7307,1363,2017,1,Progr Parad,4,0,2,6,2021,1,R,1,1.7,ae5fb0db2f7aa7d4f622134492fe773f10da0ae9b3fae3ac5db21a41eb4cafd8
FING-28124,1363,2018,1,Progr Parad,4,0,2,6,2021,1,R,2,1.2,ae5fb0db2f7aa7d4f622134492fe773f10da0ae9b3fae3ac5db21a41eb4cafd8
FING-28159,1363,2018,1,Progr Parad,4,0,2,6,2021,1,A,2,6.0,ae5fb0db2f7aa7d4f622134492fe773f10da0ae9b3fae3ac5db21a41eb4cafd8
FING-11164,1363,2019,1,Progr Parad,4,0,2,6,2021,1,A,2,5.1,ae5fb0db2f7aa7d4f622134492fe773f10da0ae9b3fae3ac5db21a41eb4cafd8
FING-11071,1363,2019,1,Progr Parad,4,0,2,6,2021,1,R,2,2.4,ae5fb0db2f7aa7d4f622134492fe773f10da0ae9b3fae3ac5db21a41eb4cafd8
FING-6354,1363,2016,1,Anthropology and Engineering,4,0,0,4,2021,1,A,2,6.7,28705518ad54de7ff7a728187f822af28090208020a6a3846171a17906851fe5
FING-9160,1363,2018,1,Anthropology and Engineering,4,0,0,4,2021,1,A,2,5.3,28705518ad54de7ff7a728187f822af28090208020a6a3846171a17906851fe5
FING-10014,1363,2018,1,Anthropology and Engineering,4,0,0,4,2021,1,A,2,5.3,28705518ad54de7ff7a728187f822af28090208020a6a3846171a17906851fe5
FING-9208,1363,2018,1,Anthropology and Engineering,4,0,0,4,2021,1,A,2,6.1,28705518ad54de7ff7a728187f822af28090208020a6a3846171a17906851fe5
FING-1221,1363,2017,1,Syst Eng,4,2,0,6,2021,1,A,2,5.8,c72589d68256189170bf7f9b01833c29e775b289fb07c42175439e0d5cdfcf53
FING-7306,1363,2017,1,Syst Eng,4,2,0,6,2021,1,A,1,5.6,c72589d68256189170bf7f9b01833c29e775b289fb07c42175439e0d5cdfcf53
FING-7341,1363,2017,1,Syst Eng,4,2,0,6,2021,1,A,1,5.8,c72589d68256189170bf7f9b01833c29e775b289fb07c42175439e0d5cdfcf53
FING-1221,1363,2017,1,DB Design,4,1,1,6,2021,1,A,2,4.8,e7664f59ac17269c7b8850165be580d22f8815f1b1dee14b1468d917d36b1b1e
FING-28068,1363,2018,1,DB Design,4,1,1,6,2021,1,A,1,5.0,e7664f59ac17269c7b8850165be580d22f8815f1b1dee14b1468d917d36b1b1e
FING-7349,1363,2017,1,DB Design,4,1,1,6,2021,1,A,2,6.1,e7664f59ac17269c7b8850165be580d22f8815f1b1dee14b1468d917d36b1b1e
FING-7312,1363,2017,1,DB Design,4,1,1,6,2021,1,A,2,4.6,e7664f59ac17269c7b8850165be580d22f8815f1b1dee14b1468d917d36b1b1e
FING-11749,1363,2020,1,DB Design,4,1,1,6,2021,1,A,2,5.5,e7664f59ac17269c7b8850165be580d22f8815f1b1dee14b1468d917d36b1b1e
FING-9611,1363,2019,2,DB Design,4,1,1,6,2021,1,A,2,5.0,e7664f59ac17269c7b8850165be580d22f8815f1b1dee14b1468d917d36b1b1e
FING-7306,1363,2017,1,DB Design,4,1,1,6,2021,1,A,1,4.8,e7664f59ac17269c7b8850165be580d22f8815f1b1dee14b1468d917d36b1b1e
FING-4305,1363,2012,1,Phy 1,4,2,1,7,2012,1,A,2,4.6,d70bb175a1836f082bb4c83f5771ac725abc217b99be0f2b672cdea89be36fc7
FING-4313,1363,2012,1,Phy 1,4,2,1,7,2012,1,A,2,5.0,965a1dfe64b0e75e04c6d521177bdb6326b0c1d4745d4cbdf51cd633891377e5
FING-666,1363,2012,1,Phy 1,4,2,1,7,2012,1,A,2,4.1,a2856a62356c7b50edec83a409efd3e9bf9f6044fd91b3477143cd63e99cbbbc
FING-1799,1363,2012,1,Phy 1,4,2,1,7,2012,1,A,2,6.2,c32a2283ffb5eec385dc3f0bbd08af4e930148f6ec70a67a259d6dcaaa0ac8db
FING-4324,1363,2012,1,Phy 1,4,2,1,7,2012,1,A,2,4.9,0f75cada633c0b186ed1d780a9792683e8d591ad47071472cc91a65377c3aa77
FING-4306,1363,2012,1,Phy 1,4,2,1,7,2012,1,A,2,5.2,a340e735836f568b6e42e02aa14c8f3a41ccb297f9c2b4f7be6a7e4306c78154
FING-1802,1363,2012,1,Phy 1,4,2,1,7,2012,1,A,2,5.0,be63a5d65a138ec18c5b2b544c9a6b5d46a6784fcde8a58fa217739a10bc2819
FING-4323,1363,2012,1,Phy 1,4,2,1,7,2012,1,A,2,4.6,f6a9adfbc3b98c2908bdd53b48de5c161e80b51fb449a4e25dea88bcad634efe
FING-12860,1363,2012,1,Phy 1,4,2,1,7,2012,1,A,2,5.2,0d6f2359e12216f5ba70f54b9737cb1685f82e4c47189ed5ed915839c8a9c077
FING-4321,1363,2012,1,Phy 1,4,2,1,7,2012,1,R,2,3.0,0d6f2359e12216f5ba70f54b9737cb1685f82e4c47189ed5ed915839c8a9c077
FING-4319,1363,2012,1,Phy 1,4,2,1,7,2012,1,R,2,2.0,c32a2283ffb5eec385dc3f0bbd08af4e930148f6ec70a67a259d6dcaaa0ac8db
FING-4312,1363,2012,1,Phy 1,4,2,1,7,2012,1,A,2,5.0,c32a2283ffb5eec385dc3f0bbd08af4e930148f6ec70a67a259d6dcaaa0ac8db
FING-666,1363,2012,1,Fund Progr,4,0,2,6,2012,2,R,2,2.7,c1e4635e6d285e41246f10c26345ab46753a2410b81286e3de6f4577af5f89c3
FING-4324,1363,2012,1,Fund Progr,4,0,2,6,2012,2,A,2,5.0,c1e4635e6d285e41246f10c26345ab46753a2410b81286e3de6f4577af5f89c3
FING-1799,1363,2012,1,Fund Progr,4,0,2,6,2012,2,A,2,5.0,c1e4635e6d285e41246f10c26345ab46753a2410b81286e3de6f4577af5f89c3
FING-4313,1363,2012,1,Fund Progr,4,0,2,6,2012,2,A,2,4.6,c1e4635e6d285e41246f10c26345ab46753a2410b81286e3de6f4577af5f89c3
FING-4306,1363,2012,1,Fund Progr,4,0,2,6,2012,2,R,2,3.4,c1e4635e6d285e41246f10c26345ab46753a2410b81286e3de6f4577af5f89c3
FING-4312,1363,2012,1,Fund Progr,4,0,2,6,2012,2,A,2,6.1,a816975d5a79715818baced34ee1b5eb2821e0d08cb93a4bd8c1798a3fdb0575
FING-4305,1363,2012,1,Fund Progr,4,0,2,6,2012,2,R,2,3.4,a816975d5a79715818baced34ee1b5eb2821e0d08cb93a4bd8c1798a3fdb0575
FING-4321,1363,2012,1,Fund Progr,4,0,2,6,2012,2,A,2,4.9,a816975d5a79715818baced34ee1b5eb2821e0d08cb93a4bd8c1798a3fdb0575
FING-4313,1363,2012,1,Cal 2,6,2,0,8,2013,2,A,2,4.3,1c702013c61a4e9c3d55a6cab9307e9dd956c95b7bc9c9eaecbcaad761f589f1
FING-12988,1363,2013,1,Cal 2,6,2,0,8,2013,2,A,1,4.2,1c702013c61a4e9c3d55a6cab9307e9dd956c95b7bc9c9eaecbcaad761f589f1
FING-13024,1363,2013,1,Cal 2,6,2,0,8,2013,2,A,2,4.5,1c702013c61a4e9c3d55a6cab9307e9dd956c95b7bc9c9eaecbcaad761f589f1
FING-4312,1363,2012,1,Cal 2,6,2,0,8,2013,2,R,2,3.6,ce9bb794b4845a96bcb70f744980d1cfd7e192f7aba107ffad3a558f492efa0d
FING-4319,1363,2012,1,Alg 2,4,2,0,6,2013,2,A,2,4.0,8f76c3c9624622bf49eaf281bc72c03859c96fa850b904deafda3adcacf92130
FING-12915,1363,2012,2,Alg 2,4,2,0,6,2013,2,R,1,3.4,8f76c3c9624622bf49eaf281bc72c03859c96fa850b904deafda3adcacf92130
FING-4309,1363,2013,1,Alg 2,4,2,0,6,2013,2,A,2,4.4,8f76c3c9624622bf49eaf281bc72c03859c96fa850b904deafda3adcacf92130
FING-13105,1363,2013,1,Alg 2,4,2,0,6,2013,2,R,1,3.1,8f76c3c9624622bf49eaf281bc72c03859c96fa850b904deafda3adcacf92130
FING-23970,1363,2013,1,Phy 2,4,2,1,7,2013,2,R,2,2.7,2b339e7a54e931058f355236a943b26a0f329668d4ec0ef2cb02efb3099d284b
FING-12915,1363,2012,2,Phy 2,4,2,1,7,2013,2,A,1,4.8,2b339e7a54e931058f355236a943b26a0f329668d4ec0ef2cb02efb3099d284b
FING-12988,1363,2013,1,Phy 2,4,2,1,7,2013,2,A,1,4.9,a340e735836f568b6e42e02aa14c8f3a41ccb297f9c2b4f7be6a7e4306c78154
FING-13024,1363,2013,1,Phy 2,4,2,1,7,2013,2,A,2,4.9,a340e735836f568b6e42e02aa14c8f3a41ccb297f9c2b4f7be6a7e4306c78154
FING-4307,1363,2013,1,Phy 2,4,2,1,7,2013,2,A,2,4.6,a340e735836f568b6e42e02aa14c8f3a41ccb297f9c2b4f7be6a7e4306c78154
FING-4319,1363,2012,1,Phy 2,4,2,1,7,2013,2,A,2,4.1,0c99d6fb093475c4544993d815b67dd3729d8d58dcdac886dc422de00102b7e3
FING-4311,1363,2013,1,Phy 2,4,2,1,7,2013,2,A,2,5.0,0c99d6fb093475c4544993d815b67dd3729d8d58dcdac886dc422de00102b7e3
FING-4309,1363,2013,1,Phy 2,4,2,1,7,2013,2,A,2,5.1,0c99d6fb093475c4544993d815b67dd3729d8d58dcdac886dc422de00102b7e3
FING-13105,1363,2013,1,Phy 2,4,2,1,7,2013,2,A,1,5.1,0c99d6fb093475c4544993d815b67dd3729d8d58dcdac886dc422de00102b7e3
FING-13134,1363,2013,1,Phy 2,4,2,1,7,2013,2,A,2,4.4,0c99d6fb093475c4544993d815b67dd3729d8d58dcdac886dc422de00102b7e3
FING-4321,1363,2012,1,Phy 2,4,2,1,7,2013,2,A,2,4.5,74465040a1a188f4b88e438ee373149784add9974052e32c8e95aba3da7ffa9c
FING-1662,1363,2013,1,Stat Analys,4,2,0,6,2013,2,A,2,6.1,941d2dc7155a47563fd0af73019b506c32ae6279623f425181a6333126094387
FING-4323,1363,2012,1,Fund Econ,4,2,0,6,2013,2,R,2,2.5,d69149bfdff378b924d09c04f218e70d41cef014b736809de795845030883acb
FING-4312,1363,2012,1,Progr Parad,4,0,2,6,2013,2,A,2,5.3,c1e4635e6d285e41246f10c26345ab46753a2410b81286e3de6f4577af5f89c3
FING-4324,1363,2012,1,Progr Parad,4,0,2,6,2013,2,A,2,4.5,c1e4635e6d285e41246f10c26345ab46753a2410b81286e3de6f4577af5f89c3
FING-4323,1363,2012,1,Progr Parad,4,0,2,6,2013,2,A,2,4.3,c1e4635e6d285e41246f10c26345ab46753a2410b81286e3de6f4577af5f89c3
FING-4305,1363,2012,1,Elect & Mag,4,2,1,7,2014,1,A,2,5.0,2600e88dbec8730d91cfd0b28f5262d8f134cb3ce654e533854390775226d0a4
FING-212,1363,2014,1,Progr Methd,4,2,2,8,2015,1,R,2,1.7,bc504a8297f05256db43eebbb2ad1e4dfc5f1d1e628b1f1bdebb8cd836c36b8f
FING-192,1363,2014,1,Progr Methd,4,2,2,8,2015,1,A,2,4.2,bc504a8297f05256db43eebbb2ad1e4dfc5f1d1e628b1f1bdebb8cd836c36b8f
FING-1472,1363,2014,1,Progr Methd,4,2,2,8,2015,1,R,2,1.7,bc504a8297f05256db43eebbb2ad1e4dfc5f1d1e628b1f1bdebb8cd836c36b8f
FING-227,1363,2014,1,Progr Methd,4,2,2,8,2015,1,A,2,4.0,bc504a8297f05256db43eebbb2ad1e4dfc5f1d1e628b1f1bdebb8cd836c36b8f
FING-219,1363,2014,1,Progr Methd,4,2,2,8,2015,1,A,2,4.6,bc504a8297f05256db43eebbb2ad1e4dfc5f1d1e628b1f1bdebb8cd836c36b8f
FING-214,1363,2014,1,Progr Methd,4,2,2,8,2015,1,A,2,5.0,bc504a8297f05256db43eebbb2ad1e4dfc5f1d1e628b1f1bdebb8cd836c36b8f
FING-23970,1363,2013,1,Progr Parad,4,0,2,6,2015,1,R,2,2.0,542f1cbab59882c8987cf22f343c79737b3bbfc192312b1449da57e8ffbceb86
FING-13024,1363,2013,1,Progr Parad,4,0,2,6,2015,1,R,2,1.0,c56774011ed92ae6a9ee1865d7ed6c2c2d98b82cc12b816c03bd77fcadd0817b
FING-1532,1363,2014,1,Progr Parad,4,0,2,6,2015,1,A,2,4.2,c56774011ed92ae6a9ee1865d7ed6c2c2d98b82cc12b816c03bd77fcadd0817b
FING-12988,1363,2013,1,Algorithms,4,0,2,6,2015,1,R,1,1.0,642a22eb984b5632934968b0535f493930d7b68aad8b0105ce42f03ad83022a4
FING-13024,1363,2013,1,Algorithms,4,0,2,6,2015,1,R,2,1.0,642a22eb984b5632934968b0535f493930d7b68aad8b0105ce42f03ad83022a4
FING-13105,1363,2013,1,Algorithms,4,0,2,6,2015,1,R,1,2.6,642a22eb984b5632934968b0535f493930d7b68aad8b0105ce42f03ad83022a4
FING-1532,1363,2014,1,Advanced Algorithms,4,2,2,8,2015,1,A,2,4.3,4b402f61486d553a1ac5cc701a0efb59f3b328062d42bece448d63f444f8f9e1
FING-23970,1363,2013,1,Comp Struc,4,2,1,7,2015,1,A,2,5.3,93b27509910fd8f6cba12d81e82a313cbb395f4e059fc6b55c7ef7a4be7c997c
FING-2920,1363,2015,1,Cal 1,6,2,0,8,2016,1,A,2,4.4,8508436b0f900192b9c554f5c427e8274f4a2527a29c26777931111848b081b4
FING-5360,1363,2016,1,Cal 1,6,2,0,8,2016,1,A,2,4.8,8508436b0f900192b9c554f5c427e8274f4a2527a29c26777931111848b081b4
FING-4115,1363,2015,1,Cal 1,6,2,0,8,2016,1,A,2,5.1,8508436b0f900192b9c554f5c427e8274f4a2527a29c26777931111848b081b4
FING-2955,1363,2015,1,Cal 1,6,2,0,8,2016,1,A,2,4.5,8508436b0f900192b9c554f5c427e8274f4a2527a29c26777931111848b081b4
FING-5376,1363,2016,1,Cal 1,6,2,0,8,2016,1,R,2,2.3,8508436b0f900192b9c554f5c427e8274f4a2527a29c26777931111848b081b4
FING-5369,1363,2016,1,Cal 1,6,2,0,8,2016,1,R,2,2.3,94434f361cfd8e20fdddb4ecf46307ee2176795b035583a9581a1fbd50b982d3
FING-6355,1363,2016,1,Cal 1,6,2,0,8,2016,1,R,2,1.4,5b290fc1594d05f34033805d9119262221c42cb736e71955b571dbac2a1f63ca
FING-5402,1363,2016,1,Cal 1,6,2,0,8,2016,1,A,1,4.0,5b290fc1594d05f34033805d9119262221c42cb736e71955b571dbac2a1f63ca
FING-2931,1363,2016,1,Cal 1,6,2,0,8,2016,1,A,2,4.1,5b290fc1594d05f34033805d9119262221c42cb736e71955b571dbac2a1f63ca
FING-5353,1363,2016,1,Cal 1,6,2,0,8,2016,1,R,2,2.0,5b290fc1594d05f34033805d9119262221c42cb736e71955b571dbac2a1f63ca
FING-5401,1363,2016,1,Cal 1,6,2,0,8,2016,1,A,2,4.2,5b290fc1594d05f34033805d9119262221c42cb736e71955b571dbac2a1f63ca
FING-15274,1363,2016,1,Cal 1,6,2,0,8,2016,1,R,2,3.2,5b290fc1594d05f34033805d9119262221c42cb736e71955b571dbac2a1f63ca
FING-5349,1363,2016,1,Cal 1,6,2,0,8,2016,1,A,2,4.4,acd91d8669b613d14e5ab9aca106b2efc39478f4ace3275b267e975e49b781b6
FING-6281,1363,2016,1,Cal 1,6,2,0,8,2016,1,A,2,4.3,acd91d8669b613d14e5ab9aca106b2efc39478f4ace3275b267e975e49b781b6
FING-6350,1363,2016,1,Cal 1,6,2,0,8,2016,1,A,2,4.4,c20990256923145e12cc95b746304d47ac14b7609d5deed25b1edacffc507e8a
FING-6364,1363,2016,1,Cal 1,6,2,0,8,2016,1,A,2,4.8,c20990256923145e12cc95b746304d47ac14b7609d5deed25b1edacffc507e8a
FING-5382,1363,2016,1,Alg 1,6,2,0,8,2016,1,A,2,4.2,56a3d6902679774decd90c6418cb72b900fccac84dbd7a90839a5fcc227537b2
FING-6164,1363,2016,1,Alg 1,6,2,0,8,2016,1,A,2,4.4,56a3d6902679774decd90c6418cb72b900fccac84dbd7a90839a5fcc227537b2
FING-6354,1363,2016,1,Alg 1,6,2,0,8,2016,1,A,2,4.1,56a3d6902679774decd90c6418cb72b900fccac84dbd7a90839a5fcc227537b2
FING-5381,1363,2016,1,Alg 1,6,2,0,8,2016,1,A,2,4.6,56a3d6902679774decd90c6418cb72b900fccac84dbd7a90839a5fcc227537b2
FING-2989,1363,2016,1,Alg 1,6,2,0,8,2016,1,A,2,4.4,56a3d6902679774decd90c6418cb72b900fccac84dbd7a90839a5fcc227537b2
FING-5387,1363,2016,1,Alg 1,6,2,0,8,2016,1,R,2,2.5,56a3d6902679774decd90c6418cb72b900fccac84dbd7a90839a5fcc227537b2
FING-5374,1363,2016,1,Alg 1,6,2,0,8,2016,1,A,2,4.2,56a3d6902679774decd90c6418cb72b900fccac84dbd7a90839a5fcc227537b2
FING-5360,1363,2016,1,Alg 1,6,2,0,8,2016,1,A,2,6.0,6d16f20b1cbf58a1d0bc83209f979b89c532b149e332911dae010e6b0d8e72a8
FING-5376,1363,2016,1,Alg 1,6,2,0,8,2016,1,A,2,4.3,6d16f20b1cbf58a1d0bc83209f979b89c532b149e332911dae010e6b0d8e72a8
FING-5402,1363,2016,1,Alg 1,6,2,0,8,2016,1,A,1,5.5,c20990256923145e12cc95b746304d47ac14b7609d5deed25b1edacffc507e8a
FING-2931,1363,2016,1,Alg 1,6,2,0,8,2016,1,A,2,4.4,c20990256923145e12cc95b746304d47ac14b7609d5deed25b1edacffc507e8a
FING-5353,1363,2016,1,Alg 1,6,2,0,8,2016,1,A,2,4.1,c20990256923145e12cc95b746304d47ac14b7609d5deed25b1edacffc507e8a
FING-5401,1363,2016,1,Alg 1,6,2,0,8,2016,1,A,2,4.1,c20990256923145e12cc95b746304d47ac14b7609d5deed25b1edacffc507e8a
FING-15274,1363,2016,1,Alg 1,6,2,0,8,2016,1,A,2,4.6,c20990256923145e12cc95b746304d47ac14b7609d5deed25b1edacffc507e8a
FING-5349,1363,2016,1,Alg 1,6,2,0,8,2016,1,A,2,4.5,943dd3c053ca41e02636f5d8ed779187eb11b1b18493b738e3514270e04eefdd
FING-6281,1363,2016,1,Alg 1,6,2,0,8,2016,1,A,2,5.0,943dd3c053ca41e02636f5d8ed779187eb11b1b18493b738e3514270e04eefdd
FING-2920,1363,2015,1,Alg 2,4,2,0,6,2016,1,A,2,4.4,8f76c3c9624622bf49eaf281bc72c03859c96fa850b904deafda3adcacf92130
FING-228,1363,2015,1,Alg 2,4,2,0,6,2016,1,A,2,4.2,8f76c3c9624622bf49eaf281bc72c03859c96fa850b904deafda3adcacf92130
FING-4115,1363,2015,1,Alg 2,4,2,0,6,2016,1,A,2,4.3,8f76c3c9624622bf49eaf281bc72c03859c96fa850b904deafda3adcacf92130
FING-2955,1363,2015,1,Alg 2,4,2,0,6,2016,1,A,2,4.1,8f76c3c9624622bf49eaf281bc72c03859c96fa850b904deafda3adcacf92130
FING-2960,1363,2015,1,Alg 2,4,2,0,6,2016,1,A,2,4.3,8f76c3c9624622bf49eaf281bc72c03859c96fa850b904deafda3adcacf92130
FING-6354,1363,2016,1,Fund Progr,4,0,2,6,2016,2,A,2,4.6,9d80fe6544773bb1d81f2af51a1114b746d7012557e08c69c3ac25f557a8858a
FING-5382,1363,2016,1,Fund Progr,4,0,2,6,2016,2,A,2,4.7,c1e4635e6d285e41246f10c26345ab46753a2410b81286e3de6f4577af5f89c3
FING-5374,1363,2016,1,Fund Progr,4,0,2,6,2016,2,R,2,2.0,c1e4635e6d285e41246f10c26345ab46753a2410b81286e3de6f4577af5f89c3
FING-5369,1363,2016,1,Fund Progr,4,0,2,6,2016,2,R,2,2.8,c1e4635e6d285e41246f10c26345ab46753a2410b81286e3de6f4577af5f89c3
FING-6164,1363,2016,1,Fund Progr,4,0,2,6,2016,2,A,2,5.1,01030513ef15a66d7ad87c5d9acf05496c247caebd0e0514526d4fc05b743a1d
FING-5381,1363,2016,1,Fund Progr,4,0,2,6,2016,2,R,2,2.7,c5a1293f39834cbf443ebaa0e8cdeae0b9dd18808f0c18c1d4636985cca5acce
FING-2931,1363,2016,1,Fund Progr,4,0,2,6,2016,2,R,2,2.5,c5a1293f39834cbf443ebaa0e8cdeae0b9dd18808f0c18c1d4636985cca5acce
FING-6359,1363,2016,1,Fund Progr,4,0,2,6,2016,2,A,2,5.2,c5a1293f39834cbf443ebaa0e8cdeae0b9dd18808f0c18c1d4636985cca5acce
FING-6281,1363,2016,1,Fund Progr,4,0,2,6,2016,2,A,2,5.7,c5a1293f39834cbf443ebaa0e8cdeae0b9dd18808f0c18c1d4636985cca5acce
FING-5401,1363,2016,1,Fund Progr,4,0,2,6,2016,2,R,2,1.9,c5a1293f39834cbf443ebaa0e8cdeae0b9dd18808f0c18c1d4636985cca5acce
FING-2951,1363,2015,1,Progr Methd,4,2,2,8,2016,2,R,2,3.0,f9ba9cc4cd9e47f5c65a8fbb26c6b6d5ef269d286aa2171d378d7651ce5e7779
FING-4190,1363,2015,1,Progr Methd,4,2,2,8,2016,2,A,2,4.1,f9ba9cc4cd9e47f5c65a8fbb26c6b6d5ef269d286aa2171d378d7651ce5e7779
FING-4115,1363,2015,1,Progr Methd,4,2,2,8,2016,2,R,2,1.8,f9ba9cc4cd9e47f5c65a8fbb26c6b6d5ef269d286aa2171d378d7651ce5e7779
FING-2945,1363,2015,1,Progr Methd,4,2,2,8,2016,2,A,2,4.6,c31cbe4df540d9624606faae87f7bf317f5b19593d9fe7d8856a5482bf31ebfd
FING-2919,1363,2015,1,Progr Methd,4,2,2,8,2016,2,A,2,5.1,c31cbe4df540d9624606faae87f7bf317f5b19593d9fe7d8856a5482bf31ebfd
FING-228,1363,2015,1,Progr Methd,4,2,2,8,2016,2,A,2,5.0,c31cbe4df540d9624606faae87f7bf317f5b19593d9fe7d8856a5482bf31ebfd
FING-2973,1363,2015,1,Progr Methd,4,2,2,8,2016,2,A,2,4.3,c31cbe4df540d9624606faae87f7bf317f5b19593d9fe7d8856a5482bf31ebfd
FING-2955,1363,2015,1,Progr Methd,4,2,2,8,2016,2,R,2,1.5,c31cbe4df540d9624606faae87f7bf317f5b19593d9fe7d8856a5482bf31ebfd
FING-2933,1363,2015,1,Progr Methd,4,2,2,8,2016,2,R,2,2.3,c31cbe4df540d9624606faae87f7bf317f5b19593d9fe7d8856a5482bf31ebfd
FING-2910,1363,2015,1,Progr Methd,4,2,2,8,2016,2,R,1,2.0,c31cbe4df540d9624606faae87f7bf317f5b19593d9fe7d8856a5482bf31ebfd
FING-2935,1363,2015,1,Progr Methd,4,2,2,8,2016,2,R,1,2.9,c31cbe4df540d9624606faae87f7bf317f5b19593d9fe7d8856a5482bf31ebfd
FING-2960,1363,2015,1,Progr Methd,4,2,2,8,2016,2,A,2,4.5,c31cbe4df540d9624606faae87f7bf317f5b19593d9fe7d8856a5482bf31ebfd
FING-2905,1363,2015,1,Progr Methd,4,2,2,8,2016,2,R,1,3.0,c31cbe4df540d9624606faae87f7bf317f5b19593d9fe7d8856a5482bf31ebfd
FING-2909,1363,2015,1,Progr Methd,4,2,2,8,2016,2,R,2,2.8,c31cbe4df540d9624606faae87f7bf317f5b19593d9fe7d8856a5482bf31ebfd
FING-12860,1363,2012,1,Formal Language Processing,4,2,2,8,2016,2,A,2,4.4,16b2d5b4c473b956b41412275c081b5cab38d261f201aad7e31443548418f4bc
FING-1782,1363,2015,1,Syst Eng,4,2,0,6,2016,2,A,2,5.3,28c6c5bbf5d7179bb107cafd4476735962f8f755b2efb9903fb0e52b497fa2b7
FING-184,1363,2014,1,Syst Eng,4,2,0,6,2016,2,A,1,5.0,28c6c5bbf5d7179bb107cafd4476735962f8f755b2efb9903fb0e52b497fa2b7
FING-13105,1363,2013,1,Statistical Inference,4,2,0,6,2016,2,A,1,4.4,245b64604a8d5d0553dacc990da644b71a70600bca3960b0154ad94b4c33a1f1
FING-1221,1363,2017,1,Fund Progr,4,0,2,6,2017,2,A,2,5.7,a5ee47612daf0cce7c392ed587f782266ea390eae289b87610118b7ab3479b67
FING-7316,1363,2017,1,Fund Progr,4,0,2,6,2017,2,R,2,1.9,c5a1293f39834cbf443ebaa0e8cdeae0b9dd18808f0c18c1d4636985cca5acce
FING-7306,1363,2017,1,Fund Progr,4,0,2,6,2017,2,R,1,2.2,c5a1293f39834cbf443ebaa0e8cdeae0b9dd18808f0c18c1d4636985cca5acce
FING-7341,1363,2017,1,Fund Progr,4,0,2,6,2017,2,R,1,1.8,c5a1293f39834cbf443ebaa0e8cdeae0b9dd18808f0c18c1d4636985cca5acce
FING-8308,1363,2017,1,Fund Progr,4,0,2,6,2017,2,A,2,5.7,c1e4635e6d285e41246f10c26345ab46753a2410b81286e3de6f4577af5f89c3
FING-7349,1363,2017,1,Fund Progr,4,0,2,6,2017,2,A,2,6.2,b2f2e408712fcc4c0629e46d1d41084bdf94f09a5b5d8e6e22c090c72be3d8c0
FING-8195,1363,2017,1,Fund Progr,4,0,2,6,2017,2,A,2,6.2,8a00056dda116e6e344eb91e507097341ac2d8336a6fee83c16f256bb4c3799e
FING-15282,1363,2017,1,Fund Progr,4,0,2,6,2017,2,A,1,5.3,4fd472a9259991935e3f7a6f420257c3c0f55514d7cb179898adf95bde670b3d
FING-5387,1363,2016,1,Fund Progr,4,0,2,6,2017,2,A,2,5.1,8a00056dda116e6e344eb91e507097341ac2d8336a6fee83c16f256bb4c3799e
FING-5381,1363,2016,1,Progr Methd,4,2,2,8,2017,2,R,2,3.5,f072b1c51af296c36b788c59183f904422b84d9e501221ec592a879a02a946ed
FING-5402,1363,2016,1,Progr Methd,4,2,2,8,2017,2,A,1,4.7,f072b1c51af296c36b788c59183f904422b84d9e501221ec592a879a02a946ed
FING-5349,1363,2016,1,Progr Methd,4,2,2,8,2017,2,R,2,1.8,f072b1c51af296c36b788c59183f904422b84d9e501221ec592a879a02a946ed
FING-6364,1363,2016,1,Progr Methd,4,2,2,8,2017,2,A,2,4.1,f072b1c51af296c36b788c59183f904422b84d9e501221ec592a879a02a946ed
FING-5376,1363,2016,1,Progr Methd,4,2,2,8,2017,2,R,2,1.7,f072b1c51af296c36b788c59183f904422b84d9e501221ec592a879a02a946ed
FING-180,1363,2014,1,Progr Parad,4,0,2,6,2017,2,R,2,1.0,ccd981858c1ea839b512426d8dfcd4f88feaec45b731cc0a2f924fd2e6e153d8
FING-184,1363,2014,1,Progr Parad,4,0,2,6,2017,2,A,1,5.0,ccd981858c1ea839b512426d8dfcd4f88feaec45b731cc0a2f924fd2e6e153d8
FING-2945,1363,2015,1,Progr Parad,4,0,2,6,2017,2,A,2,4.1,c56774011ed92ae6a9ee1865d7ed6c2c2d98b82cc12b816c03bd77fcadd0817b
FING-223,1363,2014,1,Progr Parad,4,0,2,6,2017,2,A,2,4.5,c56774011ed92ae6a9ee1865d7ed6c2c2d98b82cc12b816c03bd77fcadd0817b
FING-3928,1363,2015,1,Progr Parad,4,0,2,6,2017,2,A,2,4.6,c56774011ed92ae6a9ee1865d7ed6c2c2d98b82cc12b816c03bd77fcadd0817b
FING-2919,1363,2015,1,Algorithms,4,0,2,6,2017,2,A,2,4.3,642a22eb984b5632934968b0535f493930d7b68aad8b0105ce42f03ad83022a4
FING-13105,1363,2013,1,Algorithms,4,0,2,6,2017,2,A,1,4.7,642a22eb984b5632934968b0535f493930d7b68aad8b0105ce42f03ad83022a4
FING-2989,1363,2016,1,Algorithms,4,0,2,6,2017,2,R,2,3.7,642a22eb984b5632934968b0535f493930d7b68aad8b0105ce42f03ad83022a4
FING-2933,1363,2015,1,Algorithms,4,0,2,6,2017,2,A,2,4.4,a0ea83483c2ba2e8fbdf3904b80fa7360ee3bde2807b0f8e29547394a37aa437
FING-6281,1363,2016,1,Algorithms,4,0,2,6,2017,2,A,2,5.5,a0ea83483c2ba2e8fbdf3904b80fa7360ee3bde2807b0f8e29547394a37aa437
FING-6491,1363,2017,1,Algorithms,4,0,2,6,2017,2,A,2,4.4,a0ea83483c2ba2e8fbdf3904b80fa7360ee3bde2807b0f8e29547394a37aa437
FING-227,1363,2014,1,SoftEng Fund,4,2,0,6,2017,2,A,2,5.4,2403d4c2973b3bd817dc4bc1ed313f75ce54b52e85300e35572bc957a1b90f37
FING-2971,1363,2015,1,SoftEng Fund,4,2,0,6,2017,2,A,2,6.5,2403d4c2973b3bd817dc4bc1ed313f75ce54b52e85300e35572bc957a1b90f37
FING-1531,1363,2014,1,Anthropology and Engineering,4,0,0,4,2017,2,A,1,5.3,28705518ad54de7ff7a728187f822af28090208020a6a3846171a17906851fe5
FING-2946,1363,2015,1,Anthropology and Engineering,4,0,0,4,2017,2,A,2,4.7,28705518ad54de7ff7a728187f822af28090208020a6a3846171a17906851fe5
FING-13105,1363,2013,1,Anthropology and Engineering,4,0,0,4,2017,2,A,1,4.5,28705518ad54de7ff7a728187f822af28090208020a6a3846171a17906851fe5
FING-1782,1363,2015,1,Anthropology and Engineering,4,0,0,4,2017,2,A,2,5.0,28705518ad54de7ff7a728187f822af28090208020a6a3846171a17906851fe5
FING-1782,1363,2015,1,DB Workshop,2,0,4,6,2017,2,A,2,5.0,bfe2af4510e55961b92ba090cf50368c914a2ebc02a55a8247827d1c6aa07723
FING-1531,1363,2014,1,DB Workshop,2,0,4,6,2017,2,A,1,5.1,f072b1c51af296c36b788c59183f904422b84d9e501221ec592a879a02a946ed
FING-2946,1363,2015,1,DB Workshop,2,0,4,6,2017,2,A,2,5.5,f072b1c51af296c36b788c59183f904422b84d9e501221ec592a879a02a946ed
FING-184,1363,2014,1,Macroeconomics,4,0,0,4,2017,2,A,1,5.3,90e37d439b3ffcadaccfc43e752e3beb562da4c9e551374fdcb071bc72e4cf0c
FING-1532,1363,2014,1,Modelling and Simulation,4,2,2,8,2017,2,A,2,5.6,8e3dcc8ea49f648fe1264e4c4267a2c8232c69e7ea3463b9f64ce3f9749a992e
FING-1782,1363,2015,1,Modelling and Simulation,4,2,2,8,2017,2,A,2,5.0,8e3dcc8ea49f648fe1264e4c4267a2c8232c69e7ea3463b9f64ce3f9749a992e
FING-1532,1363,2014,1,Distributed Systems,4,0,2,6,2017,2,A,2,5.0,d4b6ca37b19f8a1eaa18be13e6920a57116e6d72bbfa1bb36380a449d985958b
FING-1532,1363,2014,1,Project Evaluation,2,0,4,6,2017,2,A,2,5.3,487baef69b6c44019f981a561ab6d322830657f2d6ce9dbbf6b58f22862fb390
FING-1532,1363,2014,1,Security and IT Auditing,4,0,2,6,2017,2,A,2,5.4,94af4255f2264aeeb90b493600237d1db55f158480e988820092971c6ceb75a1
FING-535,1363,2017,2,Syst Eng,4,2,0,6,2017,2,A,2,4.0,28c6c5bbf5d7179bb107cafd4476735962f8f755b2efb9903fb0e52b497fa2b7
FING-180,1363,2014,1,Syst Eng,4,2,0,6,2017,2,A,2,4.0,28c6c5bbf5d7179bb107cafd4476735962f8f755b2efb9903fb0e52b497fa2b7
FING-3928,1363,2015,1,Syst Eng,4,2,0,6,2017,2,A,2,5.6,28c6c5bbf5d7179bb107cafd4476735962f8f755b2efb9903fb0e52b497fa2b7
FING-223,1363,2014,1,Syst Eng,4,2,0,6,2017,2,R,2,2.3,60ce27515b352c8179aff14e8d8faff2523573adadb0770699724d2100baeead
FING-227,1363,2014,1,DB Design,4,1,1,6,2017,2,A,2,6.2,e7664f59ac17269c7b8850165be580d22f8815f1b1dee14b1468d917d36b1b1e
FING-2971,1363,2015,1,DB Design,4,1,1,6,2017,2,A,2,6.1,e7664f59ac17269c7b8850165be580d22f8815f1b1dee14b1468d917d36b1b1e
FING-180,1363,2014,1,Comp Org,4,1,1,6,2017,2,R,2,2.9,0a9c692d542221f629484f3de348ff56b854150eba4173b584e7a1e75973da6c
FING-184,1363,2014,1,Comp Org,4,1,1,6,2017,2,A,1,4.5,d4b6ca37b19f8a1eaa18be13e6920a57116e6d72bbfa1bb36380a449d985958b
FING-2945,1363,2015,1,Comp Org,4,1,1,6,2017,2,R,2,1.0,316581c152531a2cdcb7a9f81ef0adadf648bf77b44a05300ca40d2e58164c26
FING-227,1363,2014,1,Comp Org,4,1,1,6,2017,2,A,2,4.9,316581c152531a2cdcb7a9f81ef0adadf648bf77b44a05300ca40d2e58164c26
FING-223,1363,2014,1,Comp Org,4,1,1,6,2017,2,A,2,5.0,316581c152531a2cdcb7a9f81ef0adadf648bf77b44a05300ca40d2e58164c26
FING-223,1363,2014,1,Numerical Algorithms,4,2,2,8,2017,2,R,2,1.0,de362fb95f53a0ada1ce7ad1fc8db444e40ea24d306028d5be3c5da21288f0d1
FING-2933,1363,2015,1,Numerical Algorithms,4,2,2,8,2017,2,R,2,1.0,de362fb95f53a0ada1ce7ad1fc8db444e40ea24d306028d5be3c5da21288f0d1
FING-180,1363,2014,1,Numerical Algorithms,4,2,2,8,2017,2,A,2,4.7,de362fb95f53a0ada1ce7ad1fc8db444e40ea24d306028d5be3c5da21288f0d1
FING-1531,1363,2014,1,Statistical Inference,4,2,0,6,2017,2,A,1,4.9,c1e4635e6d285e41246f10c26345ab46753a2410b81286e3de6f4577af5f89c3
FING-184,1363,2014,1,Statistical Inference,4,2,0,6,2017,2,A,1,5.2,c1e4635e6d285e41246f10c26345ab46753a2410b81286e3de6f4577af5f89c3
FING-1782,1363,2015,1,Logic and Computer Science Theory,4,2,0,6,2017,2,A,2,4.9,a758b091c1e446acfaa4e13d0d2839a313dd0371a35228eb5511991cee34fc12
FING-228,1363,2015,1,Diff Ec & Num Meth,4,2,0,6,2017,2,R,2,3.2,181e30176d5151f470b4d4ea3330f98226c82602e7fcc8ee6467abea8d0eeeca
FING-6350,1363,2016,1,Diff Ec & Num Meth,4,2,0,6,2017,2,R,2,3.2,181e30176d5151f470b4d4ea3330f98226c82602e7fcc8ee6467abea8d0eeeca
FING-2905,1363,2015,1,Diff Ec & Num Meth,4,2,0,6,2017,2,R,1,3.5,181e30176d5151f470b4d4ea3330f98226c82602e7fcc8ee6467abea8d0eeeca
FING-2909,1363,2015,1,Diff Ec & Num Meth,4,2,0,6,2017,2,R,2,2.8,181e30176d5151f470b4d4ea3330f98226c82602e7fcc8ee6467abea8d0eeeca
FING-13134,1363,2013,1,Intro Eng,0,0,2,2,2013,1,A,2,6.3,
FING-13134,1363,2013,1,Std Methods,0,0,2,2,2013,1,A,2,5.4,
FING-4307,1363,2013,1,Std Methods,0,0,2,2,2013,1,A,2,5.8,
FING-4307,1363,2013,1,Intro Eng,0,0,2,2,2013,1,A,2,6.2,
FING-683,1363,2013,1,Std Methods,0,0,2,2,2013,1,A,2,5.1,
FING-683,1363,2013,1,Intro Eng,0,0,2,2,2013,1,A,2,6.3,
FING-3421,1363,2013,1,Std Methods,0,0,2,2,2013,1,A,2,4.4,
FING-9172,1363,2018,1,Cal 1,6,2,0,8,2018,2,A,2,5.0,ada1a8652f898b79af7d71eeaf368558504e1187b472a12399598845c1955fe3
FING-9193,1363,2018,1,Cal 1,6,2,0,8,2018,2,R,2,1.0,679de43c5ee1f85bb033a4e4ba64ad988864023094396a16c3b1dd2a2a8d2dcb
FING-9208,1363,2018,1,Cal 1,6,2,0,8,2018,2,A,2,4.5,679de43c5ee1f85bb033a4e4ba64ad988864023094396a16c3b1dd2a2a8d2dcb
FING-10176,1363,2018,1,Cal 1,6,2,0,8,2018,2,R,2,1.9,928bb54213a20f09fee5f102e05b9920ccba9d5ed93b59e9c92d3e0c98234988
FING-28068,1363,2018,1,Cal 1,6,2,0,8,2018,2,A,1,5.8,6ce3d4b660335b81bd74aaa8368457b8af7f4c4f732e0c8328c353910242dbd8
FING-10014,1363,2018,1,Cal 1,6,2,0,8,2018,2,A,2,5.5,6ce3d4b660335b81bd74aaa8368457b8af7f4c4f732e0c8328c353910242dbd8
FING-9160,1363,2018,1,Alg 1,6,2,0,8,2018,2,A,2,5.2,5c1b56c44ae252bb24a2439b8e9c45b1ee1f89cc8f5cfa4376397173245ef6fd
FING-9136,1363,2018,1,Alg 1,6,2,0,8,2018,2,A,2,5.1,5c1b56c44ae252bb24a2439b8e9c45b1ee1f89cc8f5cfa4376397173245ef6fd
FING-9172,1363,2018,1,Alg 1,6,2,0,8,2018,2,A,2,5.2,5c1b56c44ae252bb24a2439b8e9c45b1ee1f89cc8f5cfa4376397173245ef6fd
FING-9208,1363,2018,1,Alg 1,6,2,0,8,2018,2,A,2,4.4,5c1b56c44ae252bb24a2439b8e9c45b1ee1f89cc8f5cfa4376397173245ef6fd
FING-9193,1363,2018,1,Alg 1,6,2,0,8,2018,2,R,2,1.0,7b2dac439804d2da5d57199b1ef1ef28bba86165fc57d1b1d0183d1d9f4bf483
FING-10176,1363,2018,1,Alg 1,6,2,0,8,2018,2,R,2,2.2,7b2dac439804d2da5d57199b1ef1ef28bba86165fc57d1b1d0183d1d9f4bf483
FING-4371,1363,2018,1,Cal 2,6,2,0,8,2019,2,A,2,4.0,56a3d6902679774decd90c6418cb72b900fccac84dbd7a90839a5fcc227537b2
FING-9160,1363,2018,1,Cal 2,6,2,0,8,2019,2,A,2,4.2,56a3d6902679774decd90c6418cb72b900fccac84dbd7a90839a5fcc227537b2
FING-11165,1363,2019,1,Cal 2,6,2,0,8,2019,2,A,2,4.3,56a3d6902679774decd90c6418cb72b900fccac84dbd7a90839a5fcc227537b2
FING-11139,1363,2019,1,Cal 2,6,2,0,8,2019,2,A,2,4.0,56a3d6902679774decd90c6418cb72b900fccac84dbd7a90839a5fcc227537b2
FING-11104,1363,2019,1,Cal 2,6,2,0,8,2019,2,A,2,4.7,56a3d6902679774decd90c6418cb72b900fccac84dbd7a90839a5fcc227537b2
FING-28229,1363,2019,1,Cal 2,6,2,0,8,2019,2,A,2,4.8,56a3d6902679774decd90c6418cb72b900fccac84dbd7a90839a5fcc227537b2
FING-11168,1363,2019,1,Alg 2,4,2,0,6,2019,2,R,2,1.0,ef626cf1b187815247502ff5c478358a918b289bda0e1e8e70b19aa147b1a083
FING-9160,1363,2018,1,Alg 2,4,2,0,6,2019,2,A,2,4.5,ef626cf1b187815247502ff5c478358a918b289bda0e1e8e70b19aa147b1a083
FING-11089,1363,2019,1,Alg 2,4,2,0,6,2019,2,A,2,6.0,ef626cf1b187815247502ff5c478358a918b289bda0e1e8e70b19aa147b1a083
FING-11178,1363,2019,1,Alg 2,4,2,0,6,2019,2,A,2,5.3,ef626cf1b187815247502ff5c478358a918b289bda0e1e8e70b19aa147b1a083
FING-11130,1363,2019,1,Alg 2,4,2,0,6,2019,2,A,2,4.3,ef626cf1b187815247502ff5c478358a918b289bda0e1e8e70b19aa147b1a083
FING-11104,1363,2019,1,Alg 2,4,2,0,6,2019,2,A,2,6.3,ef626cf1b187815247502ff5c478358a918b289bda0e1e8e70b19aa147b1a083
FING-11142,1363,2019,1,Alg 2,4,2,0,6,2019,2,A,2,4.8,ef626cf1b187815247502ff5c478358a918b289bda0e1e8e70b19aa147b1a083
FING-11139,1363,2019,1,Alg 2,4,2,0,6,2019,2,A,2,6.0,42dcc680e0eb5c181b9727d6835d961e37bfcf58d479b3122ee0134cb32aee1d
FING-11115,1363,2019,1,Alg 2,4,2,0,6,2019,2,A,2,5.7,42dcc680e0eb5c181b9727d6835d961e37bfcf58d479b3122ee0134cb32aee1d
FING-11122,1363,2019,1,Alg 2,4,2,0,6,2019,2,A,1,6.6,42dcc680e0eb5c181b9727d6835d961e37bfcf58d479b3122ee0134cb32aee1d
FING-15339,1363,2019,1,Alg 2,4,2,0,6,2019,2,A,2,5.1,42dcc680e0eb5c181b9727d6835d961e37bfcf58d479b3122ee0134cb32aee1d
FING-11123,1363,2019,1,Alg 2,4,2,0,6,2019,2,A,2,5.0,42dcc680e0eb5c181b9727d6835d961e37bfcf58d479b3122ee0134cb32aee1d
FING-28229,1363,2019,1,Alg 2,4,2,0,6,2019,2,A,2,4.6,42dcc680e0eb5c181b9727d6835d961e37bfcf58d479b3122ee0134cb32aee1d
FING-11089,1363,2019,1,Chemistry,4,2,0,6,2019,2,A,2,4.6,bd9abc3330452e0fe94514d6a1408874ba946aba113ab2c660941672ce349d13
FING-11158,1363,2019,1,Chemistry,4,2,0,6,2019,2,A,2,6.0,bd9abc3330452e0fe94514d6a1408874ba946aba113ab2c660941672ce349d13
FING-11104,1363,2019,1,Chemistry,4,2,0,6,2019,2,A,2,5.5,bd9abc3330452e0fe94514d6a1408874ba946aba113ab2c660941672ce349d13
FING-11136,1363,2019,1,Chemistry,4,2,0,6,2019,2,A,2,6.2,ba3d52d9bd2615ef4fd9740a5eb4e873fde2deb91dde3b9be674a703f2c4dbda
FING-9171,1363,2018,1,Chemistry,4,2,0,6,2019,2,A,2,5.8,9438af86b5ca99ab3b517de806b821c024b6284478dbc5d992363a1d554aeda7
FING-7312,1363,2017,1,Eng 2,0,0,2,2,2019,2,A,2,6.4,da13843c885b13df7d3b6dd5e834d0d1e7e4edb0b2f9e394017c27a653743c44
FING-28068,1363,2018,1,Eng 2,0,0,2,2,2019,2,A,1,6.8,d243075554e9e28bcc9460e19789a9578b49db27694e674c6c0f82cb7f85a5e5
FING-9136,1363,2018,1,Eng 2,0,0,2,2,2019,2,A,2,7.0,d243075554e9e28bcc9460e19789a9578b49db27694e674c6c0f82cb7f85a5e5
FING-10014,1363,2018,1,Eng 2,0,0,2,2,2019,2,A,2,7.0,d243075554e9e28bcc9460e19789a9578b49db27694e674c6c0f82cb7f85a5e5
FING-8308,1363,2017,1,Eng 4,0,0,2,2,2019,2,A,2,7.0,d243075554e9e28bcc9460e19789a9578b49db27694e674c6c0f82cb7f85a5e5
FING-1782,1363,2015,1,Elective V,4,0,2,6,2019,2,A,2,4.3,b1b15560e2be8b7042f970cb5fefe8691e2a7551695704e678411dc14da06999
FING-11116,1363,2019,1,Cal 1,6,2,0,8,2019,2,A,2,4.0,bf3674981eda88a6c26e150c294917c41e92dd97e997adbdba004cc3a0853de4
FING-11079,1363,2019,1,Cal 1,6,2,0,8,2019,2,R,2,2.3,bf3674981eda88a6c26e150c294917c41e92dd97e997adbdba004cc3a0853de4
FING-11136,1363,2019,1,Cal 1,6,2,0,8,2019,2,A,2,5.0,d5f0c5974075d6921ee86c4785d64f875008fae4a5f9ab50325310c0de3a911b
FING-15346,1363,2019,1,Cal 1,6,2,0,8,2019,2,A,2,4.0,d5f0c5974075d6921ee86c4785d64f875008fae4a5f9ab50325310c0de3a911b
FING-11182,1363,2019,1,Cal 1,6,2,0,8,2019,2,A,2,5.1,d5f0c5974075d6921ee86c4785d64f875008fae4a5f9ab50325310c0de3a911b
FING-11113,1363,2019,1,Cal 1,6,2,0,8,2019,2,A,2,4.3,d5f0c5974075d6921ee86c4785d64f875008fae4a5f9ab50325310c0de3a911b
FING-11159,1363,2019,1,Cal 1,6,2,0,8,2019,2,R,2,2.9,28894991e8a6fd7073f81709cab237ca574cafb54be340711988b3e36ef2182d
FING-11135,1363,2019,1,Cal 1,6,2,0,8,2019,2,A,2,4.2,28894991e8a6fd7073f81709cab237ca574cafb54be340711988b3e36ef2182d
FING-28068,1363,2018,1,Comp Struc,4,2,1,7,2020,1,A,1,6.6,2401236f54376c526d5c6581ee2065cd860ce0203660ebf3c7c33654be2db3a4
FING-7307,1363,2017,1,Comp Struc,4,2,1,7,2020,1,A,1,5.0,2401236f54376c526d5c6581ee2065cd860ce0203660ebf3c7c33654be2db3a4
FING-15306,1363,2018,1,Comp Struc,4,2,1,7,2020,1,A,2,6.0,2401236f54376c526d5c6581ee2065cd860ce0203660ebf3c7c33654be2db3a4
FING-9611,1363,2019,2,Comp Struc,4,2,1,7,2020,1,A,2,6.2,2401236f54376c526d5c6581ee2065cd860ce0203660ebf3c7c33654be2db3a4
FING-10014,1363,2018,1,Comp Struc,4,2,1,7,2020,1,A,2,6.3,2401236f54376c526d5c6581ee2065cd860ce0203660ebf3c7c33654be2db3a4
FING-28159,1363,2018,1,Comp Struc,4,2,1,7,2020,1,A,2,6.5,2401236f54376c526d5c6581ee2065cd860ce0203660ebf3c7c33654be2db3a4
FING-7312,1363,2017,1,Algorithms,4,0,2,6,2020,1,A,2,4.6,e38a4859f2ef4ae267fdcfaae2275e8c1603705f132a90923c5e03c2f30b9999
FING-15306,1363,2018,1,Algorithms,4,0,2,6,2020,1,A,2,4.6,e38a4859f2ef4ae267fdcfaae2275e8c1603705f132a90923c5e03c2f30b9999
FING-11749,1363,2020,1,Intro Informatics,0,0,2,2,2020,1,A,2,5.3,ee79889a45358c26a433c3f197d47b41ef968eca12f23f4a8d3d04f11bad172d
FING-15350,1363,2020,2,Cal 1,6,2,0,8,2019,1,A,2,4.9,ce9bb794b4845a96bcb70f744980d1cfd7e192f7aba107ffad3a558f492efa0d
FING-15350,1363,2020,2,Alg 1,6,2,0,8,2019,1,A,2,5.1,4d1735bd404f48d4855de32dbd8c65be393f2ce0ae0955c99ea591fbd6921f00
FING-15350,1363,2020,2,Phy 1,4,2,1,7,2019,1,A,2,4.9,d7f94dca28690e12b11e49e90a1eb9e01f4ed95c0a666c923f7ae15121e2cf2b
FING-15350,1363,2020,2,IPD Workshop,2,0,2,4,2019,1,A,2,5.9,c87de03ad53772de9eb6b5465122a7eeba9f93c28be0ceab4a899bcf3227745f
FING-15350,1363,2020,2,Intro Eng,0,0,2,2,2019,1,A,2,5.9,27962d6dcef4839bcd9ad5e80c2d65cd7dcc392874e2e94818aeff564c4c9242
FING-15350,1363,2020,2,Std Methods,0,0,2,2,2019,1,A,2,5.0,8a00056dda116e6e344eb91e507097341ac2d8336a6fee83c16f256bb4c3799e
FING-15350,1363,2020,2,Cal 2,6,2,0,8,2019,2,A,2,4.3,bf9a4f134286b7a9ed7dbd00bb89843f370a0a7a6e907355ead0b09e8a867c9f
FING-15350,1363,2020,2,Alg 2,4,2,0,6,2019,2,A,2,5.5,8b42f45aab7337fe4a974e5be08b452554fd5bcaf1bd1563470918402e15a2ec
FING-15350,1363,2020,2,Phy 2,4,2,1,7,2019,2,A,2,5.8,308314b89f1b0659b7d5bded4d421112ba9ccfddd33435f2cd846f5a73dea729
FING-15350,1363,2020,2,Fund Progr,4,0,2,6,2020,1,A,2,6.6,8a00056dda116e6e344eb91e507097341ac2d8336a6fee83c16f256bb4c3799e
FING-15350,1363,2020,2,Chemistry,4,2,0,6,2019,2,A,2,5.9,3487b41d9b9f4540c8d28da2bbf9c1259987b9c25f2bee9bfafe945e7bfd7ae3
FING-15350,1363,2020,2,Elect & Mag,4,2,1,7,2020,1,A,2,6.2,0c99d6fb093475c4544993d815b67dd3729d8d58dcdac886dc422de00102b7e3
FING-15350,1363,2020,2,Eff Comm,0,0,2,2,2020,1,A,2,6.5,80b77e03e906b6b90f7282edb67cb80f532e56d6704ff5b5896dce0e702084f0
FING-15350,1363,2020,2,Eng 1,0,0,2,2,2020,1,A,2,6.5,d243075554e9e28bcc9460e19789a9578b49db27694e674c6c0f82cb7f85a5e5
FING-15350,1363,2020,2,Stat Analys,4,2,0,6,2020,1,A,2,6.2,8cca883b76ff2026ac1debbde485c56fe2f9b1fe672e337ae882bf55c305c1ac
FING-13492,1363,2020,2,Cal 1,6,2,0,8,2019,2,A,2,5.4,d5f0c5974075d6921ee86c4785d64f875008fae4a5f9ab50325310c0de3a911b
FING-13492,1363,2020,2,Alg 1,6,2,0,8,2019,2,A,2,5.5,5c1b56c44ae252bb24a2439b8e9c45b1ee1f89cc8f5cfa4376397173245ef6fd
FING-13492,1363,2020,2,Phy 1,4,2,1,7,2019,2,A,2,5.1,68e0e25fc360fe35368324da51d7412198180b0cdbab1d2fbedc8639e0d9e05c
FING-13492,1363,2020,2,IPD Workshop,2,0,2,4,2019,1,A,2,6.2,6ade79274a6d1be113d495b115d03c009cd6e249833a34ce53e0c8004238fb01
FING-13492,1363,2020,2,Intro Eng,0,0,2,2,2019,1,A,2,5.2,68e55ae6f7dfd204af8fca9c971b08f70c8ee6490d1b335ad3800634f7197fa8
FING-13492,1363,2020,2,Std Methods,0,0,2,2,2019,1,A,2,6.0,1d22e7fccdd113e213ec1d88f7cb3455e555cf31ab949f227e30317756ac86db
FING-13492,1363,2020,2,Cal 2,6,2,0,8,2020,1,A,2,4.8,1c702013c61a4e9c3d55a6cab9307e9dd956c95b7bc9c9eaecbcaad761f589f1
FING-13492,1363,2020,2,Alg 2,4,2,0,6,2020,1,A,2,6.5,ef626cf1b187815247502ff5c478358a918b289bda0e1e8e70b19aa147b1a083
FING-13492,1363,2020,2,Phy 2,4,2,1,7,2020,1,A,2,6.1,d3f7969d2544e512d0d4936f92d78837a96e926233c1693991906544bd069ec2
FING-13492,1363,2020,2,Fund Progr,4,0,2,6,2020,1,A,2,6.1,262093a216a636b36de09c0b618a2a8aa41f2a926eb8579f7c5b070257c3a9f8
FING-13492,1363,2020,2,Chemistry,4,2,0,6,2019,2,A,2,6.3,39baceb72fec0a6d32ffe2e718de719b4077f6b669c32b647aa28921f11a7124
FING-13492,1363,2020,2,Eff Comm,0,0,2,2,2018,1,A,2,6.1,aa46ac2687c393b1ce35dabe93d70012e82cb9ef6c58730682b9c9d80241bf28
FING-13492,1363,2020,2,Eng 1,0,0,2,2,2018,1,A,2,6.3,
FING-11151,1363,2019,1,Alg 2,4,2,0,6,2020,2,A,1,5.2,8b42f45aab7337fe4a974e5be08b452554fd5bcaf1bd1563470918402e15a2ec
FING-11129,1363,2019,1,Alg 2,4,2,0,6,2020,2,A,2,4.5,8b42f45aab7337fe4a974e5be08b452554fd5bcaf1bd1563470918402e15a2ec
FING-11154,1363,2019,1,Alg 2,4,2,0,6,2020,2,A,2,4.5,8b42f45aab7337fe4a974e5be08b452554fd5bcaf1bd1563470918402e15a2ec
FING-11115,1363,2019,1,Eff Comm,0,0,2,2,2020,2,A,2,6.8,88a7c15da856303700daf73cd17d544ee747dd4bcfb0c5310e3221757253b173
FING-9136,1363,2018,1,Eng 3,0,0,2,2,2021,1,A,2,6.6,7445abcb3d02291ae02a0412ab6cfb157b95d1cdc92b3049f39926cfd55ed69d
FING-28159,1363,2018,1,Eng 3,0,0,2,2,2021,1,A,2,5.8,7445abcb3d02291ae02a0412ab6cfb157b95d1cdc92b3049f39926cfd55ed69d
FING-11135,1363,2019,1,Eng 3,0,0,2,2,2021,1,A,2,5.8,7445abcb3d02291ae02a0412ab6cfb157b95d1cdc92b3049f39926cfd55ed69d
FING-11158,1363,2019,1,Eng 3,0,0,2,2,2021,1,A,2,5.8,7445abcb3d02291ae02a0412ab6cfb157b95d1cdc92b3049f39926cfd55ed69d
FING-11071,1363,2019,1,Eng 3,0,0,2,2,2021,1,A,2,5.7,7445abcb3d02291ae02a0412ab6cfb157b95d1cdc92b3049f39926cfd55ed69d
FING-6354,1363,2016,1,Eng 4,0,0,2,2,2021,1,A,2,6.5,7445abcb3d02291ae02a0412ab6cfb157b95d1cdc92b3049f39926cfd55ed69d
FING-9171,1363,2018,1,Eng 4,0,0,2,2,2021,1,A,2,6.6,7445abcb3d02291ae02a0412ab6cfb157b95d1cdc92b3049f39926cfd55ed69d
FING-11168,1363,2019,1,Algorithms,4,0,2,6,2021,1,A,2,4.8,08f5ef21abd40bce9ac5ae1d0a229dac51a9646d54d7d15465e11424da1c29ec
FING-28124,1363,2018,1,Algorithms,4,0,2,6,2021,1,A,2,4.7,08f5ef21abd40bce9ac5ae1d0a229dac51a9646d54d7d15465e11424da1c29ec
FING-9172,1363,2018,1,Algorithms,4,0,2,6,2021,1,R,2,1.0,08f5ef21abd40bce9ac5ae1d0a229dac51a9646d54d7d15465e11424da1c29ec
FING-10014,1363,2018,1,Algorithms,4,0,2,6,2021,1,R,2,2.8,08f5ef21abd40bce9ac5ae1d0a229dac51a9646d54d7d15465e11424da1c29ec
FING-11130,1363,2019,1,Algorithms,4,0,2,6,2021,1,R,2,1.2,08f5ef21abd40bce9ac5ae1d0a229dac51a9646d54d7d15465e11424da1c29ec
FING-11749,1363,2020,1,Algorithms,4,0,2,6,2021,1,A,2,5.2,08f5ef21abd40bce9ac5ae1d0a229dac51a9646d54d7d15465e11424da1c29ec
FING-1532,1363,2014,1,Deg Work,0,0,2,2,2020,2,A,2,7.0,2b1d8c7cd31102501d76a2c0bdf491788e9c2333c5417b842cba275d94e9a379
FING-11151,1363,2019,1,Fund Progr,4,0,2,6,2021,1,A,1,5.5,684f00ed48795407f52cbaf164854f89213397e9845e8fdbe56f6fc667aba411
FING-11129,1363,2019,1,Fund Progr,4,0,2,6,2021,1,R,2,2.5,262093a216a636b36de09c0b618a2a8aa41f2a926eb8579f7c5b070257c3a9f8
FING-11136,1363,2019,1,Fund Progr,4,0,2,6,2021,1,A,2,6.3,18592bf1937066f41b09f63b02ea1a5159cfab70f269b809675587e5fc6f6af1
FING-11151,1363,2019,1,Progr Methd,4,2,2,8,2021,2,A,1,5.2,6e791079ac56bf68eb2f03d0de931ccdd204d92fb602928c597323c42d1fe97a
FING-11136,1363,2019,1,Progr Methd,4,2,2,8,2021,2,A,2,5.8,6e791079ac56bf68eb2f03d0de931ccdd204d92fb602928c597323c42d1fe97a
FING-11113,1363,2019,1,Progr Methd,4,2,2,8,2021,2,A,2,4.5,6e791079ac56bf68eb2f03d0de931ccdd204d92fb602928c597323c42d1fe97a
FING-7316,1363,2017,1,Progr Methd,4,2,2,8,2021,2,A,2,4.7,6e791079ac56bf68eb2f03d0de931ccdd204d92fb602928c597323c42d1fe97a
FING-11083,1363,2019,1,Progr Methd,4,2,2,8,2021,2,A,1,5.2,6e791079ac56bf68eb2f03d0de931ccdd204d92fb602928c597323c42d1fe97a
FING-11135,1363,2019,1,Progr Methd,4,2,2,8,2021,2,A,2,4.5,6e791079ac56bf68eb2f03d0de931ccdd204d92fb602928c597323c42d1fe97a
FING-11182,1363,2019,1,Progr Methd,4,2,2,8,2021,2,A,2,5.4,6e791079ac56bf68eb2f03d0de931ccdd204d92fb602928c597323c42d1fe97a
FING-4473,1363,2019,1,Progr Parad,4,0,2,6,2021,2,A,2,5.3,c56774011ed92ae6a9ee1865d7ed6c2c2d98b82cc12b816c03bd77fcadd0817b
FING-2915,1363,2015,1,Progr Parad,4,0,2,6,2021,2,R,2,1.0,c56774011ed92ae6a9ee1865d7ed6c2c2d98b82cc12b816c03bd77fcadd0817b
FING-11168,1363,2019,1,Progr Parad,4,0,2,6,2021,2,A,2,4.5,c56774011ed92ae6a9ee1865d7ed6c2c2d98b82cc12b816c03bd77fcadd0817b
FING-7307,1363,2017,1,Progr Parad,4,0,2,6,2021,2,R,1,1.0,c56774011ed92ae6a9ee1865d7ed6c2c2d98b82cc12b816c03bd77fcadd0817b
FING-28148,1363,2019,1,Progr Parad,4,0,2,6,2021,2,R,2,1.0,c56774011ed92ae6a9ee1865d7ed6c2c2d98b82cc12b816c03bd77fcadd0817b
FING-9191,1363,2018,1,Progr Parad,4,0,2,6,2021,2,R,2,1.0,c56774011ed92ae6a9ee1865d7ed6c2c2d98b82cc12b816c03bd77fcadd0817b
FING-11116,1363,2019,1,Progr Parad,4,0,2,6,2021,2,R,2,1.0,c56774011ed92ae6a9ee1865d7ed6c2c2d98b82cc12b816c03bd77fcadd0817b
FING-11115,1363,2019,1,Progr Parad,4,0,2,6,2021,2,A,2,4.4,c56774011ed92ae6a9ee1865d7ed6c2c2d98b82cc12b816c03bd77fcadd0817b
FING-11130,1363,2019,1,Progr Parad,4,0,2,6,2021,2,R,2,1.0,c56774011ed92ae6a9ee1865d7ed6c2c2d98b82cc12b816c03bd77fcadd0817b
FING-11165,1363,2019,1,Advanced Algorithms,4,2,2,8,2021,2,A,2,5.4,01030513ef15a66d7ad87c5d9acf05496c247caebd0e0514526d4fc05b743a1d
FING-11139,1363,2019,1,Advanced Algorithms,4,2,2,8,2021,2,A,2,5.2,01030513ef15a66d7ad87c5d9acf05496c247caebd0e0514526d4fc05b743a1d
FING-9208,1363,2018,1,Advanced Algorithms,4,2,2,8,2021,2,A,2,5.0,01030513ef15a66d7ad87c5d9acf05496c247caebd0e0514526d4fc05b743a1d
FING-11749,1363,2020,1,Advanced Algorithms,4,2,2,8,2021,2,A,2,6.2,01030513ef15a66d7ad87c5d9acf05496c247caebd0e0514526d4fc05b743a1d
FING-11158,1363,2019,1,Advanced Algorithms,4,2,2,8,2021,2,R,2,1.0,01030513ef15a66d7ad87c5d9acf05496c247caebd0e0514526d4fc05b743a1d
FING-11123,1363,2019,1,Advanced Algorithms,4,2,2,8,2021,2,A,2,5.8,01030513ef15a66d7ad87c5d9acf05496c247caebd0e0514526d4fc05b743a1d
FING-11164,1363,2019,1,Advanced Algorithms,4,2,2,8,2021,2,A,2,5.7,01030513ef15a66d7ad87c5d9acf05496c247caebd0e0514526d4fc05b743a1d
FING-9611,1363,2019,2,Op Sys,4,2,2,8,2021,2,A,2,4.9,5ea3b82eb99612f6505e355dbb2b4ec6a630f5217f5b53df0a17295ebd2612b9
FING-11749,1363,2020,1,Op Sys,4,2,2,8,2021,2,A,2,5.7,5ea3b82eb99612f6505e355dbb2b4ec6a630f5217f5b53df0a17295ebd2612b9
FING-11158,1363,2019,1,Op Sys,4,2,2,8,2021,2,A,2,5.4,5ea3b82eb99612f6505e355dbb2b4ec6a630f5217f5b53df0a17295ebd2612b9
FING-7760,1363,2018,1,Distributed Systems,4,0,2,6,2021,2,A,2,5.8,b5b8363de06e331bb3ab2ace81b37d3bb999d276419f79ea410b0a1283afae80
FING-11104,1363,2019,1,Syst Eng,4,2,0,6,2021,2,A,2,4.1,d41fe4601059434462606fb57b519211d3d3de9d965cdcc6b2c7fa79ba4f6f55
FING-11168,1363,2019,1,Eng 4,0,0,2,2,2021,2,A,2,6.7,
FING-4371,1363,2018,1,Eng 4,0,0,2,2,2021,2,A,2,7.0,
FING-11139,1363,2019,1,Eng 4,0,0,2,2,2021,2,A,2,7.0,
FING-4307,1363,2013,1,Alg 2,4,2,0,6,2013,2,R,2,3.2,0c72a2ad7dd210d87d992a7bd4905912d4bd5f36d16b930d2302169cd2bac334
FING-1802,1363,2012,1,Diff Ec & Num Meth,4,2,0,6,2013,2,R,2,1.2,0c72a2ad7dd210d87d992a7bd4905912d4bd5f36d16b930d2302169cd2bac334
FING-4305,1363,2012,1,Diff Ec & Num Meth,4,2,0,6,2013,2,R,2,2.0,0c72a2ad7dd210d87d992a7bd4905912d4bd5f36d16b930d2302169cd2bac334
FING-683,1363,2013,1,Alg 1,6,2,0,8,2013,2,R,2,1.4,29515579f1f72c90bb687a58351f21ab9cbfbf85da8ce3968de43412bb458b37
FING-1799,1363,2012,1,Stat Analys,4,2,0,6,2013,2,A,2,5.7,b668a1dd0b7fc9613e9eba607a925b31589677ce4ea1ce81f137e07d44635741
FING-23970,1363,2013,1,Chemistry,4,2,0,6,2013,2,A,2,4.5,9438af86b5ca99ab3b517de806b821c024b6284478dbc5d992363a1d554aeda7
FING-12915,1363,2012,2,Chemistry,4,2,0,6,2013,2,A,1,4.3,fb9645e0acae33b6d451fbf3e7941f8c14945048003b1674c2446ca2d6071670
FING-23970,1363,2013,1,Cal 1,6,2,0,8,2013,2,A,2,4.2,b8cfc512f99f1372efa88cf44d04e7d07ecec3d7b896c9db4cccbfc2accc3504
FING-13134,1363,2013,1,Cal 1,6,2,0,8,2013,2,R,2,3.7,b8cfc512f99f1372efa88cf44d04e7d07ecec3d7b896c9db4cccbfc2accc3504
FING-5750,1363,2013,1,Phy 1,4,2,1,7,2013,2,R,2,1.3,d70bb175a1836f082bb4c83f5771ac725abc217b99be0f2b672cdea89be36fc7
FING-17689,1363,2013,1,Phy 1,4,2,1,7,2013,2,A,2,4.0,d70bb175a1836f082bb4c83f5771ac725abc217b99be0f2b672cdea89be36fc7
FING-683,1363,2013,1,Phy 1,4,2,1,7,2013,2,R,2,1.7,d341e692e9beb059f1ac5ea4143c029a2a6ee2f405ea347b218915b09550a421
FING-3421,1363,2013,1,Phy 1,4,2,1,7,2013,2,A,2,4.2,d341e692e9beb059f1ac5ea4143c029a2a6ee2f405ea347b218915b09550a421
FING-4319,1363,2012,1,Eng 1,0,0,2,2,2014,1,A,2,7.0,d243075554e9e28bcc9460e19789a9578b49db27694e674c6c0f82cb7f85a5e5
FING-4313,1363,2012,1,Eng 2,0,0,2,2,2014,1,A,2,5.6,d243075554e9e28bcc9460e19789a9578b49db27694e674c6c0f82cb7f85a5e5
FING-4306,1363,2012,1,Eng 2,0,0,2,2,2014,1,A,2,4.5,d243075554e9e28bcc9460e19789a9578b49db27694e674c6c0f82cb7f85a5e5
FING-12860,1363,2012,1,Eng 3,0,0,2,2,2014,1,A,2,6.1,d243075554e9e28bcc9460e19789a9578b49db27694e674c6c0f82cb7f85a5e5
FING-1799,1363,2012,1,Eng 3,0,0,2,2,2014,1,A,2,5.7,d243075554e9e28bcc9460e19789a9578b49db27694e674c6c0f82cb7f85a5e5
FING-4324,1363,2012,1,Eng 3,0,0,2,2,2014,1,A,2,5.0,d243075554e9e28bcc9460e19789a9578b49db27694e674c6c0f82cb7f85a5e5
FING-4312,1363,2012,1,Eng 3,0,0,2,2,2014,1,A,2,6.0,d243075554e9e28bcc9460e19789a9578b49db27694e674c6c0f82cb7f85a5e5
FING-4323,1363,2012,1,Eng 3,0,0,2,2,2014,1,A,2,6.1,d243075554e9e28bcc9460e19789a9578b49db27694e674c6c0f82cb7f85a5e5
FING-219,1363,2014,1,Cal 1,6,2,0,8,2014,1,A,2,5.4,7a010e08ef357db66111e0002541d9497add97259a609f600493a85dfc11a288
FING-1532,1363,2014,1,Eff Comm,0,0,2,2,2014,1,A,2,6.4,8e127ff84cc39ee342b550b69a95cc087c8a9000f7f0bd8706dc1fbb2fe1b575
FING-13024,1363,2013,1,Eff Comm,0,0,2,2,2014,1,A,2,6.4,4b436d8136b4b41c3d565996849b2678228f574a0a8f5b835aa033a8709a7c98
FING-186,1363,2014,1,Eng 2,0,0,2,2,2015,2,A,2,6.5,d243075554e9e28bcc9460e19789a9578b49db27694e674c6c0f82cb7f85a5e5
FING-227,1363,2014,1,Eng 2,0,0,2,2,2015,2,A,2,6.0,d243075554e9e28bcc9460e19789a9578b49db27694e674c6c0f82cb7f85a5e5
FING-1782,1363,2015,1,Eng 2,0,0,2,2,2015,2,A,2,7.0,d243075554e9e28bcc9460e19789a9578b49db27694e674c6c0f82cb7f85a5e5
FING-214,1363,2014,1,Eng 2,0,0,2,2,2015,2,A,2,5.8,d243075554e9e28bcc9460e19789a9578b49db27694e674c6c0f82cb7f85a5e5
FING-227,1363,2014,1,Progr Parad,4,0,2,6,2016,2,R,2,2.7,ccd981858c1ea839b512426d8dfcd4f88feaec45b731cc0a2f924fd2e6e153d8
FING-214,1363,2014,1,Progr Parad,4,0,2,6,2016,2,A,2,4.5,ccd981858c1ea839b512426d8dfcd4f88feaec45b731cc0a2f924fd2e6e153d8
FING-1532,1363,2014,1,SoftEng Methods,4,2,0,6,2016,2,A,2,4.9,3221f42f64144bbf31bd3850691b5a66b89783586a0a613e87d6e9a1b02c4cb7
FING-12860,1363,2012,1,Numerical Algorithms,4,2,2,8,2016,2,R,2,2.8,de362fb95f53a0ada1ce7ad1fc8db444e40ea24d306028d5be3c5da21288f0d1
FING-12988,1363,2013,1,Cal 3,4,2,0,6,2016,2,R,1,1.0,d59d7eca82c1570975729ea5c40579e2842efd9d070c071ab9cd701085f7241f
FING-13024,1363,2013,1,Cal 3,4,2,0,6,2016,2,R,2,1.0,d59d7eca82c1570975729ea5c40579e2842efd9d070c071ab9cd701085f7241f
FING-227,1363,2014,1,Cal 3,4,2,0,6,2016,2,R,2,2.0,d59d7eca82c1570975729ea5c40579e2842efd9d070c071ab9cd701085f7241f
FING-165,1363,2014,1,Cal 3,4,2,0,6,2016,2,R,2,1.0,d59d7eca82c1570975729ea5c40579e2842efd9d070c071ab9cd701085f7241f
FING-214,1363,2014,1,Cal 3,4,2,0,6,2016,2,R,2,3.2,d59d7eca82c1570975729ea5c40579e2842efd9d070c071ab9cd701085f7241f
FING-2918,1363,2015,1,Elect & Mag,4,2,1,7,2016,2,A,2,5.0,8d708188d48a205fd0ee6094067176dc7d98cbf0882b42659479e4ee14e20270
FING-1532,1363,2014,1,Finances,4,0,2,6,2016,2,A,2,4.6,90e37d439b3ffcadaccfc43e752e3beb562da4c9e551374fdcb071bc72e4cf0c
FING-12860,1363,2012,1,Comp Org,4,1,1,6,2016,2,A,2,4.0,07f17e93f3cc92f289f5f91679b6e6da0d975c3b85cf1dfb8223836fad4ef618
FING-5360,1363,2016,1,Alg 2,4,2,0,6,2016,2,A,2,5.1,cd4258abd494e338dd13dad75ea3f1f1ced923cec073b330363a2340dbb751bf
FING-2931,1363,2016,1,Alg 2,4,2,0,6,2016,2,A,2,4.1,cd4258abd494e338dd13dad75ea3f1f1ced923cec073b330363a2340dbb751bf
FING-6364,1363,2016,1,Alg 2,4,2,0,6,2016,2,A,2,4.2,cd4258abd494e338dd13dad75ea3f1f1ced923cec073b330363a2340dbb751bf
FING-2920,1363,2015,1,Fund Progr,4,0,2,6,2016,2,A,2,5.0,9f07d0f42bbd4ac3b6a3bd9012347cccde485e88def5c3acffca747d7d8eef5c
FING-5360,1363,2016,1,Fund Progr,4,0,2,6,2016,2,A,2,5.2,9f07d0f42bbd4ac3b6a3bd9012347cccde485e88def5c3acffca747d7d8eef5c
FING-5402,1363,2016,1,Fund Progr,4,0,2,6,2016,2,A,1,5.1,262093a216a636b36de09c0b618a2a8aa41f2a926eb8579f7c5b070257c3a9f8
FING-5353,1363,2016,1,Fund Progr,4,0,2,6,2016,2,R,2,2.3,262093a216a636b36de09c0b618a2a8aa41f2a926eb8579f7c5b070257c3a9f8
FING-2989,1363,2016,1,Fund Progr,4,0,2,6,2016,2,A,2,4.7,c1e4635e6d285e41246f10c26345ab46753a2410b81286e3de6f4577af5f89c3
FING-5349,1363,2016,1,Fund Progr,4,0,2,6,2016,2,R,2,3.7,c1e4635e6d285e41246f10c26345ab46753a2410b81286e3de6f4577af5f89c3
FING-6364,1363,2016,1,Fund Progr,4,0,2,6,2016,2,A,2,4.5,01030513ef15a66d7ad87c5d9acf05496c247caebd0e0514526d4fc05b743a1d
FING-6350,1363,2016,1,Fund Progr,4,0,2,6,2016,2,R,2,3.7,a5ee47612daf0cce7c392ed587f782266ea390eae289b87610118b7ab3479b67
FING-4323,1363,2012,1,Intro Eng,0,0,2,2,2012,1,A,2,5.8,
FING-4311,1363,2013,1,Std Methods,0,0,2,2,2013,1,A,2,4.6,
FING-4311,1363,2013,1,Intro Eng,0,0,2,2,2013,1,A,2,4.8,
FING-4313,1363,2012,1,Intro Eng,0,0,2,2,2012,1,A,2,5.8,
FING-4313,1363,2012,1,Chemistry,4,2,0,6,2012,2,A,2,4.6,
FING-4313,1363,2012,1,Eff Comm,0,0,2,2,2013,2,A,2,6.2,
FING-4313,1363,2012,1,Elect & Mag,4,2,1,7,2013,1,R,2,3.0,
FING-4313,1363,2012,1,Std Methods,0,0,2,2,2012,1,A,2,4.7,
FING-4313,1363,2012,1,Eng 2,0,0,2,2,2013,2,R,2,3.8,
FING-4313,1363,2012,1,Elect & Mag,4,2,1,7,2013,2,A,2,4.6,
FING-12988,1363,2013,1,Intro Eng,0,0,2,2,2013,1,A,1,5.6,
FING-4306,1363,2012,1,Intro Eng,0,0,2,2,2012,1,A,2,4.7,
FING-4306,1363,2012,1,Std Methods,0,0,2,2,2012,1,A,2,5.4,
FING-4306,1363,2012,1,Eng 1,0,0,2,2,2013,1,A,2,4.9,
FING-4306,1363,2012,1,Eff Comm,0,0,2,2,2013,1,A,2,5.0,
FING-4321,1363,2012,1,Std Methods,0,0,2,2,2012,1,A,2,5.2,
FING-4321,1363,2012,1,Intro Eng,0,0,2,2,2012,1,A,2,4.8,
FING-4321,1363,2012,1,Cal 1,6,2,0,8,2012,2,A,2,4.0,
FING-4321,1363,2012,1,Eff Comm,0,0,2,2,2013,2,A,2,6.3,
FING-13024,1363,2013,1,Intro Eng,0,0,2,2,2013,1,A,2,5.6,
FING-13024,1363,2013,1,Std Methods,0,0,2,2,2013,1,A,2,4.4,
FING-4309,1363,2013,1,Intro Eng,0,0,2,2,2013,1,A,2,4.8,
FING-4309,1363,2013,1,Std Methods,0,0,2,2,2013,1,A,2,4.6,
FING-17689,1363,2013,1,Std Methods,0,0,2,2,2013,1,A,2,5.1,
FING-13105,1363,2013,1,Intro Eng,0,0,2,2,2013,1,A,1,6.2,
FING-13105,1363,2013,1,Std Methods,0,0,2,2,2013,1,A,1,5.6,
FING-1532,1363,2014,1,Elective I,4,0,2,6,2018,1,A,2,6.1,245b64604a8d5d0553dacc990da644b71a70600bca3960b0154ad94b4c33a1f1
FING-1532,1363,2014,1,Elective II,4,0,2,6,2018,1,A,2,5.3,2b1d8c7cd31102501d76a2c0bdf491788e9c2333c5417b842cba275d94e9a379
FING-15282,1363,2017,1,Stat Analys,4,2,0,6,2019,1,A,1,4.1,b668a1dd0b7fc9613e9eba607a925b31589677ce4ea1ce81f137e07d44635741
FING-11122,1363,2019,1,Cal 1,6,2,0,8,2019,1,R,1,2.4,b8cfc512f99f1372efa88cf44d04e7d07ecec3d7b896c9db4cccbfc2accc3504
FING-11104,1363,2019,1,Cal 1,6,2,0,8,2019,1,A,2,4.2,b8cfc512f99f1372efa88cf44d04e7d07ecec3d7b896c9db4cccbfc2accc3504
FING-11083,1363,2019,1,Alg 1,6,2,0,8,2019,1,A,1,4.2,8508436b0f900192b9c554f5c427e8274f4a2527a29c26777931111848b081b4
FING-9172,1363,2018,1,Cal 2,6,2,0,8,2019,1,A,2,4.7,d81ccf546126e3493e61752eea8834c9ab7d2197574934d9170213f8d6aff017
FING-9208,1363,2018,1,Cal 2,6,2,0,8,2019,1,A,2,4.2,d81ccf546126e3493e61752eea8834c9ab7d2197574934d9170213f8d6aff017
FING-29416,1363,2017,1,Chemistry,4,2,0,6,2019,1,A,2,4.3,9721a6b593b134a940b7e8e7daac7fbcb0ab2b9681cc12a67a9eefade6b0c2a9
FING-7306,1363,2017,1,Fund Econ,4,2,0,6,2019,1,A,1,4.1,e0f19966a5fb28ea6c374ff717b67fb61e365c189e4603d0155e95a2f42121fb
FING-7341,1363,2017,1,Fund Econ,4,2,0,6,2019,1,A,1,4.0,e0f19966a5fb28ea6c374ff717b67fb61e365c189e4603d0155e95a2f42121fb
FING-8359,1363,2017,1,Elect & Mag,4,2,1,7,2019,1,A,2,5.0,0c99d6fb093475c4544993d815b67dd3729d8d58dcdac886dc422de00102b7e3
FING-5402,1363,2016,1,Cal 3,4,2,0,6,2019,1,R,1,3.5,d9432f4e1d42c298e4a5bf3c9da43999e4ecf8ddf03af24848fa23131f9e31ea
FING-5387,1363,2016,1,Cal 3,4,2,0,6,2019,1,R,2,3.4,d9432f4e1d42c298e4a5bf3c9da43999e4ecf8ddf03af24848fa23131f9e31ea
FING-11129,1363,2019,1,Alg 1,6,2,0,8,2019,1,R,2,3.5,acd91d8669b613d14e5ab9aca106b2efc39478f4ace3275b267e975e49b781b6
FING-11178,1363,2019,1,Alg 1,6,2,0,8,2019,1,A,2,4.1,acd91d8669b613d14e5ab9aca106b2efc39478f4ace3275b267e975e49b781b6
FING-11116,1363,2019,1,Cal 1,6,2,0,8,2019,1,R,2,3.5,679de43c5ee1f85bb033a4e4ba64ad988864023094396a16c3b1dd2a2a8d2dcb
FING-11139,1363,2019,1,Cal 1,6,2,0,8,2019,1,A,2,4.2,679de43c5ee1f85bb033a4e4ba64ad988864023094396a16c3b1dd2a2a8d2dcb
FING-28229,1363,2019,1,Cal 1,6,2,0,8,2019,1,A,2,4.0,679de43c5ee1f85bb033a4e4ba64ad988864023094396a16c3b1dd2a2a8d2dcb
FING-28068,1363,2018,1,Cal 2,6,2,0,8,2019,1,A,1,4.0,1145021fe318b6bb3fc50dab301f9c37a56cfb4299ef4103eafa189f368fb589
FING-1221,1363,2017,1,Diff Ec & Num Meth,4,2,0,6,2019,1,A,2,4.0,bf94262a3cdb991e7eabe861f41bd9d8a5db6b3a312f5307ae389d047b610ea3
FING-6359,1363,2016,1,Diff Ec & Num Meth,4,2,0,6,2019,1,R,2,3.7,bf94262a3cdb991e7eabe861f41bd9d8a5db6b3a312f5307ae389d047b610ea3
FING-7307,1363,2017,1,Fund Progr,4,0,2,6,2019,1,A,1,4.8,8a00056dda116e6e344eb91e507097341ac2d8336a6fee83c16f256bb4c3799e
FING-9160,1363,2018,1,Fund Progr,4,0,2,6,2019,1,A,2,5.3,8a00056dda116e6e344eb91e507097341ac2d8336a6fee83c16f256bb4c3799e
FING-9611,1363,2019,2,Cal 1,6,2,0,8,2018,1,A,2,5.1,ce9bb794b4845a96bcb70f744980d1cfd7e192f7aba107ffad3a558f492efa0d
FING-9611,1363,2019,2,Alg 1,6,2,0,8,2018,1,A,2,4.6,4d1735bd404f48d4855de32dbd8c65be393f2ce0ae0955c99ea591fbd6921f00
FING-9611,1363,2019,2,Phy 1,4,2,1,7,2018,1,A,2,4.8,0d6f2359e12216f5ba70f54b9737cb1685f82e4c47189ed5ed915839c8a9c077
FING-9611,1363,2019,2,IPD Workshop,2,0,2,4,2018,1,A,2,6.1,f5793ef126a2c5c42d114ce162802b457266738abd6306169f65ba85f5edf025
FING-9611,1363,2019,2,Intro Eng,0,0,2,2,2018,1,A,2,5.0,27962d6dcef4839bcd9ad5e80c2d65cd7dcc392874e2e94818aeff564c4c9242
FING-9611,1363,2019,2,Std Methods,0,0,2,2,2018,1,A,2,4.7,90e37d439b3ffcadaccfc43e752e3beb562da4c9e551374fdcb071bc72e4cf0c
FING-9611,1363,2019,2,Cal 2,6,2,0,8,2018,2,A,2,4.0,1c702013c61a4e9c3d55a6cab9307e9dd956c95b7bc9c9eaecbcaad761f589f1
FING-9611,1363,2019,2,Alg 2,4,2,0,6,2018,2,A,2,4.1,8f93e3c9a6d7d2f7c7b6a085582f9854d5e3a019f79f7c7a0020b1136ce42e25
FING-9611,1363,2019,2,Phy 2,4,2,1,7,2018,2,A,2,4.5,6bcd952b9074a6ac6c38e6f38dcfe0f7127d459ea94e8167f23b7b92283698db
FING-9611,1363,2019,2,Fund Progr,4,0,2,6,2019,1,A,2,5.2,01030513ef15a66d7ad87c5d9acf05496c247caebd0e0514526d4fc05b743a1d
FING-9611,1363,2019,2,Chemistry,4,2,0,6,2018,2,A,2,5.1,bd23e40a5885a0ba59f0b7530e52911ed929968a175428df4e239e8d77f93ac5
FING-9611,1363,2019,2,Fund Econ,4,2,0,6,2019,1,A,2,5.1,47b11e8a4acdb2eecf224be51aeafde303064f80bc1c2cbb97bb6e3eac7ea0cb
FING-9611,1363,2019,2,Elect & Mag,4,2,1,7,2019,1,A,2,5.2,68e0e25fc360fe35368324da51d7412198180b0cdbab1d2fbedc8639e0d9e05c
FING-9611,1363,2019,2,Eff Comm,0,0,2,2,2019,1,A,2,4.0,80b77e03e906b6b90f7282edb67cb80f532e56d6704ff5b5896dce0e702084f0
FING-9611,1363,2019,2,Stat Analys,4,2,0,6,2019,1,A,2,4.5,941d2dc7155a47563fd0af73019b506c32ae6279623f425181a6333126094387
FING-4473,1363,2019,1,Progr Methd,4,2,2,8,2020,1,A,2,4.6,f9ba9cc4cd9e47f5c65a8fbb26c6b6d5ef269d286aa2171d378d7651ce5e7779
FING-9160,1363,2018,1,Progr Methd,4,2,2,8,2020,1,R,2,1.8,f9ba9cc4cd9e47f5c65a8fbb26c6b6d5ef269d286aa2171d378d7651ce5e7779
FING-9172,1363,2018,1,Progr Methd,4,2,2,8,2020,1,A,2,4.8,f9ba9cc4cd9e47f5c65a8fbb26c6b6d5ef269d286aa2171d378d7651ce5e7779
FING-11165,1363,2019,1,Progr Methd,4,2,2,8,2020,1,A,2,6.0,f9ba9cc4cd9e47f5c65a8fbb26c6b6d5ef269d286aa2171d378d7651ce5e7779
FING-11749,1363,2020,1,Progr Methd,4,2,2,8,2020,1,A,2,5.6,f9ba9cc4cd9e47f5c65a8fbb26c6b6d5ef269d286aa2171d378d7651ce5e7779
FING-11158,1363,2019,1,Progr Methd,4,2,2,8,2020,1,A,2,6.1,f9ba9cc4cd9e47f5c65a8fbb26c6b6d5ef269d286aa2171d378d7651ce5e7779
FING-11164,1363,2019,1,Progr Methd,4,2,2,8,2020,1,A,2,5.7,f9ba9cc4cd9e47f5c65a8fbb26c6b6d5ef269d286aa2171d378d7651ce5e7779
FING-11170,1363,2019,1,Progr Methd,4,2,2,8,2020,1,R,2,2.1,c31cbe4df540d9624606faae87f7bf317f5b19593d9fe7d8856a5482bf31ebfd
FING-10014,1363,2018,1,Progr Methd,4,2,2,8,2020,1,A,2,5.2,c31cbe4df540d9624606faae87f7bf317f5b19593d9fe7d8856a5482bf31ebfd
FING-28159,1363,2018,1,Progr Methd,4,2,2,8,2020,1,A,2,6.7,c31cbe4df540d9624606faae87f7bf317f5b19593d9fe7d8856a5482bf31ebfd
FING-9208,1363,2018,1,Progr Methd,4,2,2,8,2020,1,A,2,5.0,c31cbe4df540d9624606faae87f7bf317f5b19593d9fe7d8856a5482bf31ebfd
FING-11110,1363,2019,1,Progr Methd,4,2,2,8,2020,1,A,2,5.7,6e791079ac56bf68eb2f03d0de931ccdd204d92fb602928c597323c42d1fe97a
FING-7316,1363,2017,1,Progr Methd,4,2,2,8,2020,1,R,2,2.3,6e791079ac56bf68eb2f03d0de931ccdd204d92fb602928c597323c42d1fe97a
FING-15261,1363,2019,1,Progr Methd,4,2,2,8,2020,1,A,2,5.4,6e791079ac56bf68eb2f03d0de931ccdd204d92fb602928c597323c42d1fe97a
FING-11130,1363,2019,1,Progr Methd,4,2,2,8,2020,1,A,2,4.9,6e791079ac56bf68eb2f03d0de931ccdd204d92fb602928c597323c42d1fe97a
FING-11122,1363,2019,1,Progr Methd,4,2,2,8,2020,1,A,1,4.8,6e791079ac56bf68eb2f03d0de931ccdd204d92fb602928c597323c42d1fe97a
FING-11123,1363,2019,1,Progr Methd,4,2,2,8,2020,1,A,2,5.5,6e791079ac56bf68eb2f03d0de931ccdd204d92fb602928c597323c42d1fe97a
FING-11104,1363,2019,1,Progr Methd,4,2,2,8,2020,1,A,2,4.8,6e791079ac56bf68eb2f03d0de931ccdd204d92fb602928c597323c42d1fe97a
FING-7349,1363,2017,1,Progr Parad,4,0,2,6,2020,1,A,2,5.6,c56774011ed92ae6a9ee1865d7ed6c2c2d98b82cc12b816c03bd77fcadd0817b
FING-7312,1363,2017,1,Progr Parad,4,0,2,6,2020,1,A,2,4.6,c56774011ed92ae6a9ee1865d7ed6c2c2d98b82cc12b816c03bd77fcadd0817b
FING-28124,1363,2018,1,Progr Parad,4,0,2,6,2020,1,R,2,1.0,c56774011ed92ae6a9ee1865d7ed6c2c2d98b82cc12b816c03bd77fcadd0817b
FING-28068,1363,2018,1,Progr Parad,4,0,2,6,2020,1,R,1,1.3,ae5fb0db2f7aa7d4f622134492fe773f10da0ae9b3fae3ac5db21a41eb4cafd8
FING-9171,1363,2018,1,Progr Parad,4,0,2,6,2020,1,R,2,1.0,ae5fb0db2f7aa7d4f622134492fe773f10da0ae9b3fae3ac5db21a41eb4cafd8
FING-5767,1363,2017,2,Op Sys,4,2,2,8,2020,1,A,2,5.9,8e3dcc8ea49f648fe1264e4c4267a2c8232c69e7ea3463b9f64ce3f9749a992e
FING-6281,1363,2016,1,Op Sys,4,2,2,8,2020,1,A,2,5.1,8e3dcc8ea49f648fe1264e4c4267a2c8232c69e7ea3463b9f64ce3f9749a992e
FING-15274,1363,2016,1,Op Sys,4,2,2,8,2020,1,A,2,5.0,5ea3b82eb99612f6505e355dbb2b4ec6a630f5217f5b53df0a17295ebd2612b9
FING-7760,1363,2018,1,Op Sys,4,2,2,8,2020,1,A,2,6.1,5ea3b82eb99612f6505e355dbb2b4ec6a630f5217f5b53df0a17295ebd2612b9
FING-15274,1363,2016,1,Anthropology and Engineering,4,0,0,4,2020,1,A,2,5.5,28705518ad54de7ff7a728187f822af28090208020a6a3846171a17906851fe5
FING-7760,1363,2018,1,Anthropology and Engineering,4,0,0,4,2020,1,A,2,6.3,28705518ad54de7ff7a728187f822af28090208020a6a3846171a17906851fe5
FING-5767,1363,2017,2,Networks,4,2,2,8,2020,1,A,2,6.2,6ac1bc49bbbee7eb8a61ba9ddbb9373b5e8e859ce218a87c731fc76ce0b464f7
FING-15274,1363,2016,1,Networks,4,2,2,8,2020,1,A,2,6.2,6ac1bc49bbbee7eb8a61ba9ddbb9373b5e8e859ce218a87c731fc76ce0b464f7
FING-7760,1363,2018,1,Networks,4,2,2,8,2020,1,A,2,6.7,6ac1bc49bbbee7eb8a61ba9ddbb9373b5e8e859ce218a87c731fc76ce0b464f7
FING-6491,1363,2017,1,Networks,4,2,2,8,2020,1,A,2,5.3,6ac1bc49bbbee7eb8a61ba9ddbb9373b5e8e859ce218a87c731fc76ce0b464f7
FING-2915,1363,2015,1,Finances,4,0,2,6,2020,1,A,2,5.8,8b7fc70f5837b9869f3d108860049ac9d5d00eb3af0e7d999625274a530c8386
FING-6281,1363,2016,1,Finances,4,0,2,6,2020,1,A,2,5.4,8b7fc70f5837b9869f3d108860049ac9d5d00eb3af0e7d999625274a530c8386
FING-6491,1363,2017,1,Finances,4,0,2,6,2020,1,A,2,4.6,8b7fc70f5837b9869f3d108860049ac9d5d00eb3af0e7d999625274a530c8386
FING-6281,1363,2016,1,SoftEng Proj Management,4,2,2,8,2020,1,A,2,5.7,ffb59ab5b84a4a983fde75ebe4cc50f1f4a3f6f50263a9c11b8a6ea115c56fa8
FING-6281,1363,2016,1,Elective I,4,0,2,6,2020,1,A,2,5.8,e7664f59ac17269c7b8850165be580d22f8815f1b1dee14b1468d917d36b1b1e
FING-6491,1363,2017,1,Elective II,4,0,2,6,2020,1,A,2,6.4,28c6c5bbf5d7179bb107cafd4476735962f8f755b2efb9903fb0e52b497fa2b7
FING-1782,1363,2015,1,Elective IV,4,0,2,6,2020,1,A,2,6.6,15151e985fe54d8c642c163c6ee6ffb74b2ea2956867a2003d63e4bd3fed571f
FING-1782,1363,2015,1,Elective VI,4,0,2,6,2020,1,A,2,5.5,8b5355c4aa59bed4f265b1ba1dcd25c1b6361ced524aac6bc16204abe21f52de
FING-7349,1363,2017,1,Syst Eng,4,2,0,6,2020,1,A,2,5.2,28c6c5bbf5d7179bb107cafd4476735962f8f755b2efb9903fb0e52b497fa2b7
FING-15282,1363,2017,1,DB Design,4,1,1,6,2020,1,A,1,6.2,e7664f59ac17269c7b8850165be580d22f8815f1b1dee14b1468d917d36b1b1e
FING-2915,1363,2015,1,Comp Org,4,1,1,6,2020,1,A,2,4.8,cec81ee66a411914454dc487ece9a19e89f26d9cfa941ac1eb4885f74a77c639
FING-5767,1363,2017,2,Statistical Inference,4,2,0,6,2020,1,R,2,3.0,c1e4635e6d285e41246f10c26345ab46753a2410b81286e3de6f4577af5f89c3
FING-5767,1363,2017,2,Logic and Computer Science Theory,4,2,0,6,2020,1,A,2,5.5,a758b091c1e446acfaa4e13d0d2839a313dd0371a35228eb5511991cee34fc12
FING-1782,1363,2015,1,CS Seminar,2,0,4,6,2020,1,A,2,5.5,357d86e26130f416e6c085af2a671658c36d144793ff3af80f588e380637d41c
FING-7349,1363,2017,1,Cal 3,4,2,0,6,2020,1,A,2,4.2,d9432f4e1d42c298e4a5bf3c9da43999e4ecf8ddf03af24848fa23131f9e31ea
FING-4473,1363,2019,1,Algorithms,4,0,2,6,2021,1,R,2,1.0,08f5ef21abd40bce9ac5ae1d0a229dac51a9646d54d7d15465e11424da1c29ec
FING-11165,1363,2019,1,Algorithms,4,0,2,6,2021,1,A,2,4.8,08f5ef21abd40bce9ac5ae1d0a229dac51a9646d54d7d15465e11424da1c29ec
FING-28159,1363,2018,1,Algorithms,4,0,2,6,2021,1,A,2,6.4,08f5ef21abd40bce9ac5ae1d0a229dac51a9646d54d7d15465e11424da1c29ec
FING-11139,1363,2019,1,Algorithms,4,0,2,6,2021,1,A,2,5.2,08f5ef21abd40bce9ac5ae1d0a229dac51a9646d54d7d15465e11424da1c29ec
FING-9208,1363,2018,1,Algorithms,4,0,2,6,2021,1,A,2,4.1,08f5ef21abd40bce9ac5ae1d0a229dac51a9646d54d7d15465e11424da1c29ec
FING-11089,1363,2019,1,Algorithms,4,0,2,6,2021,1,A,2,4.6,08f5ef21abd40bce9ac5ae1d0a229dac51a9646d54d7d15465e11424da1c29ec
FING-11104,1363,2019,1,Algorithms,4,0,2,6,2021,1,R,2,3.3,08f5ef21abd40bce9ac5ae1d0a229dac51a9646d54d7d15465e11424da1c29ec
FING-1221,1363,2017,1,SoftEng Fund,4,2,0,6,2021,1,A,2,5.6,403e5a64663d846f76ab728811fa09aed18dd766afa0e1a60faf460bd2299b53
FING-7349,1363,2017,1,SoftEng Fund,4,2,0,6,2021,1,A,2,6.1,403e5a64663d846f76ab728811fa09aed18dd766afa0e1a60faf460bd2299b53
FING-7306,1363,2017,1,SoftEng Fund,4,2,0,6,2021,1,A,1,5.4,403e5a64663d846f76ab728811fa09aed18dd766afa0e1a60faf460bd2299b53
FING-11749,1363,2020,1,SoftEng Fund,4,2,0,6,2021,1,A,2,6.1,403e5a64663d846f76ab728811fa09aed18dd766afa0e1a60faf460bd2299b53
FING-223,1363,2014,1,Formal Language Processing,4,2,2,8,2021,1,A,2,5.6,16b2d5b4c473b956b41412275c081b5cab38d261f201aad7e31443548418f4bc
FING-7349,1363,2017,1,Formal Language Processing,4,2,2,8,2021,1,A,2,4.6,16b2d5b4c473b956b41412275c081b5cab38d261f201aad7e31443548418f4bc
FING-7307,1363,2017,1,Formal Language Processing,4,2,2,8,2021,1,R,1,3.7,16b2d5b4c473b956b41412275c081b5cab38d261f201aad7e31443548418f4bc
FING-9171,1363,2018,1,Formal Language Processing,4,2,2,8,2021,1,R,2,1.9,16b2d5b4c473b956b41412275c081b5cab38d261f201aad7e31443548418f4bc
FING-11164,1363,2019,1,Formal Language Processing,4,2,2,8,2021,1,R,2,2.9,16b2d5b4c473b956b41412275c081b5cab38d261f201aad7e31443548418f4bc
FING-10014,1363,2018,1,Finances,4,0,2,6,2021,1,R,2,1.0,8b7fc70f5837b9869f3d108860049ac9d5d00eb3af0e7d999625274a530c8386
FING-6491,1363,2017,1,Security and IT Auditing,4,0,2,6,2021,1,A,2,6.3,94af4255f2264aeeb90b493600237d1db55f158480e988820092971c6ceb75a1
FING-6491,1363,2017,1,CS Engineering Project,0,0,8,8,2021,1,A,2,5.0,33dd9f3b84956c6e4576cf75cf3951ba13557122fe669448b32ffefc911211ea
FING-6491,1363,2017,1,Management,2,0,4,6,2021,1,A,2,5.6,94af4255f2264aeeb90b493600237d1db55f158480e988820092971c6ceb75a1
FING-7312,1363,2017,1,Syst Eng,4,2,0,6,2021,1,A,2,4.4,28c6c5bbf5d7179bb107cafd4476735962f8f755b2efb9903fb0e52b497fa2b7
FING-11158,1363,2019,1,Syst Eng,4,2,0,6,2021,1,A,2,5.0,28c6c5bbf5d7179bb107cafd4476735962f8f755b2efb9903fb0e52b497fa2b7
FING-2915,1363,2015,1,Syst Eng,4,2,0,6,2021,1,A,2,4.4,3b18591e1c3394aae96d32fb09f8c2c4ceecab4aab861b361fd16ff9b2dd12a7
FING-11170,1363,2019,1,Syst Eng,4,2,0,6,2021,1,A,2,5.1,3b18591e1c3394aae96d32fb09f8c2c4ceecab4aab861b361fd16ff9b2dd12a7
FING-2915,1363,2015,1,Anthropology and Engineering,4,0,0,4,2021,2,A,2,4.6,28705518ad54de7ff7a728187f822af28090208020a6a3846171a17906851fe5
FING-7316,1363,2017,1,Anthropology and Engineering,4,0,0,4,2021,2,A,2,4.4,28705518ad54de7ff7a728187f822af28090208020a6a3846171a17906851fe5
FING-7307,1363,2017,1,Anthropology and Engineering,4,0,0,4,2021,2,A,1,5.6,28705518ad54de7ff7a728187f822af28090208020a6a3846171a17906851fe5
FING-7312,1363,2017,1,Anthropology and Engineering,4,0,0,4,2021,2,A,2,5.6,28705518ad54de7ff7a728187f822af28090208020a6a3846171a17906851fe5
FING-9611,1363,2019,2,Anthropology and Engineering,4,0,0,4,2021,2,A,2,5.9,28705518ad54de7ff7a728187f822af28090208020a6a3846171a17906851fe5
FING-4371,1363,2018,1,Anthropology and Engineering,4,0,0,4,2021,2,A,2,6.3,28705518ad54de7ff7a728187f822af28090208020a6a3846171a17906851fe5
FING-7349,1363,2017,1,Anthropology and Engineering,4,0,0,4,2021,2,A,2,6.9,28705518ad54de7ff7a728187f822af28090208020a6a3846171a17906851fe5
FING-11170,1363,2019,1,Anthropology and Engineering,4,0,0,4,2021,2,A,2,5.9,28705518ad54de7ff7a728187f822af28090208020a6a3846171a17906851fe5
FING-9171,1363,2018,1,Anthropology and Engineering,4,0,0,4,2021,2,R,2,2.4,28705518ad54de7ff7a728187f822af28090208020a6a3846171a17906851fe5
FING-5767,1363,2017,2,Management,2,0,4,6,2021,2,A,2,6.3,94af4255f2264aeeb90b493600237d1db55f158480e988820092971c6ceb75a1
FING-11129,1363,2019,1,Fund Progr,4,0,2,6,2021,2,A,2,5.5,262093a216a636b36de09c0b618a2a8aa41f2a926eb8579f7c5b070257c3a9f8
FING-11177,1363,2019,1,Cal 3,4,2,0,6,2021,2,R,1,1.8,0e791b0cde429bf8b93558ec4b22fc98bc4a6332a5f776ca0d628b80d97f3491
FING-2915,1363,2015,1,Cal 3,4,2,0,6,2021,2,R,2,1.0,0e791b0cde429bf8b93558ec4b22fc98bc4a6332a5f776ca0d628b80d97f3491
FING-7316,1363,2017,1,Cal 3,4,2,0,6,2021,2,R,2,2.6,0e791b0cde429bf8b93558ec4b22fc98bc4a6332a5f776ca0d628b80d97f3491
FING-11122,1363,2019,1,Cal 3,4,2,0,6,2021,2,R,1,1.0,0e791b0cde429bf8b93558ec4b22fc98bc4a6332a5f776ca0d628b80d97f3491
FING-15350,1363,2020,2,Cal 3,4,2,0,6,2021,2,A,2,4.1,0e791b0cde429bf8b93558ec4b22fc98bc4a6332a5f776ca0d628b80d97f3491
FING-11071,1363,2019,1,Cal 3,4,2,0,6,2021,2,R,2,2.5,0e791b0cde429bf8b93558ec4b22fc98bc4a6332a5f776ca0d628b80d97f3491
FING-11177,1363,2019,1,Comp Struc,4,2,1,7,2021,2,A,1,4.6,2401236f54376c526d5c6581ee2065cd860ce0203660ebf3c7c33654be2db3a4
FING-11168,1363,2019,1,Comp Struc,4,2,1,7,2021,2,R,2,2.5,2401236f54376c526d5c6581ee2065cd860ce0203660ebf3c7c33654be2db3a4
FING-11129,1363,2019,1,Comp Struc,4,2,1,7,2021,2,R,2,1.0,2401236f54376c526d5c6581ee2065cd860ce0203660ebf3c7c33654be2db3a4
FING-11122,1363,2019,1,Comp Struc,4,2,1,7,2021,2,R,1,1.0,2401236f54376c526d5c6581ee2065cd860ce0203660ebf3c7c33654be2db3a4
FING-11083,1363,2019,1,Comp Struc,4,2,1,7,2021,2,A,1,5.1,2401236f54376c526d5c6581ee2065cd860ce0203660ebf3c7c33654be2db3a4
FING-11123,1363,2019,1,Comp Struc,4,2,1,7,2021,2,R,2,2.0,2401236f54376c526d5c6581ee2065cd860ce0203660ebf3c7c33654be2db3a4
FING-11182,1363,2019,1,Comp Struc,4,2,1,7,2021,2,A,2,5.8,2401236f54376c526d5c6581ee2065cd860ce0203660ebf3c7c33654be2db3a4
FING-4371,1363,2018,1,Comp Struc,4,2,1,7,2021,2,A,2,4.8,7480a71043322ff306762e310c1bbc8f830541a79bae264296bd4c0b1997058e
FING-28124,1363,2018,1,Comp Struc,4,2,1,7,2021,2,R,2,1.4,7480a71043322ff306762e310c1bbc8f830541a79bae264296bd4c0b1997058e
FING-28148,1363,2019,1,Comp Struc,4,2,1,7,2021,2,A,2,5.2,7480a71043322ff306762e310c1bbc8f830541a79bae264296bd4c0b1997058e
FING-11113,1363,2019,1,Comp Struc,4,2,1,7,2021,2,A,2,5.0,7480a71043322ff306762e310c1bbc8f830541a79bae264296bd4c0b1997058e
FING-6354,1363,2016,1,Cal 3,4,2,0,6,2021,2,R,2,3.4,a8763fea452d3dd043ed2919fe2e5b65e2256fe7c98189d2be28b303e17ede8b
FING-28068,1363,2018,1,Cal 3,4,2,0,6,2021,2,R,1,2.5,a8763fea452d3dd043ed2919fe2e5b65e2256fe7c98189d2be28b303e17ede8b
FING-4473,1363,2019,1,Cal 3,4,2,0,6,2021,2,R,2,2.4,a8763fea452d3dd043ed2919fe2e5b65e2256fe7c98189d2be28b303e17ede8b
FING-4371,1363,2018,1,Cal 3,4,2,0,6,2021,2,R,2,1.0,a8763fea452d3dd043ed2919fe2e5b65e2256fe7c98189d2be28b303e17ede8b
FING-11110,1363,2019,1,Cal 3,4,2,0,6,2021,2,R,2,3.5,a8763fea452d3dd043ed2919fe2e5b65e2256fe7c98189d2be28b303e17ede8b
FING-7300,1363,2017,1,Cal 3,4,2,0,6,2021,2,R,2,1.0,a8763fea452d3dd043ed2919fe2e5b65e2256fe7c98189d2be28b303e17ede8b
FING-11165,1363,2019,1,Cal 3,4,2,0,6,2021,2,R,2,3.8,a8763fea452d3dd043ed2919fe2e5b65e2256fe7c98189d2be28b303e17ede8b
FING-9171,1363,2018,1,Cal 3,4,2,0,6,2021,2,R,2,1.0,a8763fea452d3dd043ed2919fe2e5b65e2256fe7c98189d2be28b303e17ede8b
FING-13492,1363,2020,2,Cal 3,4,2,0,6,2021,2,R,2,1.2,a8763fea452d3dd043ed2919fe2e5b65e2256fe7c98189d2be28b303e17ede8b
FING-11089,1363,2019,1,Cal 3,4,2,0,6,2021,2,R,2,1.0,a8763fea452d3dd043ed2919fe2e5b65e2256fe7c98189d2be28b303e17ede8b
FING-11130,1363,2019,1,Cal 3,4,2,0,6,2021,2,R,2,1.7,a8763fea452d3dd043ed2919fe2e5b65e2256fe7c98189d2be28b303e17ede8b
FING-11158,1363,2019,1,Cal 3,4,2,0,6,2021,2,A,2,4.1,a8763fea452d3dd043ed2919fe2e5b65e2256fe7c98189d2be28b303e17ede8b
FING-11123,1363,2019,1,Cal 3,4,2,0,6,2021,2,A,2,4.2,a8763fea452d3dd043ed2919fe2e5b65e2256fe7c98189d2be28b303e17ede8b
FING-11164,1363,2019,1,Cal 3,4,2,0,6,2021,2,R,2,1.3,a8763fea452d3dd043ed2919fe2e5b65e2256fe7c98189d2be28b303e17ede8b
FING-4371,1363,2018,1,Progr Parad,4,0,2,6,2021,2,R,2,3.0,52f9c2e45a50c1e6f63185f52d3d851ff89da18a6e73f618a203f8759b0c08b7
FING-28124,1363,2018,1,Progr Parad,4,0,2,6,2021,2,R,2,3.0,52f9c2e45a50c1e6f63185f52d3d851ff89da18a6e73f618a203f8759b0c08b7
FING-11170,1363,2019,1,Progr Parad,4,0,2,6,2021,2,A,2,4.7,52f9c2e45a50c1e6f63185f52d3d851ff89da18a6e73f618a203f8759b0c08b7
FING-10014,1363,2018,1,Progr Parad,4,0,2,6,2021,2,R,2,3.0,52f9c2e45a50c1e6f63185f52d3d851ff89da18a6e73f618a203f8759b0c08b7
FING-9171,1363,2018,1,Progr Parad,4,0,2,6,2021,2,R,2,3.0,52f9c2e45a50c1e6f63185f52d3d851ff89da18a6e73f618a203f8759b0c08b7
FING-11122,1363,2019,1,Progr Parad,4,0,2,6,2021,2,R,1,3.0,52f9c2e45a50c1e6f63185f52d3d851ff89da18a6e73f618a203f8759b0c08b7
FING-11071,1363,2019,1,Progr Parad,4,0,2,6,2021,2,R,2,3.0,52f9c2e45a50c1e6f63185f52d3d851ff89da18a6e73f618a203f8759b0c08b7
FING-11104,1363,2019,1,Progr Parad,4,0,2,6,2021,2,A,2,4.6,52f9c2e45a50c1e6f63185f52d3d851ff89da18a6e73f618a203f8759b0c08b7
FING-7316,1363,2017,1,Progr Parad,4,0,2,6,2021,2,R,2,1.4,ae5fb0db2f7aa7d4f622134492fe773f10da0ae9b3fae3ac5db21a41eb4cafd8
FING-7300,1363,2017,1,Progr Parad,4,0,2,6,2021,2,R,2,2.2,ae5fb0db2f7aa7d4f622134492fe773f10da0ae9b3fae3ac5db21a41eb4cafd8
FING-13492,1363,2020,2,Progr Parad,4,0,2,6,2021,2,R,2,1.6,ae5fb0db2f7aa7d4f622134492fe773f10da0ae9b3fae3ac5db21a41eb4cafd8
FING-11749,1363,2020,1,Networks,4,2,2,8,2021,2,A,2,4.6,6ac1bc49bbbee7eb8a61ba9ddbb9373b5e8e859ce218a87c731fc76ce0b464f7
FING-11164,1363,2019,1,Syst Eng,4,2,0,6,2021,2,A,2,4.4,28c6c5bbf5d7179bb107cafd4476735962f8f755b2efb9903fb0e52b497fa2b7
FING-9191,1363,2018,1,Syst Eng,4,2,0,6,2021,2,A,2,4.6,778719585e11ff55be7743f5e044ec177f06293247f29159fb6fa798e9cfe123
FING-28159,1363,2018,1,Syst Eng,4,2,0,6,2021,2,A,2,5.4,778719585e11ff55be7743f5e044ec177f06293247f29159fb6fa798e9cfe123
FING-11139,1363,2019,1,Syst Eng,4,2,0,6,2021,2,A,2,4.4,778719585e11ff55be7743f5e044ec177f06293247f29159fb6fa798e9cfe123
FING-28068,1363,2018,1,Comp Org,4,1,1,6,2021,2,A,1,4.6,6ac1bc49bbbee7eb8a61ba9ddbb9373b5e8e859ce218a87c731fc76ce0b464f7
FING-11110,1363,2019,1,Comp Org,4,1,1,6,2021,2,A,2,4.8,6ac1bc49bbbee7eb8a61ba9ddbb9373b5e8e859ce218a87c731fc76ce0b464f7
FING-7316,1363,2017,1,Comp Org,4,1,1,6,2021,2,R,2,2.4,6ac1bc49bbbee7eb8a61ba9ddbb9373b5e8e859ce218a87c731fc76ce0b464f7
FING-7312,1363,2017,1,Comp Org,4,1,1,6,2021,2,A,2,4.5,6ac1bc49bbbee7eb8a61ba9ddbb9373b5e8e859ce218a87c731fc76ce0b464f7
FING-11170,1363,2019,1,Comp Org,4,1,1,6,2021,2,A,2,4.5,6ac1bc49bbbee7eb8a61ba9ddbb9373b5e8e859ce218a87c731fc76ce0b464f7
FING-11139,1363,2019,1,Comp Org,4,1,1,6,2021,2,A,2,4.7,6ac1bc49bbbee7eb8a61ba9ddbb9373b5e8e859ce218a87c731fc76ce0b464f7
FING-13492,1363,2020,2,Comp Org,4,1,1,6,2021,2,A,2,4.5,6ac1bc49bbbee7eb8a61ba9ddbb9373b5e8e859ce218a87c731fc76ce0b464f7
FING-11130,1363,2019,1,Comp Org,4,1,1,6,2021,2,R,2,1.5,6ac1bc49bbbee7eb8a61ba9ddbb9373b5e8e859ce218a87c731fc76ce0b464f7
FING-15350,1363,2020,2,Comp Org,4,1,1,6,2021,2,A,2,5.0,6ac1bc49bbbee7eb8a61ba9ddbb9373b5e8e859ce218a87c731fc76ce0b464f7
FING-11104,1363,2019,1,Comp Org,4,1,1,6,2021,2,R,2,1.5,6ac1bc49bbbee7eb8a61ba9ddbb9373b5e8e859ce218a87c731fc76ce0b464f7
FING-4312,1363,2012,1,Phy 2,4,2,1,7,2012,2,A,2,4.6,4488d3d90e714a61d0e16e78a8197e307be9fdd281882df9f5cc59e694ff7740
FING-12860,1363,2012,1,Phy 2,4,2,1,7,2012,2,A,2,4.7,4488d3d90e714a61d0e16e78a8197e307be9fdd281882df9f5cc59e694ff7740
FING-1802,1363,2012,1,Phy 2,4,2,1,7,2012,2,A,2,5.7,965a1dfe64b0e75e04c6d521177bdb6326b0c1d4745d4cbdf51cd633891377e5
FING-666,1363,2012,1,Phy 2,4,2,1,7,2012,2,R,2,1.9,965a1dfe64b0e75e04c6d521177bdb6326b0c1d4745d4cbdf51cd633891377e5
FING-4324,1363,2012,1,Phy 2,4,2,1,7,2012,2,A,2,5.6,965a1dfe64b0e75e04c6d521177bdb6326b0c1d4745d4cbdf51cd633891377e5
FING-4313,1363,2012,1,Phy 2,4,2,1,7,2012,2,A,2,5.1,6bf5fbc3c096dcfd33276a08d67348d96dc5732d72a1237fd3dd72f6e5903c8b
FING-1802,1363,2012,1,Fund Progr,4,0,2,6,2012,2,R,2,3.6,7089769d2c447ca58abe34093f417092e75493e2e226403ee2d05337f53acfee
FING-4323,1363,2012,1,Fund Progr,4,0,2,6,2012,2,A,2,6.2,7089769d2c447ca58abe34093f417092e75493e2e226403ee2d05337f53acfee
FING-4321,1363,2012,1,Chemistry,4,2,0,6,2012,2,R,2,2.7,39baceb72fec0a6d32ffe2e718de719b4077f6b669c32b647aa28921f11a7124
FING-5750,1363,2013,1,Alg 1,6,2,0,8,2013,2,R,2,1.3,5c1b56c44ae252bb24a2439b8e9c45b1ee1f89cc8f5cfa4376397173245ef6fd
FING-17689,1363,2013,1,Alg 1,6,2,0,8,2013,2,A,2,4.0,5c1b56c44ae252bb24a2439b8e9c45b1ee1f89cc8f5cfa4376397173245ef6fd
FING-4319,1363,2012,1,Cal 2,6,2,0,8,2013,2,R,2,2.7,8f76c3c9624622bf49eaf281bc72c03859c96fa850b904deafda3adcacf92130
FING-4324,1363,2012,1,Fund Econ,4,2,0,6,2013,2,A,2,4.4,f07aee52d6c6bcf2d5d0515a7b5bc96a76bcfb5cdceca686b2a60ce754f77b43
FING-4305,1363,2012,1,Fund Econ,4,2,0,6,2013,2,R,2,1.0,b7f24e96466b2e4575d4f27fc1ecedb965ddb0ed8925438c7313a98201e34f8a
FING-1802,1363,2012,1,Fund Econ,4,2,0,6,2013,2,R,2,3.1,a5b9d8858c1f8e3ffb0d18b58f1dc278fdf7b7273a236e0989beed0b92360903
FING-4323,1363,2012,1,Diff Ec & Num Meth,4,2,0,6,2013,2,R,2,1.3,acb3a69dc943bf1037a83f89c9b332cf8446f4db0faeb23a5b6a64211d42dad7
FING-1532,1363,2014,1,Eng 1,0,0,2,2,2014,1,A,2,5.5,d243075554e9e28bcc9460e19789a9578b49db27694e674c6c0f82cb7f85a5e5
FING-13024,1363,2013,1,Eng 1,0,0,2,2,2014,1,A,2,5.6,d243075554e9e28bcc9460e19789a9578b49db27694e674c6c0f82cb7f85a5e5
FING-4309,1363,2013,1,Eng 1,0,0,2,2,2014,1,A,2,5.3,d243075554e9e28bcc9460e19789a9578b49db27694e674c6c0f82cb7f85a5e5
FING-12915,1363,2012,2,Eng 1,0,0,2,2,2014,1,A,1,4.9,d243075554e9e28bcc9460e19789a9578b49db27694e674c6c0f82cb7f85a5e5
FING-1802,1363,2012,1,Eng 1,0,0,2,2,2014,1,A,2,7.0,d243075554e9e28bcc9460e19789a9578b49db27694e674c6c0f82cb7f85a5e5
FING-4321,1363,2012,1,Eng 1,0,0,2,2,2014,1,A,2,5.0,d243075554e9e28bcc9460e19789a9578b49db27694e674c6c0f82cb7f85a5e5
FING-4305,1363,2012,1,Eng 1,0,0,2,2,2014,1,A,2,5.2,d243075554e9e28bcc9460e19789a9578b49db27694e674c6c0f82cb7f85a5e5
FING-13134,1363,2013,1,Eng 1,0,0,2,2,2014,1,A,2,4.0,d243075554e9e28bcc9460e19789a9578b49db27694e674c6c0f82cb7f85a5e5
FING-3421,1363,2013,1,Eng 1,0,0,2,2,2014,1,R,2,1.0,d243075554e9e28bcc9460e19789a9578b49db27694e674c6c0f82cb7f85a5e5
FING-17689,1363,2013,1,Eng 1,0,0,2,2,2014,1,A,2,7.0,d243075554e9e28bcc9460e19789a9578b49db27694e674c6c0f82cb7f85a5e5
FING-13105,1363,2013,1,Eng 1,0,0,2,2,2014,1,A,1,6.3,d243075554e9e28bcc9460e19789a9578b49db27694e674c6c0f82cb7f85a5e5
FING-4307,1363,2013,1,Eng 1,0,0,2,2,2014,1,A,2,7.0,d243075554e9e28bcc9460e19789a9578b49db27694e674c6c0f82cb7f85a5e5
FING-23970,1363,2013,1,Eng 1,0,0,2,2,2014,1,A,2,5.9,d243075554e9e28bcc9460e19789a9578b49db27694e674c6c0f82cb7f85a5e5
FING-4311,1363,2013,1,Eng 1,0,0,2,2,2014,1,A,2,6.0,d243075554e9e28bcc9460e19789a9578b49db27694e674c6c0f82cb7f85a5e5
FING-2898,1363,2015,1,Cal 1,6,2,0,8,2015,1,A,2,4.0,ce9bb794b4845a96bcb70f744980d1cfd7e192f7aba107ffad3a558f492efa0d
FING-2920,1363,2015,1,Cal 1,6,2,0,8,2015,1,R,2,3.0,ce9bb794b4845a96bcb70f744980d1cfd7e192f7aba107ffad3a558f492efa0d
FING-2919,1363,2015,1,Cal 1,6,2,0,8,2015,1,A,2,5.4,ce9bb794b4845a96bcb70f744980d1cfd7e192f7aba107ffad3a558f492efa0d
FING-2951,1363,2015,1,Cal 1,6,2,0,8,2015,1,A,2,4.3,ce9bb794b4845a96bcb70f744980d1cfd7e192f7aba107ffad3a558f492efa0d
FING-4190,1363,2015,1,Cal 1,6,2,0,8,2015,1,A,2,4.0,ce9bb794b4845a96bcb70f744980d1cfd7e192f7aba107ffad3a558f492efa0d
FING-4115,1363,2015,1,Cal 1,6,2,0,8,2015,1,R,2,3.8,ce9bb794b4845a96bcb70f744980d1cfd7e192f7aba107ffad3a558f492efa0d
FING-2971,1363,2015,1,Cal 1,6,2,0,8,2015,1,A,2,4.0,ce9bb794b4845a96bcb70f744980d1cfd7e192f7aba107ffad3a558f492efa0d
FING-2935,1363,2015,1,Cal 1,6,2,0,8,2015,1,R,1,2.6,ce9bb794b4845a96bcb70f744980d1cfd7e192f7aba107ffad3a558f492efa0d
FING-2960,1363,2015,1,Cal 1,6,2,0,8,2015,1,A,2,4.1,ce9bb794b4845a96bcb70f744980d1cfd7e192f7aba107ffad3a558f492efa0d
FING-2915,1363,2015,1,Cal 1,6,2,0,8,2015,1,A,2,5.5,ce9bb794b4845a96bcb70f744980d1cfd7e192f7aba107ffad3a558f492efa0d
FING-2931,1363,2015,1,Cal 1,6,2,0,8,2015,1,R,2,3.6,ce9bb794b4845a96bcb70f744980d1cfd7e192f7aba107ffad3a558f492efa0d
FING-4201,1363,2015,1,Cal 1,6,2,0,8,2015,1,A,2,4.1,ce9bb794b4845a96bcb70f744980d1cfd7e192f7aba107ffad3a558f492efa0d
FING-2908,1363,2015,1,Cal 1,6,2,0,8,2015,1,R,1,3.0,ce9bb794b4845a96bcb70f744980d1cfd7e192f7aba107ffad3a558f492efa0d
FING-2945,1363,2015,1,Cal 1,6,2,0,8,2015,1,A,2,5.2,8909b450d2cd7e6c6e61d3d0f568402cca20f7dd4d1a25b3c6ffc6d16a919d85
FING-228,1363,2015,1,Cal 1,6,2,0,8,2015,1,R,2,3.8,8909b450d2cd7e6c6e61d3d0f568402cca20f7dd4d1a25b3c6ffc6d16a919d85
FING-2918,1363,2015,1,Cal 1,6,2,0,8,2015,1,A,2,6.0,8909b450d2cd7e6c6e61d3d0f568402cca20f7dd4d1a25b3c6ffc6d16a919d85
FING-2973,1363,2015,1,Cal 1,6,2,0,8,2015,1,R,2,3.0,8909b450d2cd7e6c6e61d3d0f568402cca20f7dd4d1a25b3c6ffc6d16a919d85
FING-2946,1363,2015,1,Cal 1,6,2,0,8,2015,1,A,2,4.3,8909b450d2cd7e6c6e61d3d0f568402cca20f7dd4d1a25b3c6ffc6d16a919d85
FING-2954,1363,2015,1,Cal 1,6,2,0,8,2015,1,A,2,4.9,8909b450d2cd7e6c6e61d3d0f568402cca20f7dd4d1a25b3c6ffc6d16a919d85
FING-2955,1363,2015,1,Cal 1,6,2,0,8,2015,1,R,2,3.3,8909b450d2cd7e6c6e61d3d0f568402cca20f7dd4d1a25b3c6ffc6d16a919d85
FING-2933,1363,2015,1,Cal 1,6,2,0,8,2015,1,A,2,4.4,8909b450d2cd7e6c6e61d3d0f568402cca20f7dd4d1a25b3c6ffc6d16a919d85
FING-2910,1363,2015,1,Cal 1,6,2,0,8,2015,1,R,1,3.3,8909b450d2cd7e6c6e61d3d0f568402cca20f7dd4d1a25b3c6ffc6d16a919d85
FING-4195,1363,2015,1,Cal 1,6,2,0,8,2015,1,A,2,4.0,8909b450d2cd7e6c6e61d3d0f568402cca20f7dd4d1a25b3c6ffc6d16a919d85
FING-2905,1363,2015,1,Cal 1,6,2,0,8,2015,1,A,1,5.3,8909b450d2cd7e6c6e61d3d0f568402cca20f7dd4d1a25b3c6ffc6d16a919d85
FING-2909,1363,2015,1,Cal 1,6,2,0,8,2015,1,A,2,4.2,8909b450d2cd7e6c6e61d3d0f568402cca20f7dd4d1a25b3c6ffc6d16a919d85
FING-3928,1363,2015,1,Cal 1,6,2,0,8,2015,1,A,2,4.2,8909b450d2cd7e6c6e61d3d0f568402cca20f7dd4d1a25b3c6ffc6d16a919d85
FING-2945,1363,2015,1,Alg 1,6,2,0,8,2015,1,A,2,6.0,943dd3c053ca41e02636f5d8ed779187eb11b1b18493b738e3514270e04eefdd
FING-228,1363,2015,1,Alg 1,6,2,0,8,2015,1,A,2,4.7,943dd3c053ca41e02636f5d8ed779187eb11b1b18493b738e3514270e04eefdd
FING-2918,1363,2015,1,Alg 1,6,2,0,8,2015,1,A,2,4.9,943dd3c053ca41e02636f5d8ed779187eb11b1b18493b738e3514270e04eefdd
FING-2973,1363,2015,1,Alg 1,6,2,0,8,2015,1,R,2,3.2,943dd3c053ca41e02636f5d8ed779187eb11b1b18493b738e3514270e04eefdd
FING-2946,1363,2015,1,Alg 1,6,2,0,8,2015,1,A,2,6.9,943dd3c053ca41e02636f5d8ed779187eb11b1b18493b738e3514270e04eefdd
FING-2954,1363,2015,1,Alg 1,6,2,0,8,2015,1,A,2,4.2,943dd3c053ca41e02636f5d8ed779187eb11b1b18493b738e3514270e04eefdd
FING-2955,1363,2015,1,Alg 1,6,2,0,8,2015,1,A,2,4.2,943dd3c053ca41e02636f5d8ed779187eb11b1b18493b738e3514270e04eefdd
FING-2933,1363,2015,1,Alg 1,6,2,0,8,2015,1,A,2,4.4,943dd3c053ca41e02636f5d8ed779187eb11b1b18493b738e3514270e04eefdd
FING-2910,1363,2015,1,Alg 1,6,2,0,8,2015,1,A,1,4.1,943dd3c053ca41e02636f5d8ed779187eb11b1b18493b738e3514270e04eefdd
FING-4195,1363,2015,1,Alg 1,6,2,0,8,2015,1,A,2,4.6,943dd3c053ca41e02636f5d8ed779187eb11b1b18493b738e3514270e04eefdd
FING-2905,1363,2015,1,Alg 1,6,2,0,8,2015,1,A,1,4.0,943dd3c053ca41e02636f5d8ed779187eb11b1b18493b738e3514270e04eefdd
FING-2909,1363,2015,1,Alg 1,6,2,0,8,2015,1,A,2,4.0,943dd3c053ca41e02636f5d8ed779187eb11b1b18493b738e3514270e04eefdd
FING-3928,1363,2015,1,Alg 1,6,2,0,8,2015,1,A,2,4.0,943dd3c053ca41e02636f5d8ed779187eb11b1b18493b738e3514270e04eefdd
FING-192,1363,2014,1,Alg 2,4,2,0,6,2015,1,A,2,4.5,f7475fca1cdcb3d772565c1474e5b8132c78ad221eaf9fbd10bdf3e06f37491a
FING-1221,1363,2014,1,Alg 2,4,2,0,6,2015,1,R,2,3.2,f7475fca1cdcb3d772565c1474e5b8132c78ad221eaf9fbd10bdf3e06f37491a
FING-222,1363,2014,1,Alg 2,4,2,0,6,2015,1,A,2,4.8,f7475fca1cdcb3d772565c1474e5b8132c78ad221eaf9fbd10bdf3e06f37491a
FING-165,1363,2014,1,Alg 2,4,2,0,6,2015,1,A,2,4.0,f7475fca1cdcb3d772565c1474e5b8132c78ad221eaf9fbd10bdf3e06f37491a
FING-223,1363,2014,1,Alg 2,4,2,0,6,2015,1,A,2,5.8,f7475fca1cdcb3d772565c1474e5b8132c78ad221eaf9fbd10bdf3e06f37491a
FING-212,1363,2014,1,Alg 2,4,2,0,6,2015,1,A,2,5.5,0c72a2ad7dd210d87d992a7bd4905912d4bd5f36d16b930d2302169cd2bac334
FING-1472,1363,2014,1,Alg 2,4,2,0,6,2015,1,A,2,4.9,0c72a2ad7dd210d87d992a7bd4905912d4bd5f36d16b930d2302169cd2bac334
FING-191,1363,2014,1,Alg 2,4,2,0,6,2015,1,A,2,4.0,0c72a2ad7dd210d87d992a7bd4905912d4bd5f36d16b930d2302169cd2bac334
FING-155,1363,2014,1,Alg 2,4,2,0,6,2015,1,A,2,4.3,0c72a2ad7dd210d87d992a7bd4905912d4bd5f36d16b930d2302169cd2bac334
FING-153,1363,2014,1,Alg 2,4,2,0,6,2015,1,A,2,5.3,0c72a2ad7dd210d87d992a7bd4905912d4bd5f36d16b930d2302169cd2bac334
FING-12915,1363,2012,2,Diff Ec & Num Meth,4,2,0,6,2015,1,R,1,2.9,0c72a2ad7dd210d87d992a7bd4905912d4bd5f36d16b930d2302169cd2bac334
FING-227,1363,2014,1,Diff Ec & Num Meth,4,2,0,6,2015,1,R,2,3.0,0c72a2ad7dd210d87d992a7bd4905912d4bd5f36d16b930d2302169cd2bac334
FING-186,1363,2014,1,Diff Ec & Num Meth,4,2,0,6,2015,1,A,2,4.3,984fd6e8e8cd71628ae210f6a1f1557e0da0a64e905394cc57386d1524bbc85a
FING-217,1363,2014,1,Diff Ec & Num Meth,4,2,0,6,2015,1,R,2,2.3,984fd6e8e8cd71628ae210f6a1f1557e0da0a64e905394cc57386d1524bbc85a
FING-2955,1363,2015,1,Fund Progr,4,0,2,6,2015,2,R,2,2.0,38af4d4daf2f18f9b897fcc9f78d7520adc0ce400599e5fa0bc0cb9f212ddcdd
FING-2910,1363,2015,1,Fund Progr,4,0,2,6,2015,2,R,1,2.1,38af4d4daf2f18f9b897fcc9f78d7520adc0ce400599e5fa0bc0cb9f212ddcdd
FING-2935,1363,2015,1,Fund Progr,4,0,2,6,2015,2,R,1,2.1,3221f42f64144bbf31bd3850691b5a66b89783586a0a613e87d6e9a1b02c4cb7
FING-2960,1363,2015,1,Fund Progr,4,0,2,6,2015,2,R,2,3.3,3221f42f64144bbf31bd3850691b5a66b89783586a0a613e87d6e9a1b02c4cb7
FING-2908,1363,2015,1,Fund Progr,4,0,2,6,2015,2,A,1,5.6,8a00056dda116e6e344eb91e507097341ac2d8336a6fee83c16f256bb4c3799e
FING-1221,1363,2014,1,Fund Progr,4,0,2,6,2015,2,R,2,3.1,b2f2e408712fcc4c0629e46d1d41084bdf94f09a5b5d8e6e22c090c72be3d8c0
FING-2971,1363,2015,1,Fund Progr,4,0,2,6,2015,2,A,2,5.9,b2f2e408712fcc4c0629e46d1d41084bdf94f09a5b5d8e6e22c090c72be3d8c0
FING-2918,1363,2015,1,Fund Progr,4,0,2,6,2015,2,A,2,5.8,8a00056dda116e6e344eb91e507097341ac2d8336a6fee83c16f256bb4c3799e
FING-222,1363,2014,1,Fund Progr,4,0,2,6,2015,2,A,2,5.2,8a00056dda116e6e344eb91e507097341ac2d8336a6fee83c16f256bb4c3799e
FING-4195,1363,2015,1,Fund Progr,4,0,2,6,2015,2,A,2,5.0,8a00056dda116e6e344eb91e507097341ac2d8336a6fee83c16f256bb4c3799e
FING-2905,1363,2015,1,Fund Progr,4,0,2,6,2015,2,R,1,3.6,8a00056dda116e6e344eb91e507097341ac2d8336a6fee83c16f256bb4c3799e
FING-2909,1363,2015,1,Fund Progr,4,0,2,6,2015,2,R,2,3.4,8a00056dda116e6e344eb91e507097341ac2d8336a6fee83c16f256bb4c3799e
FING-3928,1363,2015,1,Fund Progr,4,0,2,6,2015,2,A,2,4.2,9e2489575e089a0b2ea6512927a384d6e9bd1c24ef13e6fe53f8a24d61d3e2e0
FING-2954,1363,2015,1,Fund Progr,4,0,2,6,2015,2,A,2,4.6,9e2489575e089a0b2ea6512927a384d6e9bd1c24ef13e6fe53f8a24d61d3e2e0
FING-1531,1363,2014,1,Algorithms,4,0,2,6,2015,2,A,1,4.3,4b402f61486d553a1ac5cc701a0efb59f3b328062d42bece448d63f444f8f9e1
FING-1534,1363,2014,1,Algorithms,4,0,2,6,2015,2,R,2,3.6,4b402f61486d553a1ac5cc701a0efb59f3b328062d42bece448d63f444f8f9e1
FING-1532,1363,2014,1,Anthropology and Engineering,4,0,0,4,2015,2,A,2,4.5,28705518ad54de7ff7a728187f822af28090208020a6a3846171a17906851fe5
FING-180,1363,2014,1,Eff Comm,0,0,2,2,2015,2,A,2,6.2,6e6916eb86dc626b47eddbbc616128c2f4bb63852bbd45211dfc14593ba7e251
FING-184,1363,2014,1,Eff Comm,0,0,2,2,2015,2,A,1,6.3,6e6916eb86dc626b47eddbbc616128c2f4bb63852bbd45211dfc14593ba7e251
FING-179,1363,2014,1,Elect & Mag,4,2,1,7,2015,2,A,2,5.2,117979e0617f10cd3390a808e131caeeff3c6fbe801f2f87b5a8022cb9e6ee8a
FING-4201,1363,2015,1,Fund Progr,4,0,2,6,2015,2,R,2,3.2,262093a216a636b36de09c0b618a2a8aa41f2a926eb8579f7c5b070257c3a9f8
FING-2951,1363,2015,1,Fund Progr,4,0,2,6,2015,2,A,2,5.4,262093a216a636b36de09c0b618a2a8aa41f2a926eb8579f7c5b070257c3a9f8
FING-228,1363,2015,1,Fund Progr,4,0,2,6,2015,2,R,2,2.8,262093a216a636b36de09c0b618a2a8aa41f2a926eb8579f7c5b070257c3a9f8
FING-1532,1363,2014,1,Op Sys,4,2,2,8,2015,2,A,2,4.3,8e3dcc8ea49f648fe1264e4c4267a2c8232c69e7ea3463b9f64ce3f9749a992e
FING-17689,1363,2013,1,Stat Analys,4,2,0,6,2015,2,R,2,1.4,210a8e47ed98a9dca0ae816e764e65883dfda696c107eee9ecb05e6200aae322
FING-13105,1363,2013,1,Stat Analys,4,2,0,6,2015,2,R,1,3.2,210a8e47ed98a9dca0ae816e764e65883dfda696c107eee9ecb05e6200aae322
FING-199,1363,2014,1,Diff Ec & Num Meth,4,2,0,6,2015,2,R,2,1.9,4d1735bd404f48d4855de32dbd8c65be393f2ce0ae0955c99ea591fbd6921f00
FING-217,1363,2014,1,Diff Ec & Num Meth,4,2,0,6,2015,2,R,2,3.1,4d1735bd404f48d4855de32dbd8c65be393f2ce0ae0955c99ea591fbd6921f00
FING-1782,1363,2015,1,Diff Ec & Num Meth,4,2,0,6,2015,2,A,2,4.6,4d1735bd404f48d4855de32dbd8c65be393f2ce0ae0955c99ea591fbd6921f00
FING-4190,1363,2015,1,Eff Comm,0,0,2,2,2015,2,A,2,6.2,db56ff1ed297e5964fa388ca24d4b7193b1cd727630aab8a308d8ed36804f3b2
FING-5387,1363,2016,1,Cal 1,6,2,0,8,2016,2,A,2,4.0,c20990256923145e12cc95b746304d47ac14b7609d5deed25b1edacffc507e8a
FING-15274,1363,2016,1,Cal 1,6,2,0,8,2016,2,A,2,4.6,c20990256923145e12cc95b746304d47ac14b7609d5deed25b1edacffc507e8a
FING-6355,1363,2016,1,Alg 1,6,2,0,8,2016,2,A,2,4.1,c20990256923145e12cc95b746304d47ac14b7609d5deed25b1edacffc507e8a
FING-5387,1363,2016,1,Alg 1,6,2,0,8,2016,2,A,2,5.1,c20990256923145e12cc95b746304d47ac14b7609d5deed25b1edacffc507e8a
FING-157,1363,2014,1,Diff Ec & Num Meth,4,2,0,6,2016,2,R,2,3.0,181e30176d5151f470b4d4ea3330f98226c82602e7fcc8ee6467abea8d0eeeca
FING-3928,1363,2015,1,Diff Ec & Num Meth,4,2,0,6,2016,2,R,2,1.9,dec2ceb61415646c97fbc57093a23a996c1245b011ea790134e7bf7b9fc8224a
FING-5382,1363,2016,1,Alg 2,4,2,0,6,2016,2,A,2,4.8,56a3d6902679774decd90c6418cb72b900fccac84dbd7a90839a5fcc227537b2
FING-6164,1363,2016,1,Alg 2,4,2,0,6,2016,2,R,2,1.0,56a3d6902679774decd90c6418cb72b900fccac84dbd7a90839a5fcc227537b2
FING-6354,1363,2016,1,Alg 2,4,2,0,6,2016,2,A,2,4.1,56a3d6902679774decd90c6418cb72b900fccac84dbd7a90839a5fcc227537b2
FING-5381,1363,2016,1,Alg 2,4,2,0,6,2016,2,A,2,4.0,56a3d6902679774decd90c6418cb72b900fccac84dbd7a90839a5fcc227537b2
FING-2989,1363,2016,1,Alg 2,4,2,0,6,2016,2,A,2,5.0,56a3d6902679774decd90c6418cb72b900fccac84dbd7a90839a5fcc227537b2
FING-5353,1363,2016,1,Alg 2,4,2,0,6,2016,2,A,2,4.0,56a3d6902679774decd90c6418cb72b900fccac84dbd7a90839a5fcc227537b2
FING-5369,1363,2016,1,Alg 2,4,2,0,6,2016,2,A,2,4.1,56a3d6902679774decd90c6418cb72b900fccac84dbd7a90839a5fcc227537b2
FING-5376,1363,2016,1,Alg 2,4,2,0,6,2016,2,A,2,4.1,56a3d6902679774decd90c6418cb72b900fccac84dbd7a90839a5fcc227537b2
FING-15274,1363,2016,1,Alg 2,4,2,0,6,2016,2,A,2,4.1,56a3d6902679774decd90c6418cb72b900fccac84dbd7a90839a5fcc227537b2
FING-6350,1363,2016,1,Alg 2,4,2,0,6,2016,2,A,2,4.2,943dd3c053ca41e02636f5d8ed779187eb11b1b18493b738e3514270e04eefdd
FING-5402,1363,2016,1,Alg 2,4,2,0,6,2016,2,A,1,5.1,943dd3c053ca41e02636f5d8ed779187eb11b1b18493b738e3514270e04eefdd
FING-5349,1363,2016,1,Alg 2,4,2,0,6,2016,2,A,2,4.4,943dd3c053ca41e02636f5d8ed779187eb11b1b18493b738e3514270e04eefdd
FING-6281,1363,2016,1,Alg 2,4,2,0,6,2016,2,A,2,4.5,943dd3c053ca41e02636f5d8ed779187eb11b1b18493b738e3514270e04eefdd
FING-1528,1363,2014,1,Cal 3,4,2,0,6,2016,2,R,2,3.3,8a5a1b2546b474bcad309c4ebcac6bed0bc1693473ad875d87a2bf81f9d006a7
FING-1534,1363,2014,1,Cal 3,4,2,0,6,2016,2,R,2,1.3,8a5a1b2546b474bcad309c4ebcac6bed0bc1693473ad875d87a2bf81f9d006a7
FING-223,1363,2014,1,Cal 3,4,2,0,6,2016,2,A,2,4.2,8a5a1b2546b474bcad309c4ebcac6bed0bc1693473ad875d87a2bf81f9d006a7
FING-8308,1363,2017,1,Alg 2,4,2,0,6,2017,2,A,2,5.3,8f76c3c9624622bf49eaf281bc72c03859c96fa850b904deafda3adcacf92130
FING-1221,1363,2017,1,Alg 2,4,2,0,6,2017,2,A,2,4.7,8f76c3c9624622bf49eaf281bc72c03859c96fa850b904deafda3adcacf92130
FING-15282,1363,2017,1,Alg 2,4,2,0,6,2017,2,A,1,4.3,8f76c3c9624622bf49eaf281bc72c03859c96fa850b904deafda3adcacf92130
FING-7306,1363,2017,1,Alg 2,4,2,0,6,2017,2,R,1,3.6,8f76c3c9624622bf49eaf281bc72c03859c96fa850b904deafda3adcacf92130
FING-8195,1363,2017,1,Alg 2,4,2,0,6,2017,2,A,2,4.8,8b42f45aab7337fe4a974e5be08b452554fd5bcaf1bd1563470918402e15a2ec
FING-7316,1363,2017,1,Alg 2,4,2,0,6,2017,2,A,2,4.2,8b42f45aab7337fe4a974e5be08b452554fd5bcaf1bd1563470918402e15a2ec
FING-7341,1363,2017,1,Alg 2,4,2,0,6,2017,2,A,1,4.3,8b42f45aab7337fe4a974e5be08b452554fd5bcaf1bd1563470918402e15a2ec
FING-7349,1363,2017,1,Alg 2,4,2,0,6,2017,2,A,2,5.9,7b2dac439804d2da5d57199b1ef1ef28bba86165fc57d1b1d0183d1d9f4bf483
FING-5349,1363,2016,1,Stat Analys,4,2,0,6,2017,2,A,2,4.4,cb12c444adb814e44382a71bf9cac035de445d205abf2278b9f8f5739247e814
FING-5376,1363,2016,1,Stat Analys,4,2,0,6,2017,2,A,2,4.5,cb12c444adb814e44382a71bf9cac035de445d205abf2278b9f8f5739247e814
FING-2919,1363,2015,1,Stat Analys,4,2,0,6,2017,2,R,2,1.9,4c3af6a6fafc2a4fd8b54a0620614abd40e25d5b9bce3055d3a942e8d1a78208
FING-5360,1363,2016,1,Stat Analys,4,2,0,6,2017,2,R,2,1.3,4c3af6a6fafc2a4fd8b54a0620614abd40e25d5b9bce3055d3a942e8d1a78208
FING-2971,1363,2015,1,Stat Analys,4,2,0,6,2017,2,R,2,1.0,4c3af6a6fafc2a4fd8b54a0620614abd40e25d5b9bce3055d3a942e8d1a78208
FING-4115,1363,2015,1,Stat Analys,4,2,0,6,2017,2,R,2,1.3,717de10ba7028ece9212f63482eb2bccf95985b28c4c84c7c80956b04bb28f8f
FING-205,1363,2014,1,Stat Analys,4,2,0,6,2017,2,A,2,5.6,717de10ba7028ece9212f63482eb2bccf95985b28c4c84c7c80956b04bb28f8f
FING-2973,1363,2015,1,Stat Analys,4,2,0,6,2017,2,R,2,3.0,717de10ba7028ece9212f63482eb2bccf95985b28c4c84c7c80956b04bb28f8f
FING-2989,1363,2016,1,Stat Analys,4,2,0,6,2017,2,A,2,4.0,717de10ba7028ece9212f63482eb2bccf95985b28c4c84c7c80956b04bb28f8f
FING-5402,1363,2016,1,Stat Analys,4,2,0,6,2017,2,R,1,3.6,717de10ba7028ece9212f63482eb2bccf95985b28c4c84c7c80956b04bb28f8f
FING-5767,1363,2017,2,Stat Analys,4,2,0,6,2017,2,A,2,4.0,b668a1dd0b7fc9613e9eba607a925b31589677ce4ea1ce81f137e07d44635741
FING-6281,1363,2016,1,Stat Analys,4,2,0,6,2017,2,A,2,4.0,b668a1dd0b7fc9613e9eba607a925b31589677ce4ea1ce81f137e07d44635741
FING-6491,1363,2017,1,Stat Analys,4,2,0,6,2017,2,A,2,4.0,b668a1dd0b7fc9613e9eba607a925b31589677ce4ea1ce81f137e07d44635741
FING-5382,1363,2016,1,Stat Analys,4,2,0,6,2017,2,R,2,1.1,4c3af6a6fafc2a4fd8b54a0620614abd40e25d5b9bce3055d3a942e8d1a78208
FING-2920,1363,2015,1,Stat Analys,4,2,0,6,2017,2,R,2,2.5,4c3af6a6fafc2a4fd8b54a0620614abd40e25d5b9bce3055d3a942e8d1a78208
FING-2951,1363,2015,1,Stat Analys,4,2,0,6,2017,2,R,2,2.4,4c3af6a6fafc2a4fd8b54a0620614abd40e25d5b9bce3055d3a942e8d1a78208
FING-5381,1363,2016,1,Stat Analys,4,2,0,6,2017,2,R,2,1.2,4c3af6a6fafc2a4fd8b54a0620614abd40e25d5b9bce3055d3a942e8d1a78208
FING-2933,1363,2015,1,Stat Analys,4,2,0,6,2017,2,R,2,1.3,4c3af6a6fafc2a4fd8b54a0620614abd40e25d5b9bce3055d3a942e8d1a78208
FING-2960,1363,2015,1,Stat Analys,4,2,0,6,2017,2,R,2,2.3,4c3af6a6fafc2a4fd8b54a0620614abd40e25d5b9bce3055d3a942e8d1a78208
FING-2905,1363,2015,1,Stat Analys,4,2,0,6,2017,2,R,1,2.3,4c3af6a6fafc2a4fd8b54a0620614abd40e25d5b9bce3055d3a942e8d1a78208
FING-2909,1363,2015,1,Stat Analys,4,2,0,6,2017,2,R,2,2.8,4c3af6a6fafc2a4fd8b54a0620614abd40e25d5b9bce3055d3a942e8d1a78208
FING-5381,1363,2016,1,Diff Ec & Num Meth,4,2,0,6,2017,2,R,2,3.4,bf94262a3cdb991e7eabe861f41bd9d8a5db6b3a312f5307ae389d047b610ea3
FING-2960,1363,2015,1,Diff Ec & Num Meth,4,2,0,6,2017,2,A,2,4.7,bf94262a3cdb991e7eabe861f41bd9d8a5db6b3a312f5307ae389d047b610ea3
FING-5402,1363,2016,1,Diff Ec & Num Meth,4,2,0,6,2017,2,A,1,4.1,0c72a2ad7dd210d87d992a7bd4905912d4bd5f36d16b930d2302169cd2bac334
FING-5382,1363,2016,1,Diff Ec & Num Meth,4,2,0,6,2017,2,A,2,4.0,984fd6e8e8cd71628ae210f6a1f1557e0da0a64e905394cc57386d1524bbc85a
FING-2920,1363,2015,1,Diff Ec & Num Meth,4,2,0,6,2017,2,R,2,2.3,984fd6e8e8cd71628ae210f6a1f1557e0da0a64e905394cc57386d1524bbc85a
FING-4115,1363,2015,1,Diff Ec & Num Meth,4,2,0,6,2017,2,R,2,1.0,984fd6e8e8cd71628ae210f6a1f1557e0da0a64e905394cc57386d1524bbc85a
FING-2971,1363,2015,1,Diff Ec & Num Meth,4,2,0,6,2017,2,R,2,1.1,984fd6e8e8cd71628ae210f6a1f1557e0da0a64e905394cc57386d1524bbc85a
FING-5767,1363,2017,2,Diff Ec & Num Meth,4,2,0,6,2017,2,A,2,4.7,984fd6e8e8cd71628ae210f6a1f1557e0da0a64e905394cc57386d1524bbc85a
FING-6359,1363,2016,1,Diff Ec & Num Meth,4,2,0,6,2017,2,R,2,1.7,984fd6e8e8cd71628ae210f6a1f1557e0da0a64e905394cc57386d1524bbc85a
FING-6364,1363,2016,1,Diff Ec & Num Meth,4,2,0,6,2017,2,R,2,2.0,984fd6e8e8cd71628ae210f6a1f1557e0da0a64e905394cc57386d1524bbc85a
FING-2919,1363,2015,1,Diff Ec & Num Meth,4,2,0,6,2017,2,A,2,4.0,dec2ceb61415646c97fbc57093a23a996c1245b011ea790134e7bf7b9fc8224a
FING-5360,1363,2016,1,Diff Ec & Num Meth,4,2,0,6,2017,2,R,2,1.5,dec2ceb61415646c97fbc57093a23a996c1245b011ea790134e7bf7b9fc8224a
FING-205,1363,2014,1,Diff Ec & Num Meth,4,2,0,6,2017,2,R,2,1.4,dec2ceb61415646c97fbc57093a23a996c1245b011ea790134e7bf7b9fc8224a
FING-5376,1363,2016,1,Diff Ec & Num Meth,4,2,0,6,2017,2,A,2,4.2,dec2ceb61415646c97fbc57093a23a996c1245b011ea790134e7bf7b9fc8224a
FING-2989,1363,2016,1,Diff Ec & Num Meth,4,2,0,6,2017,2,R,2,3.2,803c4fee73013323775f9c1a929ef690b106a0ffbc2b6ede82db74538d9bae74
FING-535,1363,2017,2,Cal 3,4,2,0,6,2017,2,R,2,1.0,a071e7dcac0f0f5c4d5c899659b20935cd8d0b2f9a4ea34ff0db2f66521bbc63
FING-2945,1363,2015,1,Cal 3,4,2,0,6,2017,2,R,2,2.5,8a5a1b2546b474bcad309c4ebcac6bed0bc1693473ad875d87a2bf81f9d006a7
FING-1531,1363,2014,1,Cal 3,4,2,0,6,2017,2,R,1,3.1,d59d7eca82c1570975729ea5c40579e2842efd9d070c071ab9cd701085f7241f
FING-5767,1363,2017,2,Cal 3,4,2,0,6,2017,2,R,2,3.4,d59d7eca82c1570975729ea5c40579e2842efd9d070c071ab9cd701085f7241f
FING-2946,1363,2015,1,Cal 3,4,2,0,6,2017,2,A,2,4.0,d59d7eca82c1570975729ea5c40579e2842efd9d070c071ab9cd701085f7241f
FING-2920,1363,2015,1,Cal 3,4,2,0,6,2017,2,R,2,1.2,5edc2f51e0bbed3ddd612a9f8ba01fa514db75f50615cf064f1aaf2fa14f00a1
FING-13105,1363,2013,1,Cal 3,4,2,0,6,2017,2,A,1,5.4,5edc2f51e0bbed3ddd612a9f8ba01fa514db75f50615cf064f1aaf2fa14f00a1
FING-227,1363,2014,1,Cal 3,4,2,0,6,2017,2,R,2,2.3,5edc2f51e0bbed3ddd612a9f8ba01fa514db75f50615cf064f1aaf2fa14f00a1
FING-6281,1363,2016,1,Cal 3,4,2,0,6,2017,2,R,2,1.9,5edc2f51e0bbed3ddd612a9f8ba01fa514db75f50615cf064f1aaf2fa14f00a1
FING-6491,1363,2017,1,Cal 3,4,2,0,6,2017,2,R,2,3.3,5edc2f51e0bbed3ddd612a9f8ba01fa514db75f50615cf064f1aaf2fa14f00a1
FING-2973,1363,2015,1,Diff Ec & Num Meth,4,2,0,6,2017,2,R,2,1.0,0273a82eb29bb351d1c24137c450c6dc8cbebb7e6fc0029846691d238e3392af
FING-7307,1363,2017,1,Phy 1,4,2,1,7,2017,2,A,1,4.3,2600e88dbec8730d91cfd0b28f5262d8f134cb3ce654e533854390775226d0a4
FING-7312,1363,2017,1,Phy 1,4,2,1,7,2017,2,A,2,4.6,2600e88dbec8730d91cfd0b28f5262d8f134cb3ce654e533854390775226d0a4
FING-7300,1363,2017,1,Phy 1,4,2,1,7,2017,2,A,2,5.1,2600e88dbec8730d91cfd0b28f5262d8f134cb3ce654e533854390775226d0a4
FING-7306,1363,2017,1,Phy 1,4,2,1,7,2017,2,A,1,4.3,2600e88dbec8730d91cfd0b28f5262d8f134cb3ce654e533854390775226d0a4
FING-29416,1363,2017,1,Phy 1,4,2,1,7,2017,2,A,2,4.2,2600e88dbec8730d91cfd0b28f5262d8f134cb3ce654e533854390775226d0a4
FING-7352,1363,2017,1,Phy 1,4,2,1,7,2017,2,A,2,4.3,f97f1f640e82225c372186d2b97ef4f17b7c12dbe3d4ae2c8d2de6d1d47d2340
FING-8361,1363,2017,1,Phy 1,4,2,1,7,2017,2,A,2,4.6,f97f1f640e82225c372186d2b97ef4f17b7c12dbe3d4ae2c8d2de6d1d47d2340
FING-8359,1363,2017,1,Phy 1,4,2,1,7,2017,2,A,2,4.8,f97f1f640e82225c372186d2b97ef4f17b7c12dbe3d4ae2c8d2de6d1d47d2340
FING-7327,1363,2017,1,Phy 1,4,2,1,7,2017,2,R,2,3.0,d55a1df932eb6c8263e4e5a4ab752b099950273bcf4e3ad511d16797f9540f44
FING-7316,1363,2017,1,Phy 1,4,2,1,7,2017,2,A,2,4.5,d55a1df932eb6c8263e4e5a4ab752b099950273bcf4e3ad511d16797f9540f44
FING-1221,1363,2017,1,Phy 2,4,2,1,7,2017,2,A,2,4.9,965a1dfe64b0e75e04c6d521177bdb6326b0c1d4745d4cbdf51cd633891377e5
FING-5387,1363,2016,1,Phy 2,4,2,1,7,2017,2,A,2,5.0,0eaa9a35fba33e162482a6441aaec91ea10944da309b39b55f71de7db41392c6
FING-15274,1363,2016,1,Phy 2,4,2,1,7,2017,2,A,2,4.5,0eaa9a35fba33e162482a6441aaec91ea10944da309b39b55f71de7db41392c6
FING-8308,1363,2017,1,Phy 2,4,2,1,7,2017,2,A,2,5.1,0c99d6fb093475c4544993d815b67dd3729d8d58dcdac886dc422de00102b7e3
FING-6354,1363,2016,1,Phy 2,4,2,1,7,2017,2,A,2,4.6,0c99d6fb093475c4544993d815b67dd3729d8d58dcdac886dc422de00102b7e3
FING-6350,1363,2016,1,Phy 2,4,2,1,7,2017,2,A,2,5.0,0c99d6fb093475c4544993d815b67dd3729d8d58dcdac886dc422de00102b7e3
FING-7349,1363,2017,1,Phy 2,4,2,1,7,2017,2,A,2,6.0,0c99d6fb093475c4544993d815b67dd3729d8d58dcdac886dc422de00102b7e3
FING-7341,1363,2017,1,Phy 2,4,2,1,7,2017,2,R,1,1.3,0c99d6fb093475c4544993d815b67dd3729d8d58dcdac886dc422de00102b7e3
FING-2960,1363,2015,1,Elect & Mag,4,2,1,7,2017,2,A,2,5.4,dce08a58e1bb79b83c00a94ec1ba99a523a85f881896a03d434839663c78e242
FING-2905,1363,2015,1,Elect & Mag,4,2,1,7,2017,2,A,1,4.6,dce08a58e1bb79b83c00a94ec1ba99a523a85f881896a03d434839663c78e242
FING-228,1363,2015,1,Elect & Mag,4,2,1,7,2017,2,A,2,4.4,b94daedab2212a82b2e037a693841bb8355920496031b307cc16e7f127705dcc
FING-5381,1363,2016,1,Elect & Mag,4,2,1,7,2017,2,R,2,3.2,b94daedab2212a82b2e037a693841bb8355920496031b307cc16e7f127705dcc
FING-2989,1363,2016,1,Elect & Mag,4,2,1,7,2017,2,A,2,4.8,b94daedab2212a82b2e037a693841bb8355920496031b307cc16e7f127705dcc
FING-5402,1363,2016,1,Elect & Mag,4,2,1,7,2017,2,A,1,4.6,b94daedab2212a82b2e037a693841bb8355920496031b307cc16e7f127705dcc
FING-5349,1363,2016,1,Elect & Mag,4,2,1,7,2017,2,R,2,3.6,b94daedab2212a82b2e037a693841bb8355920496031b307cc16e7f127705dcc
FING-5360,1363,2016,1,Elect & Mag,4,2,1,7,2017,2,R,2,3.2,0c99d6fb093475c4544993d815b67dd3729d8d58dcdac886dc422de00102b7e3
FING-4115,1363,2015,1,Elect & Mag,4,2,1,7,2017,2,A,2,5.3,0c99d6fb093475c4544993d815b67dd3729d8d58dcdac886dc422de00102b7e3
FING-2971,1363,2015,1,Elect & Mag,4,2,1,7,2017,2,A,2,4.7,79d395e0a7136a7ec5f51c99dd1beb47b7bfa789076911352e5afe18d479a08a
FING-205,1363,2014,1,Elect & Mag,4,2,1,7,2017,2,A,2,5.0,79d395e0a7136a7ec5f51c99dd1beb47b7bfa789076911352e5afe18d479a08a
FING-6359,1363,2016,1,Elect & Mag,4,2,1,7,2017,2,R,2,3.3,79d395e0a7136a7ec5f51c99dd1beb47b7bfa789076911352e5afe18d479a08a
FING-5376,1363,2016,1,Elect & Mag,4,2,1,7,2017,2,A,2,4.5,79d395e0a7136a7ec5f51c99dd1beb47b7bfa789076911352e5afe18d479a08a
FING-1662,1363,2013,1,IPD Workshop,2,0,2,4,2012,1,A,2,6.8,f5793ef126a2c5c42d114ce162802b457266738abd6306169f65ba85f5edf025
FING-1662,1363,2013,1,Alg 1,6,2,0,8,2012,1,A,2,6.4,ce9bb794b4845a96bcb70f744980d1cfd7e192f7aba107ffad3a558f492efa0d
FING-1662,1363,2013,1,Fund Progr,4,0,2,6,2012,2,A,2,5.5,1f93c1c079cb18b7b53171c518cf13456f88bcad4abc65cf62f532e41ec9eefc
FING-1662,1363,2013,1,Alg 2,4,2,0,6,2012,2,A,2,6.3,5c1b56c44ae252bb24a2439b8e9c45b1ee1f89cc8f5cfa4376397173245ef6fd
FING-1662,1363,2013,1,Chemistry,4,2,0,6,2012,2,A,2,5.2,d09dbd993f9186276f28845a72ddff27baf472b523a39c43047ba9733e7826f4
FING-1662,1363,2013,1,Std Methods,0,0,2,2,2012,1,A,2,6.2,
FING-1662,1363,2013,1,Eff Comm,0,0,2,2,2013,1,A,2,4.8,
FING-1662,1363,2013,1,Elect & Mag,4,2,1,7,2013,1,A,2,5.6,
FING-1662,1363,2013,1,Eng 2,0,0,2,2,2013,2,A,2,6.1,
FING-1662,1363,2013,1,Cal 2,6,2,0,8,2012,2,A,2,6.5,a22b91764c2b19decccff6ae2f5140e6e005f8941b2789532de9514d2ef757ff
FING-12915,1363,2012,2,Alg 1,6,2,0,8,2012,2,A,1,4.2,
FING-12915,1363,2012,2,Eff Comm,0,0,2,2,2013,2,A,1,5.2,
FING-12915,1363,2012,2,Std Methods,0,0,2,2,2012,2,A,1,4.6,
FING-4324,1363,2012,1,Eng 2,0,0,2,2,2013,2,A,2,5.3,
FING-4324,1363,2012,1,Eff Comm,0,0,2,2,2013,1,A,2,5.0,
FING-4324,1363,2012,1,Eng 1,0,0,2,2,2013,1,A,2,5.2,
FING-4324,1363,2012,1,Elect & Mag,4,2,1,7,2013,1,R,2,2.9,
FING-4324,1363,2012,1,Intro Eng,0,0,2,2,2012,1,A,2,6.8,
FING-4305,1363,2012,1,Cal 1,6,2,0,8,2012,2,A,2,4.7,
FING-4305,1363,2012,1,Elect & Mag,4,2,1,7,2013,2,R,2,1.7,
FING-4305,1363,2012,1,Intro Eng,0,0,2,2,2012,1,A,2,6.0,
FING-4305,1363,2012,1,Std Methods,0,0,2,2,2012,1,A,2,4.5,
FING-1799,1363,2012,1,Cal 3,4,2,0,6,2013,2,A,2,5.3,
FING-1799,1363,2012,1,Elect & Mag,4,2,1,7,2013,1,A,2,4.9,
FING-1799,1363,2012,1,Eng 1,0,0,2,2,2013,1,A,2,6.2,
FING-1799,1363,2012,1,Eff Comm,0,0,2,2,2013,1,A,2,5.7,
FING-7312,1363,2017,1,Fund Progr,4,0,2,6,2018,1,R,2,2.1,8a00056dda116e6e344eb91e507097341ac2d8336a6fee83c16f256bb4c3799e
FING-7307,1363,2017,1,Fund Progr,4,0,2,6,2018,1,R,1,3.2,b2f2e408712fcc4c0629e46d1d41084bdf94f09a5b5d8e6e22c090c72be3d8c0
FING-28068,1363,2018,1,Std Methods,0,0,2,2,2018,1,A,1,6.2,1b851bca6bcb932c5d37bf323afe15cf65b386d377fabfa1f8d96469be8161d8
FING-9160,1363,2018,1,Std Methods,0,0,2,2,2018,1,A,2,6.2,1b851bca6bcb932c5d37bf323afe15cf65b386d377fabfa1f8d96469be8161d8
FING-28159,1363,2018,1,Std Methods,0,0,2,2,2018,1,A,2,6.1,1b851bca6bcb932c5d37bf323afe15cf65b386d377fabfa1f8d96469be8161d8
FING-7316,1363,2017,1,Phy 2,4,2,1,7,2018,1,A,2,4.3,a340e735836f568b6e42e02aa14c8f3a41ccb297f9c2b4f7be6a7e4306c78154
FING-7354,1363,2017,1,Phy 2,4,2,1,7,2018,1,A,2,5.2,a340e735836f568b6e42e02aa14c8f3a41ccb297f9c2b4f7be6a7e4306c78154
FING-8359,1363,2017,1,Phy 2,4,2,1,7,2018,1,A,2,5.7,a340e735836f568b6e42e02aa14c8f3a41ccb297f9c2b4f7be6a7e4306c78154
FING-8361,1363,2017,1,Phy 2,4,2,1,7,2018,1,A,2,5.1,f6a9adfbc3b98c2908bdd53b48de5c161e80b51fb449a4e25dea88bcad634efe
FING-7300,1363,2017,1,Phy 2,4,2,1,7,2018,1,A,2,5.3,f6a9adfbc3b98c2908bdd53b48de5c161e80b51fb449a4e25dea88bcad634efe
FING-7341,1363,2017,1,Phy 2,4,2,1,7,2018,1,A,1,4.7,f6a9adfbc3b98c2908bdd53b48de5c161e80b51fb449a4e25dea88bcad634efe
FING-7300,1363,2017,1,Fund Progr,4,0,2,6,2018,1,R,2,1.9,a5ee47612daf0cce7c392ed587f782266ea390eae289b87610118b7ab3479b67
FING-7352,1363,2017,1,Fund Progr,4,0,2,6,2018,1,R,2,3.2,840af173f6ddc057fbb0639ad70f0d3333750306328b871f8a4ed9df4e4992b7
FING-8361,1363,2017,1,Fund Progr,4,0,2,6,2018,1,A,2,4.7,840af173f6ddc057fbb0639ad70f0d3333750306328b871f8a4ed9df4e4992b7
FING-7341,1363,2017,1,Fund Progr,4,0,2,6,2018,1,R,1,1.6,840af173f6ddc057fbb0639ad70f0d3333750306328b871f8a4ed9df4e4992b7
FING-29416,1363,2017,1,Fund Progr,4,0,2,6,2018,1,R,2,2.5,840af173f6ddc057fbb0639ad70f0d3333750306328b871f8a4ed9df4e4992b7
FING-4371,1363,2018,1,Std Methods,0,0,2,2,2018,1,A,2,6.2,1fbd1a1b4f834f260ef1d637bb0ee82e627d22cd0ea0bc0b7a12255527f26b4b
FING-9136,1363,2018,1,Std Methods,0,0,2,2,2018,1,A,2,6.2,1fbd1a1b4f834f260ef1d637bb0ee82e627d22cd0ea0bc0b7a12255527f26b4b
FING-10175,1363,2018,1,Std Methods,0,0,2,2,2018,1,A,2,6.0,1fbd1a1b4f834f260ef1d637bb0ee82e627d22cd0ea0bc0b7a12255527f26b4b
FING-9193,1363,2018,1,Std Methods,0,0,2,2,2018,1,A,2,4.9,af356106269cebd918c33710413a07d1dad82183f52b73cc795318e0ea925167
FING-10014,1363,2018,1,Std Methods,0,0,2,2,2018,1,A,2,6.1,af356106269cebd918c33710413a07d1dad82183f52b73cc795318e0ea925167
FING-9191,1363,2018,1,Std Methods,0,0,2,2,2018,1,A,2,5.8,af356106269cebd918c33710413a07d1dad82183f52b73cc795318e0ea925167
FING-9202,1363,2018,1,Std Methods,0,0,2,2,2018,1,A,1,6.0,9e2489575e089a0b2ea6512927a384d6e9bd1c24ef13e6fe53f8a24d61d3e2e0
FING-10176,1363,2018,1,Std Methods,0,0,2,2,2018,1,A,2,5.2,9e2489575e089a0b2ea6512927a384d6e9bd1c24ef13e6fe53f8a24d61d3e2e0
FING-9171,1363,2018,1,Std Methods,0,0,2,2,2018,1,A,2,4.7,9e2489575e089a0b2ea6512927a384d6e9bd1c24ef13e6fe53f8a24d61d3e2e0
FING-8308,1363,2017,1,Progr Methd,4,2,2,8,2018,1,A,2,5.3,f9ba9cc4cd9e47f5c65a8fbb26c6b6d5ef269d286aa2171d378d7651ce5e7779
FING-5381,1363,2016,1,Progr Methd,4,2,2,8,2018,1,A,2,4.7,f9ba9cc4cd9e47f5c65a8fbb26c6b6d5ef269d286aa2171d378d7651ce5e7779
FING-15274,1363,2016,1,Progr Methd,4,2,2,8,2018,1,R,2,3.7,f9ba9cc4cd9e47f5c65a8fbb26c6b6d5ef269d286aa2171d378d7651ce5e7779
FING-223,1363,2014,1,SoftEng Fund,4,2,0,6,2018,1,A,2,4.5,c5f69578498bbc6ba44c3f7b0467c4c68faf4f6ffb17840197137f2114fe67bb
FING-6281,1363,2016,1,SoftEng Fund,4,2,0,6,2018,1,A,2,4.6,c5f69578498bbc6ba44c3f7b0467c4c68faf4f6ffb17840197137f2114fe67bb
FING-5767,1363,2017,2,Syst Eng,4,2,0,6,2018,1,A,2,4.6,6156896e1eef7fd434eb3afdebec8f42f1f414a724fb605bcd84f23798033c99
FING-6491,1363,2017,1,Syst Eng,4,2,0,6,2018,1,A,2,5.2,28c6c5bbf5d7179bb107cafd4476735962f8f755b2efb9903fb0e52b497fa2b7
FING-5381,1363,2016,1,Elect & Mag,4,2,1,7,2018,1,R,2,3.2,19beb6b43c539c48b2b2ee1d38b0ee40dacf4899e54107b0b80dce3ebe323564
FING-6364,1363,2016,1,Stat Analys,4,2,0,6,2018,1,R,2,3.3,59bf6a1d7c4d01ab2ca1a2d14928d408c80b4df5a45d0cda10f77ef3b1ef0f03
FING-10014,1363,2018,1,Cal 1,6,2,0,8,2018,1,R,2,3.4,5c1b56c44ae252bb24a2439b8e9c45b1ee1f89cc8f5cfa4376397173245ef6fd
FING-28068,1363,2018,1,Cal 1,6,2,0,8,2018,1,R,1,3.8,5c1b56c44ae252bb24a2439b8e9c45b1ee1f89cc8f5cfa4376397173245ef6fd
FING-7352,1363,2017,1,Cal 1,6,2,0,8,2018,1,R,2,2.6,5c1b56c44ae252bb24a2439b8e9c45b1ee1f89cc8f5cfa4376397173245ef6fd
FING-5349,1363,2016,1,Elect & Mag,4,2,1,7,2018,1,R,2,3.1,19beb6b43c539c48b2b2ee1d38b0ee40dacf4899e54107b0b80dce3ebe323564
FING-5353,1363,2016,1,Elect & Mag,4,2,1,7,2018,1,R,2,3.4,19beb6b43c539c48b2b2ee1d38b0ee40dacf4899e54107b0b80dce3ebe323564
FING-15274,1363,2016,1,Elect & Mag,4,2,1,7,2018,1,R,2,2.8,19beb6b43c539c48b2b2ee1d38b0ee40dacf4899e54107b0b80dce3ebe323564
FING-8195,1363,2017,1,Fund Econ,4,2,0,6,2018,1,R,2,3.3,c1c922293c3cebf99bf1671124556721ebd8cd2389e0ea643ccf05cb5c86de0b
FING-7349,1363,2017,1,Fund Econ,4,2,0,6,2018,1,R,2,3.1,c1c922293c3cebf99bf1671124556721ebd8cd2389e0ea643ccf05cb5c86de0b
FING-9160,1363,2018,1,Alg 1,6,2,0,8,2018,1,R,2,3.3,9b388274dcc00ff5529451c87ddc3ee18ab6aa32a676f98d4440ebe76c7b0024
FING-9171,1363,2018,1,Alg 1,6,2,0,8,2018,1,A,2,4.2,9b388274dcc00ff5529451c87ddc3ee18ab6aa32a676f98d4440ebe76c7b0024
FING-15306,1363,2018,1,Alg 1,6,2,0,8,2018,1,R,2,3.5,9b388274dcc00ff5529451c87ddc3ee18ab6aa32a676f98d4440ebe76c7b0024
FING-7307,1363,2017,1,Phy 2,4,2,1,7,2018,1,R,1,3.5,f6a9adfbc3b98c2908bdd53b48de5c161e80b51fb449a4e25dea88bcad634efe
FING-29416,1363,2017,1,Phy 2,4,2,1,7,2018,1,R,2,2.9,f6a9adfbc3b98c2908bdd53b48de5c161e80b51fb449a4e25dea88bcad634efe
FING-7312,1363,2017,1,Phy 2,4,2,1,7,2018,1,R,2,3.7,f6a9adfbc3b98c2908bdd53b48de5c161e80b51fb449a4e25dea88bcad634efe
FING-7316,1363,2017,1,Fund Progr,4,0,2,6,2018,1,R,2,3.3,b2f2e408712fcc4c0629e46d1d41084bdf94f09a5b5d8e6e22c090c72be3d8c0
FING-8359,1363,2017,1,Fund Progr,4,0,2,6,2018,1,R,2,3.2,b2f2e408712fcc4c0629e46d1d41084bdf94f09a5b5d8e6e22c090c72be3d8c0
FING-8361,1363,2017,1,Cal 2,6,2,0,8,2018,1,R,2,3.6,984fd6e8e8cd71628ae210f6a1f1557e0da0a64e905394cc57386d1524bbc85a
FING-15282,1363,2017,1,Cal 2,6,2,0,8,2018,1,R,1,3.6,984fd6e8e8cd71628ae210f6a1f1557e0da0a64e905394cc57386d1524bbc85a
FING-7354,1363,2017,1,Cal 2,6,2,0,8,2018,1,R,2,3.0,984fd6e8e8cd71628ae210f6a1f1557e0da0a64e905394cc57386d1524bbc85a
FING-7760,1363,2018,1,Diff Ec & Num Meth,4,2,0,6,2018,1,R,2,3.3,92b35a8f96aebea07771dd5a1c9378b1a046659ecee38220f124906196daed12
FING-2989,1363,2016,1,Diff Ec & Num Meth,4,2,0,6,2018,1,R,2,3.6,92b35a8f96aebea07771dd5a1c9378b1a046659ecee38220f124906196daed12
FING-5767,1363,2017,2,Cal 3,4,2,0,6,2018,1,R,2,2.9,47e0773e551c2edaa512fed899ee394f6d93763ec427137d8d54d823a58e8e7e
FING-4371,1363,2018,1,Progr Methd,4,2,2,8,2019,1,R,2,2.6,c31cbe4df540d9624606faae87f7bf317f5b19593d9fe7d8856a5482bf31ebfd
FING-9202,1363,2018,1,Progr Methd,4,2,2,8,2019,1,A,1,4.9,c31cbe4df540d9624606faae87f7bf317f5b19593d9fe7d8856a5482bf31ebfd
FING-7312,1363,2017,1,Progr Methd,4,2,2,8,2019,1,A,2,4.6,c31cbe4df540d9624606faae87f7bf317f5b19593d9fe7d8856a5482bf31ebfd
FING-8359,1363,2017,1,Progr Methd,4,2,2,8,2019,1,R,2,3.1,c31cbe4df540d9624606faae87f7bf317f5b19593d9fe7d8856a5482bf31ebfd
FING-3928,1363,2015,1,DB Workshop,2,0,4,6,2019,1,A,2,6.5,f072b1c51af296c36b788c59183f904422b84d9e501221ec592a879a02a946ed
FING-1782,1363,2015,1,SoftEng Workshop,2,0,4,6,2019,1,A,2,5.8,535f9bee2a55efa707487a88d61fbb6cef568349a81b3aed143ec41146e7c790
FING-6364,1363,2016,1,Comp Struc,4,2,1,7,2019,1,A,2,5.1,2401236f54376c526d5c6581ee2065cd860ce0203660ebf3c7c33654be2db3a4
FING-2919,1363,2015,1,Advanced Algorithms,4,2,2,8,2019,1,R,2,1.0,245b64604a8d5d0553dacc990da644b71a70600bca3960b0154ad94b4c33a1f1
FING-5767,1363,2017,2,Advanced Algorithms,4,2,2,8,2019,1,A,2,5.0,245b64604a8d5d0553dacc990da644b71a70600bca3960b0154ad94b4c33a1f1
FING-5376,1363,2016,1,Advanced Algorithms,4,2,2,8,2019,1,A,2,5.0,245b64604a8d5d0553dacc990da644b71a70600bca3960b0154ad94b4c33a1f1
FING-2919,1363,2015,1,DB Design,4,1,1,6,2019,1,A,2,4.8,e7664f59ac17269c7b8850165be580d22f8815f1b1dee14b1468d917d36b1b1e
FING-5767,1363,2017,2,DB Design,4,1,1,6,2019,1,A,2,4.8,e7664f59ac17269c7b8850165be580d22f8815f1b1dee14b1468d917d36b1b1e
FING-5376,1363,2016,1,DB Design,4,1,1,6,2019,1,A,2,5.4,e7664f59ac17269c7b8850165be580d22f8815f1b1dee14b1468d917d36b1b1e
FING-5387,1363,2016,1,Progr Methd,4,2,2,8,2019,1,R,2,2.6,f9ba9cc4cd9e47f5c65a8fbb26c6b6d5ef269d286aa2171d378d7651ce5e7779
FING-9150,1363,2018,1,Progr Methd,4,2,2,8,2019,1,A,1,5.7,f9ba9cc4cd9e47f5c65a8fbb26c6b6d5ef269d286aa2171d378d7651ce5e7779
FING-7354,1363,2017,1,Progr Methd,4,2,2,8,2019,1,A,2,5.2,f9ba9cc4cd9e47f5c65a8fbb26c6b6d5ef269d286aa2171d378d7651ce5e7779
FING-8361,1363,2017,1,Progr Methd,4,2,2,8,2019,1,R,2,2.5,f9ba9cc4cd9e47f5c65a8fbb26c6b6d5ef269d286aa2171d378d7651ce5e7779
FING-7306,1363,2017,1,Progr Methd,4,2,2,8,2019,1,A,1,4.7,f9ba9cc4cd9e47f5c65a8fbb26c6b6d5ef269d286aa2171d378d7651ce5e7779
FING-6281,1363,2016,1,Optimization,4,0,2,6,2019,1,A,2,6.1,01030513ef15a66d7ad87c5d9acf05496c247caebd0e0514526d4fc05b743a1d
FING-1782,1363,2015,1,Elective I,4,0,2,6,2019,1,A,2,6.4,3221f42f64144bbf31bd3850691b5a66b89783586a0a613e87d6e9a1b02c4cb7
FING-11083,1363,2019,1,Fund Progr,4,0,2,6,2020,1,A,1,5.0,8b7eb5c8931cf41fe21d405c6a69bfafd6307c6f617d2a5af34c471a984c159e
FING-11135,1363,2019,1,Fund Progr,4,0,2,6,2020,1,A,2,5.2,8b7eb5c8931cf41fe21d405c6a69bfafd6307c6f617d2a5af34c471a984c159e
FING-11113,1363,2019,1,Fund Progr,4,0,2,6,2020,1,A,2,4.7,8b7eb5c8931cf41fe21d405c6a69bfafd6307c6f617d2a5af34c471a984c159e
FING-11182,1363,2019,1,Fund Progr,4,0,2,6,2020,1,A,2,6.4,840af173f6ddc057fbb0639ad70f0d3333750306328b871f8a4ed9df4e4992b7
FING-11159,1363,2019,1,Fund Progr,4,0,2,6,2020,1,A,2,5.8,8097ac5a2693d5ef0d985b63f24f7e085c398459f805e03f15cdaffef23e7ae8
FING-11089,1363,2019,1,Fund Progr,4,0,2,6,2020,1,A,2,5.1,262093a216a636b36de09c0b618a2a8aa41f2a926eb8579f7c5b070257c3a9f8
FING-11071,1363,2019,1,Fund Progr,4,0,2,6,2020,1,A,2,4.5,262093a216a636b36de09c0b618a2a8aa41f2a926eb8579f7c5b070257c3a9f8
FING-11142,1363,2019,1,Fund Progr,4,0,2,6,2020,1,A,2,5.2,262093a216a636b36de09c0b618a2a8aa41f2a926eb8579f7c5b070257c3a9f8
FING-11177,1363,2019,1,Fund Progr,4,0,2,6,2020,1,A,1,5.1,dff69398a6b65e268b7a4d94b4c0381f80ab4fe8b8f34852bf019d21a1395ad1
FING-15339,1363,2019,1,Fund Progr,4,0,2,6,2020,1,A,2,5.1,dff69398a6b65e268b7a4d94b4c0381f80ab4fe8b8f34852bf019d21a1395ad1
FING-15343,1363,2019,1,Fund Progr,4,0,2,6,2020,1,A,2,5.2,dff69398a6b65e268b7a4d94b4c0381f80ab4fe8b8f34852bf019d21a1395ad1
FING-15346,1363,2019,1,Fund Progr,4,0,2,6,2020,1,A,2,6.3,dff69398a6b65e268b7a4d94b4c0381f80ab4fe8b8f34852bf019d21a1395ad1
FING-28148,1363,2019,1,Fund Progr,4,0,2,6,2020,1,A,2,5.2,8b7eb5c8931cf41fe21d405c6a69bfafd6307c6f617d2a5af34c471a984c159e
FING-11116,1363,2019,1,Fund Progr,4,0,2,6,2020,1,A,2,4.8,8b7eb5c8931cf41fe21d405c6a69bfafd6307c6f617d2a5af34c471a984c159e
FING-11139,1363,2019,1,Fund Progr,4,0,2,6,2020,1,A,2,5.4,8b7eb5c8931cf41fe21d405c6a69bfafd6307c6f617d2a5af34c471a984c159e
FING-11115,1363,2019,1,Fund Progr,4,0,2,6,2020,1,A,2,5.8,8b7eb5c8931cf41fe21d405c6a69bfafd6307c6f617d2a5af34c471a984c159e
FING-11154,1363,2019,1,Fund Progr,4,0,2,6,2020,1,A,2,5.1,8b7eb5c8931cf41fe21d405c6a69bfafd6307c6f617d2a5af34c471a984c159e
FING-11168,1363,2019,1,Fund Progr,4,0,2,6,2020,1,A,2,4.9,52e5b295e5eca0390c163c2ca74b676ac2a5a5c791888b0404f72da0ab36e83b
FING-11178,1363,2019,1,Fund Progr,4,0,2,6,2020,1,R,2,1.0,52e5b295e5eca0390c163c2ca74b676ac2a5a5c791888b0404f72da0ab36e83b
FING-11135,1363,2019,1,Chemistry,4,2,0,6,2020,1,A,2,4.8,caae58c12853b1375ce3d3e56272c47367e1d0bb7f44719a9eb908b4455d9baa
FING-15346,1363,2019,1,Chemistry,4,2,0,6,2020,1,A,2,5.1,caae58c12853b1375ce3d3e56272c47367e1d0bb7f44719a9eb908b4455d9baa
FING-28124,1363,2018,1,Chemistry,4,2,0,6,2020,1,R,2,2.7,619b8d965d2e2f3cb257702d638e3dc2b24ddf5e7eb610b076f0267d6aa42159
FING-11113,1363,2019,1,Chemistry,4,2,0,6,2020,1,A,2,4.2,619b8d965d2e2f3cb257702d638e3dc2b24ddf5e7eb610b076f0267d6aa42159
FING-15343,1363,2019,1,Chemistry,4,2,0,6,2020,1,A,2,4.2,558a08be0c20736bde0af68298ae33d0d56dd7ffce4fba2b3a8a4ad4bcfc2053
FING-11151,1363,2019,1,Chemistry,4,2,0,6,2020,1,A,1,5.4,121f405a5dc34a38249311f5ce7e0353dbb5c5c79d2716cef4d07718ada38cf1
FING-11122,1363,2019,1,Chemistry,4,2,0,6,2020,1,A,1,5.2,121f405a5dc34a38249311f5ce7e0353dbb5c5c79d2716cef4d07718ada38cf1
FING-7316,1363,2017,1,Stat Analys,4,2,0,6,2020,1,A,2,5.5,541f6ac20b5fad01e5f9155ac2dd4fcc0055b6fa626465a66e1af10b178e02a2
FING-7307,1363,2017,1,Stat Analys,4,2,0,6,2020,1,A,1,4.5,2ecf34b9ea0b53c1c84418cf3e4f9a0d8a2946eb457604384dd9405954fc33ff
FING-28068,1363,2018,1,Stat Analys,4,2,0,6,2020,1,A,1,5.2,4c3af6a6fafc2a4fd8b54a0620614abd40e25d5b9bce3055d3a942e8d1a78208
FING-7312,1363,2017,1,Stat Analys,4,2,0,6,2020,1,A,2,4.6,4c3af6a6fafc2a4fd8b54a0620614abd40e25d5b9bce3055d3a942e8d1a78208
FING-9160,1363,2018,1,Stat Analys,4,2,0,6,2020,1,A,2,4.7,4c3af6a6fafc2a4fd8b54a0620614abd40e25d5b9bce3055d3a942e8d1a78208
FING-9172,1363,2018,1,Stat Analys,4,2,0,6,2020,1,A,2,6.6,533f556097c3685a93766067334acda7f3650bcb6bcc5da9c10112af3f2eb802
FING-10014,1363,2018,1,Stat Analys,4,2,0,6,2020,1,A,2,5.4,533f556097c3685a93766067334acda7f3650bcb6bcc5da9c10112af3f2eb802
FING-28159,1363,2018,1,Stat Analys,4,2,0,6,2020,1,A,2,4.2,533f556097c3685a93766067334acda7f3650bcb6bcc5da9c10112af3f2eb802
FING-9171,1363,2018,1,Stat Analys,4,2,0,6,2020,1,R,2,3.6,d4144b8d5f9e2a81c010901ff13bcb04ccee6a1fd936701c4eed447b58c948d2
FING-9208,1363,2018,1,Stat Analys,4,2,0,6,2020,1,A,2,6.7,d4144b8d5f9e2a81c010901ff13bcb04ccee6a1fd936701c4eed447b58c948d2
FING-7300,1363,2017,1,Stat Analys,4,2,0,6,2020,1,A,2,4.5,4c3af6a6fafc2a4fd8b54a0620614abd40e25d5b9bce3055d3a942e8d1a78208
FING-15306,1363,2018,1,Stat Analys,4,2,0,6,2020,1,A,2,5.2,d4144b8d5f9e2a81c010901ff13bcb04ccee6a1fd936701c4eed447b58c948d2
FING-4371,1363,2018,1,Stat Analys,4,2,0,6,2020,1,A,2,4.1,717de10ba7028ece9212f63482eb2bccf95985b28c4c84c7c80956b04bb28f8f
FING-7307,1363,2017,1,Cal 3,4,2,0,6,2020,1,A,1,4.5,4d1735bd404f48d4855de32dbd8c65be393f2ce0ae0955c99ea591fbd6921f00
FING-10014,1363,2018,1,Cal 3,4,2,0,6,2020,1,A,2,4.7,4d1735bd404f48d4855de32dbd8c65be393f2ce0ae0955c99ea591fbd6921f00
FING-9171,1363,2018,1,Cal 3,4,2,0,6,2020,1,R,2,1.4,4d1735bd404f48d4855de32dbd8c65be393f2ce0ae0955c99ea591fbd6921f00
FING-15274,1363,2016,1,Cal 3,4,2,0,6,2020,1,R,2,3.0,5edc2f51e0bbed3ddd612a9f8ba01fa514db75f50615cf064f1aaf2fa14f00a1
FING-15282,1363,2017,1,Cal 3,4,2,0,6,2020,1,A,1,4.0,5edc2f51e0bbed3ddd612a9f8ba01fa514db75f50615cf064f1aaf2fa14f00a1
FING-9611,1363,2019,2,Cal 3,4,2,0,6,2020,1,R,2,3.0,5edc2f51e0bbed3ddd612a9f8ba01fa514db75f50615cf064f1aaf2fa14f00a1
FING-7307,1363,2017,1,Eng 4,0,0,2,2,2020,1,A,1,6.5,4e17a5abd5e138658fc2c7d926e41b7c917838c62c4290625a049b4f79b45f30
FING-11110,1363,2019,1,Algorithms,4,0,2,6,2021,1,R,2,1.3,6b99165475edd08b007ab43973c273b201ea96f928772390eba6126fee732c89
FING-11170,1363,2019,1,Algorithms,4,0,2,6,2021,1,R,2,3.6,6b99165475edd08b007ab43973c273b201ea96f928772390eba6126fee732c89
FING-9191,1363,2018,1,Algorithms,4,0,2,6,2021,1,A,2,4.7,6b99165475edd08b007ab43973c273b201ea96f928772390eba6126fee732c89
FING-15350,1363,2020,2,Algorithms,4,0,2,6,2021,1,R,2,1.5,6b99165475edd08b007ab43973c273b201ea96f928772390eba6126fee732c89
FING-11136,1363,2019,1,Eng 1,0,0,2,2,2021,1,A,2,7.0,88b92944cf71d575adb267c2065647d01500a1577a232f797e0ed0930dcb0235
FING-11104,1363,2019,1,Eng 2,0,0,2,2,2021,1,A,2,6.4,da13843c885b13df7d3b6dd5e834d0d1e7e4edb0b2f9e394017c27a653743c44
FING-11139,1363,2019,1,Eng 2,0,0,2,2,2021,1,A,2,7.0,da13843c885b13df7d3b6dd5e834d0d1e7e4edb0b2f9e394017c27a653743c44
FING-13492,1363,2020,2,Eng 2,0,0,2,2,2021,1,A,2,6.1,da13843c885b13df7d3b6dd5e834d0d1e7e4edb0b2f9e394017c27a653743c44
FING-11159,1363,2019,1,Eng 2,0,0,2,2,2021,1,A,2,6.4,da13843c885b13df7d3b6dd5e834d0d1e7e4edb0b2f9e394017c27a653743c44
FING-11083,1363,2019,1,Eng 2,0,0,2,2,2021,1,A,1,5.8,676472d9733969341e880539f5cd2aa02fee27568316a06004b006dc9e0c0f45
FING-11123,1363,2019,1,Eng 2,0,0,2,2,2021,1,A,2,6.8,fdb1ccd1ffc24c385582f07efea282827420a31d5274d9b488cab44797d7e8ca
FING-11168,1363,2019,1,Eng 2,0,0,2,2,2021,1,A,2,7.0,85786a84d55b146910020d9509375df67b5e0e5571b93660073f2a8624930634
FING-9172,1363,2018,1,Eng 3,0,0,2,2,2021,1,A,2,6.3,3c3271a032093fa3d04e8319d8913bfdc0f4bfaea37c4f05dc6f719348c4b4e1
FING-4473,1363,2019,1,Eng 3,0,0,2,2,2021,1,A,2,5.6,fdb1ccd1ffc24c385582f07efea282827420a31d5274d9b488cab44797d7e8ca
FING-11749,1363,2020,1,Eng 3,0,0,2,2,2021,1,A,2,5.6,fdb1ccd1ffc24c385582f07efea282827420a31d5274d9b488cab44797d7e8ca
FING-11110,1363,2019,1,Eng 3,0,0,2,2,2021,1,A,2,5.4,88b92944cf71d575adb267c2065647d01500a1577a232f797e0ed0930dcb0235
FING-11115,1363,2019,1,Eng 3,0,0,2,2,2021,1,A,2,6.3,44ad5903f55008511304a1c3b224c973063a0a43d5a3288cd8345df8ece2be56
FING-11122,1363,2019,1,Eng 3,0,0,2,2,2021,1,A,1,5.7,44ad5903f55008511304a1c3b224c973063a0a43d5a3288cd8345df8ece2be56
FING-11170,1363,2019,1,Eng 3,0,0,2,2,2021,1,A,2,6.7,ddb46689cd11dcc4a123bbf80fda14252d6d258693c61b26d5529d41cca78b33
FING-11165,1363,2019,1,Eng 3,0,0,2,2,2021,1,A,2,6.4,ddb46689cd11dcc4a123bbf80fda14252d6d258693c61b26d5529d41cca78b33
FING-11177,1363,2019,1,Eng 4,0,0,2,2,2021,1,A,1,6.1,331daeb5e2bacaa17d203d73ce2c26227a79b69371f5f02e9b9d3d9d1d577b68
FING-11182,1363,2019,1,Eng 4,0,0,2,2,2021,1,A,2,6.7,331daeb5e2bacaa17d203d73ce2c26227a79b69371f5f02e9b9d3d9d1d577b68
FING-28124,1363,2018,1,Eng 4,0,0,2,2,2021,1,A,2,7.0,a6fb443946e583f3114b054a27ffbef6eeddc3b37b0afc838fd8e1e240171f9a
FING-7312,1363,2017,1,Eng 4,0,0,2,2,2021,1,A,2,6.0,da13843c885b13df7d3b6dd5e834d0d1e7e4edb0b2f9e394017c27a653743c44
FING-7300,1363,2017,1,Eng 4,0,0,2,2,2021,1,R,2,1.9,ae115bd88bdf9c51905ad88469da4a5fca6babda2955123f228ca87d64dc1082
FING-11136,1363,2019,1,Alg 2,4,2,0,6,2021,1,A,2,5.1,cd4258abd494e338dd13dad75ea3f1f1ced923cec073b330363a2340dbb751bf
FING-11178,1363,2019,1,Stat Analys,4,2,0,6,2021,1,A,2,4.5,b668a1dd0b7fc9613e9eba607a925b31589677ce4ea1ce81f137e07d44635741
FING-11168,1363,2019,1,Stat Analys,4,2,0,6,2021,1,A,2,4.0,59bf6a1d7c4d01ab2ca1a2d14928d408c80b4df5a45d0cda10f77ef3b1ef0f03
FING-28124,1363,2018,1,Stat Analys,4,2,0,6,2021,1,R,2,3.5,d4144b8d5f9e2a81c010901ff13bcb04ccee6a1fd936701c4eed447b58c948d2
FING-11104,1363,2019,1,Stat Analys,4,2,0,6,2021,1,A,2,4.3,d4144b8d5f9e2a81c010901ff13bcb04ccee6a1fd936701c4eed447b58c948d2
FING-11164,1363,2019,1,Stat Analys,4,2,0,6,2021,1,A,2,4.3,59bf6a1d7c4d01ab2ca1a2d14928d408c80b4df5a45d0cda10f77ef3b1ef0f03
FING-4473,1363,2019,1,Stat Analys,4,2,0,6,2021,1,R,2,1.4,d4144b8d5f9e2a81c010901ff13bcb04ccee6a1fd936701c4eed447b58c948d2
FING-11130,1363,2019,1,Stat Analys,4,2,0,6,2021,1,R,2,3.8,d4144b8d5f9e2a81c010901ff13bcb04ccee6a1fd936701c4eed447b58c948d2
FING-11129,1363,2019,1,Diff Ec & Num Meth,4,2,0,6,2021,1,A,2,4.9,4d1735bd404f48d4855de32dbd8c65be393f2ce0ae0955c99ea591fbd6921f00
FING-7341,1363,2017,1,Diff Ec & Num Meth,4,2,0,6,2021,1,R,1,2.2,4d1735bd404f48d4855de32dbd8c65be393f2ce0ae0955c99ea591fbd6921f00
FING-11129,1363,2019,1,Eff Comm,0,0,2,2,2021,1,A,2,6.2,80b77e03e906b6b90f7282edb67cb80f532e56d6704ff5b5896dce0e702084f0
FING-11136,1363,2019,1,Eff Comm,0,0,2,2,2021,1,A,2,6.5,80b77e03e906b6b90f7282edb67cb80f532e56d6704ff5b5896dce0e702084f0
FING-11177,1363,2019,1,Stat Analys,4,2,0,6,2021,2,R,1,1.0,59bf6a1d7c4d01ab2ca1a2d14928d408c80b4df5a45d0cda10f77ef3b1ef0f03
FING-28148,1363,2019,1,Stat Analys,4,2,0,6,2021,2,A,2,4.5,59bf6a1d7c4d01ab2ca1a2d14928d408c80b4df5a45d0cda10f77ef3b1ef0f03
FING-11110,1363,2019,1,Stat Analys,4,2,0,6,2021,2,A,2,4.0,59bf6a1d7c4d01ab2ca1a2d14928d408c80b4df5a45d0cda10f77ef3b1ef0f03
FING-13492,1363,2020,2,Stat Analys,4,2,0,6,2021,2,R,2,3.1,59bf6a1d7c4d01ab2ca1a2d14928d408c80b4df5a45d0cda10f77ef3b1ef0f03
FING-11089,1363,2019,1,Stat Analys,4,2,0,6,2021,2,A,2,4.0,59bf6a1d7c4d01ab2ca1a2d14928d408c80b4df5a45d0cda10f77ef3b1ef0f03
FING-28068,1363,2018,1,SoftEng Methods,4,2,0,6,2021,2,A,1,4.9,3221f42f64144bbf31bd3850691b5a66b89783586a0a613e87d6e9a1b02c4cb7
FING-7312,1363,2017,1,SoftEng Methods,4,2,0,6,2021,2,R,2,3.2,3221f42f64144bbf31bd3850691b5a66b89783586a0a613e87d6e9a1b02c4cb7
FING-7760,1363,2018,1,SoftEng Workshop,2,0,4,6,2021,2,A,2,6.2,535f9bee2a55efa707487a88d61fbb6cef568349a81b3aed143ec41146e7c790
FING-5767,1363,2017,2,SoftEng Workshop,2,0,4,6,2021,2,A,2,5.7,535f9bee2a55efa707487a88d61fbb6cef568349a81b3aed143ec41146e7c790
FING-6491,1363,2017,1,Elective III,4,0,2,6,2021,2,A,2,5.3,16efa47bc22e02e6684516c8d89c65ee9145840df64449d697d55cc0d46fe1ed
FING-5767,1363,2017,2,Security and IT Auditing,4,0,2,6,2021,2,A,2,6.0,94af4255f2264aeeb90b493600237d1db55f158480e988820092971c6ceb75a1
FING-6354,1363,2016,1,DB Design,4,1,1,6,2021,2,A,2,5.4,d8855451f0669605578a53529b9ad1fdfc0714ff99fc3cc516783a4e9fe01b0d
FING-11158,1363,2019,1,DB Design,4,1,1,6,2021,2,A,2,5.3,d8855451f0669605578a53529b9ad1fdfc0714ff99fc3cc516783a4e9fe01b0d
FING-11164,1363,2019,1,DB Design,4,1,1,6,2021,2,A,2,5.6,d8855451f0669605578a53529b9ad1fdfc0714ff99fc3cc516783a4e9fe01b0d
FING-11165,1363,2019,1,DB Design,4,1,1,6,2021,2,A,2,4.5,d8855451f0669605578a53529b9ad1fdfc0714ff99fc3cc516783a4e9fe01b0d
FING-28159,1363,2018,1,DB Design,4,1,1,6,2021,2,A,2,6.5,d8855451f0669605578a53529b9ad1fdfc0714ff99fc3cc516783a4e9fe01b0d
FING-11139,1363,2019,1,DB Design,4,1,1,6,2021,2,A,2,4.3,d8855451f0669605578a53529b9ad1fdfc0714ff99fc3cc516783a4e9fe01b0d
FING-9208,1363,2018,1,DB Design,4,1,1,6,2021,2,A,2,4.3,d8855451f0669605578a53529b9ad1fdfc0714ff99fc3cc516783a4e9fe01b0d
FING-11089,1363,2019,1,DB Design,4,1,1,6,2021,2,R,2,3.6,d8855451f0669605578a53529b9ad1fdfc0714ff99fc3cc516783a4e9fe01b0d
FING-6354,1363,2016,1,Comp Org,4,1,1,6,2021,2,A,2,5.1,7a41747a8228bce8bc0b10d5827071b7b9fc0393df1fb089f2909d5e89d8664c
FING-7307,1363,2017,1,Comp Org,4,1,1,6,2021,2,A,1,4.9,7a41747a8228bce8bc0b10d5827071b7b9fc0393df1fb089f2909d5e89d8664c
FING-10014,1363,2018,1,Comp Org,4,1,1,6,2021,2,A,2,4.4,7a41747a8228bce8bc0b10d5827071b7b9fc0393df1fb089f2909d5e89d8664c
FING-9191,1363,2018,1,Comp Org,4,1,1,6,2021,2,A,2,4.5,7a41747a8228bce8bc0b10d5827071b7b9fc0393df1fb089f2909d5e89d8664c
FING-11136,1363,2019,1,Intro Informatics,0,0,2,2,2021,2,A,2,6.2,f072b1c51af296c36b788c59183f904422b84d9e501221ec592a879a02a946ed
FING-11151,1363,2019,1,Cal 2,6,2,0,8,2022,1,R,1,2.1,bf9a4f134286b7a9ed7dbd00bb89843f370a0a7a6e907355ead0b09e8a867c9f
FING-11116,1363,2019,1,Stat Analys,4,2,0,6,2022,1,R,2,1.0,d4144b8d5f9e2a81c010901ff13bcb04ccee6a1fd936701c4eed447b58c948d2
FING-11104,1363,2019,1,Eng 4,0,0,2,2,2022,1,A,2,6.7,9f66bc7cfc89ba1c8e896cc6f9de8807632f1bbfb15fd67de293651bb5e3ad75
FING-13492,1363,2020,2,Eng 4,0,0,2,2,2022,1,A,2,6.0,676472d9733969341e880539f5cd2aa02fee27568316a06004b006dc9e0c0f45
FING-11122,1363,2019,1,Eng 4,0,0,2,2,2022,1,R,1,1.0,676472d9733969341e880539f5cd2aa02fee27568316a06004b006dc9e0c0f45
FING-11083,1363,2019,1,Eng 4,0,0,2,2,2022,1,A,1,5.3,ddb46689cd11dcc4a123bbf80fda14252d6d258693c61b26d5529d41cca78b33
FING-12988,1363,2013,1,Alg 2,4,2,0,6,2013,2,A,1,4.9,f7475fca1cdcb3d772565c1474e5b8132c78ad221eaf9fbd10bdf3e06f37491a
FING-13024,1363,2013,1,Alg 2,4,2,0,6,2013,2,A,2,4.0,f7475fca1cdcb3d772565c1474e5b8132c78ad221eaf9fbd10bdf3e06f37491a
FING-4311,1363,2013,1,Alg 2,4,2,0,6,2013,2,R,2,1.5,6e5f30fbc183c4cc4a7f3fdfb1702eaa2c1e8e7182ae818a5635e214525e950f
FING-4321,1363,2012,1,Alg 2,4,2,0,6,2013,2,A,2,5.5,6e5f30fbc183c4cc4a7f3fdfb1702eaa2c1e8e7182ae818a5635e214525e950f
FING-13134,1363,2013,1,Alg 2,4,2,0,6,2013,2,A,2,4.6,6e5f30fbc183c4cc4a7f3fdfb1702eaa2c1e8e7182ae818a5635e214525e950f
FING-212,1363,2014,1,Std Methods,0,0,2,2,2014,1,R,2,3.8,9f5016840e6aa035dba291f031232cdafc68e071a62ddbe5961e5fcaf42b05f1
FING-1531,1363,2014,1,Std Methods,0,0,2,2,2014,1,A,1,5.9,9f5016840e6aa035dba291f031232cdafc68e071a62ddbe5961e5fcaf42b05f1
FING-191,1363,2014,1,Std Methods,0,0,2,2,2014,1,A,2,5.7,9f5016840e6aa035dba291f031232cdafc68e071a62ddbe5961e5fcaf42b05f1
FING-1528,1363,2014,1,Std Methods,0,0,2,2,2014,1,A,2,5.4,9f5016840e6aa035dba291f031232cdafc68e071a62ddbe5961e5fcaf42b05f1
FING-199,1363,2014,1,Std Methods,0,0,2,2,2014,1,A,2,5.5,8ec1509081cf50c5ed4eeb895ce12b4625b730a69a38d60e033a496110c32620
FING-222,1363,2014,1,Std Methods,0,0,2,2,2014,1,A,2,6.0,8ec1509081cf50c5ed4eeb895ce12b4625b730a69a38d60e033a496110c32620
FING-1534,1363,2014,1,Std Methods,0,0,2,2,2014,1,A,2,5.7,8ec1509081cf50c5ed4eeb895ce12b4625b730a69a38d60e033a496110c32620
FING-153,1363,2014,1,Std Methods,0,0,2,2,2014,1,A,2,6.0,8ec1509081cf50c5ed4eeb895ce12b4625b730a69a38d60e033a496110c32620
FING-228,1363,2014,1,Std Methods,0,0,2,2,2014,1,A,2,4.5,122693659ad4708792b1e06ebecf8b11cee84d2f15c02f0a27503e2687548c4f
FING-158,1363,2014,1,Std Methods,0,0,2,2,2014,1,A,2,4.4,122693659ad4708792b1e06ebecf8b11cee84d2f15c02f0a27503e2687548c4f
FING-217,1363,2014,1,Std Methods,0,0,2,2,2014,1,A,2,4.9,122693659ad4708792b1e06ebecf8b11cee84d2f15c02f0a27503e2687548c4f
FING-157,1363,2014,1,Std Methods,0,0,2,2,2014,1,A,2,5.0,122693659ad4708792b1e06ebecf8b11cee84d2f15c02f0a27503e2687548c4f
FING-214,1363,2014,1,Std Methods,0,0,2,2,2014,1,A,2,4.8,122693659ad4708792b1e06ebecf8b11cee84d2f15c02f0a27503e2687548c4f
FING-219,1363,2014,1,Std Methods,0,0,2,2,2014,1,A,2,6.0,de3d119e76e44a37a794195152ab2abbf0155e9fb95650b4c6e4f4361ce38dec
FING-186,1363,2014,1,Intro Eng,0,0,2,2,2014,1,A,2,5.1,8b7eb5c8931cf41fe21d405c6a69bfafd6307c6f617d2a5af34c471a984c159e
FING-227,1363,2014,1,Intro Eng,0,0,2,2,2014,1,A,2,5.4,8b7eb5c8931cf41fe21d405c6a69bfafd6307c6f617d2a5af34c471a984c159e
FING-155,1363,2014,1,Intro Eng,0,0,2,2,2014,1,A,2,5.0,8b7eb5c8931cf41fe21d405c6a69bfafd6307c6f617d2a5af34c471a984c159e
FING-165,1363,2014,1,Intro Eng,0,0,2,2,2014,1,A,2,5.0,8b7eb5c8931cf41fe21d405c6a69bfafd6307c6f617d2a5af34c471a984c159e
FING-180,1363,2014,1,Intro Eng,0,0,2,2,2014,1,A,2,5.0,8b7eb5c8931cf41fe21d405c6a69bfafd6307c6f617d2a5af34c471a984c159e
FING-184,1363,2014,1,Intro Eng,0,0,2,2,2014,1,A,1,5.2,8b7eb5c8931cf41fe21d405c6a69bfafd6307c6f617d2a5af34c471a984c159e
FING-228,1363,2014,1,Intro Eng,0,0,2,2,2014,1,A,2,5.3,8b7eb5c8931cf41fe21d405c6a69bfafd6307c6f617d2a5af34c471a984c159e
FING-158,1363,2014,1,Intro Eng,0,0,2,2,2014,1,A,2,5.1,8b7eb5c8931cf41fe21d405c6a69bfafd6307c6f617d2a5af34c471a984c159e
FING-217,1363,2014,1,Intro Eng,0,0,2,2,2014,1,A,2,5.4,8b7eb5c8931cf41fe21d405c6a69bfafd6307c6f617d2a5af34c471a984c159e
FING-157,1363,2014,1,Intro Eng,0,0,2,2,2014,1,A,2,5.4,8b7eb5c8931cf41fe21d405c6a69bfafd6307c6f617d2a5af34c471a984c159e
FING-214,1363,2014,1,Intro Eng,0,0,2,2,2014,1,A,2,5.0,8b7eb5c8931cf41fe21d405c6a69bfafd6307c6f617d2a5af34c471a984c159e
FING-1799,1363,2012,1,Comp Org,4,1,1,6,2014,1,A,2,4.8,0a9c692d542221f629484f3de348ff56b854150eba4173b584e7a1e75973da6c
FING-13105,1363,2013,1,Cal 1,6,2,0,8,2014,1,A,1,5.6,1487135a560c8bdb4ba3cfcf6ec652d7cc3c8b57c3fd22ce3fe581c6dcccc177
FING-13134,1363,2013,1,Cal 1,6,2,0,8,2014,1,A,2,4.3,1487135a560c8bdb4ba3cfcf6ec652d7cc3c8b57c3fd22ce3fe581c6dcccc177
FING-192,1363,2014,1,Cal 1,6,2,0,8,2014,1,A,2,4.0,146d264f13828d777fc7d1851ab7a7fe7067b173f4bc543116c44f86feef5130
FING-1472,1363,2014,1,Cal 1,6,2,0,8,2014,1,A,2,5.0,146d264f13828d777fc7d1851ab7a7fe7067b173f4bc543116c44f86feef5130
FING-185,1363,2014,1,Cal 1,6,2,0,8,2014,1,R,2,1.9,146d264f13828d777fc7d1851ab7a7fe7067b173f4bc543116c44f86feef5130
FING-219,1363,2014,1,Alg 1,6,2,0,8,2014,1,A,2,4.6,146d264f13828d777fc7d1851ab7a7fe7067b173f4bc543116c44f86feef5130
FING-4324,1363,2012,1,Comp Struc,4,2,1,7,2014,1,R,2,2.5,3dba836932965ec29b9b8b8ce1520e40c996e638dd28a0e6ecfda852e911fadf
FING-12860,1363,2012,1,Comp Struc,4,2,1,7,2014,1,R,2,3.6,3dba836932965ec29b9b8b8ce1520e40c996e638dd28a0e6ecfda852e911fadf
FING-1528,1363,2014,1,Fund Econ,4,2,0,6,2015,2,R,2,3.4,a9b9b0becfdae0fac939b258783036f875447ab5b3b1a4dea43c9e11b4f1f5fb
FING-17689,1363,2013,1,Fund Econ,4,2,0,6,2015,2,R,2,2.3,4a606f47681991cf04462107b215bcbaa8184a8071598b393f88bec206a7a26d
FING-222,1363,2014,1,Fund Econ,4,2,0,6,2015,2,A,2,4.4,4a606f47681991cf04462107b215bcbaa8184a8071598b393f88bec206a7a26d
FING-186,1363,2014,1,Fund Econ,4,2,0,6,2015,2,R,2,2.9,487baef69b6c44019f981a561ab6d322830657f2d6ce9dbbf6b58f22862fb390
FING-227,1363,2014,1,Fund Econ,4,2,0,6,2015,2,R,2,3.4,487baef69b6c44019f981a561ab6d322830657f2d6ce9dbbf6b58f22862fb390
FING-165,1363,2014,1,Fund Econ,4,2,0,6,2015,2,R,2,3.2,487baef69b6c44019f981a561ab6d322830657f2d6ce9dbbf6b58f22862fb390
FING-219,1363,2014,1,Fund Econ,4,2,0,6,2015,2,R,2,2.8,487baef69b6c44019f981a561ab6d322830657f2d6ce9dbbf6b58f22862fb390
FING-214,1363,2014,1,Fund Econ,4,2,0,6,2015,2,A,2,4.1,487baef69b6c44019f981a561ab6d322830657f2d6ce9dbbf6b58f22862fb390
FING-212,1363,2014,1,Fund Econ,4,2,0,6,2015,2,R,2,3.1,bec737689c2c1f3db9da33309ac14e62168d8edf9d37e192f814ceb9c80e1a34
FING-179,1363,2014,1,Fund Econ,4,2,0,6,2015,2,R,2,3.6,bec737689c2c1f3db9da33309ac14e62168d8edf9d37e192f814ceb9c80e1a34
FING-199,1363,2014,1,Fund Econ,4,2,0,6,2015,2,A,2,4.1,170c1099a518cbadde2735015f4d442829bd04fca4e07fdeaa5349b38c603a39
FING-1472,1363,2014,1,Fund Econ,4,2,0,6,2015,2,R,2,1.8,170c1099a518cbadde2735015f4d442829bd04fca4e07fdeaa5349b38c603a39
FING-180,1363,2014,1,Fund Econ,4,2,0,6,2015,2,R,2,3.1,170c1099a518cbadde2735015f4d442829bd04fca4e07fdeaa5349b38c603a39
FING-153,1363,2014,1,Fund Econ,4,2,0,6,2015,2,R,2,2.4,170c1099a518cbadde2735015f4d442829bd04fca4e07fdeaa5349b38c603a39
FING-223,1363,2014,1,Eng 2,0,0,2,2,2015,2,A,2,4.9,aea16065bdc33446cd8f74328537475b4d942028b16074eec09f010c80b1496c
FING-173,1363,2014,1,Eng 2,0,0,2,2,2015,2,A,2,5.3,aea16065bdc33446cd8f74328537475b4d942028b16074eec09f010c80b1496c
FING-180,1363,2014,1,Eng 2,0,0,2,2,2015,2,A,2,5.8,aea16065bdc33446cd8f74328537475b4d942028b16074eec09f010c80b1496c
FING-184,1363,2014,1,Eng 2,0,0,2,2,2015,2,A,1,5.9,aea16065bdc33446cd8f74328537475b4d942028b16074eec09f010c80b1496c
FING-1528,1363,2014,1,Eng 3,0,0,2,2,2015,2,A,2,5.8,b0ec3cd5bbb3a60c964c1cf862b24432a65417925c31daa1d2efd37f6de6ee63
FING-2919,1363,2015,1,Fund Progr,4,0,2,6,2015,2,A,2,5.1,b2f2e408712fcc4c0629e46d1d41084bdf94f09a5b5d8e6e22c090c72be3d8c0
FING-2915,1363,2015,1,Fund Progr,4,0,2,6,2015,2,A,2,4.7,b2f2e408712fcc4c0629e46d1d41084bdf94f09a5b5d8e6e22c090c72be3d8c0
FING-1472,1363,2014,1,Progr Methd,4,2,2,8,2015,2,A,2,4.9,c31cbe4df540d9624606faae87f7bf317f5b19593d9fe7d8856a5482bf31ebfd
FING-179,1363,2014,1,Progr Methd,4,2,2,8,2015,2,R,2,3.4,c31cbe4df540d9624606faae87f7bf317f5b19593d9fe7d8856a5482bf31ebfd
FING-173,1363,2014,1,Progr Methd,4,2,2,8,2015,2,A,2,4.3,c31cbe4df540d9624606faae87f7bf317f5b19593d9fe7d8856a5482bf31ebfd
FING-180,1363,2014,1,Progr Methd,4,2,2,8,2015,2,R,2,3.8,c31cbe4df540d9624606faae87f7bf317f5b19593d9fe7d8856a5482bf31ebfd
FING-184,1363,2014,1,Progr Methd,4,2,2,8,2015,2,R,1,3.5,c31cbe4df540d9624606faae87f7bf317f5b19593d9fe7d8856a5482bf31ebfd
FING-212,1363,2014,1,Progr Methd,4,2,2,8,2015,2,A,2,4.6,f9ba9cc4cd9e47f5c65a8fbb26c6b6d5ef269d286aa2171d378d7651ce5e7779
FING-186,1363,2014,1,Progr Methd,4,2,2,8,2015,2,A,2,4.9,f9ba9cc4cd9e47f5c65a8fbb26c6b6d5ef269d286aa2171d378d7651ce5e7779
FING-165,1363,2014,1,Progr Methd,4,2,2,8,2015,2,R,2,3.0,f9ba9cc4cd9e47f5c65a8fbb26c6b6d5ef269d286aa2171d378d7651ce5e7779
FING-157,1363,2014,1,Progr Methd,4,2,2,8,2015,2,R,2,1.5,f9ba9cc4cd9e47f5c65a8fbb26c6b6d5ef269d286aa2171d378d7651ce5e7779
FING-223,1363,2014,1,Progr Methd,4,2,2,8,2015,2,R,2,3.1,f9ba9cc4cd9e47f5c65a8fbb26c6b6d5ef269d286aa2171d378d7651ce5e7779
FING-153,1363,2014,1,Progr Methd,4,2,2,8,2015,2,R,2,2.8,f9ba9cc4cd9e47f5c65a8fbb26c6b6d5ef269d286aa2171d378d7651ce5e7779
FING-17689,1363,2013,1,Progr Parad,4,0,2,6,2015,2,R,2,1.0,ccd981858c1ea839b512426d8dfcd4f88feaec45b731cc0a2f924fd2e6e153d8
FING-217,1363,2014,1,Progr Parad,4,0,2,6,2015,2,R,2,3.3,ccd981858c1ea839b512426d8dfcd4f88feaec45b731cc0a2f924fd2e6e153d8
FING-1782,1363,2015,1,Progr Parad,4,0,2,6,2015,2,A,2,4.5,ccd981858c1ea839b512426d8dfcd4f88feaec45b731cc0a2f924fd2e6e153d8
FING-199,1363,2014,1,Progr Parad,4,0,2,6,2015,2,A,2,5.1,542f1cbab59882c8987cf22f343c79737b3bbfc192312b1449da57e8ffbceb86
FING-23970,1363,2013,1,Progr Parad,4,0,2,6,2015,2,R,2,2.7,542f1cbab59882c8987cf22f343c79737b3bbfc192312b1449da57e8ffbceb86
FING-23970,1363,2013,1,Algorithms,4,0,2,6,2015,2,A,2,4.7,e38a4859f2ef4ae267fdcfaae2275e8c1603705f132a90923c5e03c2f30b9999
FING-192,1363,2014,1,Algorithms,4,0,2,6,2015,2,R,2,2.2,e38a4859f2ef4ae267fdcfaae2275e8c1603705f132a90923c5e03c2f30b9999
FING-12988,1363,2013,1,Algorithms,4,0,2,6,2015,2,A,1,5.3,642a22eb984b5632934968b0535f493930d7b68aad8b0105ce42f03ad83022a4
FING-13105,1363,2013,1,Algorithms,4,0,2,6,2015,2,R,1,3.1,642a22eb984b5632934968b0535f493930d7b68aad8b0105ce42f03ad83022a4
FING-1782,1363,2015,1,Algorithms,4,0,2,6,2015,2,R,2,3.7,642a22eb984b5632934968b0535f493930d7b68aad8b0105ce42f03ad83022a4
FING-1532,1363,2014,1,Formal Language Processing,4,2,2,8,2015,2,R,2,3.5,16b2d5b4c473b956b41412275c081b5cab38d261f201aad7e31443548418f4bc
FING-2898,1363,2015,1,Std Methods,0,0,2,2,2015,2,A,2,5.7,b4e01d344f94e47e81b2c59794d433618e4fac069d8596d7fd31bd2ad1f26cc3
FING-2919,1363,2015,1,Alg 2,4,2,0,6,2015,2,A,2,4.5,f7475fca1cdcb3d772565c1474e5b8132c78ad221eaf9fbd10bdf3e06f37491a
FING-2951,1363,2015,1,Alg 2,4,2,0,6,2015,2,A,2,5.0,f7475fca1cdcb3d772565c1474e5b8132c78ad221eaf9fbd10bdf3e06f37491a
FING-2918,1363,2015,1,Alg 2,4,2,0,6,2015,2,A,2,5.5,f7475fca1cdcb3d772565c1474e5b8132c78ad221eaf9fbd10bdf3e06f37491a
FING-2933,1363,2015,1,Alg 2,4,2,0,6,2015,2,A,2,4.7,f7475fca1cdcb3d772565c1474e5b8132c78ad221eaf9fbd10bdf3e06f37491a
FING-2960,1363,2015,1,Alg 2,4,2,0,6,2015,2,R,2,3.5,f7475fca1cdcb3d772565c1474e5b8132c78ad221eaf9fbd10bdf3e06f37491a
FING-2915,1363,2015,1,Alg 2,4,2,0,6,2015,2,A,2,5.0,f7475fca1cdcb3d772565c1474e5b8132c78ad221eaf9fbd10bdf3e06f37491a
FING-2905,1363,2015,1,Alg 2,4,2,0,6,2015,2,A,1,4.9,f7475fca1cdcb3d772565c1474e5b8132c78ad221eaf9fbd10bdf3e06f37491a
FING-2909,1363,2015,1,Alg 2,4,2,0,6,2015,2,A,2,4.2,f7475fca1cdcb3d772565c1474e5b8132c78ad221eaf9fbd10bdf3e06f37491a
FING-1528,1363,2014,1,Diff Ec & Num Meth,4,2,0,6,2015,2,R,2,3.1,181e30176d5151f470b4d4ea3330f98226c82602e7fcc8ee6467abea8d0eeeca
FING-184,1363,2014,1,Diff Ec & Num Meth,4,2,0,6,2015,2,A,1,4.5,181e30176d5151f470b4d4ea3330f98226c82602e7fcc8ee6467abea8d0eeeca
FING-2945,1363,2015,1,Fund Progr,4,0,2,6,2015,2,A,2,5.7,38af4d4daf2f18f9b897fcc9f78d7520adc0ce400599e5fa0bc0cb9f212ddcdd
FING-2946,1363,2015,1,Fund Progr,4,0,2,6,2015,2,A,2,5.2,38af4d4daf2f18f9b897fcc9f78d7520adc0ce400599e5fa0bc0cb9f212ddcdd
FING-2933,1363,2015,1,Fund Progr,4,0,2,6,2015,2,R,2,1.7,38af4d4daf2f18f9b897fcc9f78d7520adc0ce400599e5fa0bc0cb9f212ddcdd
FING-191,1363,2014,1,Fund Progr,4,0,2,6,2015,2,A,2,4.1,38af4d4daf2f18f9b897fcc9f78d7520adc0ce400599e5fa0bc0cb9f212ddcdd
FING-1528,1363,2014,1,Fund Progr,4,0,2,6,2015,2,A,2,5.2,38af4d4daf2f18f9b897fcc9f78d7520adc0ce400599e5fa0bc0cb9f212ddcdd
FING-15274,1363,2016,1,Phy 1,4,2,1,7,2016,2,A,2,4.4,f6a9adfbc3b98c2908bdd53b48de5c161e80b51fb449a4e25dea88bcad634efe
FING-6355,1363,2016,1,Phy 1,4,2,1,7,2016,2,R,2,3.4,2b339e7a54e931058f355236a943b26a0f329668d4ec0ef2cb02efb3099d284b
FING-4115,1363,2015,1,Phy 2,4,2,1,7,2016,2,R,2,1.5,d3f7969d2544e512d0d4936f92d78837a96e926233c1693991906544bd069ec2
FING-6354,1363,2016,1,Phy 2,4,2,1,7,2016,2,R,2,1.7,d3f7969d2544e512d0d4936f92d78837a96e926233c1693991906544bd069ec2
FING-5374,1363,2016,1,Phy 2,4,2,1,7,2016,2,R,2,1.2,d3f7969d2544e512d0d4936f92d78837a96e926233c1693991906544bd069ec2
FING-2935,1363,2015,1,Phy 2,4,2,1,7,2016,2,R,1,1.2,e22ef9b038ff225d1952c610a984b5996fdafb5e41bdb7fb2ce22bb66939283b
FING-6359,1363,2016,1,Phy 2,4,2,1,7,2016,2,R,2,2.0,e22ef9b038ff225d1952c610a984b5996fdafb5e41bdb7fb2ce22bb66939283b
FING-6164,1363,2016,1,Phy 2,4,2,1,7,2016,2,R,2,1.8,1517590ccefe5aec2d583bc60e5e750efe2414152a06537ded0b0de72aa824fe
FING-5360,1363,2016,1,Phy 2,4,2,1,7,2016,2,R,2,3.5,1517590ccefe5aec2d583bc60e5e750efe2414152a06537ded0b0de72aa824fe
FING-2989,1363,2016,1,Phy 2,4,2,1,7,2016,2,R,2,3.8,1517590ccefe5aec2d583bc60e5e750efe2414152a06537ded0b0de72aa824fe
FING-5402,1363,2016,1,Phy 2,4,2,1,7,2016,2,A,1,4.3,1517590ccefe5aec2d583bc60e5e750efe2414152a06537ded0b0de72aa824fe
FING-3928,1363,2015,1,Phy 2,4,2,1,7,2016,2,A,2,4.5,1517590ccefe5aec2d583bc60e5e750efe2414152a06537ded0b0de72aa824fe
FING-5349,1363,2016,1,Phy 2,4,2,1,7,2016,2,A,2,4.9,1517590ccefe5aec2d583bc60e5e750efe2414152a06537ded0b0de72aa824fe
FING-2931,1363,2016,1,Phy 2,4,2,1,7,2016,2,R,2,2.4,1517590ccefe5aec2d583bc60e5e750efe2414152a06537ded0b0de72aa824fe
FING-6281,1363,2016,1,Phy 2,4,2,1,7,2016,2,A,2,4.8,1517590ccefe5aec2d583bc60e5e750efe2414152a06537ded0b0de72aa824fe
FING-6364,1363,2016,1,Phy 2,4,2,1,7,2016,2,R,2,3.5,1517590ccefe5aec2d583bc60e5e750efe2414152a06537ded0b0de72aa824fe
FING-5401,1363,2016,1,Phy 2,4,2,1,7,2016,2,R,2,1.6,1517590ccefe5aec2d583bc60e5e750efe2414152a06537ded0b0de72aa824fe
FING-5382,1363,2016,1,Phy 2,4,2,1,7,2016,2,A,2,4.2,0eaa9a35fba33e162482a6441aaec91ea10944da309b39b55f71de7db41392c6
FING-4190,1363,2015,1,Phy 2,4,2,1,7,2016,2,R,2,2.6,0eaa9a35fba33e162482a6441aaec91ea10944da309b39b55f71de7db41392c6
FING-5376,1363,2016,1,Phy 2,4,2,1,7,2016,2,R,2,2.2,0eaa9a35fba33e162482a6441aaec91ea10944da309b39b55f71de7db41392c6
FING-2908,1363,2015,1,Phy 2,4,2,1,7,2016,2,A,1,4.3,0eaa9a35fba33e162482a6441aaec91ea10944da309b39b55f71de7db41392c6
FING-2898,1363,2015,1,Phy 2,4,2,1,7,2016,2,R,2,1.0,f66d6c069fdc8c857d48b530cfbc119ee24fd11b655426b8e6002c32537834c2
FING-228,1363,2015,1,Phy 2,4,2,1,7,2016,2,R,2,2.0,f66d6c069fdc8c857d48b530cfbc119ee24fd11b655426b8e6002c32537834c2
FING-6350,1363,2016,1,Phy 2,4,2,1,7,2016,2,R,2,2.0,f66d6c069fdc8c857d48b530cfbc119ee24fd11b655426b8e6002c32537834c2
FING-2955,1363,2015,1,Phy 2,4,2,1,7,2016,2,R,2,1.4,f66d6c069fdc8c857d48b530cfbc119ee24fd11b655426b8e6002c32537834c2
FING-5381,1363,2016,1,Phy 2,4,2,1,7,2016,2,R,2,3.0,f66d6c069fdc8c857d48b530cfbc119ee24fd11b655426b8e6002c32537834c2
FING-2910,1363,2015,1,Phy 2,4,2,1,7,2016,2,R,1,2.6,f66d6c069fdc8c857d48b530cfbc119ee24fd11b655426b8e6002c32537834c2
FING-5353,1363,2016,1,Phy 2,4,2,1,7,2016,2,R,2,1.2,f66d6c069fdc8c857d48b530cfbc119ee24fd11b655426b8e6002c32537834c2
FING-5369,1363,2016,1,Phy 2,4,2,1,7,2016,2,R,2,1.5,f66d6c069fdc8c857d48b530cfbc119ee24fd11b655426b8e6002c32537834c2
FING-1472,1363,2014,1,Elect & Mag,4,2,1,7,2016,2,R,2,1.8,19beb6b43c539c48b2b2ee1d38b0ee40dacf4899e54107b0b80dce3ebe323564
FING-191,1363,2014,1,Elect & Mag,4,2,1,7,2016,2,R,2,1.2,19beb6b43c539c48b2b2ee1d38b0ee40dacf4899e54107b0b80dce3ebe323564
FING-222,1363,2014,1,Elect & Mag,4,2,1,7,2016,2,A,2,4.5,19beb6b43c539c48b2b2ee1d38b0ee40dacf4899e54107b0b80dce3ebe323564
FING-157,1363,2014,1,Elect & Mag,4,2,1,7,2016,2,R,2,2.7,41478a8b72da27e1b7b4cac9dd254c1d624780ba4ce6d7c7cb1d9fe290612c3d
FING-2915,1363,2015,1,Elect & Mag,4,2,1,7,2016,2,R,2,1.1,41478a8b72da27e1b7b4cac9dd254c1d624780ba4ce6d7c7cb1d9fe290612c3d
FING-2945,1363,2015,1,Elect & Mag,4,2,1,7,2016,2,A,2,4.9,9f71e49893ce5f047a788d02c660ddc1cd2da5adeec02ee735c054072dec4256
FING-192,1363,2014,1,Elect & Mag,4,2,1,7,2016,2,A,2,4.1,df15b93892ec09f54dfe198ad4bb734cf2d45ca585299aa26bfa95e1636fce73
FING-2919,1363,2015,1,Elect & Mag,4,2,1,7,2016,2,R,2,1.6,df15b93892ec09f54dfe198ad4bb734cf2d45ca585299aa26bfa95e1636fce73
FING-2960,1363,2015,1,Elect & Mag,4,2,1,7,2016,2,R,2,1.5,df15b93892ec09f54dfe198ad4bb734cf2d45ca585299aa26bfa95e1636fce73
FING-7307,1363,2017,1,Cal 1,6,2,0,8,2017,2,R,1,3.7,ada1a8652f898b79af7d71eeaf368558504e1187b472a12399598845c1955fe3
FING-7316,1363,2017,1,Cal 1,6,2,0,8,2017,2,A,2,4.0,d5f0c5974075d6921ee86c4785d64f875008fae4a5f9ab50325310c0de3a911b
FING-7312,1363,2017,1,Cal 1,6,2,0,8,2017,2,A,2,4.5,d5f0c5974075d6921ee86c4785d64f875008fae4a5f9ab50325310c0de3a911b
FING-8361,1363,2017,1,Cal 1,6,2,0,8,2017,2,A,2,4.2,d5f0c5974075d6921ee86c4785d64f875008fae4a5f9ab50325310c0de3a911b
FING-7300,1363,2017,1,Cal 1,6,2,0,8,2017,2,A,2,4.3,d5f0c5974075d6921ee86c4785d64f875008fae4a5f9ab50325310c0de3a911b
FING-8359,1363,2017,1,Cal 1,6,2,0,8,2017,2,A,2,4.2,d5f0c5974075d6921ee86c4785d64f875008fae4a5f9ab50325310c0de3a911b
FING-29416,1363,2017,1,Cal 1,6,2,0,8,2017,2,A,2,5.0,d5f0c5974075d6921ee86c4785d64f875008fae4a5f9ab50325310c0de3a911b
FING-7352,1363,2017,1,Cal 1,6,2,0,8,2017,2,R,2,2.2,679de43c5ee1f85bb033a4e4ba64ad988864023094396a16c3b1dd2a2a8d2dcb
FING-7327,1363,2017,1,Cal 1,6,2,0,8,2017,2,R,2,2.2,ce9bb794b4845a96bcb70f744980d1cfd7e192f7aba107ffad3a558f492efa0d
FING-15282,1363,2017,1,Cal 1,6,2,0,8,2017,2,A,1,4.0,5c1b56c44ae252bb24a2439b8e9c45b1ee1f89cc8f5cfa4376397173245ef6fd
FING-7352,1363,2017,1,Alg 1,6,2,0,8,2017,2,A,2,4.0,5c1b56c44ae252bb24a2439b8e9c45b1ee1f89cc8f5cfa4376397173245ef6fd
FING-7307,1363,2017,1,Alg 1,6,2,0,8,2017,2,A,1,4.2,5c1b56c44ae252bb24a2439b8e9c45b1ee1f89cc8f5cfa4376397173245ef6fd
FING-7312,1363,2017,1,Alg 1,6,2,0,8,2017,2,A,2,4.4,5c1b56c44ae252bb24a2439b8e9c45b1ee1f89cc8f5cfa4376397173245ef6fd
FING-8361,1363,2017,1,Alg 1,6,2,0,8,2017,2,A,2,4.6,5c1b56c44ae252bb24a2439b8e9c45b1ee1f89cc8f5cfa4376397173245ef6fd
FING-7300,1363,2017,1,Alg 1,6,2,0,8,2017,2,A,2,5.0,5c1b56c44ae252bb24a2439b8e9c45b1ee1f89cc8f5cfa4376397173245ef6fd
FING-8359,1363,2017,1,Alg 1,6,2,0,8,2017,2,A,2,4.7,5c1b56c44ae252bb24a2439b8e9c45b1ee1f89cc8f5cfa4376397173245ef6fd
FING-29416,1363,2017,1,Alg 1,6,2,0,8,2017,2,A,2,4.5,5c1b56c44ae252bb24a2439b8e9c45b1ee1f89cc8f5cfa4376397173245ef6fd
FING-7327,1363,2017,1,Alg 1,6,2,0,8,2017,2,R,2,3.2,c20990256923145e12cc95b746304d47ac14b7609d5deed25b1edacffc507e8a
FING-5353,1363,2016,1,Cal 2,6,2,0,8,2017,2,A,2,4.7,146d264f13828d777fc7d1851ab7a7fe7067b173f4bc543116c44f86feef5130
FING-1221,1363,2017,1,Cal 2,6,2,0,8,2017,2,A,2,4.1,bf9a4f134286b7a9ed7dbd00bb89843f370a0a7a6e907355ead0b09e8a867c9f
FING-7349,1363,2017,1,Cal 2,6,2,0,8,2017,2,A,2,4.3,bf9a4f134286b7a9ed7dbd00bb89843f370a0a7a6e907355ead0b09e8a867c9f
FING-5401,1363,2016,1,Cal 2,6,2,0,8,2017,2,A,2,4.1,56a3d6902679774decd90c6418cb72b900fccac84dbd7a90839a5fcc227537b2
FING-8308,1363,2017,1,Cal 2,6,2,0,8,2017,2,A,2,4.2,8508436b0f900192b9c554f5c427e8274f4a2527a29c26777931111848b081b4
FING-8195,1363,2017,1,Cal 2,6,2,0,8,2017,2,R,2,2.0,8508436b0f900192b9c554f5c427e8274f4a2527a29c26777931111848b081b4
FING-6354,1363,2016,1,Cal 2,6,2,0,8,2017,2,A,2,4.3,8508436b0f900192b9c554f5c427e8274f4a2527a29c26777931111848b081b4
FING-15274,1363,2016,1,Cal 2,6,2,0,8,2017,2,A,2,4.8,8508436b0f900192b9c554f5c427e8274f4a2527a29c26777931111848b081b4
FING-7341,1363,2017,1,Cal 2,6,2,0,8,2017,2,R,1,2.1,8508436b0f900192b9c554f5c427e8274f4a2527a29c26777931111848b081b4
FING-12860,1363,2012,1,Intro Eng,0,0,2,2,2012,1,A,2,5.1,
FING-12860,1363,2012,1,Eng 1,0,0,2,2,2013,1,A,2,6.7,
FING-12860,1363,2012,1,Cal 3,4,2,0,6,2013,2,A,2,4.6,
FING-12860,1363,2012,1,Elect & Mag,4,2,1,7,2013,2,A,2,4.9,
FING-12860,1363,2012,1,Std Methods,0,0,2,2,2012,1,A,2,6.3,
FING-12860,1363,2012,1,Eff Comm,0,0,2,2,2013,1,A,2,5.6,
FING-23970,1363,2013,1,Std Methods,0,0,2,2,2013,1,A,2,4.6,
FING-192,1363,2013,1,Std Methods,0,0,2,2,2013,1,A,2,4.8,
FING-192,1363,2013,1,Intro Eng,0,0,2,2,2013,1,A,2,5.4,
FING-9150,1363,2018,1,Alg 1,6,2,0,8,2018,1,A,1,5.1,8f76c3c9624622bf49eaf281bc72c03859c96fa850b904deafda3adcacf92130
FING-9172,1363,2018,1,Alg 1,6,2,0,8,2018,1,R,2,2.4,8f76c3c9624622bf49eaf281bc72c03859c96fa850b904deafda3adcacf92130
FING-9208,1363,2018,1,Alg 1,6,2,0,8,2018,1,R,2,2.1,8f76c3c9624622bf49eaf281bc72c03859c96fa850b904deafda3adcacf92130
FING-28124,1363,2018,1,Alg 1,6,2,0,8,2018,1,A,2,4.3,ef6ccd1d33c1fb7c6e4d922f2443f61e30542dc1c540dbd46f505981927475a4
FING-9193,1363,2018,1,Alg 1,6,2,0,8,2018,1,R,2,1.1,d5f0c5974075d6921ee86c4785d64f875008fae4a5f9ab50325310c0de3a911b
FING-10014,1363,2018,1,Alg 1,6,2,0,8,2018,1,A,2,4.3,d5f0c5974075d6921ee86c4785d64f875008fae4a5f9ab50325310c0de3a911b
FING-9191,1363,2018,1,Alg 1,6,2,0,8,2018,1,A,2,4.3,d5f0c5974075d6921ee86c4785d64f875008fae4a5f9ab50325310c0de3a911b
FING-9202,1363,2018,1,Alg 1,6,2,0,8,2018,1,A,1,6.5,e5a61f3d4018f69c73f9e1dede989e7987d481e58e72554c714897ff90834af8
FING-10176,1363,2018,1,Alg 1,6,2,0,8,2018,1,R,2,2.5,e5a61f3d4018f69c73f9e1dede989e7987d481e58e72554c714897ff90834af8
FING-7307,1363,2017,1,Alg 2,4,2,0,6,2018,1,A,1,4.7,8f76c3c9624622bf49eaf281bc72c03859c96fa850b904deafda3adcacf92130
FING-7306,1363,2017,1,Alg 2,4,2,0,6,2018,1,A,1,5.3,8f76c3c9624622bf49eaf281bc72c03859c96fa850b904deafda3adcacf92130
FING-2919,1363,2015,1,Stat Analys,4,2,0,6,2018,1,A,2,5.1,cb12c444adb814e44382a71bf9cac035de445d205abf2278b9f8f5739247e814
FING-5360,1363,2016,1,Stat Analys,4,2,0,6,2018,1,R,2,2.7,b668a1dd0b7fc9613e9eba607a925b31589677ce4ea1ce81f137e07d44635741
FING-6350,1363,2016,1,Stat Analys,4,2,0,6,2018,1,R,2,3.3,b668a1dd0b7fc9613e9eba607a925b31589677ce4ea1ce81f137e07d44635741
FING-5381,1363,2016,1,Stat Analys,4,2,0,6,2018,1,R,2,2.0,b668a1dd0b7fc9613e9eba607a925b31589677ce4ea1ce81f137e07d44635741
FING-5402,1363,2016,1,Stat Analys,4,2,0,6,2018,1,A,1,5.0,b668a1dd0b7fc9613e9eba607a925b31589677ce4ea1ce81f137e07d44635741
FING-5387,1363,2016,1,Stat Analys,4,2,0,6,2018,1,A,2,4.0,b668a1dd0b7fc9613e9eba607a925b31589677ce4ea1ce81f137e07d44635741
FING-6354,1363,2016,1,Stat Analys,4,2,0,6,2018,1,R,2,2.8,b668a1dd0b7fc9613e9eba607a925b31589677ce4ea1ce81f137e07d44635741
FING-2933,1363,2015,1,Stat Analys,4,2,0,6,2018,1,A,2,6.0,b668a1dd0b7fc9613e9eba607a925b31589677ce4ea1ce81f137e07d44635741
FING-6350,1363,2016,1,Diff Ec & Num Meth,4,2,0,6,2018,1,R,2,2.0,0273a82eb29bb351d1c24137c450c6dc8cbebb7e6fc0029846691d238e3392af
FING-15274,1363,2016,1,Diff Ec & Num Meth,4,2,0,6,2018,1,R,2,3.1,0273a82eb29bb351d1c24137c450c6dc8cbebb7e6fc0029846691d238e3392af
FING-2989,1363,2016,1,Cal 3,4,2,0,6,2018,1,R,2,3.3,5edc2f51e0bbed3ddd612a9f8ba01fa514db75f50615cf064f1aaf2fa14f00a1
FING-5349,1363,2016,1,Cal 3,4,2,0,6,2018,1,R,2,3.1,5edc2f51e0bbed3ddd612a9f8ba01fa514db75f50615cf064f1aaf2fa14f00a1
FING-5376,1363,2016,1,Cal 3,4,2,0,6,2018,1,A,2,4.0,5edc2f51e0bbed3ddd612a9f8ba01fa514db75f50615cf064f1aaf2fa14f00a1
FING-6491,1363,2017,1,Cal 3,4,2,0,6,2018,1,A,2,4.2,5edc2f51e0bbed3ddd612a9f8ba01fa514db75f50615cf064f1aaf2fa14f00a1
FING-28068,1363,2018,1,Intro Eng,0,0,2,2,2018,1,A,1,5.2,68e55ae6f7dfd204af8fca9c971b08f70c8ee6490d1b335ad3800634f7197fa8
FING-9160,1363,2018,1,Intro Eng,0,0,2,2,2018,1,A,2,4.1,68e55ae6f7dfd204af8fca9c971b08f70c8ee6490d1b335ad3800634f7197fa8
FING-28159,1363,2018,1,Intro Eng,0,0,2,2,2018,1,A,2,6.0,68e55ae6f7dfd204af8fca9c971b08f70c8ee6490d1b335ad3800634f7197fa8
FING-9202,1363,2018,1,Intro Eng,0,0,2,2,2018,1,A,1,5.2,68e55ae6f7dfd204af8fca9c971b08f70c8ee6490d1b335ad3800634f7197fa8
FING-10176,1363,2018,1,Intro Eng,0,0,2,2,2018,1,A,2,5.4,68e55ae6f7dfd204af8fca9c971b08f70c8ee6490d1b335ad3800634f7197fa8
FING-9171,1363,2018,1,Intro Eng,0,0,2,2,2018,1,A,2,6.0,68e55ae6f7dfd204af8fca9c971b08f70c8ee6490d1b335ad3800634f7197fa8
FING-1782,1363,2015,1,Security and IT Auditing,4,0,2,6,2019,1,A,2,5.7,94af4255f2264aeeb90b493600237d1db55f158480e988820092971c6ceb75a1
FING-5767,1363,2017,2,SoftEng Fund,4,2,0,6,2019,1,A,2,4.2,50ef7af33e399196fd03422a15dab72129669feb547029ad89552c189a5accb5
FING-5376,1363,2016,1,SoftEng Fund,4,2,0,6,2019,1,A,2,4.3,50ef7af33e399196fd03422a15dab72129669feb547029ad89552c189a5accb5
FING-5767,1363,2017,2,Networks,4,2,2,8,2019,1,R,2,3.8,6ac1bc49bbbee7eb8a61ba9ddbb9373b5e8e859ce218a87c731fc76ce0b464f7
FING-6281,1363,2016,1,Networks,4,2,2,8,2019,1,A,2,5.6,6ac1bc49bbbee7eb8a61ba9ddbb9373b5e8e859ce218a87c731fc76ce0b464f7
FING-6491,1363,2017,1,Networks,4,2,2,8,2019,1,R,2,3.2,6ac1bc49bbbee7eb8a61ba9ddbb9373b5e8e859ce218a87c731fc76ce0b464f7
FING-6491,1363,2017,1,SoftEng Methods,4,2,0,6,2019,1,A,2,5.9,3221f42f64144bbf31bd3850691b5a66b89783586a0a613e87d6e9a1b02c4cb7
FING-2919,1363,2015,1,Comp Org,4,1,1,6,2019,1,A,2,4.2,cec81ee66a411914454dc487ece9a19e89f26d9cfa941ac1eb4885f74a77c639
FING-3928,1363,2015,1,Comp Org,4,1,1,6,2019,1,A,2,4.6,cec81ee66a411914454dc487ece9a19e89f26d9cfa941ac1eb4885f74a77c639
FING-5376,1363,2016,1,Comp Org,4,1,1,6,2019,1,A,2,4.6,cec81ee66a411914454dc487ece9a19e89f26d9cfa941ac1eb4885f74a77c639
FING-5381,1363,2016,1,Progr Parad,4,0,2,6,2019,1,R,2,2.1,ccd981858c1ea839b512426d8dfcd4f88feaec45b731cc0a2f924fd2e6e153d8
FING-5402,1363,2016,1,Progr Parad,4,0,2,6,2019,1,A,1,4.7,ccd981858c1ea839b512426d8dfcd4f88feaec45b731cc0a2f924fd2e6e153d8
FING-7760,1363,2018,1,Progr Parad,4,0,2,6,2019,1,A,2,5.1,ccd981858c1ea839b512426d8dfcd4f88feaec45b731cc0a2f924fd2e6e153d8
FING-6281,1363,2016,1,Formal Language Processing,4,2,2,8,2019,1,A,2,4.7,16b2d5b4c473b956b41412275c081b5cab38d261f201aad7e31443548418f4bc
FING-7760,1363,2018,1,Formal Language Processing,4,2,2,8,2019,1,A,2,4.2,16b2d5b4c473b956b41412275c081b5cab38d261f201aad7e31443548418f4bc
FING-6491,1363,2017,1,Formal Language Processing,4,2,2,8,2019,1,A,2,4.4,16b2d5b4c473b956b41412275c081b5cab38d261f201aad7e31443548418f4bc
FING-6491,1363,2017,1,Anthropology and Engineering,4,0,0,4,2019,1,A,2,5.6,28705518ad54de7ff7a728187f822af28090208020a6a3846171a17906851fe5
FING-1532,1363,2014,1,Elective VI,4,0,2,6,2019,1,A,2,5.7,2b1d8c7cd31102501d76a2c0bdf491788e9c2333c5417b842cba275d94e9a379
FING-6281,1363,2016,1,Syst Eng,4,2,0,6,2019,1,A,2,4.9,3b18591e1c3394aae96d32fb09f8c2c4ceecab4aab861b361fd16ff9b2dd12a7
FING-5376,1363,2016,1,Syst Eng,4,2,0,6,2019,1,A,2,4.4,3b18591e1c3394aae96d32fb09f8c2c4ceecab4aab861b361fd16ff9b2dd12a7
FING-7760,1363,2018,1,Macroeconomics,4,0,0,4,2021,1,A,2,5.1,90e37d439b3ffcadaccfc43e752e3beb562da4c9e551374fdcb071bc72e4cf0c
FING-5767,1363,2017,2,Eng and Soc,4,0,2,6,2021,1,A,2,4.6,9e112ea5f559302bc7fc75dd04bfb80149ad42a058209f1b3693d2a2f5554f5c
FING-7316,1363,2017,1,Syst Eng,4,2,0,6,2021,1,A,2,4.3,d41fe4601059434462606fb57b519211d3d3de9d965cdcc6b2c7fa79ba4f6f55
FING-9171,1363,2018,1,Syst Eng,4,2,0,6,2021,1,A,2,4.1,d41fe4601059434462606fb57b519211d3d3de9d965cdcc6b2c7fa79ba4f6f55
FING-10014,1363,2018,1,Statistical Inference,4,2,0,6,2021,1,R,2,3.5,c1e4635e6d285e41246f10c26345ab46753a2410b81286e3de6f4577af5f89c3
FING-11129,1363,2019,1,Eng 2,0,0,2,2,2021,1,A,2,7.0,8a9a034d755b486192c8b26fcf78f976b7c88c3efc59ff1630d4ba991cba0c40
FING-11178,1363,2019,1,Eng 2,0,0,2,2,2021,1,A,2,5.8,8a9a034d755b486192c8b26fcf78f976b7c88c3efc59ff1630d4ba991cba0c40
FING-4371,1363,2018,1,Eng 2,0,0,2,2,2021,1,A,2,7.0,b0ec3cd5bbb3a60c964c1cf862b24432a65417925c31daa1d2efd37f6de6ee63
FING-15350,1363,2020,2,Eng 3,0,0,2,2,2021,1,A,2,5.5,aa688f32ae5ebd7346a0444171c1c97008a7bea316a5c9e3e3073bafae37732b
FING-11164,1363,2019,1,Eng 3,0,0,2,2,2021,1,A,2,5.3,9f66bc7cfc89ba1c8e896cc6f9de8807632f1bbfb15fd67de293651bb5e3ad75
FING-11151,1363,2019,1,Eng 3,0,0,2,2,2021,1,A,1,4.9,9f66bc7cfc89ba1c8e896cc6f9de8807632f1bbfb15fd67de293651bb5e3ad75
FING-11159,1363,2019,1,Cal 2,6,2,0,8,2021,1,A,2,4.1,562b4568b34df21f500469d29e4b380d801fdb38a9cd944abc021ff53cfce54b
FING-11089,1363,2019,1,Stat Analys,4,2,0,6,2021,1,R,2,2.7,717de10ba7028ece9212f63482eb2bccf95985b28c4c84c7c80956b04bb28f8f
FING-11123,1363,2019,1,Stat Analys,4,2,0,6,2021,1,A,2,4.9,717de10ba7028ece9212f63482eb2bccf95985b28c4c84c7c80956b04bb28f8f
FING-11113,1363,2019,1,Stat Analys,4,2,0,6,2021,1,R,2,1.8,717de10ba7028ece9212f63482eb2bccf95985b28c4c84c7c80956b04bb28f8f
FING-9136,1363,2018,1,Stat Analys,4,2,0,6,2021,1,R,2,1.2,717de10ba7028ece9212f63482eb2bccf95985b28c4c84c7c80956b04bb28f8f
FING-28068,1363,2018,1,SoftEng Fund,4,2,0,6,2021,1,A,1,5.5,404652f27c678ee0a14533c8803441cb567c482937f33b24063b19867605866a
FING-9611,1363,2019,2,SoftEng Fund,4,2,0,6,2021,1,A,2,5.9,404652f27c678ee0a14533c8803441cb567c482937f33b24063b19867605866a
FING-7312,1363,2017,1,Formal Language Processing,4,2,2,8,2021,2,A,2,4.7,16b2d5b4c473b956b41412275c081b5cab38d261f201aad7e31443548418f4bc
FING-9208,1363,2018,1,Formal Language Processing,4,2,2,8,2021,2,R,2,2.8,16b2d5b4c473b956b41412275c081b5cab38d261f201aad7e31443548418f4bc
FING-11749,1363,2020,1,Formal Language Processing,4,2,2,8,2021,2,A,2,4.8,16b2d5b4c473b956b41412275c081b5cab38d261f201aad7e31443548418f4bc
FING-11164,1363,2019,1,Formal Language Processing,4,2,2,8,2021,2,R,2,3.1,16b2d5b4c473b956b41412275c081b5cab38d261f201aad7e31443548418f4bc
FING-7307,1363,2017,1,Formal Language Processing,4,2,2,8,2021,2,A,1,4.2,16b2d5b4c473b956b41412275c081b5cab38d261f201aad7e31443548418f4bc
FING-28124,1363,2018,1,Formal Language Processing,4,2,2,8,2021,2,R,2,2.0,16b2d5b4c473b956b41412275c081b5cab38d261f201aad7e31443548418f4bc
FING-9191,1363,2018,1,Formal Language Processing,4,2,2,8,2021,2,R,2,2.8,16b2d5b4c473b956b41412275c081b5cab38d261f201aad7e31443548418f4bc
FING-9171,1363,2018,1,Formal Language Processing,4,2,2,8,2021,2,R,2,1.4,16b2d5b4c473b956b41412275c081b5cab38d261f201aad7e31443548418f4bc
FING-7760,1363,2018,1,Eng and Soc,4,0,2,6,2021,2,A,2,5.7,9e112ea5f559302bc7fc75dd04bfb80149ad42a058209f1b3693d2a2f5554f5c
FING-6491,1363,2017,1,Eng and Soc,4,0,2,6,2021,2,A,2,4.4,9e112ea5f559302bc7fc75dd04bfb80149ad42a058209f1b3693d2a2f5554f5c
FING-11168,1363,2019,1,Syst Eng,4,2,0,6,2021,2,R,2,2.0,c72589d68256189170bf7f9b01833c29e775b289fb07c42175439e0d5cdfcf53
FING-11122,1363,2019,1,Syst Eng,4,2,0,6,2021,2,R,1,1.1,c72589d68256189170bf7f9b01833c29e775b289fb07c42175439e0d5cdfcf53
FING-11182,1363,2019,1,Syst Eng,4,2,0,6,2021,2,R,2,1.4,c72589d68256189170bf7f9b01833c29e775b289fb07c42175439e0d5cdfcf53
FING-7300,1363,2017,1,Syst Eng,4,2,0,6,2021,2,R,2,1.7,c72589d68256189170bf7f9b01833c29e775b289fb07c42175439e0d5cdfcf53
FING-4324,1363,2012,1,Chemistry,4,2,0,6,2012,2,A,2,4.0,d09dbd993f9186276f28845a72ddff27baf472b523a39c43047ba9733e7826f4
FING-1802,1363,2012,1,Chemistry,4,2,0,6,2012,2,R,2,3.1,7c66b56e832e0d24d067aa6b42a14734ca05be544765bbc733dc1050d5ad71a4
FING-666,1363,2012,1,Chemistry,4,2,0,6,2012,2,R,2,2.3,7c66b56e832e0d24d067aa6b42a14734ca05be544765bbc733dc1050d5ad71a4
FING-1799,1363,2012,1,Chemistry,4,2,0,6,2012,2,A,2,5.9,7c66b56e832e0d24d067aa6b42a14734ca05be544765bbc733dc1050d5ad71a4
FING-4323,1363,2012,1,Chemistry,4,2,0,6,2012,2,A,2,4.0,7c66b56e832e0d24d067aa6b42a14734ca05be544765bbc733dc1050d5ad71a4
FING-4305,1363,2012,1,Chemistry,4,2,0,6,2012,2,R,2,2.0,9721a6b593b134a940b7e8e7daac7fbcb0ab2b9681cc12a67a9eefade6b0c2a9
FING-4306,1363,2012,1,Chemistry,4,2,0,6,2012,2,A,2,4.4,9721a6b593b134a940b7e8e7daac7fbcb0ab2b9681cc12a67a9eefade6b0c2a9
FING-4312,1363,2012,1,Chemistry,4,2,0,6,2012,2,R,2,2.2,e37787d29f1d466eae70c141b9cd873db235921ddf13238975b19ab9a08febb5
FING-4319,1363,2012,1,Chemistry,4,2,0,6,2012,2,R,2,3.1,19a8a65afc40b637e8c24e2744adb5bffc09cf9a58110f9a0f2abb75f52f1357
FING-12915,1363,2012,2,IPD Workshop,2,0,2,4,2012,2,A,1,6.3,8701dd7aa7e88e62732e08a9ad180b865064746e39b121800c57e7c7bc8f4a18
FING-12915,1363,2012,2,Cal 2,6,2,0,8,2014,1,A,1,4.3,4d1735bd404f48d4855de32dbd8c65be393f2ce0ae0955c99ea591fbd6921f00
FING-4311,1363,2013,1,Cal 2,6,2,0,8,2014,1,A,2,5.1,c08a48b7dc87852ac219b3fa8b132e2aba0f0a5f7d9acb57507b5f6e8307c530
FING-4319,1363,2012,1,Cal 2,6,2,0,8,2014,1,A,2,4.5,1c702013c61a4e9c3d55a6cab9307e9dd956c95b7bc9c9eaecbcaad761f589f1
FING-4323,1363,2012,1,Stat Analys,4,2,0,6,2014,1,R,2,1.8,80ba212777d65715fa75beef6c200e1ff774ccae49bced566a5496db704f4a11
FING-4313,1363,2012,1,Stat Analys,4,2,0,6,2014,1,R,2,2.6,80ba212777d65715fa75beef6c200e1ff774ccae49bced566a5496db704f4a11
FING-4324,1363,2012,1,Stat Analys,4,2,0,6,2014,1,R,2,1.2,59bf6a1d7c4d01ab2ca1a2d14928d408c80b4df5a45d0cda10f77ef3b1ef0f03
FING-4305,1363,2012,1,Diff Ec & Num Meth,4,2,0,6,2014,1,A,2,4.2,bf94262a3cdb991e7eabe861f41bd9d8a5db6b3a312f5307ae389d047b610ea3
FING-4321,1363,2012,1,Diff Ec & Num Meth,4,2,0,6,2014,1,R,2,2.4,bf94262a3cdb991e7eabe861f41bd9d8a5db6b3a312f5307ae389d047b610ea3
FING-1532,1363,2014,1,Diff Ec & Num Meth,4,2,0,6,2014,1,A,2,4.4,bf94262a3cdb991e7eabe861f41bd9d8a5db6b3a312f5307ae389d047b610ea3
FING-179,1363,2014,1,Intro Eng,0,0,2,2,2014,1,A,2,5.2,5e1cfd50bb92858762c45acc5ce2009f31c627ef33e00d202102e307d0aafc5f
FING-173,1363,2014,1,Intro Eng,0,0,2,2,2014,1,A,2,5.2,5e1cfd50bb92858762c45acc5ce2009f31c627ef33e00d202102e307d0aafc5f
FING-223,1363,2014,1,Intro Eng,0,0,2,2,2014,1,A,2,5.2,5e1cfd50bb92858762c45acc5ce2009f31c627ef33e00d202102e307d0aafc5f
FING-219,1363,2014,1,Intro Eng,0,0,2,2,2014,1,A,2,5.7,e18b59ae90989c37a7fd90d0d339e5203132e476cd9c7098bdf8980cd0a8a6ec
FING-1221,1363,2014,1,Std Methods,0,0,2,2,2014,1,A,2,5.2,15d8fa612333f7e85381ecc16be1b11e169b2cbe85c48dd0424cb6ed977747db
FING-205,1363,2014,1,Std Methods,0,0,2,2,2014,1,A,2,5.9,15d8fa612333f7e85381ecc16be1b11e169b2cbe85c48dd0424cb6ed977747db
FING-179,1363,2014,1,Std Methods,0,0,2,2,2014,1,A,2,6.3,15d8fa612333f7e85381ecc16be1b11e169b2cbe85c48dd0424cb6ed977747db
FING-173,1363,2014,1,Std Methods,0,0,2,2,2014,1,A,2,5.9,15d8fa612333f7e85381ecc16be1b11e169b2cbe85c48dd0424cb6ed977747db
FING-223,1363,2014,1,Std Methods,0,0,2,2,2014,1,A,2,5.5,15d8fa612333f7e85381ecc16be1b11e169b2cbe85c48dd0424cb6ed977747db
FING-1221,1363,2014,1,Cal 1,6,2,0,8,2014,1,R,2,2.2,8869d682d6ecc8b09fafd19be713a867b6307825799e9d6837aebf7d84cd7734
FING-205,1363,2014,1,Cal 1,6,2,0,8,2014,1,A,2,4.7,8869d682d6ecc8b09fafd19be713a867b6307825799e9d6837aebf7d84cd7734
FING-4307,1363,2013,1,Fund Progr,4,0,2,6,2014,1,A,2,5.4,8fc354712e052a11fdeaf78994ee40c6ba2ba5ddccf30a51329bd321e0cbc5b6
FING-4312,1363,2012,1,SoftEng Fund,4,2,0,6,2014,1,R,2,3.8,b2f2e408712fcc4c0629e46d1d41084bdf94f09a5b5d8e6e22c090c72be3d8c0
FING-12860,1363,2012,1,SoftEng Fund,4,2,0,6,2014,1,A,2,5.3,b2f2e408712fcc4c0629e46d1d41084bdf94f09a5b5d8e6e22c090c72be3d8c0
FING-12860,1363,2012,1,Syst Eng,4,2,0,6,2014,1,A,2,5.5,60ce27515b352c8179aff14e8d8faff2523573adadb0770699724d2100baeead
FING-1799,1363,2012,1,Syst Eng,4,2,0,6,2014,1,A,2,4.8,60ce27515b352c8179aff14e8d8faff2523573adadb0770699724d2100baeead
FING-4313,1363,2012,1,Progr Parad,4,0,2,6,2014,1,A,2,4.1,21b4f61ec920768b67695abe34bef0855795ccb2ec7a57100ad52cc06a118ac2
FING-4306,1363,2012,1,Progr Parad,4,0,2,6,2014,1,R,2,1.5,21b4f61ec920768b67695abe34bef0855795ccb2ec7a57100ad52cc06a118ac2
FING-4312,1363,2012,1,DB Design,4,1,1,6,2014,1,R,2,1.9,e7664f59ac17269c7b8850165be580d22f8815f1b1dee14b1468d917d36b1b1e
FING-12860,1363,2012,1,DB Design,4,1,1,6,2014,1,R,2,3.7,e7664f59ac17269c7b8850165be580d22f8815f1b1dee14b1468d917d36b1b1e
FING-4305,1363,2012,1,Progr Methd,4,2,2,8,2014,1,A,2,4.3,f9ba9cc4cd9e47f5c65a8fbb26c6b6d5ef269d286aa2171d378d7651ce5e7779
FING-13024,1363,2013,1,Progr Methd,4,2,2,8,2014,1,R,2,3.5,f9ba9cc4cd9e47f5c65a8fbb26c6b6d5ef269d286aa2171d378d7651ce5e7779
FING-4309,1363,2013,1,Progr Methd,4,2,2,8,2014,1,A,2,5.2,f9ba9cc4cd9e47f5c65a8fbb26c6b6d5ef269d286aa2171d378d7651ce5e7779
FING-13134,1363,2013,1,Progr Methd,4,2,2,8,2014,1,R,2,2.4,f9ba9cc4cd9e47f5c65a8fbb26c6b6d5ef269d286aa2171d378d7651ce5e7779
FING-23970,1363,2013,1,Progr Methd,4,2,2,8,2014,1,A,2,4.4,c31cbe4df540d9624606faae87f7bf317f5b19593d9fe7d8856a5482bf31ebfd
FING-17689,1363,2013,1,Progr Methd,4,2,2,8,2014,1,R,2,3.1,c31cbe4df540d9624606faae87f7bf317f5b19593d9fe7d8856a5482bf31ebfd
FING-4307,1363,2013,1,Progr Methd,4,2,2,8,2014,1,R,2,3.3,c31cbe4df540d9624606faae87f7bf317f5b19593d9fe7d8856a5482bf31ebfd
FING-4319,1363,2012,1,Progr Parad,4,0,2,6,2014,1,A,2,4.7,ccd981858c1ea839b512426d8dfcd4f88feaec45b731cc0a2f924fd2e6e153d8
FING-4319,1363,2012,1,Algorithms,4,0,2,6,2014,1,A,2,4.7,4b402f61486d553a1ac5cc701a0efb59f3b328062d42bece448d63f444f8f9e1
FING-4313,1363,2012,1,Algorithms,4,0,2,6,2014,1,R,2,1.0,e38a4859f2ef4ae267fdcfaae2275e8c1603705f132a90923c5e03c2f30b9999
FING-4324,1363,2012,1,DB Design,4,1,1,6,2014,1,A,2,5.5,f072b1c51af296c36b788c59183f904422b84d9e501221ec592a879a02a946ed
FING-1799,1363,2012,1,DB Design,4,1,1,6,2014,1,A,2,5.3,f072b1c51af296c36b788c59183f904422b84d9e501221ec592a879a02a946ed
FING-1802,1363,2012,1,Progr Methd,4,2,2,8,2014,1,R,2,1.0,2e635be1742fbb5f651b5408e58e872db0d6c9496b812c32234ed264a55b529a
FING-12915,1363,2012,2,Progr Methd,4,2,2,8,2014,1,R,1,2.1,2e635be1742fbb5f651b5408e58e872db0d6c9496b812c32234ed264a55b529a
FING-1532,1363,2014,1,Progr Methd,4,2,2,8,2014,1,A,2,4.4,2e635be1742fbb5f651b5408e58e872db0d6c9496b812c32234ed264a55b529a
FING-12860,1363,2012,1,Advanced Algorithms,4,2,2,8,2014,1,A,2,5.0,245b64604a8d5d0553dacc990da644b71a70600bca3960b0154ad94b4c33a1f1
FING-4324,1363,2012,1,Advanced Algorithms,4,2,2,8,2014,1,A,2,4.3,245b64604a8d5d0553dacc990da644b71a70600bca3960b0154ad94b4c33a1f1
FING-1799,1363,2012,1,Advanced Algorithms,4,2,2,8,2014,1,R,2,3.4,245b64604a8d5d0553dacc990da644b71a70600bca3960b0154ad94b4c33a1f1
FING-217,1363,2014,1,Finances,4,0,2,6,2015,2,A,2,4.8,90e37d439b3ffcadaccfc43e752e3beb562da4c9e551374fdcb071bc72e4cf0c
FING-227,1363,2014,1,Diff Ec & Num Meth,4,2,0,6,2015,2,R,2,2.4,bf94262a3cdb991e7eabe861f41bd9d8a5db6b3a312f5307ae389d047b610ea3
FING-222,1363,2014,1,Diff Ec & Num Meth,4,2,0,6,2015,2,R,2,2.0,bf94262a3cdb991e7eabe861f41bd9d8a5db6b3a312f5307ae389d047b610ea3
FING-4115,1363,2015,1,Cal 1,6,2,0,8,2015,2,R,2,3.7,928bb54213a20f09fee5f102e05b9920ccba9d5ed93b59e9c92d3e0c98234988
FING-2955,1363,2015,1,Cal 1,6,2,0,8,2015,2,R,2,3.5,928bb54213a20f09fee5f102e05b9920ccba9d5ed93b59e9c92d3e0c98234988
FING-2908,1363,2015,1,Cal 1,6,2,0,8,2015,2,R,1,2.8,928bb54213a20f09fee5f102e05b9920ccba9d5ed93b59e9c92d3e0c98234988
FING-2918,1363,2015,1,Cal 2,6,2,0,8,2015,2,R,2,2.9,1c702013c61a4e9c3d55a6cab9307e9dd956c95b7bc9c9eaecbcaad761f589f1
FING-2933,1363,2015,1,Cal 2,6,2,0,8,2015,2,A,2,5.5,1c702013c61a4e9c3d55a6cab9307e9dd956c95b7bc9c9eaecbcaad761f589f1
FING-2905,1363,2015,1,Cal 2,6,2,0,8,2015,2,R,1,1.9,1c702013c61a4e9c3d55a6cab9307e9dd956c95b7bc9c9eaecbcaad761f589f1
FING-2909,1363,2015,1,Cal 2,6,2,0,8,2015,2,R,2,1.7,1c702013c61a4e9c3d55a6cab9307e9dd956c95b7bc9c9eaecbcaad761f589f1
FING-192,1363,2014,1,Cal 2,6,2,0,8,2015,2,R,2,2.3,7b2dac439804d2da5d57199b1ef1ef28bba86165fc57d1b1d0183d1d9f4bf483
FING-1472,1363,2014,1,Cal 2,6,2,0,8,2015,2,A,2,4.3,7b2dac439804d2da5d57199b1ef1ef28bba86165fc57d1b1d0183d1d9f4bf483
FING-1531,1363,2014,1,Cal 2,6,2,0,8,2015,2,R,1,3.0,7b2dac439804d2da5d57199b1ef1ef28bba86165fc57d1b1d0183d1d9f4bf483
FING-191,1363,2014,1,Cal 2,6,2,0,8,2015,2,R,2,2.1,7b2dac439804d2da5d57199b1ef1ef28bba86165fc57d1b1d0183d1d9f4bf483
FING-1534,1363,2014,1,Cal 2,6,2,0,8,2015,2,A,2,4.0,7b2dac439804d2da5d57199b1ef1ef28bba86165fc57d1b1d0183d1d9f4bf483
FING-157,1363,2014,1,Cal 2,6,2,0,8,2015,2,A,2,4.0,7b2dac439804d2da5d57199b1ef1ef28bba86165fc57d1b1d0183d1d9f4bf483
FING-2960,1363,2015,1,Cal 2,6,2,0,8,2015,2,R,2,1.7,7b2dac439804d2da5d57199b1ef1ef28bba86165fc57d1b1d0183d1d9f4bf483
FING-1221,1363,2014,1,Alg 2,4,2,0,6,2015,2,R,2,2.9,8f76c3c9624622bf49eaf281bc72c03859c96fa850b904deafda3adcacf92130
FING-2971,1363,2015,1,Alg 2,4,2,0,6,2015,2,A,2,4.3,8f76c3c9624622bf49eaf281bc72c03859c96fa850b904deafda3adcacf92130
FING-2955,1363,2015,1,Alg 2,4,2,0,6,2015,2,R,2,2.4,8f76c3c9624622bf49eaf281bc72c03859c96fa850b904deafda3adcacf92130
FING-2910,1363,2015,1,Alg 2,4,2,0,6,2015,2,A,1,4.7,8f76c3c9624622bf49eaf281bc72c03859c96fa850b904deafda3adcacf92130
FING-2935,1363,2015,1,Alg 2,4,2,0,6,2015,2,A,1,4.0,8f76c3c9624622bf49eaf281bc72c03859c96fa850b904deafda3adcacf92130
FING-3928,1363,2015,1,Alg 2,4,2,0,6,2015,2,A,2,4.7,8f76c3c9624622bf49eaf281bc72c03859c96fa850b904deafda3adcacf92130
FING-4201,1363,2015,1,Alg 2,4,2,0,6,2015,2,A,2,5.0,8f76c3c9624622bf49eaf281bc72c03859c96fa850b904deafda3adcacf92130
FING-2908,1363,2015,1,Alg 2,4,2,0,6,2015,2,A,1,4.5,8f76c3c9624622bf49eaf281bc72c03859c96fa850b904deafda3adcacf92130
FING-23970,1363,2013,1,Stat Analys,4,2,0,6,2015,2,A,2,4.1,80ba212777d65715fa75beef6c200e1ff774ccae49bced566a5496db704f4a11
FING-217,1363,2014,1,Stat Analys,4,2,0,6,2015,2,R,2,3.5,80ba212777d65715fa75beef6c200e1ff774ccae49bced566a5496db704f4a11
FING-205,1363,2014,1,Stat Analys,4,2,0,6,2015,2,R,2,2.6,80ba212777d65715fa75beef6c200e1ff774ccae49bced566a5496db704f4a11
FING-214,1363,2014,1,Stat Analys,4,2,0,6,2015,2,R,2,3.3,80ba212777d65715fa75beef6c200e1ff774ccae49bced566a5496db704f4a11
FING-23970,1363,2013,1,Diff Ec & Num Meth,4,2,0,6,2015,2,R,2,1.6,0273a82eb29bb351d1c24137c450c6dc8cbebb7e6fc0029846691d238e3392af
FING-13134,1363,2013,1,Diff Ec & Num Meth,4,2,0,6,2015,2,R,2,2.6,0273a82eb29bb351d1c24137c450c6dc8cbebb7e6fc0029846691d238e3392af
FING-2898,1363,2015,1,Phy 1,4,2,1,7,2015,2,A,2,5.1,a527e9d075492aa9786c780041523f881575b9de16fe035a2d38dcb41eaf5d93
FING-4115,1363,2015,1,Phy 1,4,2,1,7,2015,2,R,2,2.0,a527e9d075492aa9786c780041523f881575b9de16fe035a2d38dcb41eaf5d93
FING-2971,1363,2015,1,Phy 1,4,2,1,7,2015,2,A,2,5.1,a527e9d075492aa9786c780041523f881575b9de16fe035a2d38dcb41eaf5d93
FING-2955,1363,2015,1,Phy 1,4,2,1,7,2015,2,R,2,2.2,a527e9d075492aa9786c780041523f881575b9de16fe035a2d38dcb41eaf5d93
FING-2935,1363,2015,1,Phy 1,4,2,1,7,2015,2,R,1,2.3,a527e9d075492aa9786c780041523f881575b9de16fe035a2d38dcb41eaf5d93
FING-2908,1363,2015,1,Phy 1,4,2,1,7,2015,2,A,1,4.7,a527e9d075492aa9786c780041523f881575b9de16fe035a2d38dcb41eaf5d93
FING-4190,1363,2015,1,Phy 1,4,2,1,7,2015,2,A,2,4.4,965a1dfe64b0e75e04c6d521177bdb6326b0c1d4745d4cbdf51cd633891377e5
FING-228,1363,2015,1,Phy 1,4,2,1,7,2015,2,R,2,2.5,965a1dfe64b0e75e04c6d521177bdb6326b0c1d4745d4cbdf51cd633891377e5
FING-2910,1363,2015,1,Phy 1,4,2,1,7,2015,2,R,1,3.5,965a1dfe64b0e75e04c6d521177bdb6326b0c1d4745d4cbdf51cd633891377e5
FING-3928,1363,2015,1,Phy 1,4,2,1,7,2015,2,R,2,3.3,965a1dfe64b0e75e04c6d521177bdb6326b0c1d4745d4cbdf51cd633891377e5
FING-214,1363,2014,1,Elect & Mag,4,2,1,7,2015,2,A,2,4.7,9f4d7abfe9f9d65f263b4a63521ac1241e6198e8844a2443b31729dc9ac2ed06
FING-2910,1363,2015,1,Chemistry,4,2,0,6,2015,2,R,1,2.9,886b8d9266906987afd4cba92a1074cdf9c9db5b793d57f7e318d192e2b15720
FING-153,1363,2014,1,Chemistry,4,2,0,6,2015,2,A,2,4.4,886b8d9266906987afd4cba92a1074cdf9c9db5b793d57f7e318d192e2b15720
FING-2905,1363,2015,1,Chemistry,4,2,0,6,2015,2,A,1,4.7,886b8d9266906987afd4cba92a1074cdf9c9db5b793d57f7e318d192e2b15720
FING-2909,1363,2015,1,Chemistry,4,2,0,6,2015,2,A,2,4.2,886b8d9266906987afd4cba92a1074cdf9c9db5b793d57f7e318d192e2b15720
FING-2933,1363,2015,1,Chemistry,4,2,0,6,2015,2,A,2,4.8,bd23e40a5885a0ba59f0b7530e52911ed929968a175428df4e239e8d77f93ac5
FING-2945,1363,2015,1,Chemistry,4,2,0,6,2015,2,A,2,4.6,fb602df840621f7a0cfeed69e3290b13e75c22541d4cc37913ae02229ff82bf1
FING-2973,1363,2015,1,Chemistry,4,2,0,6,2015,2,R,2,2.7,fb602df840621f7a0cfeed69e3290b13e75c22541d4cc37913ae02229ff82bf1
FING-228,1363,2015,1,Chemistry,4,2,0,6,2015,2,A,2,4.7,fb9645e0acae33b6d451fbf3e7941f8c14945048003b1674c2446ca2d6071670
FING-2908,1363,2015,1,Chemistry,4,2,0,6,2015,2,R,1,3.1,fb9645e0acae33b6d451fbf3e7941f8c14945048003b1674c2446ca2d6071670
FING-2920,1363,2015,1,Chemistry,4,2,0,6,2015,2,A,2,4.1,bd23e40a5885a0ba59f0b7530e52911ed929968a175428df4e239e8d77f93ac5
FING-4115,1363,2015,1,Chemistry,4,2,0,6,2015,2,A,2,4.5,bd23e40a5885a0ba59f0b7530e52911ed929968a175428df4e239e8d77f93ac5
FING-3928,1363,2015,1,Chemistry,4,2,0,6,2015,2,A,2,4.6,bd23e40a5885a0ba59f0b7530e52911ed929968a175428df4e239e8d77f93ac5
FING-2946,1363,2015,1,Chemistry,4,2,0,6,2015,2,A,2,4.9,f3e3077060b02367391659203cbf31e291e495f3ea741f9e69bb3e0daae8a34c
FING-192,1363,2014,1,Fund Econ,4,2,0,6,2015,2,R,2,1.6,a9b9b0becfdae0fac939b258783036f875447ab5b3b1a4dea43c9e11b4f1f5fb
FING-2951,1363,2015,1,Eng 2,0,0,2,2,2016,2,A,2,5.9,17b06f7b69e3bedb842e83e938e37b69431e1cc956e65f9aeefb39333e4f0870
FING-2920,1363,2015,1,Eng 2,0,0,2,2,2016,2,A,2,5.3,d243075554e9e28bcc9460e19789a9578b49db27694e674c6c0f82cb7f85a5e5
FING-2919,1363,2015,1,Eng 2,0,0,2,2,2016,2,A,2,7.0,d243075554e9e28bcc9460e19789a9578b49db27694e674c6c0f82cb7f85a5e5
FING-4190,1363,2015,1,Eng 2,0,0,2,2,2016,2,A,2,7.0,d243075554e9e28bcc9460e19789a9578b49db27694e674c6c0f82cb7f85a5e5
FING-2918,1363,2015,1,Eng 2,0,0,2,2,2016,2,A,2,7.0,d243075554e9e28bcc9460e19789a9578b49db27694e674c6c0f82cb7f85a5e5
FING-4115,1363,2015,1,Eng 2,0,0,2,2,2016,2,A,2,5.8,d243075554e9e28bcc9460e19789a9578b49db27694e674c6c0f82cb7f85a5e5
FING-2971,1363,2015,1,Eng 2,0,0,2,2,2016,2,A,2,7.0,d243075554e9e28bcc9460e19789a9578b49db27694e674c6c0f82cb7f85a5e5
FING-4195,1363,2015,1,Eng 2,0,0,2,2,2016,2,A,2,7.0,d243075554e9e28bcc9460e19789a9578b49db27694e674c6c0f82cb7f85a5e5
FING-2915,1363,2015,1,Eng 2,0,0,2,2,2016,2,A,2,7.0,d243075554e9e28bcc9460e19789a9578b49db27694e674c6c0f82cb7f85a5e5
FING-186,1363,2014,1,Eng 3,0,0,2,2,2016,2,A,2,5.5,3ddb3d54bf0aef1db562ad284cca4627ae51a7dfe12ed5d186a7ceade04c9492
FING-184,1363,2014,1,Eng 3,0,0,2,2,2016,2,A,1,5.7,82deb41c425f6bdb613e920eb3e4b0e6c7754263d115553235d0b46c1be0bf70
FING-157,1363,2014,1,Eng 3,0,0,2,2,2016,2,A,2,6.4,78f0d05863b49f0f1964a8da4fbbc57454f1522e438f3057db9059ef89f5d749
FING-180,1363,2014,1,Eng 3,0,0,2,2,2016,2,A,2,6.1,78f0d05863b49f0f1964a8da4fbbc57454f1522e438f3057db9059ef89f5d749
FING-191,1363,2014,1,Eng 3,0,0,2,2,2016,2,A,2,5.3,78f0d05863b49f0f1964a8da4fbbc57454f1522e438f3057db9059ef89f5d749
FING-165,1363,2014,1,Eng 3,0,0,2,2,2016,2,A,2,5.6,82deb41c425f6bdb613e920eb3e4b0e6c7754263d115553235d0b46c1be0bf70
FING-227,1363,2014,1,Eng 4,0,0,2,2,2016,2,R,2,1.0,9a418a74088a84206d75ef35607d8a69e524e55cf62de21dcd6020a0b5764e91
FING-1532,1363,2014,1,Eng 4,0,0,2,2,2016,2,A,2,5.1,9812004412cb766de3026f699a0993a6571c5139d338519c380a251cbb6ea891
FING-13134,1363,2013,1,Eng 4,0,0,2,2,2016,2,A,2,4.8,9812004412cb766de3026f699a0993a6571c5139d338519c380a251cbb6ea891
FING-222,1363,2014,1,Eng 4,0,0,2,2,2016,2,A,2,5.7,c7a002f402fc2db943a0f882d3bb743c7f3e23e7bea4a51a9467c1a27d8e09c9
FING-1531,1363,2014,1,Eng 4,0,0,2,2,2016,2,A,1,5.5,bd9ac54818f0c524b5791464d60e9a0bca29b466be2f66af984a8d3f35779f62
FING-1528,1363,2014,1,Eng 4,0,0,2,2,2016,2,A,2,5.5,bd9ac54818f0c524b5791464d60e9a0bca29b466be2f66af984a8d3f35779f62
FING-214,1363,2014,1,Eng 4,0,0,2,2,2016,2,A,2,5.7,bd9ac54818f0c524b5791464d60e9a0bca29b466be2f66af984a8d3f35779f62
FING-1782,1363,2015,1,Eng 4,0,0,2,2,2016,2,A,2,7.0,d243075554e9e28bcc9460e19789a9578b49db27694e674c6c0f82cb7f85a5e5
FING-180,1363,2014,1,Algorithms,4,0,2,6,2016,2,R,2,2.2,642a22eb984b5632934968b0535f493930d7b68aad8b0105ce42f03ad83022a4
FING-214,1363,2014,1,Algorithms,4,0,2,6,2016,2,A,2,4.5,642a22eb984b5632934968b0535f493930d7b68aad8b0105ce42f03ad83022a4
FING-186,1363,2014,1,Algorithms,4,0,2,6,2016,2,R,2,2.0,642a22eb984b5632934968b0535f493930d7b68aad8b0105ce42f03ad83022a4
FING-1528,1363,2014,1,Algorithms,4,0,2,6,2016,2,R,2,3.5,642a22eb984b5632934968b0535f493930d7b68aad8b0105ce42f03ad83022a4
FING-165,1363,2014,1,Algorithms,4,0,2,6,2016,2,R,2,1.5,642a22eb984b5632934968b0535f493930d7b68aad8b0105ce42f03ad83022a4
FING-223,1363,2014,1,Algorithms,4,0,2,6,2016,2,R,2,1.8,642a22eb984b5632934968b0535f493930d7b68aad8b0105ce42f03ad83022a4
FING-191,1363,2014,1,Algorithms,4,0,2,6,2016,2,R,2,2.9,4fd472a9259991935e3f7a6f420257c3c0f55514d7cb179898adf95bde670b3d
FING-2971,1363,2015,1,Algorithms,4,0,2,6,2016,2,A,2,5.4,4fd472a9259991935e3f7a6f420257c3c0f55514d7cb179898adf95bde670b3d
FING-2946,1363,2015,1,Algorithms,4,0,2,6,2016,2,A,2,5.0,4fd472a9259991935e3f7a6f420257c3c0f55514d7cb179898adf95bde670b3d
FING-3928,1363,2015,1,Algorithms,4,0,2,6,2016,2,R,2,2.8,4fd472a9259991935e3f7a6f420257c3c0f55514d7cb179898adf95bde670b3d
FING-12988,1363,2013,1,SoftEng Fund,4,2,0,6,2016,2,A,1,5.6,2403d4c2973b3bd817dc4bc1ed313f75ce54b52e85300e35572bc957a1b90f37
FING-13024,1363,2013,1,SoftEng Fund,4,2,0,6,2016,2,A,2,5.3,2403d4c2973b3bd817dc4bc1ed313f75ce54b52e85300e35572bc957a1b90f37
FING-1782,1363,2015,1,SoftEng Fund,4,2,0,6,2016,2,A,2,6.2,2403d4c2973b3bd817dc4bc1ed313f75ce54b52e85300e35572bc957a1b90f37
FING-12988,1363,2013,1,DB Design,4,1,1,6,2016,2,A,1,5.4,226f06cacd6928e34611addfcdd279fb57bdd4159294aee74ce61d94ca67d0c3
FING-13024,1363,2013,1,DB Design,4,1,1,6,2016,2,A,2,5.2,226f06cacd6928e34611addfcdd279fb57bdd4159294aee74ce61d94ca67d0c3
FING-1782,1363,2015,1,DB Design,4,1,1,6,2016,2,A,2,4.9,226f06cacd6928e34611addfcdd279fb57bdd4159294aee74ce61d94ca67d0c3
FING-12988,1363,2013,1,Comp Org,4,1,1,6,2016,2,A,1,4.2,d4b6ca37b19f8a1eaa18be13e6920a57116e6d72bbfa1bb36380a449d985958b
FING-13024,1363,2013,1,Comp Org,4,1,1,6,2016,2,A,2,4.1,d4b6ca37b19f8a1eaa18be13e6920a57116e6d72bbfa1bb36380a449d985958b
FING-227,1363,2014,1,Comp Org,4,1,1,6,2016,2,R,2,1.0,d4b6ca37b19f8a1eaa18be13e6920a57116e6d72bbfa1bb36380a449d985958b
FING-1532,1363,2014,1,Logic and Computer Science Theory,4,2,0,6,2016,2,A,2,4.7,c1e4635e6d285e41246f10c26345ab46753a2410b81286e3de6f4577af5f89c3
FING-535,1363,2017,2,IPD Workshop,2,0,2,4,2014,1,A,2,6.0,0cfafa99b16e97510ab21136ea26cebfc2bd567279e9cd3964e156fd072c3dfe
FING-535,1363,2017,2,Intro Eng,0,0,2,2,2014,1,A,2,6.2,a965b65a29791e5eeaac17ee4265017d603227809c141c1ac9d5fd34d8d31004
FING-535,1363,2017,2,Fund Progr,4,0,2,6,2014,2,A,2,5.6,665ac875cd6ed2ea2dad2fd5c624606762b9c71cf45db974254b0ae4da6d6be4
FING-535,1363,2017,2,Fund Econ,4,2,0,6,2016,1,A,2,4.0,c1c922293c3cebf99bf1671124556721ebd8cd2389e0ea643ccf05cb5c86de0b
FING-535,1363,2017,2,Eff Comm,0,0,2,2,2014,2,A,2,6.8,bf8e82d5e0fac60f36e6777b305284a3c0bae2bbae5fbde7cb294cf1e65a48fc
FING-535,1363,2017,2,Eng 2,0,0,2,2,2016,1,A,2,7.0,78f0d05863b49f0f1964a8da4fbbc57454f1522e438f3057db9059ef89f5d749
FING-5767,1363,2017,2,Phy 1,4,2,1,7,2016,1,A,2,5.3,9744ebe904d1dae33b54c1c59f8db4d9dab8e4debd45879372d42e3cbe6cdee8
FING-5767,1363,2017,2,Intro Eng,0,0,2,2,2016,1,A,2,5.9,6bcf085b7890f041a12132d99b67e1757d432c6392df14b04dc8321ec70d86a6
FING-5767,1363,2017,2,Std Methods,0,0,2,2,2016,1,A,2,5.0,67278b2da1e4c769924d04c1c22e71192829b46743d5d31da29c67e91e78ccdb
FING-5767,1363,2017,2,Alg 2,4,2,0,6,2016,2,A,2,5.5,f7475fca1cdcb3d772565c1474e5b8132c78ad221eaf9fbd10bdf3e06f37491a
FING-5767,1363,2017,2,Phy 2,4,2,1,7,2016,2,A,2,5.1,049062ddbd2d501613f0397c9080ed3c1b88d1154822e87058350c92dfb9c585
FING-5767,1363,2017,2,Eng 1,0,0,2,2,2017,1,A,2,6.0,b0ec3cd5bbb3a60c964c1cf862b24432a65417925c31daa1d2efd37f6de6ee63
FING-12860,1363,2012,1,Op Sys,4,2,2,8,2017,1,A,2,5.3,09242c8b3b45f1ff7b20753e353263c54e4fe26dfed9a99fab9b2b79448a3082
FING-2945,1363,2015,1,Comp Struc,4,2,1,7,2017,1,A,2,4.7,8b7eb5c8931cf41fe21d405c6a69bfafd6307c6f617d2a5af34c471a984c159e
FING-1531,1363,2014,1,Comp Struc,4,2,1,7,2017,1,A,1,4.3,8b7eb5c8931cf41fe21d405c6a69bfafd6307c6f617d2a5af34c471a984c159e
FING-4319,1363,2012,1,Std Methods,0,0,2,2,2012,2,A,2,5.1,
FING-4319,1363,2012,1,Std Methods,0,0,2,2,2012,1,R,2,3.8,
FING-4319,1363,2012,1,Eff Comm,0,0,2,2,2013,2,A,2,6.5,
FING-4319,1363,2012,1,Cal 1,6,2,0,8,2012,2,A,2,4.2,
FING-4312,1363,2012,1,Intro Eng,0,0,2,2,2012,1,A,2,5.0,
FING-4312,1363,2012,1,Std Methods,0,0,2,2,2012,1,A,2,4.4,
FING-4312,1363,2012,1,Elect & Mag,4,2,1,7,2013,2,R,2,1.4,
FING-4312,1363,2012,1,Eng 2,0,0,2,2,2013,2,A,2,5.3,
FING-28068,1363,2018,1,Phy 1,4,2,1,7,2018,1,A,1,5.5,0c99d6fb093475c4544993d815b67dd3729d8d58dcdac886dc422de00102b7e3
FING-9160,1363,2018,1,Phy 1,4,2,1,7,2018,1,A,2,4.5,0c99d6fb093475c4544993d815b67dd3729d8d58dcdac886dc422de00102b7e3
FING-28159,1363,2018,1,Phy 1,4,2,1,7,2018,1,A,2,5.1,0c99d6fb093475c4544993d815b67dd3729d8d58dcdac886dc422de00102b7e3
FING-9150,1363,2018,1,Phy 1,4,2,1,7,2018,1,A,1,5.2,7ea795004f1cb8d32c4a78074043991d251305240f40666dead81eb0d826b585
FING-9172,1363,2018,1,Phy 1,4,2,1,7,2018,1,R,2,1.8,7ea795004f1cb8d32c4a78074043991d251305240f40666dead81eb0d826b585
FING-9208,1363,2018,1,Phy 1,4,2,1,7,2018,1,R,2,1.7,7ea795004f1cb8d32c4a78074043991d251305240f40666dead81eb0d826b585
FING-4371,1363,2018,1,Phy 1,4,2,1,7,2018,1,A,2,4.5,f735f7b8452b5b0d95b947a9c808744b03def4599504ae3880f93ac3fd91611a
FING-9136,1363,2018,1,Phy 1,4,2,1,7,2018,1,A,2,4.4,f735f7b8452b5b0d95b947a9c808744b03def4599504ae3880f93ac3fd91611a
FING-10175,1363,2018,1,Phy 1,4,2,1,7,2018,1,R,2,1.1,f735f7b8452b5b0d95b947a9c808744b03def4599504ae3880f93ac3fd91611a
FING-28124,1363,2018,1,Phy 1,4,2,1,7,2018,1,R,2,2.7,7ea795004f1cb8d32c4a78074043991d251305240f40666dead81eb0d826b585
FING-15306,1363,2018,1,Phy 1,4,2,1,7,2018,1,A,2,5.3,7ea795004f1cb8d32c4a78074043991d251305240f40666dead81eb0d826b585
FING-9193,1363,2018,1,Phy 1,4,2,1,7,2018,1,R,2,1.0,f7a1cedf642f539e178d67fae168a8e3b836ceed10dcefa9904a536b4350a43f
FING-10014,1363,2018,1,Phy 1,4,2,1,7,2018,1,A,2,4.3,f7a1cedf642f539e178d67fae168a8e3b836ceed10dcefa9904a536b4350a43f
FING-9191,1363,2018,1,Phy 1,4,2,1,7,2018,1,A,2,4.8,f7a1cedf642f539e178d67fae168a8e3b836ceed10dcefa9904a536b4350a43f
FING-9202,1363,2018,1,Phy 1,4,2,1,7,2018,1,A,1,6.0,15fa4542fe9e12070b54735f487964b39c8e14a04c708df064ad1d25c6454123
FING-10176,1363,2018,1,Phy 1,4,2,1,7,2018,1,R,2,1.6,15fa4542fe9e12070b54735f487964b39c8e14a04c708df064ad1d25c6454123
FING-9171,1363,2018,1,Phy 1,4,2,1,7,2018,1,A,2,5.0,15fa4542fe9e12070b54735f487964b39c8e14a04c708df064ad1d25c6454123
FING-1221,1363,2017,1,Eng 1,0,0,2,2,2018,1,A,2,5.3,da13843c885b13df7d3b6dd5e834d0d1e7e4edb0b2f9e394017c27a653743c44
FING-7306,1363,2017,1,Eng 1,0,0,2,2,2018,1,A,1,6.6,da13843c885b13df7d3b6dd5e834d0d1e7e4edb0b2f9e394017c27a653743c44
FING-7352,1363,2017,1,Eng 2,0,0,2,2,2018,1,A,2,6.0,da13843c885b13df7d3b6dd5e834d0d1e7e4edb0b2f9e394017c27a653743c44
FING-6281,1363,2016,1,Eng 2,0,0,2,2,2018,1,A,2,6.6,da13843c885b13df7d3b6dd5e834d0d1e7e4edb0b2f9e394017c27a653743c44
FING-5360,1363,2016,1,Eng 2,0,0,2,2,2018,1,A,2,5.9,da13843c885b13df7d3b6dd5e834d0d1e7e4edb0b2f9e394017c27a653743c44
FING-2989,1363,2016,1,Eng 2,0,0,2,2,2018,1,A,2,6.0,da13843c885b13df7d3b6dd5e834d0d1e7e4edb0b2f9e394017c27a653743c44
FING-5349,1363,2016,1,Eng 2,0,0,2,2,2018,1,R,2,1.0,da13843c885b13df7d3b6dd5e834d0d1e7e4edb0b2f9e394017c27a653743c44
FING-5381,1363,2016,1,Eng 2,0,0,2,2,2018,1,A,2,7.0,da13843c885b13df7d3b6dd5e834d0d1e7e4edb0b2f9e394017c27a653743c44
FING-5767,1363,2017,2,Eng 3,0,0,2,2,2018,1,A,2,5.5,c639dae41f85fcdd1aab27df411def0307be26b22d2908c8dd5df2c1575bba82
FING-5402,1363,2016,1,Eng 3,0,0,2,2,2018,1,A,1,6.8,c639dae41f85fcdd1aab27df411def0307be26b22d2908c8dd5df2c1575bba82
FING-228,1363,2015,1,Eng 4,0,0,2,2,2018,1,A,2,5.4,a6fb443946e583f3114b054a27ffbef6eeddc3b37b0afc838fd8e1e240171f9a
FING-2933,1363,2015,1,Eng 4,0,0,2,2,2018,1,A,2,6.0,7445abcb3d02291ae02a0412ab6cfb157b95d1cdc92b3049f39926cfd55ed69d
FING-9150,1363,2018,1,Std Methods,0,0,2,2,2018,1,A,1,6.9,1d22e7fccdd113e213ec1d88f7cb3455e555cf31ab949f227e30317756ac86db
FING-9172,1363,2018,1,Std Methods,0,0,2,2,2018,1,A,2,6.4,1d22e7fccdd113e213ec1d88f7cb3455e555cf31ab949f227e30317756ac86db
FING-9208,1363,2018,1,Std Methods,0,0,2,2,2018,1,A,2,5.4,1d22e7fccdd113e213ec1d88f7cb3455e555cf31ab949f227e30317756ac86db
FING-28124,1363,2018,1,Std Methods,0,0,2,2,2018,1,A,2,6.3,642a22eb984b5632934968b0535f493930d7b68aad8b0105ce42f03ad83022a4
FING-15306,1363,2018,1,Std Methods,0,0,2,2,2018,1,A,2,5.8,642a22eb984b5632934968b0535f493930d7b68aad8b0105ce42f03ad83022a4
FING-5353,1363,2016,1,Progr Methd,4,2,2,8,2018,1,R,2,3.6,c31cbe4df540d9624606faae87f7bf317f5b19593d9fe7d8856a5482bf31ebfd
FING-5376,1363,2016,1,Progr Methd,4,2,2,8,2018,1,A,2,4.7,c31cbe4df540d9624606faae87f7bf317f5b19593d9fe7d8856a5482bf31ebfd
FING-7349,1363,2017,1,Progr Methd,4,2,2,8,2018,1,A,2,5.5,6e791079ac56bf68eb2f03d0de931ccdd204d92fb602928c597323c42d1fe97a
FING-7760,1363,2018,1,Progr Methd,4,2,2,8,2018,1,A,2,5.7,6e791079ac56bf68eb2f03d0de931ccdd204d92fb602928c597323c42d1fe97a
FING-13105,1363,2013,1,Progr Parad,4,0,2,6,2018,1,A,1,4.9,ccd981858c1ea839b512426d8dfcd4f88feaec45b731cc0a2f924fd2e6e153d8
FING-535,1363,2017,2,Progr Parad,4,0,2,6,2018,1,A,2,5.2,ccd981858c1ea839b512426d8dfcd4f88feaec45b731cc0a2f924fd2e6e153d8
FING-228,1363,2015,1,Progr Parad,4,0,2,6,2018,1,R,2,2.6,c56774011ed92ae6a9ee1865d7ed6c2c2d98b82cc12b816c03bd77fcadd0817b
FING-2933,1363,2015,1,Progr Parad,4,0,2,6,2018,1,R,2,1.0,c56774011ed92ae6a9ee1865d7ed6c2c2d98b82cc12b816c03bd77fcadd0817b
FING-5402,1363,2016,1,Progr Parad,4,0,2,6,2018,1,R,1,1.2,c56774011ed92ae6a9ee1865d7ed6c2c2d98b82cc12b816c03bd77fcadd0817b
FING-2919,1363,2015,1,Progr Parad,4,0,2,6,2018,1,A,2,5.0,ae5fb0db2f7aa7d4f622134492fe773f10da0ae9b3fae3ac5db21a41eb4cafd8
FING-5360,1363,2016,1,Progr Parad,4,0,2,6,2018,1,A,2,5.2,ae5fb0db2f7aa7d4f622134492fe773f10da0ae9b3fae3ac5db21a41eb4cafd8
FING-180,1363,2014,1,Progr Parad,4,0,2,6,2018,1,R,2,3.7,ae5fb0db2f7aa7d4f622134492fe773f10da0ae9b3fae3ac5db21a41eb4cafd8
FING-2989,1363,2016,1,Progr Parad,4,0,2,6,2018,1,A,2,4.5,ae5fb0db2f7aa7d4f622134492fe773f10da0ae9b3fae3ac5db21a41eb4cafd8
FING-223,1363,2014,1,Advanced Algorithms,4,2,2,8,2018,1,R,2,2.1,245b64604a8d5d0553dacc990da644b71a70600bca3960b0154ad94b4c33a1f1
FING-6491,1363,2017,1,Advanced Algorithms,4,2,2,8,2018,1,A,2,4.6,245b64604a8d5d0553dacc990da644b71a70600bca3960b0154ad94b4c33a1f1
FING-184,1363,2014,1,Op Sys,4,2,2,8,2018,1,A,1,4.4,8e3dcc8ea49f648fe1264e4c4267a2c8232c69e7ea3463b9f64ce3f9749a992e
FING-2933,1363,2015,1,Formal Language Processing,4,2,2,8,2018,1,A,2,6.5,16b2d5b4c473b956b41412275c081b5cab38d261f201aad7e31443548418f4bc
FING-1782,1363,2015,1,Networks,4,2,2,8,2018,1,A,2,5.6,6ac1bc49bbbee7eb8a61ba9ddbb9373b5e8e859ce218a87c731fc76ce0b464f7
FING-13105,1363,2013,1,Macroeconomics,4,0,0,4,2018,1,A,1,5.3,90e37d439b3ffcadaccfc43e752e3beb562da4c9e551374fdcb071bc72e4cf0c
FING-1782,1363,2015,1,Macroeconomics,4,0,0,4,2018,1,A,2,5.9,90e37d439b3ffcadaccfc43e752e3beb562da4c9e551374fdcb071bc72e4cf0c
FING-228,1363,2015,1,Comp Struc,4,2,1,7,2018,1,R,2,1.4,8b7eb5c8931cf41fe21d405c6a69bfafd6307c6f617d2a5af34c471a984c159e
FING-13105,1363,2013,1,Comp Struc,4,2,1,7,2018,1,R,1,3.1,8b7eb5c8931cf41fe21d405c6a69bfafd6307c6f617d2a5af34c471a984c159e
FING-535,1363,2017,2,Comp Struc,4,2,1,7,2018,1,R,2,2.3,8b7eb5c8931cf41fe21d405c6a69bfafd6307c6f617d2a5af34c471a984c159e
FING-3928,1363,2015,1,Comp Struc,4,2,1,7,2018,1,R,2,3.8,8b7eb5c8931cf41fe21d405c6a69bfafd6307c6f617d2a5af34c471a984c159e
FING-7312,1363,2017,1,Eng 1,0,0,2,2,2019,1,A,2,6.6,da13843c885b13df7d3b6dd5e834d0d1e7e4edb0b2f9e394017c27a653743c44
FING-28068,1363,2018,1,Eng 1,0,0,2,2,2019,1,A,1,6.8,d243075554e9e28bcc9460e19789a9578b49db27694e674c6c0f82cb7f85a5e5
FING-9150,1363,2018,1,Eng 1,0,0,2,2,2019,1,A,1,7.0,d243075554e9e28bcc9460e19789a9578b49db27694e674c6c0f82cb7f85a5e5
FING-28124,1363,2018,1,Eng 1,0,0,2,2,2019,1,A,2,7.0,d243075554e9e28bcc9460e19789a9578b49db27694e674c6c0f82cb7f85a5e5
FING-9136,1363,2018,1,Eng 1,0,0,2,2,2019,1,A,2,7.0,d243075554e9e28bcc9460e19789a9578b49db27694e674c6c0f82cb7f85a5e5
FING-10014,1363,2018,1,Eng 1,0,0,2,2,2019,1,A,2,7.0,d243075554e9e28bcc9460e19789a9578b49db27694e674c6c0f82cb7f85a5e5
FING-10175,1363,2018,1,Eng 1,0,0,2,2,2019,1,A,2,6.6,d243075554e9e28bcc9460e19789a9578b49db27694e674c6c0f82cb7f85a5e5
FING-29416,1363,2017,1,Eng 2,0,0,2,2,2019,1,R,2,2.0,da13843c885b13df7d3b6dd5e834d0d1e7e4edb0b2f9e394017c27a653743c44
FING-8308,1363,2017,1,Eng 3,0,0,2,2,2019,1,A,2,7.0,d243075554e9e28bcc9460e19789a9578b49db27694e674c6c0f82cb7f85a5e5
FING-7349,1363,2017,1,Eng 3,0,0,2,2,2019,1,A,2,7.0,d243075554e9e28bcc9460e19789a9578b49db27694e674c6c0f82cb7f85a5e5
FING-7354,1363,2017,1,Eng 3,0,0,2,2,2019,1,A,2,6.5,d243075554e9e28bcc9460e19789a9578b49db27694e674c6c0f82cb7f85a5e5
FING-15282,1363,2017,1,Eng 3,0,0,2,2,2019,1,A,1,6.8,d243075554e9e28bcc9460e19789a9578b49db27694e674c6c0f82cb7f85a5e5
FING-6281,1363,2016,1,Numerical Algorithms,4,2,2,8,2019,1,A,2,5.5,de362fb95f53a0ada1ce7ad1fc8db444e40ea24d306028d5be3c5da21288f0d1
FING-7760,1363,2018,1,Numerical Algorithms,4,2,2,8,2019,1,A,2,4.6,de362fb95f53a0ada1ce7ad1fc8db444e40ea24d306028d5be3c5da21288f0d1
FING-9172,1363,2018,1,Eng 1,0,0,2,2,2019,1,R,2,1.0,682cd1f824841a2cdf1e60fe1d62c8546704fa391db94b8710fdba8c65299a4e
FING-5387,1363,2016,1,Eng 4,0,0,2,2,2019,1,A,2,6.8,8a9a034d755b486192c8b26fcf78f976b7c88c3efc59ff1630d4ba991cba0c40
FING-5381,1363,2016,1,Eng 4,0,0,2,2,2019,1,A,2,7.0,8a9a034d755b486192c8b26fcf78f976b7c88c3efc59ff1630d4ba991cba0c40
FING-6281,1363,2016,1,Eng 4,0,0,2,2,2019,1,A,2,6.3,8a9a034d755b486192c8b26fcf78f976b7c88c3efc59ff1630d4ba991cba0c40
FING-28124,1363,2018,1,Fund Progr,4,0,2,6,2019,1,A,2,4.8,8a00056dda116e6e344eb91e507097341ac2d8336a6fee83c16f256bb4c3799e
FING-28159,1363,2018,1,Fund Progr,4,0,2,6,2019,1,R,2,1.0,b2f2e408712fcc4c0629e46d1d41084bdf94f09a5b5d8e6e22c090c72be3d8c0
FING-10014,1363,2018,1,Fund Progr,4,0,2,6,2019,1,A,2,4.8,d7343236b9fa2ffd2649e69c6cf9786e9a1c4f96f777d3d1298b7794b4ecfdc5
FING-9136,1363,2018,1,Fund Progr,4,0,2,6,2019,1,A,2,4.2,77ae0e761cf759feff15e0859ce05cabcbe0f0f325c4df11124519d1a7f7f91e
FING-9172,1363,2018,1,Fund Progr,4,0,2,6,2019,1,R,2,3.3,77ae0e761cf759feff15e0859ce05cabcbe0f0f325c4df11124519d1a7f7f91e
FING-28068,1363,2018,1,Fund Progr,4,0,2,6,2019,1,A,1,4.7,9d80fe6544773bb1d81f2af51a1114b746d7012557e08c69c3ac25f557a8858a
FING-9191,1363,2018,1,Fund Progr,4,0,2,6,2019,1,A,2,4.7,9d80fe6544773bb1d81f2af51a1114b746d7012557e08c69c3ac25f557a8858a
FING-15306,1363,2018,1,Fund Progr,4,0,2,6,2019,1,A,2,4.9,9d80fe6544773bb1d81f2af51a1114b746d7012557e08c69c3ac25f557a8858a
FING-9208,1363,2018,1,Fund Progr,4,0,2,6,2019,1,R,2,2.9,9d80fe6544773bb1d81f2af51a1114b746d7012557e08c69c3ac25f557a8858a
FING-7341,1363,2017,1,Fund Progr,4,0,2,6,2019,1,A,1,5.0,840af173f6ddc057fbb0639ad70f0d3333750306328b871f8a4ed9df4e4992b7
FING-11177,1363,2019,1,Std Methods,0,0,2,2,2019,1,A,1,5.1,a5ee47612daf0cce7c392ed587f782266ea390eae289b87610118b7ab3479b67
FING-4473,1363,2019,1,Std Methods,0,0,2,2,2019,1,A,2,5.3,a5ee47612daf0cce7c392ed587f782266ea390eae289b87610118b7ab3479b67
FING-11110,1363,2019,1,Std Methods,0,0,2,2,2019,1,A,2,5.2,a5ee47612daf0cce7c392ed587f782266ea390eae289b87610118b7ab3479b67
FING-15261,1363,2019,1,Std Methods,0,0,2,2,2019,1,A,2,5.4,a5ee47612daf0cce7c392ed587f782266ea390eae289b87610118b7ab3479b67
FING-11168,1363,2019,1,Std Methods,0,0,2,2,2019,1,A,2,4.1,a5ee47612daf0cce7c392ed587f782266ea390eae289b87610118b7ab3479b67
FING-8308,1363,2017,1,Progr Parad,4,0,2,6,2019,1,A,2,4.8,ae5fb0db2f7aa7d4f622134492fe773f10da0ae9b3fae3ac5db21a41eb4cafd8
FING-7349,1363,2017,1,Progr Parad,4,0,2,6,2019,1,R,2,1.8,ae5fb0db2f7aa7d4f622134492fe773f10da0ae9b3fae3ac5db21a41eb4cafd8
FING-6364,1363,2016,1,Progr Parad,4,0,2,6,2019,1,R,2,2.6,ae5fb0db2f7aa7d4f622134492fe773f10da0ae9b3fae3ac5db21a41eb4cafd8
FING-6491,1363,2017,1,Op Sys,4,2,2,8,2019,1,A,2,4.2,5ea3b82eb99612f6505e355dbb2b4ec6a630f5217f5b53df0a17295ebd2612b9
FING-5381,1363,2016,1,Comp Struc,4,2,1,7,2019,1,A,2,4.3,8b7eb5c8931cf41fe21d405c6a69bfafd6307c6f617d2a5af34c471a984c159e
FING-15274,1363,2016,1,Comp Struc,4,2,1,7,2019,1,A,2,4.0,8b7eb5c8931cf41fe21d405c6a69bfafd6307c6f617d2a5af34c471a984c159e
FING-7760,1363,2018,1,Comp Struc,4,2,1,7,2019,1,A,2,4.8,8b7eb5c8931cf41fe21d405c6a69bfafd6307c6f617d2a5af34c471a984c159e
FING-11151,1363,2019,1,Std Methods,0,0,2,2,2019,1,A,1,5.4,4d36287815056e1be09b13677b66f83cb63a400ebfe07e8757fc9bfe505f1c6b
FING-11129,1363,2019,1,Std Methods,0,0,2,2,2019,1,A,2,5.5,4d36287815056e1be09b13677b66f83cb63a400ebfe07e8757fc9bfe505f1c6b
FING-11089,1363,2019,1,Std Methods,0,0,2,2,2019,1,A,2,4.6,4d36287815056e1be09b13677b66f83cb63a400ebfe07e8757fc9bfe505f1c6b
FING-11159,1363,2019,1,Std Methods,0,0,2,2,2019,1,A,2,5.6,4d36287815056e1be09b13677b66f83cb63a400ebfe07e8757fc9bfe505f1c6b
FING-11178,1363,2019,1,Std Methods,0,0,2,2,2019,1,A,2,4.9,4d36287815056e1be09b13677b66f83cb63a400ebfe07e8757fc9bfe505f1c6b
FING-11130,1363,2019,1,Std Methods,0,0,2,2,2019,1,A,2,5.3,4d36287815056e1be09b13677b66f83cb63a400ebfe07e8757fc9bfe505f1c6b
FING-11154,1363,2019,1,Std Methods,0,0,2,2,2019,1,A,2,5.4,4d36287815056e1be09b13677b66f83cb63a400ebfe07e8757fc9bfe505f1c6b
FING-11089,1363,2019,1,Fund Econ,4,2,0,6,2020,1,A,2,4.2,f455697606e54a05709e4c124ef70ca8904632a4bf366c6ce2c5a68419aeafca
FING-11178,1363,2019,1,Fund Econ,4,2,0,6,2020,1,A,2,4.0,f455697606e54a05709e4c124ef70ca8904632a4bf366c6ce2c5a68419aeafca
FING-4473,1363,2019,1,Fund Econ,4,2,0,6,2020,1,A,2,4.6,c1c922293c3cebf99bf1671124556721ebd8cd2389e0ea643ccf05cb5c86de0b
FING-11110,1363,2019,1,Fund Econ,4,2,0,6,2020,1,A,2,4.0,c1c922293c3cebf99bf1671124556721ebd8cd2389e0ea643ccf05cb5c86de0b
FING-11158,1363,2019,1,Fund Econ,4,2,0,6,2020,1,A,2,4.6,c1c922293c3cebf99bf1671124556721ebd8cd2389e0ea643ccf05cb5c86de0b
FING-11164,1363,2019,1,Fund Econ,4,2,0,6,2020,1,A,2,4.2,c1c922293c3cebf99bf1671124556721ebd8cd2389e0ea643ccf05cb5c86de0b
FING-11104,1363,2019,1,Fund Econ,4,2,0,6,2020,1,A,2,4.3,c1c922293c3cebf99bf1671124556721ebd8cd2389e0ea643ccf05cb5c86de0b
FING-11142,1363,2019,1,Fund Econ,4,2,0,6,2020,1,R,2,3.2,c1c922293c3cebf99bf1671124556721ebd8cd2389e0ea643ccf05cb5c86de0b
FING-7300,1363,2017,1,Fund Econ,4,2,0,6,2020,1,A,2,4.4,0989238be5362cf4cae16b9ffb00d5d13d623aaa763b8c7ff935dd893b6db7a4
FING-11130,1363,2019,1,Fund Econ,4,2,0,6,2020,1,A,2,4.6,0989238be5362cf4cae16b9ffb00d5d13d623aaa763b8c7ff935dd893b6db7a4
FING-11123,1363,2019,1,Fund Econ,4,2,0,6,2020,1,A,2,4.2,f07aee52d6c6bcf2d5d0515a7b5bc96a76bcfb5cdceca686b2a60ce754f77b43
FING-11165,1363,2019,1,Fund Econ,4,2,0,6,2020,1,A,2,4.1,a4981df8f1af2792fcff427cc3d027d02b66fbb86906b0686e05be3a8d1d7780
FING-11749,1363,2020,1,Fund Econ,4,2,0,6,2020,1,A,2,4.9,a4981df8f1af2792fcff427cc3d027d02b66fbb86906b0686e05be3a8d1d7780
FING-11071,1363,2019,1,Fund Econ,4,2,0,6,2020,1,R,2,3.3,a4981df8f1af2792fcff427cc3d027d02b66fbb86906b0686e05be3a8d1d7780
FING-11168,1363,2019,1,Fund Econ,4,2,0,6,2020,1,A,2,4.0,e0f19966a5fb28ea6c374ff717b67fb61e365c189e4603d0155e95a2f42121fb
FING-15261,1363,2019,1,Fund Econ,4,2,0,6,2020,1,A,2,4.7,f07aee52d6c6bcf2d5d0515a7b5bc96a76bcfb5cdceca686b2a60ce754f77b43
FING-15346,1363,2019,1,Fund Econ,4,2,0,6,2020,1,A,2,4.7,f07aee52d6c6bcf2d5d0515a7b5bc96a76bcfb5cdceca686b2a60ce754f77b43
FING-11170,1363,2019,1,Fund Econ,4,2,0,6,2020,1,A,2,4.3,e0f19966a5fb28ea6c374ff717b67fb61e365c189e4603d0155e95a2f42121fb
FING-11139,1363,2019,1,Fund Econ,4,2,0,6,2020,1,A,2,4.5,e0f19966a5fb28ea6c374ff717b67fb61e365c189e4603d0155e95a2f42121fb
FING-15274,1363,2016,1,Progr Parad,4,0,2,6,2020,1,R,2,1.0,ccd981858c1ea839b512426d8dfcd4f88feaec45b731cc0a2f924fd2e6e153d8
FING-2915,1363,2015,1,Algorithms,4,0,2,6,2020,1,R,2,2.8,08f5ef21abd40bce9ac5ae1d0a229dac51a9646d54d7d15465e11424da1c29ec
FING-7307,1363,2017,1,Algorithms,4,0,2,6,2020,1,A,1,4.5,08f5ef21abd40bce9ac5ae1d0a229dac51a9646d54d7d15465e11424da1c29ec
FING-28124,1363,2018,1,Algorithms,4,0,2,6,2020,1,R,2,2.3,6b99165475edd08b007ab43973c273b201ea96f928772390eba6126fee732c89
FING-9611,1363,2019,2,Algorithms,4,0,2,6,2020,1,A,2,4.6,6b99165475edd08b007ab43973c273b201ea96f928772390eba6126fee732c89
FING-15282,1363,2017,1,SoftEng Fund,4,2,0,6,2020,1,A,1,5.8,50ef7af33e399196fd03422a15dab72129669feb547029ad89552c189a5accb5
FING-15282,1363,2017,1,Advanced Algorithms,4,2,2,8,2020,1,A,1,5.2,245b64604a8d5d0553dacc990da644b71a70600bca3960b0154ad94b4c33a1f1
FING-7760,1363,2018,1,DB Workshop,2,0,4,6,2020,1,A,2,6.2,a0c29c53665824328e2b1fcedb3794d168c1b5054af55db808c30ec9a453035b
FING-6281,1363,2016,1,Macroeconomics,4,0,0,4,2020,1,A,2,6.4,90e37d439b3ffcadaccfc43e752e3beb562da4c9e551374fdcb071bc72e4cf0c
FING-6491,1363,2017,1,Macroeconomics,4,0,0,4,2020,1,A,2,6.0,90e37d439b3ffcadaccfc43e752e3beb562da4c9e551374fdcb071bc72e4cf0c
FING-6491,1363,2017,1,Optimization,4,0,2,6,2020,1,A,2,4.6,357d86e26130f416e6c085af2a671658c36d144793ff3af80f588e380637d41c
FING-1782,1363,2015,1,Management,2,0,4,6,2020,1,A,2,5.8,94af4255f2264aeeb90b493600237d1db55f158480e988820092971c6ceb75a1
FING-15282,1363,2017,1,Comp Org,4,1,1,6,2020,1,A,1,5.6,cec81ee66a411914454dc487ece9a19e89f26d9cfa941ac1eb4885f74a77c639
FING-5767,1363,2017,2,Numerical Algorithms,4,2,2,8,2020,1,A,2,5.3,de362fb95f53a0ada1ce7ad1fc8db444e40ea24d306028d5be3c5da21288f0d1
FING-7760,1363,2018,1,Elective III,4,0,2,6,2022,2,A,2,5.4,16efa47bc22e02e6684516c8d89c65ee9145840df64449d697d55cc0d46fe1ed
FING-6354,1363,2016,1,Macroeconomics,4,0,0,4,2022,2,A,2,4.8,90e37d439b3ffcadaccfc43e752e3beb562da4c9e551374fdcb071bc72e4cf0c
FING-4371,1363,2018,1,Macroeconomics,4,0,0,4,2022,2,R,2,3.1,90e37d439b3ffcadaccfc43e752e3beb562da4c9e551374fdcb071bc72e4cf0c
FING-9191,1363,2018,1,Macroeconomics,4,0,0,4,2022,2,R,2,3.1,90e37d439b3ffcadaccfc43e752e3beb562da4c9e551374fdcb071bc72e4cf0c
FING-11139,1363,2019,1,Macroeconomics,4,0,0,4,2022,2,R,2,3.5,90e37d439b3ffcadaccfc43e752e3beb562da4c9e551374fdcb071bc72e4cf0c
FING-11749,1363,2020,1,Macroeconomics,4,0,0,4,2022,2,A,2,4.6,90e37d439b3ffcadaccfc43e752e3beb562da4c9e551374fdcb071bc72e4cf0c
FING-9611,1363,2019,2,Communication Systems,4,0,2,6,2022,2,A,2,5.3,6ade1c794797ccf846c7c07f4829dc57663bc06627f1d48c554689043bb80004
FING-11749,1363,2020,1,Communication Systems,4,0,2,6,2022,2,A,2,5.6,6ade1c794797ccf846c7c07f4829dc57663bc06627f1d48c554689043bb80004
FING-11135,1363,2019,1,Algorithms,4,0,2,6,2022,2,A,2,4.4,6b99165475edd08b007ab43973c273b201ea96f928772390eba6126fee732c89
FING-11083,1363,2019,1,Algorithms,4,0,2,6,2022,2,A,1,4.5,08f5ef21abd40bce9ac5ae1d0a229dac51a9646d54d7d15465e11424da1c29ec
FING-11116,1363,2019,1,Algorithms,4,0,2,6,2022,2,R,2,1.9,08f5ef21abd40bce9ac5ae1d0a229dac51a9646d54d7d15465e11424da1c29ec
FING-11159,1363,2019,1,Algorithms,4,0,2,6,2022,2,R,2,3.6,08f5ef21abd40bce9ac5ae1d0a229dac51a9646d54d7d15465e11424da1c29ec
FING-6354,1363,2016,1,Op Sys,4,2,2,8,2022,2,R,2,3.5,8e3dcc8ea49f648fe1264e4c4267a2c8232c69e7ea3463b9f64ce3f9749a992e
FING-9611,1363,2019,2,SoftEng Proj Management,4,2,2,8,2022,2,A,2,5.3,ffb59ab5b84a4a983fde75ebe4cc50f1f4a3f6f50263a9c11b8a6ea115c56fa8
FING-11749,1363,2020,1,SoftEng Proj Management,4,2,2,8,2022,2,A,2,5.3,ffb59ab5b84a4a983fde75ebe4cc50f1f4a3f6f50263a9c11b8a6ea115c56fa8
FING-9191,1363,2018,1,Numerical Algorithms,4,2,2,8,2022,2,R,2,2.6,c3d274b1a237c3093f1e87f4772b22176c26ea104900f17043b06cdc985632fb
FING-15350,1363,2020,2,Numerical Algorithms,4,2,2,8,2022,2,A,2,4.8,c3d274b1a237c3093f1e87f4772b22176c26ea104900f17043b06cdc985632fb
FING-28148,1363,2019,1,Eng 2,0,0,2,2,2021,2,A,2,5.6,676472d9733969341e880539f5cd2aa02fee27568316a06004b006dc9e0c0f45
FING-11136,1363,2019,1,Eng 2,0,0,2,2,2021,2,A,2,7.0,1db629b4fb294f4e39175cf98666ef1041c4877d94ca3e587671e9a906c2ec34
FING-11158,1363,2019,1,Eng 4,0,0,2,2,2021,2,A,2,5.5,7445abcb3d02291ae02a0412ab6cfb157b95d1cdc92b3049f39926cfd55ed69d
FING-28159,1363,2018,1,Eng 4,0,0,2,2,2021,2,A,2,6.2,aa688f32ae5ebd7346a0444171c1c97008a7bea316a5c9e3e3073bafae37732b
FING-15350,1363,2020,2,Eng 4,0,0,2,2,2021,2,A,2,6.9,aa688f32ae5ebd7346a0444171c1c97008a7bea316a5c9e3e3073bafae37732b
FING-11110,1363,2019,1,Eng 4,0,0,2,2,2021,2,A,2,5.9,da13843c885b13df7d3b6dd5e834d0d1e7e4edb0b2f9e394017c27a653743c44
FING-11135,1363,2019,1,Eng 4,0,0,2,2,2021,2,A,2,6.9,da13843c885b13df7d3b6dd5e834d0d1e7e4edb0b2f9e394017c27a653743c44
FING-11116,1363,2019,1,Eng 4,0,0,2,2,2021,2,A,2,7.0,dd0a053dffe017d17d0baaa300fd951d5129b96ef15bf8959583242f1b7f446e
FING-11165,1363,2019,1,Eng 4,0,0,2,2,2021,2,A,2,6.3,3687063f9a46b01930cfb7dda6b9f6f605971e2b475cdd798f928bd397270ec6
FING-7300,1363,2017,1,Eng 4,0,0,2,2,2021,2,A,2,5.0,3687063f9a46b01930cfb7dda6b9f6f605971e2b475cdd798f928bd397270ec6
FING-28068,1363,2018,1,DB Workshop,2,0,4,6,2021,2,A,1,5.8,f072b1c51af296c36b788c59183f904422b84d9e501221ec592a879a02a946ed
FING-7349,1363,2017,1,DB Workshop,2,0,4,6,2021,2,R,2,1.5,f072b1c51af296c36b788c59183f904422b84d9e501221ec592a879a02a946ed
FING-11151,1363,2019,1,Cal 2,6,2,0,8,2021,2,R,1,1.0,4fa6ca240314b04309cb04f61a734a8159999e28bfe6305decd29515f58b18a2
FING-4473,1363,2019,1,Stat Analys,4,2,0,6,2021,2,A,2,4.8,717de10ba7028ece9212f63482eb2bccf95985b28c4c84c7c80956b04bb28f8f
FING-11130,1363,2019,1,Stat Analys,4,2,0,6,2021,2,A,2,4.1,717de10ba7028ece9212f63482eb2bccf95985b28c4c84c7c80956b04bb28f8f
FING-28124,1363,2018,1,Diff Ec & Num Meth,4,2,0,6,2021,2,R,2,1.2,bf94262a3cdb991e7eabe861f41bd9d8a5db6b3a312f5307ae389d047b610ea3
FING-11115,1363,2019,1,Diff Ec & Num Meth,4,2,0,6,2021,2,R,2,1.2,bf94262a3cdb991e7eabe861f41bd9d8a5db6b3a312f5307ae389d047b610ea3
FING-11159,1363,2019,1,Diff Ec & Num Meth,4,2,0,6,2021,2,R,2,2.8,0c72a2ad7dd210d87d992a7bd4905912d4bd5f36d16b930d2302169cd2bac334
FING-11083,1363,2019,1,Diff Ec & Num Meth,4,2,0,6,2021,2,A,1,4.4,0c72a2ad7dd210d87d992a7bd4905912d4bd5f36d16b930d2302169cd2bac334
FING-11136,1363,2019,1,Diff Ec & Num Meth,4,2,0,6,2021,2,A,2,4.2,0c72a2ad7dd210d87d992a7bd4905912d4bd5f36d16b930d2302169cd2bac334
FING-7300,1363,2017,1,Algorithms,4,0,2,6,2021,2,R,2,3.3,08f5ef21abd40bce9ac5ae1d0a229dac51a9646d54d7d15465e11424da1c29ec
FING-28148,1363,2019,1,Algorithms,4,0,2,6,2021,2,R,2,1.0,08f5ef21abd40bce9ac5ae1d0a229dac51a9646d54d7d15465e11424da1c29ec
FING-10014,1363,2018,1,Algorithms,4,0,2,6,2021,2,A,2,4.3,08f5ef21abd40bce9ac5ae1d0a229dac51a9646d54d7d15465e11424da1c29ec
FING-11115,1363,2019,1,Algorithms,4,0,2,6,2021,2,R,2,2.3,08f5ef21abd40bce9ac5ae1d0a229dac51a9646d54d7d15465e11424da1c29ec
FING-11154,1363,2019,1,Algorithms,4,0,2,6,2021,2,R,2,2.2,08f5ef21abd40bce9ac5ae1d0a229dac51a9646d54d7d15465e11424da1c29ec
FING-4371,1363,2018,1,Algorithms,4,0,2,6,2021,2,R,2,1.0,08f5ef21abd40bce9ac5ae1d0a229dac51a9646d54d7d15465e11424da1c29ec
FING-11116,1363,2019,1,Algorithms,4,0,2,6,2021,2,R,2,2.0,08f5ef21abd40bce9ac5ae1d0a229dac51a9646d54d7d15465e11424da1c29ec
FING-6491,1363,2017,1,Elective V,4,0,2,6,2021,2,A,2,4.3,b1b15560e2be8b7042f970cb5fefe8691e2a7551695704e678411dc14da06999
FING-9191,1363,2018,1,Stat Analys,4,2,0,6,2021,1,A,2,5.6,4c3af6a6fafc2a4fd8b54a0620614abd40e25d5b9bce3055d3a942e8d1a78208
FING-13492,1363,2020,2,Stat Analys,4,2,0,6,2021,1,R,2,2.6,4c3af6a6fafc2a4fd8b54a0620614abd40e25d5b9bce3055d3a942e8d1a78208
FING-11110,1363,2019,1,Stat Analys,4,2,0,6,2021,1,R,2,3.7,4c3af6a6fafc2a4fd8b54a0620614abd40e25d5b9bce3055d3a942e8d1a78208
FING-11115,1363,2019,1,Stat Analys,4,2,0,6,2021,1,A,2,5.0,4c3af6a6fafc2a4fd8b54a0620614abd40e25d5b9bce3055d3a942e8d1a78208
FING-11122,1363,2019,1,Stat Analys,4,2,0,6,2021,1,A,1,4.9,4c3af6a6fafc2a4fd8b54a0620614abd40e25d5b9bce3055d3a942e8d1a78208
FING-11115,1363,2019,1,Fund Econ,4,2,0,6,2021,1,A,2,4.3,0989238be5362cf4cae16b9ffb00d5d13d623aaa763b8c7ff935dd893b6db7a4
FING-9191,1363,2018,1,Fund Econ,4,2,0,6,2021,1,A,2,4.5,058cdaf808e50d6148d8d55904bb396cda18a5d9f65ec9838908aaca899e616e
FING-11083,1363,2019,1,Fund Econ,4,2,0,6,2021,1,A,1,4.5,058cdaf808e50d6148d8d55904bb396cda18a5d9f65ec9838908aaca899e616e
FING-11136,1363,2019,1,Fund Econ,4,2,0,6,2021,1,A,2,5.1,058cdaf808e50d6148d8d55904bb396cda18a5d9f65ec9838908aaca899e616e
FING-11135,1363,2019,1,Fund Econ,4,2,0,6,2021,1,R,2,3.5,058cdaf808e50d6148d8d55904bb396cda18a5d9f65ec9838908aaca899e616e
FING-7307,1363,2017,1,Statistical Inference,4,2,0,6,2021,1,A,1,4.2,642a22eb984b5632934968b0535f493930d7b68aad8b0105ce42f03ad83022a4
FING-9160,1363,2018,1,Statistical Inference,4,2,0,6,2021,1,R,2,1.5,642a22eb984b5632934968b0535f493930d7b68aad8b0105ce42f03ad83022a4
FING-7760,1363,2018,1,Project Evaluation,2,0,4,6,2021,1,A,2,6.0,70c98bb5a2fc66264f5fee9ab71aa0b889a9f8466bb941fe0d340fecf9e7cc57
FING-11089,1363,2019,1,Eng 3,0,0,2,2,2021,1,A,2,4.9,6283feeb3658ebd5b8c01cf13ddcbd5e4bd6cbb6345df87cde9d52ad2f80f9a2
FING-11151,1363,2019,1,Fund Econ,4,2,0,6,2021,1,A,1,4.1,492d480baa932776a702d33da256a7d5d1f4028893d60e07649f8e4aef7e1265
FING-11129,1363,2019,1,Fund Econ,4,2,0,6,2021,1,A,2,4.3,492d480baa932776a702d33da256a7d5d1f4028893d60e07649f8e4aef7e1265
FING-11182,1363,2019,1,Fund Econ,4,2,0,6,2021,1,A,2,5.1,492d480baa932776a702d33da256a7d5d1f4028893d60e07649f8e4aef7e1265
FING-11071,1363,2019,1,Fund Econ,4,2,0,6,2021,1,A,2,4.7,492d480baa932776a702d33da256a7d5d1f4028893d60e07649f8e4aef7e1265
FING-13492,1363,2020,2,Fund Econ,4,2,0,6,2021,1,A,2,4.3,058cdaf808e50d6148d8d55904bb396cda18a5d9f65ec9838908aaca899e616e
FING-11154,1363,2019,1,Fund Econ,4,2,0,6,2021,1,A,2,4.0,058cdaf808e50d6148d8d55904bb396cda18a5d9f65ec9838908aaca899e616e
FING-1782,1363,2015,1,Deg Work,0,0,2,2,2020,2,A,2,7.0,2b1d8c7cd31102501d76a2c0bdf491788e9c2333c5417b842cba275d94e9a379
FING-9611,1363,2019,2,Eng 3,0,0,2,2,2021,1,A,2,7.0,d243075554e9e28bcc9460e19789a9578b49db27694e674c6c0f82cb7f85a5e5
FING-11151,1363,2019,1,Cal 2,6,2,0,8,2021,1,R,1,1.9,921318e7192ad6a0465dd9223eef255e7de4cdcad4e0978ee74112c9b06ecd63
FING-11154,1363,2019,1,Cal 2,6,2,0,8,2021,1,R,2,2.1,921318e7192ad6a0465dd9223eef255e7de4cdcad4e0978ee74112c9b06ecd63
FING-11136,1363,2019,1,Cal 2,6,2,0,8,2021,1,A,2,4.0,921318e7192ad6a0465dd9223eef255e7de4cdcad4e0978ee74112c9b06ecd63
FING-9136,1363,2018,1,Fund Econ,4,2,0,6,2021,1,A,2,4.5,a5b9d8858c1f8e3ffb0d18b58f1dc278fdf7b7273a236e0989beed0b92360903
FING-666,1363,2012,1,Cal 1,6,2,0,8,2012,2,R,2,2.3,928bb54213a20f09fee5f102e05b9920ccba9d5ed93b59e9c92d3e0c98234988
FING-12915,1363,2012,2,Cal 1,6,2,0,8,2012,2,R,1,2.2,928bb54213a20f09fee5f102e05b9920ccba9d5ed93b59e9c92d3e0c98234988
FING-4313,1363,2012,1,Cal 1,6,2,0,8,2012,2,R,2,3.3,928bb54213a20f09fee5f102e05b9920ccba9d5ed93b59e9c92d3e0c98234988
FING-4323,1363,2012,1,Cal 1,6,2,0,8,2012,2,A,2,4.0,6517cc799bc85a6e2a02781df18ef2a785448b1396ceb533e40e5b1159cb0197
FING-4312,1363,2012,1,Cal 1,6,2,0,8,2012,2,R,2,2.3,e66b1dab43fdd8a7e3e7f95abc277e0458464c8952ac3bb9fc24531febba3ec9
FING-4319,1363,2012,1,Alg 1,6,2,0,8,2012,2,A,2,4.6,9b388274dcc00ff5529451c87ddc3ee18ab6aa32a676f98d4440ebe76c7b0024
FING-4321,1363,2012,1,Alg 1,6,2,0,8,2012,2,A,2,4.0,9b388274dcc00ff5529451c87ddc3ee18ab6aa32a676f98d4440ebe76c7b0024
FING-1802,1363,2012,1,Cal 2,6,2,0,8,2012,2,A,2,4.0,a22b91764c2b19decccff6ae2f5140e6e005f8941b2789532de9514d2ef757ff
FING-12860,1363,2012,1,Cal 2,6,2,0,8,2012,2,A,2,5.6,a22b91764c2b19decccff6ae2f5140e6e005f8941b2789532de9514d2ef757ff
FING-4324,1363,2012,1,Cal 2,6,2,0,8,2012,2,A,2,4.4,a22b91764c2b19decccff6ae2f5140e6e005f8941b2789532de9514d2ef757ff
FING-1799,1363,2012,1,Cal 2,6,2,0,8,2012,2,A,2,6.5,a22b91764c2b19decccff6ae2f5140e6e005f8941b2789532de9514d2ef757ff
FING-4306,1363,2012,1,Cal 2,6,2,0,8,2012,2,A,2,4.2,a0a823c0ad35aff4b38a4e89902a49d4a8f505f4cf1b18c295e53448331a2277
FING-1802,1363,2012,1,Alg 2,4,2,0,6,2012,2,A,2,4.5,943dd3c053ca41e02636f5d8ed779187eb11b1b18493b738e3514270e04eefdd
FING-4324,1363,2012,1,Alg 2,4,2,0,6,2012,2,A,2,4.9,943dd3c053ca41e02636f5d8ed779187eb11b1b18493b738e3514270e04eefdd
FING-1799,1363,2012,1,Alg 2,4,2,0,6,2012,2,A,2,6.3,943dd3c053ca41e02636f5d8ed779187eb11b1b18493b738e3514270e04eefdd
FING-12860,1363,2012,1,Alg 2,4,2,0,6,2012,2,A,2,5.3,a44adea26d9d1df6b7749831f43dced8abb5776d7216c04809baf42f0a156beb
FING-4306,1363,2012,1,Alg 2,4,2,0,6,2012,2,A,2,5.7,a44adea26d9d1df6b7749831f43dced8abb5776d7216c04809baf42f0a156beb
FING-666,1363,2012,1,Alg 2,4,2,0,6,2012,2,A,2,4.0,8508436b0f900192b9c554f5c427e8274f4a2527a29c26777931111848b081b4
FING-4323,1363,2012,1,Alg 2,4,2,0,6,2012,2,A,2,4.8,8508436b0f900192b9c554f5c427e8274f4a2527a29c26777931111848b081b4
FING-4313,1363,2012,1,Alg 2,4,2,0,6,2012,2,R,2,2.6,7b2dac439804d2da5d57199b1ef1ef28bba86165fc57d1b1d0183d1d9f4bf483
FING-4312,1363,2012,1,Alg 2,4,2,0,6,2012,2,A,2,5.5,4f6de681fc3e712ed1a39b00639ba1a66ae254fdb37a3ad046a1c5f7b8ac8d38
FING-4305,1363,2012,1,Alg 2,4,2,0,6,2012,2,A,2,4.3,4f6de681fc3e712ed1a39b00639ba1a66ae254fdb37a3ad046a1c5f7b8ac8d38
FING-4319,1363,2012,1,Fund Progr,4,0,2,6,2012,2,A,2,6.3,315d9acb97e77d43ab76e6927696ca0cd6081cac5df1bdeb679f5d4c869e3b16
FING-12860,1363,2012,1,Fund Progr,4,0,2,6,2012,2,A,2,5.5,b2f2e408712fcc4c0629e46d1d41084bdf94f09a5b5d8e6e22c090c72be3d8c0
FING-12860,1363,2012,1,Progr Methd,4,2,2,8,2013,1,A,2,5.7,4b402f61486d553a1ac5cc701a0efb59f3b328062d42bece448d63f444f8f9e1
FING-4324,1363,2012,1,Progr Methd,4,2,2,8,2013,1,A,2,4.9,4b402f61486d553a1ac5cc701a0efb59f3b328062d42bece448d63f444f8f9e1
FING-12988,1363,2013,1,IPD Workshop,2,0,2,4,2013,1,A,1,6.5,30a0d708c503fc1c442967ef0f821d0e102ae7dbdd2b87d9c22e42167e805353
FING-13024,1363,2013,1,IPD Workshop,2,0,2,4,2013,1,A,2,6.4,30a0d708c503fc1c442967ef0f821d0e102ae7dbdd2b87d9c22e42167e805353
FING-17689,1363,2013,1,IPD Workshop,2,0,2,4,2013,1,A,2,4.8,30a0d708c503fc1c442967ef0f821d0e102ae7dbdd2b87d9c22e42167e805353
FING-1221,1363,2014,1,IPD Workshop,2,0,2,4,2014,1,A,2,6.0,0bf2c9420f4364c6e7ac1f0ffcc045a98dd5e9018cf0ee6a6f41d04a109dae05
FING-205,1363,2014,1,IPD Workshop,2,0,2,4,2014,1,A,2,5.8,0bf2c9420f4364c6e7ac1f0ffcc045a98dd5e9018cf0ee6a6f41d04a109dae05
FING-17689,1363,2013,1,Chemistry,4,2,0,6,2014,1,A,2,5.1,e37787d29f1d466eae70c141b9cd873db235921ddf13238975b19ab9a08febb5
FING-3421,1363,2013,1,Chemistry,4,2,0,6,2014,1,R,2,2.0,17bc645d5fed04d0d35952b7b4d1af97d13cb19b736c795671bafd4c9a88c296
FING-4306,1363,2012,1,Elect & Mag,4,2,1,7,2014,1,A,2,4.2,0c99d6fb093475c4544993d815b67dd3729d8d58dcdac886dc422de00102b7e3
FING-13024,1363,2013,1,Elect & Mag,4,2,1,7,2014,1,R,2,1.5,045b1c832b69b4c92bb412dca11f69e883fcb0d23d63831d0d456904141e0b3b
FING-1532,1363,2014,1,Elect & Mag,4,2,1,7,2014,1,A,2,4.7,045b1c832b69b4c92bb412dca11f69e883fcb0d23d63831d0d456904141e0b3b
FING-17689,1363,2013,1,Phy 2,4,2,1,7,2014,1,R,2,2.0,f6a9adfbc3b98c2908bdd53b48de5c161e80b51fb449a4e25dea88bcad634efe
FING-23970,1363,2013,1,Phy 2,4,2,1,7,2014,1,A,2,5.1,0d6f2359e12216f5ba70f54b9737cb1685f82e4c47189ed5ed915839c8a9c077
FING-3421,1363,2013,1,Phy 2,4,2,1,7,2014,1,R,2,1.0,0d6f2359e12216f5ba70f54b9737cb1685f82e4c47189ed5ed915839c8a9c077
FING-4321,1363,2012,1,Elect & Mag,4,2,1,7,2014,1,R,2,1.8,2600e88dbec8730d91cfd0b28f5262d8f134cb3ce654e533854390775226d0a4
FING-4324,1363,2012,1,Cal 3,4,2,0,6,2014,1,R,2,3.6,5edc2f51e0bbed3ddd612a9f8ba01fa514db75f50615cf064f1aaf2fa14f00a1
FING-1802,1363,2012,1,Fund Econ,4,2,0,6,2014,1,A,2,4.2,a5b9d8858c1f8e3ffb0d18b58f1dc278fdf7b7273a236e0989beed0b92360903
FING-4313,1363,2012,1,Fund Econ,4,2,0,6,2014,1,A,2,4.1,fba4e42fd24286ab9760da9812c37be629aa493e99f4848cc23f22e284029a32
FING-1532,1363,2014,1,Fund Econ,4,2,0,6,2014,1,A,2,4.5,fba4e42fd24286ab9760da9812c37be629aa493e99f4848cc23f22e284029a32
FING-4306,1363,2012,1,Fund Econ,4,2,0,6,2014,1,R,2,3.7,f455697606e54a05709e4c124ef70ca8904632a4bf366c6ce2c5a68419aeafca
FING-4323,1363,2012,1,Fund Econ,4,2,0,6,2014,1,A,2,4.1,929cc9a82e7dc72be23a54cc509b1463503cde3b64c09c994af7d87bd74c059b
FING-4305,1363,2012,1,Fund Econ,4,2,0,6,2014,1,A,2,4.1,f07aee52d6c6bcf2d5d0515a7b5bc96a76bcfb5cdceca686b2a60ce754f77b43
FING-4321,1363,2012,1,Fund Econ,4,2,0,6,2014,1,R,2,2.0,bba314c704e3dd81baa34ea26275169866b0b68bb21e2340fcc2a1345a42a0be
FING-13024,1363,2013,1,Fund Econ,4,2,0,6,2014,1,R,2,2.9,bba314c704e3dd81baa34ea26275169866b0b68bb21e2340fcc2a1345a42a0be
FING-212,1363,2014,1,Cal 1,6,2,0,8,2014,1,A,2,4.4,928bb54213a20f09fee5f102e05b9920ccba9d5ed93b59e9c92d3e0c98234988
FING-1531,1363,2014,1,Cal 1,6,2,0,8,2014,1,R,1,3.2,928bb54213a20f09fee5f102e05b9920ccba9d5ed93b59e9c92d3e0c98234988
FING-191,1363,2014,1,Cal 1,6,2,0,8,2014,1,R,2,2.7,928bb54213a20f09fee5f102e05b9920ccba9d5ed93b59e9c92d3e0c98234988
FING-1528,1363,2014,1,Cal 1,6,2,0,8,2014,1,R,2,2.1,928bb54213a20f09fee5f102e05b9920ccba9d5ed93b59e9c92d3e0c98234988
FING-199,1363,2014,1,Cal 1,6,2,0,8,2014,1,A,2,5.1,c08a48b7dc87852ac219b3fa8b132e2aba0f0a5f7d9acb57507b5f6e8307c530
FING-222,1363,2014,1,Cal 1,6,2,0,8,2014,1,A,2,4.2,c08a48b7dc87852ac219b3fa8b132e2aba0f0a5f7d9acb57507b5f6e8307c530
FING-1534,1363,2014,1,Cal 1,6,2,0,8,2014,1,R,2,3.3,c08a48b7dc87852ac219b3fa8b132e2aba0f0a5f7d9acb57507b5f6e8307c530
FING-153,1363,2014,1,Cal 1,6,2,0,8,2014,1,R,2,3.4,c08a48b7dc87852ac219b3fa8b132e2aba0f0a5f7d9acb57507b5f6e8307c530
FING-228,1363,2014,1,Cal 1,6,2,0,8,2014,1,R,2,1.9,984fd6e8e8cd71628ae210f6a1f1557e0da0a64e905394cc57386d1524bbc85a
FING-17689,1363,2013,1,Cal 1,6,2,0,8,2014,1,A,2,4.5,984fd6e8e8cd71628ae210f6a1f1557e0da0a64e905394cc57386d1524bbc85a
FING-3421,1363,2013,1,Cal 1,6,2,0,8,2014,1,R,2,3.3,984fd6e8e8cd71628ae210f6a1f1557e0da0a64e905394cc57386d1524bbc85a
FING-158,1363,2014,1,Cal 1,6,2,0,8,2014,1,R,2,3.6,984fd6e8e8cd71628ae210f6a1f1557e0da0a64e905394cc57386d1524bbc85a
FING-217,1363,2014,1,Cal 1,6,2,0,8,2014,1,A,2,4.9,984fd6e8e8cd71628ae210f6a1f1557e0da0a64e905394cc57386d1524bbc85a
FING-157,1363,2014,1,Cal 1,6,2,0,8,2014,1,A,2,4.1,984fd6e8e8cd71628ae210f6a1f1557e0da0a64e905394cc57386d1524bbc85a
FING-214,1363,2014,1,Cal 1,6,2,0,8,2014,1,A,2,5.5,984fd6e8e8cd71628ae210f6a1f1557e0da0a64e905394cc57386d1524bbc85a
FING-179,1363,2014,1,Alg 1,6,2,0,8,2014,1,A,2,4.9,c20990256923145e12cc95b746304d47ac14b7609d5deed25b1edacffc507e8a
FING-173,1363,2014,1,Alg 1,6,2,0,8,2014,1,A,2,4.1,c20990256923145e12cc95b746304d47ac14b7609d5deed25b1edacffc507e8a
FING-223,1363,2014,1,Alg 1,6,2,0,8,2014,1,R,2,3.0,c20990256923145e12cc95b746304d47ac14b7609d5deed25b1edacffc507e8a
FING-1782,1363,2015,1,Cal 1,6,2,0,8,2014,1,A,2,5.4,7a010e08ef357db66111e0002541d9497add97259a609f600493a85dfc11a288
FING-1782,1363,2015,1,IPD Workshop,2,0,2,4,2014,1,A,2,6.9,796a57bc5e8dc1eb6fc5e6c0a4167c159616f33a2537ff28e3d4759f9402d76a
FING-1782,1363,2015,1,Intro Eng,0,0,2,2,2014,1,A,2,5.7,e18b59ae90989c37a7fd90d0d339e5203132e476cd9c7098bdf8980cd0a8a6ec
FING-1782,1363,2015,1,Phy 2,4,2,1,7,2014,2,A,2,5.2,0d6f2359e12216f5ba70f54b9737cb1685f82e4c47189ed5ed915839c8a9c077
FING-199,1363,2014,1,Syst Eng,4,2,0,6,2015,1,A,2,CNV,
FING-205,1363,2014,1,Eng 2,0,0,2,2,2015,2,A,2,6.2,9812004412cb766de3026f699a0993a6571c5139d338519c380a251cbb6ea891
FING-179,1363,2014,1,Eng 2,0,0,2,2,2015,2,A,2,5.9,9812004412cb766de3026f699a0993a6571c5139d338519c380a251cbb6ea891
FING-222,1363,2014,1,Eng 2,0,0,2,2,2015,2,A,2,5.4,39bca73615ba5094b6932326ff316036b6baf2f1ba8ae7349db42c3bfdce08a7
FING-1534,1363,2014,1,Eng 2,0,0,2,2,2015,2,A,2,5.8,39bca73615ba5094b6932326ff316036b6baf2f1ba8ae7349db42c3bfdce08a7
FING-157,1363,2014,1,Eng 2,0,0,2,2,2015,2,A,2,6.2,39bca73615ba5094b6932326ff316036b6baf2f1ba8ae7349db42c3bfdce08a7
FING-153,1363,2014,1,Eng 2,0,0,2,2,2015,2,A,2,5.9,39bca73615ba5094b6932326ff316036b6baf2f1ba8ae7349db42c3bfdce08a7
FING-1531,1363,2014,1,Eng 2,0,0,2,2,2015,2,A,1,5.7,39bca73615ba5094b6932326ff316036b6baf2f1ba8ae7349db42c3bfdce08a7
FING-1532,1363,2014,1,Eng 3,0,0,2,2,2015,2,R,2,2.4,328524d2ffbcc4ec63d1b5a3bfa425c0f37661344eaa844294ba743535d8c18e
FING-12988,1363,2013,1,Eng 3,0,0,2,2,2015,2,A,1,5.3,3bb7bca45e07fa223a2dbb878fe7f7d56d27cebbddb98f204e56031dbf9ff301
FING-17689,1363,2013,1,Eng 3,0,0,2,2,2015,2,A,2,4.9,3bb7bca45e07fa223a2dbb878fe7f7d56d27cebbddb98f204e56031dbf9ff301
FING-1472,1363,2014,1,Eng 3,0,0,2,2,2015,2,A,2,4.6,676472d9733969341e880539f5cd2aa02fee27568316a06004b006dc9e0c0f45
FING-13024,1363,2013,1,Eng 4,0,0,2,2,2015,2,A,2,4.8,d7e1118e4206da09a1b00507c94b6b4d91ec991600cf16a8af56e8e3ef8a0b0b
FING-2919,1363,2015,1,Chemistry,4,2,0,6,2015,2,A,2,5.0,78ae7e5af3500de0b8e07306f1cf8bbf8658673654b5deebb06c64131c301e62
FING-2954,1363,2015,1,Chemistry,4,2,0,6,2015,2,A,2,4.1,78ae7e5af3500de0b8e07306f1cf8bbf8658673654b5deebb06c64131c301e62
FING-2955,1363,2015,1,Chemistry,4,2,0,6,2015,2,A,2,4.2,78ae7e5af3500de0b8e07306f1cf8bbf8658673654b5deebb06c64131c301e62
FING-2935,1363,2015,1,Chemistry,4,2,0,6,2015,2,R,1,2.5,78ae7e5af3500de0b8e07306f1cf8bbf8658673654b5deebb06c64131c301e62
FING-2915,1363,2015,1,Chemistry,4,2,0,6,2015,2,A,2,5.0,78ae7e5af3500de0b8e07306f1cf8bbf8658673654b5deebb06c64131c301e62
FING-4190,1363,2015,1,Chemistry,4,2,0,6,2015,2,R,2,2.1,39baceb72fec0a6d32ffe2e718de719b4077f6b669c32b647aa28921f11a7124
FING-13024,1363,2013,1,Comp Struc,4,2,1,7,2015,2,A,2,4.4,d4b6ca37b19f8a1eaa18be13e6920a57116e6d72bbfa1bb36380a449d985958b
FING-1532,1363,2014,1,DB Design,4,1,1,6,2015,2,A,2,4.3,e7664f59ac17269c7b8850165be580d22f8815f1b1dee14b1468d917d36b1b1e
FING-6164,1363,2016,1,Cal 2,6,2,0,8,2016,2,R,2,1.0,7b2dac439804d2da5d57199b1ef1ef28bba86165fc57d1b1d0183d1d9f4bf483
FING-6350,1363,2016,1,Cal 2,6,2,0,8,2016,2,R,2,1.6,7b2dac439804d2da5d57199b1ef1ef28bba86165fc57d1b1d0183d1d9f4bf483
FING-5381,1363,2016,1,Cal 2,6,2,0,8,2016,2,R,2,2.6,7b2dac439804d2da5d57199b1ef1ef28bba86165fc57d1b1d0183d1d9f4bf483
FING-2989,1363,2016,1,Cal 2,6,2,0,8,2016,2,R,2,2.1,7b2dac439804d2da5d57199b1ef1ef28bba86165fc57d1b1d0183d1d9f4bf483
FING-2931,1363,2016,1,Cal 2,6,2,0,8,2016,2,R,2,1.3,7b2dac439804d2da5d57199b1ef1ef28bba86165fc57d1b1d0183d1d9f4bf483
FING-6364,1363,2016,1,Cal 2,6,2,0,8,2016,2,R,2,2.1,7b2dac439804d2da5d57199b1ef1ef28bba86165fc57d1b1d0183d1d9f4bf483
FING-5401,1363,2016,1,Cal 2,6,2,0,8,2016,2,R,2,2.5,7b2dac439804d2da5d57199b1ef1ef28bba86165fc57d1b1d0183d1d9f4bf483
FING-5360,1363,2016,1,Cal 2,6,2,0,8,2016,2,R,2,2.7,8f76c3c9624622bf49eaf281bc72c03859c96fa850b904deafda3adcacf92130
FING-2920,1363,2015,1,Cal 2,6,2,0,8,2016,2,A,2,4.3,1c702013c61a4e9c3d55a6cab9307e9dd956c95b7bc9c9eaecbcaad761f589f1
FING-2935,1363,2015,1,Cal 2,6,2,0,8,2016,2,R,1,2.2,1c702013c61a4e9c3d55a6cab9307e9dd956c95b7bc9c9eaecbcaad761f589f1
FING-6281,1363,2016,1,Cal 2,6,2,0,8,2016,2,A,2,4.0,1c702013c61a4e9c3d55a6cab9307e9dd956c95b7bc9c9eaecbcaad761f589f1
FING-4115,1363,2015,1,Cal 2,6,2,0,8,2016,2,R,2,3.6,8a5a1b2546b474bcad309c4ebcac6bed0bc1693473ad875d87a2bf81f9d006a7
FING-2910,1363,2015,1,Cal 2,6,2,0,8,2016,2,R,1,3.6,8a5a1b2546b474bcad309c4ebcac6bed0bc1693473ad875d87a2bf81f9d006a7
FING-4195,1363,2015,1,Cal 2,6,2,0,8,2016,2,R,2,3.0,8a5a1b2546b474bcad309c4ebcac6bed0bc1693473ad875d87a2bf81f9d006a7
FING-5402,1363,2016,1,Cal 2,6,2,0,8,2016,2,R,1,2.8,8a5a1b2546b474bcad309c4ebcac6bed0bc1693473ad875d87a2bf81f9d006a7
FING-6359,1363,2016,1,Cal 2,6,2,0,8,2016,2,R,2,1.6,8a5a1b2546b474bcad309c4ebcac6bed0bc1693473ad875d87a2bf81f9d006a7
FING-6359,1363,2016,1,Alg 2,4,2,0,6,2016,2,R,2,2.0,7d288956a24779805936e8de3dbd2808da37ad9d1487de7297ba281c1a2a11aa
FING-5401,1363,2016,1,Alg 2,4,2,0,6,2016,2,A,2,4.0,7d288956a24779805936e8de3dbd2808da37ad9d1487de7297ba281c1a2a11aa
FING-5374,1363,2016,1,Alg 2,4,2,0,6,2016,2,R,2,1.4,7d288956a24779805936e8de3dbd2808da37ad9d1487de7297ba281c1a2a11aa
FING-191,1363,2014,1,Stat Analys,4,2,0,6,2016,2,R,2,1.1,541f6ac20b5fad01e5f9155ac2dd4fcc0055b6fa626465a66e1af10b178e02a2
FING-2918,1363,2015,1,Stat Analys,4,2,0,6,2016,2,A,2,4.6,541f6ac20b5fad01e5f9155ac2dd4fcc0055b6fa626465a66e1af10b178e02a2
FING-222,1363,2014,1,Stat Analys,4,2,0,6,2016,2,R,2,2.7,541f6ac20b5fad01e5f9155ac2dd4fcc0055b6fa626465a66e1af10b178e02a2
FING-157,1363,2014,1,Stat Analys,4,2,0,6,2016,2,A,2,4.0,541f6ac20b5fad01e5f9155ac2dd4fcc0055b6fa626465a66e1af10b178e02a2
FING-2946,1363,2015,1,Stat Analys,4,2,0,6,2016,2,A,2,5.6,541f6ac20b5fad01e5f9155ac2dd4fcc0055b6fa626465a66e1af10b178e02a2
FING-1472,1363,2014,1,Stat Analys,4,2,0,6,2016,2,R,2,2.2,15d8fa612333f7e85381ecc16be1b11e169b2cbe85c48dd0424cb6ed977747db
FING-1531,1363,2014,1,Stat Analys,4,2,0,6,2016,2,A,1,4.6,15d8fa612333f7e85381ecc16be1b11e169b2cbe85c48dd0424cb6ed977747db
FING-223,1363,2014,1,Stat Analys,4,2,0,6,2016,2,A,2,4.4,15d8fa612333f7e85381ecc16be1b11e169b2cbe85c48dd0424cb6ed977747db
FING-192,1363,2014,1,Stat Analys,4,2,0,6,2016,2,R,2,3.4,15d8fa612333f7e85381ecc16be1b11e169b2cbe85c48dd0424cb6ed977747db
FING-186,1363,2014,1,Stat Analys,4,2,0,6,2016,2,A,2,4.4,b668a1dd0b7fc9613e9eba607a925b31589677ce4ea1ce81f137e07d44635741
FING-1531,1363,2014,1,Diff Ec & Num Meth,4,2,0,6,2016,2,A,1,4.0,bf94262a3cdb991e7eabe861f41bd9d8a5db6b3a312f5307ae389d047b610ea3
FING-13105,1363,2013,1,Diff Ec & Num Meth,4,2,0,6,2016,2,A,1,4.1,bf94262a3cdb991e7eabe861f41bd9d8a5db6b3a312f5307ae389d047b610ea3
FING-2915,1363,2015,1,Diff Ec & Num Meth,4,2,0,6,2016,2,R,2,2.4,bf94262a3cdb991e7eabe861f41bd9d8a5db6b3a312f5307ae389d047b610ea3
FING-4190,1363,2015,1,Diff Ec & Num Meth,4,2,0,6,2016,2,R,2,1.0,0c72a2ad7dd210d87d992a7bd4905912d4bd5f36d16b930d2302169cd2bac334
FING-2918,1363,2015,1,Diff Ec & Num Meth,4,2,0,6,2016,2,A,2,4.1,0c72a2ad7dd210d87d992a7bd4905912d4bd5f36d16b930d2302169cd2bac334
FING-2905,1363,2015,1,Diff Ec & Num Meth,4,2,0,6,2016,2,R,1,2.8,984fd6e8e8cd71628ae210f6a1f1557e0da0a64e905394cc57386d1524bbc85a
FING-192,1363,2014,1,Diff Ec & Num Meth,4,2,0,6,2016,2,R,2,1.8,0273a82eb29bb351d1c24137c450c6dc8cbebb7e6fc0029846691d238e3392af
FING-2960,1363,2015,1,Diff Ec & Num Meth,4,2,0,6,2016,2,R,2,1.0,0273a82eb29bb351d1c24137c450c6dc8cbebb7e6fc0029846691d238e3392af
FING-2909,1363,2015,1,Diff Ec & Num Meth,4,2,0,6,2016,2,R,2,2.4,0273a82eb29bb351d1c24137c450c6dc8cbebb7e6fc0029846691d238e3392af
FING-5360,1363,2016,1,Chemistry,4,2,0,6,2016,2,A,2,4.5,5acd340fe90296ef2ab06473862bcdebb9d463aee6ca010c028834f16ca3dd3a
FING-5381,1363,2016,1,Chemistry,4,2,0,6,2016,2,A,2,4.5,fb602df840621f7a0cfeed69e3290b13e75c22541d4cc37913ae02229ff82bf1
FING-6359,1363,2016,1,Chemistry,4,2,0,6,2016,2,R,2,2.6,fb602df840621f7a0cfeed69e3290b13e75c22541d4cc37913ae02229ff82bf1
FING-5374,1363,2016,1,Chemistry,4,2,0,6,2016,2,R,2,1.8,fb602df840621f7a0cfeed69e3290b13e75c22541d4cc37913ae02229ff82bf1
FING-5369,1363,2016,1,Chemistry,4,2,0,6,2016,2,R,2,3.7,fb602df840621f7a0cfeed69e3290b13e75c22541d4cc37913ae02229ff82bf1
FING-5382,1363,2016,1,Chemistry,4,2,0,6,2016,2,A,2,4.3,78ae7e5af3500de0b8e07306f1cf8bbf8658673654b5deebb06c64131c301e62
FING-6164,1363,2016,1,Chemistry,4,2,0,6,2016,2,R,2,1.0,78ae7e5af3500de0b8e07306f1cf8bbf8658673654b5deebb06c64131c301e62
FING-6364,1363,2016,1,Chemistry,4,2,0,6,2016,2,R,2,2.2,78ae7e5af3500de0b8e07306f1cf8bbf8658673654b5deebb06c64131c301e62
FING-6350,1363,2016,1,Chemistry,4,2,0,6,2016,2,A,2,6.1,886b8d9266906987afd4cba92a1074cdf9c9db5b793d57f7e318d192e2b15720
FING-5402,1363,2016,1,Chemistry,4,2,0,6,2016,2,R,1,3.7,886b8d9266906987afd4cba92a1074cdf9c9db5b793d57f7e318d192e2b15720
FING-5349,1363,2016,1,Chemistry,4,2,0,6,2016,2,R,2,3.6,886b8d9266906987afd4cba92a1074cdf9c9db5b793d57f7e318d192e2b15720
FING-2931,1363,2016,1,Chemistry,4,2,0,6,2016,2,A,2,4.0,9438af86b5ca99ab3b517de806b821c024b6284478dbc5d992363a1d554aeda7
FING-6281,1363,2016,1,Chemistry,4,2,0,6,2016,2,R,2,3.4,9438af86b5ca99ab3b517de806b821c024b6284478dbc5d992363a1d554aeda7
FING-5401,1363,2016,1,Chemistry,4,2,0,6,2016,2,R,2,3.2,9438af86b5ca99ab3b517de806b821c024b6284478dbc5d992363a1d554aeda7
FING-5353,1363,2016,1,Chemistry,4,2,0,6,2016,2,R,2,2.8,fb9645e0acae33b6d451fbf3e7941f8c14945048003b1674c2446ca2d6071670
FING-5387,1363,2016,1,Chemistry,4,2,0,6,2016,2,R,2,3.8,fb9645e0acae33b6d451fbf3e7941f8c14945048003b1674c2446ca2d6071670
FING-15274,1363,2016,1,Chemistry,4,2,0,6,2016,2,A,2,4.3,fb9645e0acae33b6d451fbf3e7941f8c14945048003b1674c2446ca2d6071670
FING-6355,1363,2016,1,Chemistry,4,2,0,6,2016,2,R,2,2.6,3fe86a928159cf9ef9e2ca5544a667c9629d0e210733f7178dccaea9f02f0b1a
FING-2989,1363,2016,1,Chemistry,4,2,0,6,2016,2,A,2,4.6,78ae7e5af3500de0b8e07306f1cf8bbf8658673654b5deebb06c64131c301e62
FING-1472,1363,2014,1,Fund Econ,4,2,0,6,2016,2,A,2,4.0,f07aee52d6c6bcf2d5d0515a7b5bc96a76bcfb5cdceca686b2a60ce754f77b43
FING-2971,1363,2015,1,Fund Econ,4,2,0,6,2016,2,A,2,4.6,f455697606e54a05709e4c124ef70ca8904632a4bf366c6ce2c5a68419aeafca
FING-223,1363,2014,1,Fund Econ,4,2,0,6,2016,2,A,2,4.0,f455697606e54a05709e4c124ef70ca8904632a4bf366c6ce2c5a68419aeafca
FING-191,1363,2014,1,Fund Econ,4,2,0,6,2016,2,A,2,4.2,b7f24e96466b2e4575d4f27fc1ecedb965ddb0ed8925438c7313a98201e34f8a
FING-2908,1363,2015,1,Fund Econ,4,2,0,6,2016,2,A,1,4.1,b7f24e96466b2e4575d4f27fc1ecedb965ddb0ed8925438c7313a98201e34f8a
FING-2915,1363,2015,1,Fund Econ,4,2,0,6,2016,2,A,2,4.3,a9b9b0becfdae0fac939b258783036f875447ab5b3b1a4dea43c9e11b4f1f5fb
FING-2955,1363,2015,1,Fund Econ,4,2,0,6,2016,2,R,2,1.9,8cf72964550d65b891b4dc419d2555e2f4f62aedd67d9bce90befaae86c0d171
FING-2910,1363,2015,1,Fund Econ,4,2,0,6,2016,2,R,1,1.6,8cf72964550d65b891b4dc419d2555e2f4f62aedd67d9bce90befaae86c0d171
FING-2945,1363,2015,1,Fund Econ,4,2,0,6,2016,2,A,2,4.1,f07aee52d6c6bcf2d5d0515a7b5bc96a76bcfb5cdceca686b2a60ce754f77b43
FING-2920,1363,2015,1,Fund Econ,4,2,0,6,2016,2,R,2,2.2,f07aee52d6c6bcf2d5d0515a7b5bc96a76bcfb5cdceca686b2a60ce754f77b43
FING-2919,1363,2015,1,Fund Econ,4,2,0,6,2016,2,A,2,4.6,f07aee52d6c6bcf2d5d0515a7b5bc96a76bcfb5cdceca686b2a60ce754f77b43
FING-228,1363,2015,1,Fund Econ,4,2,0,6,2016,2,R,2,1.7,f07aee52d6c6bcf2d5d0515a7b5bc96a76bcfb5cdceca686b2a60ce754f77b43
FING-2973,1363,2015,1,Fund Econ,4,2,0,6,2016,2,A,2,4.2,f07aee52d6c6bcf2d5d0515a7b5bc96a76bcfb5cdceca686b2a60ce754f77b43
FING-2933,1363,2015,1,Fund Econ,4,2,0,6,2016,2,A,2,4.1,f07aee52d6c6bcf2d5d0515a7b5bc96a76bcfb5cdceca686b2a60ce754f77b43
FING-4195,1363,2015,1,Fund Econ,4,2,0,6,2016,2,R,2,3.5,f07aee52d6c6bcf2d5d0515a7b5bc96a76bcfb5cdceca686b2a60ce754f77b43
FING-2935,1363,2015,1,Fund Econ,4,2,0,6,2016,2,R,1,1.6,f07aee52d6c6bcf2d5d0515a7b5bc96a76bcfb5cdceca686b2a60ce754f77b43
FING-2960,1363,2015,1,Fund Econ,4,2,0,6,2016,2,R,2,2.0,f07aee52d6c6bcf2d5d0515a7b5bc96a76bcfb5cdceca686b2a60ce754f77b43
FING-5382,1363,2016,1,Eff Comm,0,0,2,2,2016,2,A,2,6.4,c075e62e820f7b4d2365f49c28a3df09880c77a6f7aee816b90ebcb74edaf09f
FING-5376,1363,2016,1,Eff Comm,0,0,2,2,2016,2,A,2,5.8,c075e62e820f7b4d2365f49c28a3df09880c77a6f7aee816b90ebcb74edaf09f
FING-2905,1363,2015,1,Eff Comm,0,0,2,2,2016,2,A,1,6.6,134d7da883ac7e700eb4679b061517880bf2cfc2d681cb549a3f6991700a8ab2
FING-2931,1363,2016,1,Eff Comm,0,0,2,2,2016,2,A,2,5.1,134d7da883ac7e700eb4679b061517880bf2cfc2d681cb549a3f6991700a8ab2
FING-5401,1363,2016,1,Eff Comm,0,0,2,2,2016,2,A,2,4.3,134d7da883ac7e700eb4679b061517880bf2cfc2d681cb549a3f6991700a8ab2
FING-2898,1363,2015,1,Eff Comm,0,0,2,2,2016,2,A,2,6.5,54ef8343359e298427063b079c59e08b111d2ac6c2dc22a637f37d015a081532
FING-2933,1363,2015,1,Eng 1,0,0,2,2,2016,2,A,2,5.3,d7e1118e4206da09a1b00507c94b6b4d91ec991600cf16a8af56e8e3ef8a0b0b
FING-2898,1363,2015,1,Eng 1,0,0,2,2,2016,2,A,2,7.0,78f0d05863b49f0f1964a8da4fbbc57454f1522e438f3057db9059ef89f5d749
FING-5376,1363,2016,1,Eng 1,0,0,2,2,2016,2,A,2,5.7,78f0d05863b49f0f1964a8da4fbbc57454f1522e438f3057db9059ef89f5d749
FING-228,1363,2015,1,Eng 2,0,0,2,2,2016,2,A,2,6.3,331daeb5e2bacaa17d203d73ce2c26227a79b69371f5f02e9b9d3d9d1d577b68
FING-2973,1363,2015,1,Eng 2,0,0,2,2,2016,2,A,2,5.8,331daeb5e2bacaa17d203d73ce2c26227a79b69371f5f02e9b9d3d9d1d577b68
FING-2946,1363,2015,1,Eng 2,0,0,2,2,2016,2,A,2,4.9,331daeb5e2bacaa17d203d73ce2c26227a79b69371f5f02e9b9d3d9d1d577b68
FING-2905,1363,2015,1,Eng 2,0,0,2,2,2016,2,A,1,6.5,331daeb5e2bacaa17d203d73ce2c26227a79b69371f5f02e9b9d3d9d1d577b68
FING-2909,1363,2015,1,Eng 2,0,0,2,2,2016,2,A,2,6.8,331daeb5e2bacaa17d203d73ce2c26227a79b69371f5f02e9b9d3d9d1d577b68
FING-2935,1363,2015,1,Eng 2,0,0,2,2,2016,2,A,1,7.0,331daeb5e2bacaa17d203d73ce2c26227a79b69371f5f02e9b9d3d9d1d577b68
FING-2960,1363,2015,1,Eng 2,0,0,2,2,2016,2,A,2,6.0,6283feeb3658ebd5b8c01cf13ddcbd5e4bd6cbb6345df87cde9d52ad2f80f9a2
FING-3928,1363,2015,1,Eng 2,0,0,2,2,2016,2,A,2,6.0,17b06f7b69e3bedb842e83e938e37b69431e1cc956e65f9aeefb39333e4f0870
FING-1221,1363,2017,1,Phy 1,4,2,1,7,2017,1,A,2,4.7,0c99d6fb093475c4544993d815b67dd3729d8d58dcdac886dc422de00102b7e3
FING-7307,1363,2017,1,Phy 1,4,2,1,7,2017,1,R,1,3.4,0c99d6fb093475c4544993d815b67dd3729d8d58dcdac886dc422de00102b7e3
FING-5387,1363,2016,1,Phy 1,4,2,1,7,2017,1,A,2,4.0,0c99d6fb093475c4544993d815b67dd3729d8d58dcdac886dc422de00102b7e3
FING-15282,1363,2017,1,Phy 1,4,2,1,7,2017,1,A,1,4.2,0c99d6fb093475c4544993d815b67dd3729d8d58dcdac886dc422de00102b7e3
FING-7306,1363,2017,1,Phy 1,4,2,1,7,2017,1,R,1,2.8,0c99d6fb093475c4544993d815b67dd3729d8d58dcdac886dc422de00102b7e3
FING-7349,1363,2017,1,Phy 1,4,2,1,7,2017,1,A,2,5.8,2600e88dbec8730d91cfd0b28f5262d8f134cb3ce654e533854390775226d0a4
FING-7300,1363,2017,1,Phy 1,4,2,1,7,2017,1,R,2,3.5,2600e88dbec8730d91cfd0b28f5262d8f134cb3ce654e533854390775226d0a4
FING-29416,1363,2017,1,Phy 1,4,2,1,7,2017,1,R,2,2.5,2600e88dbec8730d91cfd0b28f5262d8f134cb3ce654e533854390775226d0a4
FING-8308,1363,2017,1,Phy 1,4,2,1,7,2017,1,A,2,4.8,2b339e7a54e931058f355236a943b26a0f329668d4ec0ef2cb02efb3099d284b
FING-7316,1363,2017,1,Phy 1,4,2,1,7,2017,1,R,2,2.3,2b339e7a54e931058f355236a943b26a0f329668d4ec0ef2cb02efb3099d284b
FING-7312,1363,2017,1,Phy 1,4,2,1,7,2017,1,R,2,2.8,2b339e7a54e931058f355236a943b26a0f329668d4ec0ef2cb02efb3099d284b
FING-8361,1363,2017,1,Phy 1,4,2,1,7,2017,1,R,2,3.6,2b339e7a54e931058f355236a943b26a0f329668d4ec0ef2cb02efb3099d284b
FING-7354,1363,2017,1,Phy 1,4,2,1,7,2017,1,A,2,4.2,2600e88dbec8730d91cfd0b28f5262d8f134cb3ce654e533854390775226d0a4
FING-7341,1363,2017,1,Phy 1,4,2,1,7,2017,1,A,1,4.5,2600e88dbec8730d91cfd0b28f5262d8f134cb3ce654e533854390775226d0a4
FING-8195,1363,2017,1,Phy 1,4,2,1,7,2017,1,A,2,5.2,185aebc447d3b230074d54652311afc885e643ae557cae60674e99638ca8860d
FING-8359,1363,2017,1,Phy 1,4,2,1,7,2017,1,R,2,3.0,185aebc447d3b230074d54652311afc885e643ae557cae60674e99638ca8860d
FING-7327,1363,2017,1,Phy 1,4,2,1,7,2017,1,R,2,2.1,1b425c3bcf034894ba7a659b550b13e24a79839f0a37478d2cb9c5c69dece3fd
FING-7352,1363,2017,1,Phy 1,4,2,1,7,2017,1,R,2,1.7,1b425c3bcf034894ba7a659b550b13e24a79839f0a37478d2cb9c5c69dece3fd
FING-5360,1363,2016,1,Phy 2,4,2,1,7,2017,1,A,2,4.0,a340e735836f568b6e42e02aa14c8f3a41ccb297f9c2b4f7be6a7e4306c78154
FING-6354,1363,2016,1,Phy 2,4,2,1,7,2017,1,R,2,1.4,a340e735836f568b6e42e02aa14c8f3a41ccb297f9c2b4f7be6a7e4306c78154
FING-5381,1363,2016,1,Phy 2,4,2,1,7,2017,1,A,2,4.3,a340e735836f568b6e42e02aa14c8f3a41ccb297f9c2b4f7be6a7e4306c78154
FING-2931,1363,2016,1,Phy 2,4,2,1,7,2017,1,A,2,4.3,a340e735836f568b6e42e02aa14c8f3a41ccb297f9c2b4f7be6a7e4306c78154
FING-5376,1363,2016,1,Phy 2,4,2,1,7,2017,1,A,2,4.6,a340e735836f568b6e42e02aa14c8f3a41ccb297f9c2b4f7be6a7e4306c78154
FING-173,1363,2014,1,Phy 2,4,2,1,7,2017,1,A,2,4.4,0eaa9a35fba33e162482a6441aaec91ea10944da309b39b55f71de7db41392c6
FING-6350,1363,2016,1,Phy 2,4,2,1,7,2017,1,R,2,1.0,0eaa9a35fba33e162482a6441aaec91ea10944da309b39b55f71de7db41392c6
FING-2989,1363,2016,1,Phy 2,4,2,1,7,2017,1,A,2,4.7,0eaa9a35fba33e162482a6441aaec91ea10944da309b39b55f71de7db41392c6
FING-6364,1363,2016,1,Phy 2,4,2,1,7,2017,1,A,2,4.0,0eaa9a35fba33e162482a6441aaec91ea10944da309b39b55f71de7db41392c6
FING-5374,1363,2016,1,Phy 2,4,2,1,7,2017,1,R,2,1.2,0eaa9a35fba33e162482a6441aaec91ea10944da309b39b55f71de7db41392c6
FING-5369,1363,2016,1,Phy 2,4,2,1,7,2017,1,R,2,1.5,0eaa9a35fba33e162482a6441aaec91ea10944da309b39b55f71de7db41392c6
FING-15274,1363,2016,1,Phy 2,4,2,1,7,2017,1,R,2,3.3,0eaa9a35fba33e162482a6441aaec91ea10944da309b39b55f71de7db41392c6
FING-228,1363,2015,1,Phy 2,4,2,1,7,2017,1,A,2,4.0,f7a1cedf642f539e178d67fae168a8e3b836ceed10dcefa9904a536b4350a43f
FING-6164,1363,2016,1,Phy 2,4,2,1,7,2017,1,R,2,1.0,f7a1cedf642f539e178d67fae168a8e3b836ceed10dcefa9904a536b4350a43f
FING-4115,1363,2015,1,Phy 2,4,2,1,7,2017,1,A,2,4.0,f7a1cedf642f539e178d67fae168a8e3b836ceed10dcefa9904a536b4350a43f
FING-2935,1363,2015,1,Phy 2,4,2,1,7,2017,1,R,1,1.5,f7a1cedf642f539e178d67fae168a8e3b836ceed10dcefa9904a536b4350a43f
FING-6359,1363,2016,1,Phy 2,4,2,1,7,2017,1,A,2,4.2,f7a1cedf642f539e178d67fae168a8e3b836ceed10dcefa9904a536b4350a43f
FING-5353,1363,2016,1,Phy 2,4,2,1,7,2017,1,A,2,4.0,f7a1cedf642f539e178d67fae168a8e3b836ceed10dcefa9904a536b4350a43f
FING-5401,1363,2016,1,Phy 2,4,2,1,7,2017,1,R,2,1.8,f7a1cedf642f539e178d67fae168a8e3b836ceed10dcefa9904a536b4350a43f
FING-13105,1363,2013,1,Comp Struc,4,2,1,7,2017,1,R,1,2.4,8b7eb5c8931cf41fe21d405c6a69bfafd6307c6f617d2a5af34c471a984c159e
FING-2918,1363,2015,1,Comp Struc,4,2,1,7,2017,1,R,2,2.6,8b7eb5c8931cf41fe21d405c6a69bfafd6307c6f617d2a5af34c471a984c159e
FING-186,1363,2014,1,Comp Struc,4,2,1,7,2017,1,R,2,3.2,3dba836932965ec29b9b8b8ce1520e40c996e638dd28a0e6ecfda852e911fadf
FING-180,1363,2014,1,Comp Struc,4,2,1,7,2017,1,A,2,5.1,3dba836932965ec29b9b8b8ce1520e40c996e638dd28a0e6ecfda852e911fadf
FING-1531,1363,2014,1,Syst Eng,4,2,0,6,2017,1,A,1,4.8,6156896e1eef7fd434eb3afdebec8f42f1f414a724fb605bcd84f23798033c99
FING-2946,1363,2015,1,Syst Eng,4,2,0,6,2017,1,A,2,4.7,6156896e1eef7fd434eb3afdebec8f42f1f414a724fb605bcd84f23798033c99
FING-186,1363,2014,1,Progr Parad,4,0,2,6,2017,1,R,2,1.0,b5288838101f043d5d921b3cb0ab9e48b7545e84feb6f9d18963b2df26786f77
FING-1528,1363,2014,1,Progr Parad,4,0,2,6,2017,1,R,2,2.1,b5288838101f043d5d921b3cb0ab9e48b7545e84feb6f9d18963b2df26786f77
FING-13134,1363,2013,1,Progr Parad,4,0,2,6,2017,1,R,2,2.0,b5288838101f043d5d921b3cb0ab9e48b7545e84feb6f9d18963b2df26786f77
FING-227,1363,2014,1,Progr Parad,4,0,2,6,2017,1,A,2,4.6,b5288838101f043d5d921b3cb0ab9e48b7545e84feb6f9d18963b2df26786f77
FING-223,1363,2014,1,Progr Parad,4,0,2,6,2017,1,R,2,1.0,b5288838101f043d5d921b3cb0ab9e48b7545e84feb6f9d18963b2df26786f77
FING-1802,1363,2012,1,Elect & Mag,4,2,1,7,2013,2,A,2,4.9,
FING-1802,1363,2012,1,Intro Eng,0,0,2,2,2012,1,A,2,4.1,
FING-1802,1363,2012,1,Std Methods,0,0,2,2,2012,1,A,2,5.7,
FING-1802,1363,2012,1,Elect & Mag,4,2,1,7,2013,1,R,2,3.0,
FING-666,1363,2012,1,Intro Eng,0,0,2,2,2012,1,A,2,6.4,
FING-666,1363,2012,1,Std Methods,0,0,2,2,2012,1,A,2,4.6,
FING-8361,1363,2017,1,Eng 1,0,0,2,2,2018,1,A,2,5.6,05a158b0394b2121a1e31ebd32ad22748f8f672294e8e71dd514831300eacc2e
FING-8308,1363,2017,1,Eng 1,0,0,2,2,2018,1,A,2,7.0,d243075554e9e28bcc9460e19789a9578b49db27694e674c6c0f82cb7f85a5e5
FING-8195,1363,2017,1,Eng 1,0,0,2,2,2018,1,A,2,7.0,d243075554e9e28bcc9460e19789a9578b49db27694e674c6c0f82cb7f85a5e5
FING-6350,1363,2016,1,Eng 1,0,0,2,2,2018,1,A,2,7.0,d243075554e9e28bcc9460e19789a9578b49db27694e674c6c0f82cb7f85a5e5
FING-7349,1363,2017,1,Eng 1,0,0,2,2,2018,1,A,2,7.0,d243075554e9e28bcc9460e19789a9578b49db27694e674c6c0f82cb7f85a5e5
FING-6364,1363,2016,1,Eng 1,0,0,2,2,2018,1,A,2,7.0,d243075554e9e28bcc9460e19789a9578b49db27694e674c6c0f82cb7f85a5e5
FING-7307,1363,2017,1,Eng 1,0,0,2,2,2018,1,A,1,6.0,d243075554e9e28bcc9460e19789a9578b49db27694e674c6c0f82cb7f85a5e5
FING-7354,1363,2017,1,Eng 1,0,0,2,2,2018,1,A,2,7.0,d243075554e9e28bcc9460e19789a9578b49db27694e674c6c0f82cb7f85a5e5
FING-15282,1363,2017,1,Eng 1,0,0,2,2,2018,1,A,1,7.0,d243075554e9e28bcc9460e19789a9578b49db27694e674c6c0f82cb7f85a5e5
FING-7760,1363,2018,1,Eng 1,0,0,2,2,2018,1,A,2,7.0,d243075554e9e28bcc9460e19789a9578b49db27694e674c6c0f82cb7f85a5e5
FING-7341,1363,2017,1,Eng 1,0,0,2,2,2018,1,A,1,6.0,d243075554e9e28bcc9460e19789a9578b49db27694e674c6c0f82cb7f85a5e5
FING-223,1363,2014,1,DB Design,4,1,1,6,2018,1,A,2,4.6,e7664f59ac17269c7b8850165be580d22f8815f1b1dee14b1468d917d36b1b1e
FING-3928,1363,2015,1,DB Design,4,1,1,6,2018,1,A,2,5.5,e7664f59ac17269c7b8850165be580d22f8815f1b1dee14b1468d917d36b1b1e
FING-6281,1363,2016,1,DB Design,4,1,1,6,2018,1,A,2,5.7,e7664f59ac17269c7b8850165be580d22f8815f1b1dee14b1468d917d36b1b1e
FING-184,1363,2014,1,DB Design,4,1,1,6,2018,1,A,1,5.3,e7664f59ac17269c7b8850165be580d22f8815f1b1dee14b1468d917d36b1b1e
FING-6491,1363,2017,1,DB Design,4,1,1,6,2018,1,A,2,4.7,e7664f59ac17269c7b8850165be580d22f8815f1b1dee14b1468d917d36b1b1e
FING-1782,1363,2015,1,Statistical Inference,4,2,0,6,2018,1,A,2,4.3,c1e4635e6d285e41246f10c26345ab46753a2410b81286e3de6f4577af5f89c3
FING-28068,1363,2018,1,Alg 1,6,2,0,8,2018,1,A,1,5.4,56a3d6902679774decd90c6418cb72b900fccac84dbd7a90839a5fcc227537b2
FING-28159,1363,2018,1,Alg 1,6,2,0,8,2018,1,A,2,5.0,56a3d6902679774decd90c6418cb72b900fccac84dbd7a90839a5fcc227537b2
FING-4371,1363,2018,1,Alg 1,6,2,0,8,2018,1,A,2,5.0,33e204aea668f394b1ec19305f5f71d78734fae850319a330b803ec15a5920f1
FING-9136,1363,2018,1,Alg 1,6,2,0,8,2018,1,R,2,2.6,33e204aea668f394b1ec19305f5f71d78734fae850319a330b803ec15a5920f1
FING-10175,1363,2018,1,Alg 1,6,2,0,8,2018,1,R,2,1.3,33e204aea668f394b1ec19305f5f71d78734fae850319a330b803ec15a5920f1
FING-1221,1363,2017,1,Diff Ec & Num Meth,4,2,0,6,2018,1,R,2,2.0,bf94262a3cdb991e7eabe861f41bd9d8a5db6b3a312f5307ae389d047b610ea3
FING-5381,1363,2016,1,Diff Ec & Num Meth,4,2,0,6,2018,1,A,2,4.1,bf94262a3cdb991e7eabe861f41bd9d8a5db6b3a312f5307ae389d047b610ea3
FING-4371,1363,2018,1,IPD Workshop,2,0,2,4,2018,1,A,2,6.4,d4a78760915cd2885c48488cf3b8b6a6178d41240d9b549f6aedceda7ef59cee
FING-9136,1363,2018,1,IPD Workshop,2,0,2,4,2018,1,A,2,5.2,d4a78760915cd2885c48488cf3b8b6a6178d41240d9b549f6aedceda7ef59cee
FING-10175,1363,2018,1,IPD Workshop,2,0,2,4,2018,1,A,2,6.1,d4a78760915cd2885c48488cf3b8b6a6178d41240d9b549f6aedceda7ef59cee
FING-6281,1363,2016,1,Cal 3,4,2,0,6,2018,1,A,2,4.0,988e655f75b070e27faf3004d47210e61c3c2f1a8fe897aba5ed5f2bad914ea1
FING-6359,1363,2016,1,Eng 1,0,0,2,2,2018,1,A,2,5.1,6283feeb3658ebd5b8c01cf13ddcbd5e4bd6cbb6345df87cde9d52ad2f80f9a2
FING-7316,1363,2017,1,Eng 1,0,0,2,2,2018,1,A,2,5.1,6283feeb3658ebd5b8c01cf13ddcbd5e4bd6cbb6345df87cde9d52ad2f80f9a2
FING-1782,1363,2015,1,SoftEng Methods,4,2,0,6,2018,1,A,2,7.0,3221f42f64144bbf31bd3850691b5a66b89783586a0a613e87d6e9a1b02c4cb7
FING-1532,1363,2014,1,Management,2,0,4,6,2018,1,A,2,5.7,94af4255f2264aeeb90b493600237d1db55f158480e988820092971c6ceb75a1
FING-8308,1363,2017,1,Elect & Mag,4,2,1,7,2018,1,A,2,5.6,329c14d7c337e8bbb227cb37141d2588cb09da15029606479429ebc6ff88960d
FING-10175,1363,2018,1,Alg 1,6,2,0,8,2019,1,R,2,1.3,7b2dac439804d2da5d57199b1ef1ef28bba86165fc57d1b1d0183d1d9f4bf483
FING-15343,1363,2019,1,Alg 1,6,2,0,8,2019,1,R,2,2.5,7b2dac439804d2da5d57199b1ef1ef28bba86165fc57d1b1d0183d1d9f4bf483
FING-11135,1363,2019,1,Alg 1,6,2,0,8,2019,1,R,2,3.4,7b2dac439804d2da5d57199b1ef1ef28bba86165fc57d1b1d0183d1d9f4bf483
FING-15346,1363,2019,1,Alg 1,6,2,0,8,2019,1,R,2,2.7,7b2dac439804d2da5d57199b1ef1ef28bba86165fc57d1b1d0183d1d9f4bf483
FING-11158,1363,2019,1,Alg 1,6,2,0,8,2019,1,A,2,5.3,7b2dac439804d2da5d57199b1ef1ef28bba86165fc57d1b1d0183d1d9f4bf483
FING-11123,1363,2019,1,Alg 1,6,2,0,8,2019,1,A,2,5.5,7b2dac439804d2da5d57199b1ef1ef28bba86165fc57d1b1d0183d1d9f4bf483
FING-11164,1363,2019,1,Alg 1,6,2,0,8,2019,1,A,2,4.1,7b2dac439804d2da5d57199b1ef1ef28bba86165fc57d1b1d0183d1d9f4bf483
FING-11182,1363,2019,1,Alg 1,6,2,0,8,2019,1,R,2,2.5,7b2dac439804d2da5d57199b1ef1ef28bba86165fc57d1b1d0183d1d9f4bf483
FING-1782,1363,2015,1,Distributed Systems,4,0,2,6,2019,1,A,2,5.9,5f941f71b3c3e7327231b77037437144c0eea353ea42f5407d4b5d65cd834293
FING-6491,1363,2017,1,Elective I,4,0,2,6,2019,1,A,2,5.3,e7664f59ac17269c7b8850165be580d22f8815f1b1dee14b1468d917d36b1b1e
FING-7760,1363,2018,1,Syst Eng,4,2,0,6,2019,1,A,2,4.8,28c6c5bbf5d7179bb107cafd4476735962f8f755b2efb9903fb0e52b497fa2b7
FING-11749,1363,2020,1,Eff Comm,0,0,2,2,2020,1,A,2,6.4,f5793ef126a2c5c42d114ce162802b457266738abd6306169f65ba85f5edf025
FING-28148,1363,2019,1,Eff Comm,0,0,2,2,2020,1,A,2,5.3,f5793ef126a2c5c42d114ce162802b457266738abd6306169f65ba85f5edf025
FING-15339,1363,2019,1,Eff Comm,0,0,2,2,2020,1,A,2,6.6,f5793ef126a2c5c42d114ce162802b457266738abd6306169f65ba85f5edf025
FING-11178,1363,2019,1,Eff Comm,0,0,2,2,2020,1,A,2,5.5,4d36287815056e1be09b13677b66f83cb63a400ebfe07e8757fc9bfe505f1c6b
FING-11135,1363,2019,1,Eff Comm,0,0,2,2,2020,1,A,2,6.0,4d36287815056e1be09b13677b66f83cb63a400ebfe07e8757fc9bfe505f1c6b
FING-11123,1363,2019,1,Eff Comm,0,0,2,2,2020,1,A,2,4.7,4d36287815056e1be09b13677b66f83cb63a400ebfe07e8757fc9bfe505f1c6b
FING-11168,1363,2019,1,Eff Comm,0,0,2,2,2020,1,A,2,6.3,bfbda5483f828babc6d93458f1b5f6e2cc38ec73a17c3d3969440056395bd44a
FING-11130,1363,2019,1,Eff Comm,0,0,2,2,2020,1,A,2,6.4,bfbda5483f828babc6d93458f1b5f6e2cc38ec73a17c3d3969440056395bd44a
FING-11083,1363,2019,1,Eff Comm,0,0,2,2,2020,1,A,1,6.7,bfbda5483f828babc6d93458f1b5f6e2cc38ec73a17c3d3969440056395bd44a
FING-11749,1363,2020,1,Eng 1,0,0,2,2,2020,1,A,2,6.6,3687063f9a46b01930cfb7dda6b9f6f605971e2b475cdd798f928bd397270ec6
FING-15343,1363,2019,1,Eng 1,0,0,2,2,2020,1,A,2,6.5,88b92944cf71d575adb267c2065647d01500a1577a232f797e0ed0930dcb0235
FING-9172,1363,2018,1,Eng 1,0,0,2,2,2020,1,A,2,6.2,fdb1ccd1ffc24c385582f07efea282827420a31d5274d9b488cab44797d7e8ca
FING-11151,1363,2019,1,Eng 1,0,0,2,2,2020,1,A,1,6.6,331daeb5e2bacaa17d203d73ce2c26227a79b69371f5f02e9b9d3d9d1d577b68
FING-11122,1363,2019,1,Eng 1,0,0,2,2,2020,1,A,1,6.4,7445abcb3d02291ae02a0412ab6cfb157b95d1cdc92b3049f39926cfd55ed69d
FING-11158,1363,2019,1,Eng 1,0,0,2,2,2020,1,A,2,6.7,7445abcb3d02291ae02a0412ab6cfb157b95d1cdc92b3049f39926cfd55ed69d
FING-11164,1363,2019,1,Eng 1,0,0,2,2,2020,1,A,2,5.4,88b92944cf71d575adb267c2065647d01500a1577a232f797e0ed0930dcb0235
FING-11115,1363,2019,1,Eng 1,0,0,2,2,2020,1,A,2,6.2,88b92944cf71d575adb267c2065647d01500a1577a232f797e0ed0930dcb0235
FING-11154,1363,2019,1,Eng 1,0,0,2,2,2020,1,A,2,5.7,88b92944cf71d575adb267c2065647d01500a1577a232f797e0ed0930dcb0235
FING-4473,1363,2019,1,Eng 1,0,0,2,2,2020,1,A,2,7.0,d243075554e9e28bcc9460e19789a9578b49db27694e674c6c0f82cb7f85a5e5
FING-4371,1363,2018,1,Eng 1,0,0,2,2,2020,1,A,2,7.0,d243075554e9e28bcc9460e19789a9578b49db27694e674c6c0f82cb7f85a5e5
FING-11110,1363,2019,1,Eng 1,0,0,2,2,2020,1,A,2,7.0,d243075554e9e28bcc9460e19789a9578b49db27694e674c6c0f82cb7f85a5e5
FING-15261,1363,2019,1,Eng 1,0,0,2,2,2020,1,A,2,7.0,d243075554e9e28bcc9460e19789a9578b49db27694e674c6c0f82cb7f85a5e5
FING-9611,1363,2019,2,Eng 1,0,0,2,2,2020,1,A,2,7.0,d243075554e9e28bcc9460e19789a9578b49db27694e674c6c0f82cb7f85a5e5
FING-11170,1363,2019,1,Eng 1,0,0,2,2,2020,1,A,2,6.8,d243075554e9e28bcc9460e19789a9578b49db27694e674c6c0f82cb7f85a5e5
FING-11165,1363,2019,1,Eng 1,0,0,2,2,2020,1,A,2,7.0,d243075554e9e28bcc9460e19789a9578b49db27694e674c6c0f82cb7f85a5e5
FING-11089,1363,2019,1,Eng 1,0,0,2,2,2020,1,A,2,7.0,d243075554e9e28bcc9460e19789a9578b49db27694e674c6c0f82cb7f85a5e5
FING-11083,1363,2019,1,Eng 1,0,0,2,2,2020,1,A,1,6.0,d243075554e9e28bcc9460e19789a9578b49db27694e674c6c0f82cb7f85a5e5
FING-15339,1363,2019,1,Eng 1,0,0,2,2,2020,1,A,2,7.0,d243075554e9e28bcc9460e19789a9578b49db27694e674c6c0f82cb7f85a5e5
FING-11071,1363,2019,1,Eng 1,0,0,2,2,2020,1,A,2,5.8,d243075554e9e28bcc9460e19789a9578b49db27694e674c6c0f82cb7f85a5e5
FING-11104,1363,2019,1,Eng 1,0,0,2,2,2020,1,A,2,6.0,d243075554e9e28bcc9460e19789a9578b49db27694e674c6c0f82cb7f85a5e5
FING-7300,1363,2017,1,Eng 2,0,0,2,2,2020,1,A,2,6.3,7445abcb3d02291ae02a0412ab6cfb157b95d1cdc92b3049f39926cfd55ed69d
FING-28124,1363,2018,1,Eng 2,0,0,2,2,2020,1,A,2,7.0,ac8718f733566a0360ab545c42b18a062c0ea0fedfefa7ee4ce53e7ae21fb575
FING-11130,1363,2019,1,Eng 2,0,0,2,2,2020,1,A,2,6.2,331daeb5e2bacaa17d203d73ce2c26227a79b69371f5f02e9b9d3d9d1d577b68
FING-11182,1363,2019,1,Eng 2,0,0,2,2,2020,1,A,2,6.6,331daeb5e2bacaa17d203d73ce2c26227a79b69371f5f02e9b9d3d9d1d577b68
FING-11177,1363,2019,1,Eng 2,0,0,2,2,2020,1,A,1,7.0,3c3271a032093fa3d04e8319d8913bfdc0f4bfaea37c4f05dc6f719348c4b4e1
FING-28159,1363,2018,1,Eng 2,0,0,2,2,2020,1,A,2,6.5,7d33f62a63aee5caeec62193ce582aa4a527c814f41d25376c3ed4727aa2be66
FING-9171,1363,2018,1,Eng 2,0,0,2,2,2020,1,A,2,5.9,da13843c885b13df7d3b6dd5e834d0d1e7e4edb0b2f9e394017c27a653743c44
FING-9160,1363,2018,1,Eng 2,0,0,2,2,2020,1,A,2,7.0,d243075554e9e28bcc9460e19789a9578b49db27694e674c6c0f82cb7f85a5e5
FING-11116,1363,2019,1,Eng 2,0,0,2,2,2020,1,A,2,7.0,d243075554e9e28bcc9460e19789a9578b49db27694e674c6c0f82cb7f85a5e5
FING-28068,1363,2018,1,Eng 3,0,0,2,2,2020,1,A,1,6.9,ac8718f733566a0360ab545c42b18a062c0ea0fedfefa7ee4ce53e7ae21fb575
FING-7312,1363,2017,1,Eng 3,0,0,2,2,2020,1,A,2,6.1,da13843c885b13df7d3b6dd5e834d0d1e7e4edb0b2f9e394017c27a653743c44
FING-15306,1363,2018,1,Eng 3,0,0,2,2,2020,1,A,2,5.6,56c5de6db1598dfd7a427ffcdd9e817614d9f8ef78899c67013b6b20fd3229a2
FING-9208,1363,2018,1,Eng 3,0,0,2,2,2020,1,A,2,6.8,c7a002f402fc2db943a0f882d3bb743c7f3e23e7bea4a51a9467c1a27d8e09c9
FING-10014,1363,2018,1,Eng 3,0,0,2,2,2020,1,A,2,7.0,d243075554e9e28bcc9460e19789a9578b49db27694e674c6c0f82cb7f85a5e5
FING-7316,1363,2017,1,Eng 4,0,0,2,2,2020,1,A,2,5.9,331daeb5e2bacaa17d203d73ce2c26227a79b69371f5f02e9b9d3d9d1d577b68
FING-7760,1363,2018,1,Eng 4,0,0,2,2,2020,1,A,2,6.9,ae115bd88bdf9c51905ad88469da4a5fca6babda2955123f228ca87d64dc1082
FING-15274,1363,2016,1,Eng 4,0,0,2,2,2020,1,A,2,6.0,bd9ac54818f0c524b5791464d60e9a0bca29b466be2f66af984a8d3f35779f62
FING-6354,1363,2016,1,Algorithms,4,0,2,6,2021,2,A,2,5.1,6b99165475edd08b007ab43973c273b201ea96f928772390eba6126fee732c89
FING-4473,1363,2019,1,Algorithms,4,0,2,6,2021,2,A,2,5.1,6b99165475edd08b007ab43973c273b201ea96f928772390eba6126fee732c89
FING-11110,1363,2019,1,Algorithms,4,0,2,6,2021,2,R,2,1.6,6b99165475edd08b007ab43973c273b201ea96f928772390eba6126fee732c89
FING-11170,1363,2019,1,Algorithms,4,0,2,6,2021,2,A,2,4.9,6b99165475edd08b007ab43973c273b201ea96f928772390eba6126fee732c89
FING-11130,1363,2019,1,Algorithms,4,0,2,6,2021,2,R,2,1.2,6b99165475edd08b007ab43973c273b201ea96f928772390eba6126fee732c89
FING-15350,1363,2020,2,Algorithms,4,0,2,6,2021,2,R,2,3.3,6b99165475edd08b007ab43973c273b201ea96f928772390eba6126fee732c89
FING-11071,1363,2019,1,Algorithms,4,0,2,6,2021,2,A,2,4.2,6b99165475edd08b007ab43973c273b201ea96f928772390eba6126fee732c89
FING-11104,1363,2019,1,Algorithms,4,0,2,6,2021,2,A,2,4.6,6b99165475edd08b007ab43973c273b201ea96f928772390eba6126fee732c89
FING-11165,1363,2019,1,SoftEng Fund,4,2,0,6,2021,2,A,2,5.1,50ef7af33e399196fd03422a15dab72129669feb547029ad89552c189a5accb5
FING-11139,1363,2019,1,SoftEng Fund,4,2,0,6,2021,2,A,2,5.0,50ef7af33e399196fd03422a15dab72129669feb547029ad89552c189a5accb5
FING-11089,1363,2019,1,SoftEng Fund,4,2,0,6,2021,2,A,2,4.6,50ef7af33e399196fd03422a15dab72129669feb547029ad89552c189a5accb5
FING-11110,1363,2019,1,SoftEng Fund,4,2,0,6,2021,2,A,2,4.6,3b6b95de0a159ec88f5352ab20cd813784afb4557b71b1e85c369e5aba86bdb5
FING-9208,1363,2018,1,SoftEng Fund,4,2,0,6,2021,2,A,2,5.0,3b6b95de0a159ec88f5352ab20cd813784afb4557b71b1e85c369e5aba86bdb5
FING-11158,1363,2019,1,SoftEng Fund,4,2,0,6,2021,2,A,2,5.4,3b6b95de0a159ec88f5352ab20cd813784afb4557b71b1e85c369e5aba86bdb5
FING-6354,1363,2016,1,SoftEng Fund,4,2,0,6,2021,2,A,2,5.9,404652f27c678ee0a14533c8803441cb567c482937f33b24063b19867605866a
FING-28159,1363,2018,1,SoftEng Fund,4,2,0,6,2021,2,A,2,6.0,404652f27c678ee0a14533c8803441cb567c482937f33b24063b19867605866a
FING-15350,1363,2020,2,SoftEng Fund,4,2,0,6,2021,2,A,2,5.5,404652f27c678ee0a14533c8803441cb567c482937f33b24063b19867605866a
FING-11164,1363,2019,1,SoftEng Fund,4,2,0,6,2021,2,A,2,5.3,404652f27c678ee0a14533c8803441cb567c482937f33b24063b19867605866a
FING-7349,1363,2017,1,Op Sys,4,2,2,8,2021,2,A,2,5.5,8e3dcc8ea49f648fe1264e4c4267a2c8232c69e7ea3463b9f64ce3f9749a992e
FING-7307,1363,2017,1,Op Sys,4,2,2,8,2021,2,R,1,2.0,8e3dcc8ea49f648fe1264e4c4267a2c8232c69e7ea3463b9f64ce3f9749a992e
FING-7312,1363,2017,1,DB Workshop,2,0,4,6,2021,2,A,2,5.7,a0c29c53665824328e2b1fcedb3794d168c1b5054af55db808c30ec9a453035b
FING-9611,1363,2019,2,DB Workshop,2,0,4,6,2021,2,A,2,5.9,a0c29c53665824328e2b1fcedb3794d168c1b5054af55db808c30ec9a453035b
FING-2915,1363,2015,1,Communication Systems,4,0,2,6,2021,2,A,2,4.8,b67cad7b6fda4d2740c2bf5b2d80a0a42a37376c927af2650cae87076d5e8250
FING-7760,1363,2018,1,Modelling and Simulation,4,2,2,8,2021,2,A,2,5.8,8e3dcc8ea49f648fe1264e4c4267a2c8232c69e7ea3463b9f64ce3f9749a992e
FING-5767,1363,2017,2,Project Evaluation,2,0,4,6,2021,2,A,2,5.0,70c98bb5a2fc66264f5fee9ab71aa0b889a9f8466bb941fe0d340fecf9e7cc57
FING-7307,1363,2017,1,Project Evaluation,2,0,4,6,2021,2,R,1,3.0,70c98bb5a2fc66264f5fee9ab71aa0b889a9f8466bb941fe0d340fecf9e7cc57
FING-6491,1363,2017,1,Elective VI,4,0,2,6,2021,2,A,2,5.2,c38fd2f3bd85d69e5ae5eed2574ec2caa22d668a410b9d7b7239803d44713af0
FING-7349,1363,2017,1,Numerical Algorithms,4,2,2,8,2021,2,R,2,1.0,de362fb95f53a0ada1ce7ad1fc8db444e40ea24d306028d5be3c5da21288f0d1
FING-9611,1363,2019,2,Numerical Algorithms,4,2,2,8,2021,2,A,2,4.9,de362fb95f53a0ada1ce7ad1fc8db444e40ea24d306028d5be3c5da21288f0d1
FING-11749,1363,2020,1,Numerical Algorithms,4,2,2,8,2021,2,A,2,4.8,de362fb95f53a0ada1ce7ad1fc8db444e40ea24d306028d5be3c5da21288f0d1
FING-10014,1363,2018,1,Statistical Inference,4,2,0,6,2021,2,A,2,4.1,c1e4635e6d285e41246f10c26345ab46753a2410b81286e3de6f4577af5f89c3
FING-11182,1363,2019,1,Statistical Inference,4,2,0,6,2021,2,R,2,2.1,c1e4635e6d285e41246f10c26345ab46753a2410b81286e3de6f4577af5f89c3
FING-6491,1363,2017,1,CS Seminar,2,0,4,6,2021,2,A,2,5.5,357d86e26130f416e6c085af2a671658c36d144793ff3af80f588e380637d41c
FING-12915,1363,2012,2,Phy 1,4,2,1,7,2012,2,A,1,4.4,d70bb175a1836f082bb4c83f5771ac725abc217b99be0f2b672cdea89be36fc7
FING-4319,1363,2012,1,Phy 1,4,2,1,7,2012,2,A,2,4.0,f6a9adfbc3b98c2908bdd53b48de5c161e80b51fb449a4e25dea88bcad634efe
FING-4321,1363,2012,1,Phy 1,4,2,1,7,2012,2,A,2,4.8,d70bb175a1836f082bb4c83f5771ac725abc217b99be0f2b672cdea89be36fc7
FING-4305,1363,2012,1,Phy 2,4,2,1,7,2012,2,R,2,2.8,be63a5d65a138ec18c5b2b544c9a6b5d46a6784fcde8a58fa217739a10bc2819
FING-1799,1363,2012,1,Phy 2,4,2,1,7,2012,2,A,2,6.4,be63a5d65a138ec18c5b2b544c9a6b5d46a6784fcde8a58fa217739a10bc2819
FING-4323,1363,2012,1,Phy 2,4,2,1,7,2012,2,R,2,3.6,be63a5d65a138ec18c5b2b544c9a6b5d46a6784fcde8a58fa217739a10bc2819
FING-4306,1363,2012,1,Phy 2,4,2,1,7,2012,2,A,2,4.7,be63a5d65a138ec18c5b2b544c9a6b5d46a6784fcde8a58fa217739a10bc2819
FING-1802,1363,2012,1,Chemistry,4,2,0,6,2013,1,A,2,4.0,bd23e40a5885a0ba59f0b7530e52911ed929968a175428df4e239e8d77f93ac5
FING-4305,1363,2012,1,Fund Progr,4,0,2,6,2013,1,A,2,5.1,b2f2e408712fcc4c0629e46d1d41084bdf94f09a5b5d8e6e22c090c72be3d8c0
FING-4323,1363,2012,1,Cal 2,6,2,0,8,2013,1,A,2,4.0,8869d682d6ecc8b09fafd19be713a867b6307825799e9d6837aebf7d84cd7734
FING-5750,1363,2013,1,IPD Workshop,2,0,2,4,2013,1,A,2,6.0,8f11ae1419294423c03dc904f0554158932a626f4c6c88b3a25a5748841acce4
FING-4307,1363,2013,1,IPD Workshop,2,0,2,4,2013,1,A,2,4.0,8f11ae1419294423c03dc904f0554158932a626f4c6c88b3a25a5748841acce4
FING-4311,1363,2013,1,IPD Workshop,2,0,2,4,2013,1,A,2,6.2,8f11ae1419294423c03dc904f0554158932a626f4c6c88b3a25a5748841acce4
FING-4309,1363,2013,1,IPD Workshop,2,0,2,4,2013,1,A,2,5.1,8f11ae1419294423c03dc904f0554158932a626f4c6c88b3a25a5748841acce4
FING-3421,1363,2013,1,IPD Workshop,2,0,2,4,2013,1,A,2,6.3,8f11ae1419294423c03dc904f0554158932a626f4c6c88b3a25a5748841acce4
FING-666,1363,2012,1,Fund Progr,4,0,2,6,2013,1,R,2,3.5,a5ee47612daf0cce7c392ed587f782266ea390eae289b87610118b7ab3479b67
FING-12860,1363,2012,1,Diff Ec & Num Meth,4,2,0,6,2013,1,A,2,5.5,181e30176d5151f470b4d4ea3330f98226c82602e7fcc8ee6467abea8d0eeeca
FING-1662,1363,2013,1,Diff Ec & Num Meth,4,2,0,6,2013,1,A,2,6.1,181e30176d5151f470b4d4ea3330f98226c82602e7fcc8ee6467abea8d0eeeca
FING-4306,1363,2012,1,Diff Ec & Num Meth,4,2,0,6,2013,1,A,2,4.6,181e30176d5151f470b4d4ea3330f98226c82602e7fcc8ee6467abea8d0eeeca
FING-1802,1363,2012,1,Fund Progr,4,0,2,6,2013,1,R,2,3.3,262093a216a636b36de09c0b618a2a8aa41f2a926eb8579f7c5b070257c3a9f8
FING-12915,1363,2012,2,Fund Progr,4,0,2,6,2013,1,A,1,4.0,262093a216a636b36de09c0b618a2a8aa41f2a926eb8579f7c5b070257c3a9f8
FING-4306,1363,2012,1,Fund Progr,4,0,2,6,2013,1,A,2,4.7,262093a216a636b36de09c0b618a2a8aa41f2a926eb8579f7c5b070257c3a9f8
FING-185,1363,2014,1,IPD Workshop,2,0,2,4,2014,1,A,2,4.0,8f11ae1419294423c03dc904f0554158932a626f4c6c88b3a25a5748841acce4
FING-179,1363,2014,1,IPD Workshop,2,0,2,4,2014,1,A,2,5.8,068f77b1c8ac5d55e1fcbbdfa1132f1dd40945a441ce3bea3055f8e252e71966
FING-173,1363,2014,1,IPD Workshop,2,0,2,4,2014,1,A,2,6.5,068f77b1c8ac5d55e1fcbbdfa1132f1dd40945a441ce3bea3055f8e252e71966
FING-223,1363,2014,1,IPD Workshop,2,0,2,4,2014,1,A,2,5.5,068f77b1c8ac5d55e1fcbbdfa1132f1dd40945a441ce3bea3055f8e252e71966
FING-219,1363,2014,1,IPD Workshop,2,0,2,4,2014,1,A,2,6.1,796a57bc5e8dc1eb6fc5e6c0a4167c159616f33a2537ff28e3d4759f9402d76a
FING-186,1363,2014,1,Std Methods,0,0,2,2,2014,1,A,2,4.3,80b77e03e906b6b90f7282edb67cb80f532e56d6704ff5b5896dce0e702084f0
FING-227,1363,2014,1,Std Methods,0,0,2,2,2014,1,A,2,4.2,80b77e03e906b6b90f7282edb67cb80f532e56d6704ff5b5896dce0e702084f0
FING-155,1363,2014,1,Std Methods,0,0,2,2,2014,1,A,2,5.4,80b77e03e906b6b90f7282edb67cb80f532e56d6704ff5b5896dce0e702084f0
FING-165,1363,2014,1,Std Methods,0,0,2,2,2014,1,A,2,4.9,80b77e03e906b6b90f7282edb67cb80f532e56d6704ff5b5896dce0e702084f0
FING-180,1363,2014,1,Std Methods,0,0,2,2,2014,1,A,2,5.3,80b77e03e906b6b90f7282edb67cb80f532e56d6704ff5b5896dce0e702084f0
FING-184,1363,2014,1,Std Methods,0,0,2,2,2014,1,A,1,5.7,80b77e03e906b6b90f7282edb67cb80f532e56d6704ff5b5896dce0e702084f0
FING-192,1363,2014,1,Std Methods,0,0,2,2,2014,1,A,2,5.0,0bf2c9420f4364c6e7ac1f0ffcc045a98dd5e9018cf0ee6a6f41d04a109dae05
FING-1472,1363,2014,1,Std Methods,0,0,2,2,2014,1,A,2,5.0,0bf2c9420f4364c6e7ac1f0ffcc045a98dd5e9018cf0ee6a6f41d04a109dae05
FING-185,1363,2014,1,Std Methods,0,0,2,2,2014,1,A,2,5.0,0bf2c9420f4364c6e7ac1f0ffcc045a98dd5e9018cf0ee6a6f41d04a109dae05
FING-212,1363,2014,1,Phy 1,4,2,1,7,2014,1,A,2,4.4,965a1dfe64b0e75e04c6d521177bdb6326b0c1d4745d4cbdf51cd633891377e5
FING-1531,1363,2014,1,Phy 1,4,2,1,7,2014,1,R,1,2.3,965a1dfe64b0e75e04c6d521177bdb6326b0c1d4745d4cbdf51cd633891377e5
FING-191,1363,2014,1,Phy 1,4,2,1,7,2014,1,R,2,2.3,965a1dfe64b0e75e04c6d521177bdb6326b0c1d4745d4cbdf51cd633891377e5
FING-1528,1363,2014,1,Phy 1,4,2,1,7,2014,1,R,2,1.4,965a1dfe64b0e75e04c6d521177bdb6326b0c1d4745d4cbdf51cd633891377e5
FING-186,1363,2014,1,Phy 1,4,2,1,7,2014,1,A,2,4.4,fcdc914600ac4ff6c5c5e2df96cfd83ca9e60a43f3cc83b49dfeb289329ea7b9
FING-227,1363,2014,1,Phy 1,4,2,1,7,2014,1,A,2,5.0,fcdc914600ac4ff6c5c5e2df96cfd83ca9e60a43f3cc83b49dfeb289329ea7b9
FING-155,1363,2014,1,Phy 1,4,2,1,7,2014,1,R,2,1.5,fcdc914600ac4ff6c5c5e2df96cfd83ca9e60a43f3cc83b49dfeb289329ea7b9
FING-165,1363,2014,1,Phy 1,4,2,1,7,2014,1,A,2,5.7,fcdc914600ac4ff6c5c5e2df96cfd83ca9e60a43f3cc83b49dfeb289329ea7b9
FING-180,1363,2014,1,Phy 1,4,2,1,7,2014,1,A,2,4.9,fcdc914600ac4ff6c5c5e2df96cfd83ca9e60a43f3cc83b49dfeb289329ea7b9
FING-184,1363,2014,1,Phy 1,4,2,1,7,2014,1,A,1,5.2,fcdc914600ac4ff6c5c5e2df96cfd83ca9e60a43f3cc83b49dfeb289329ea7b9
FING-1221,1363,2014,1,Phy 1,4,2,1,7,2014,1,R,2,2.3,0d6f2359e12216f5ba70f54b9737cb1685f82e4c47189ed5ed915839c8a9c077
FING-205,1363,2014,1,Phy 1,4,2,1,7,2014,1,A,2,5.4,0d6f2359e12216f5ba70f54b9737cb1685f82e4c47189ed5ed915839c8a9c077
FING-199,1363,2014,1,Phy 1,4,2,1,7,2014,1,A,2,5.2,2600e88dbec8730d91cfd0b28f5262d8f134cb3ce654e533854390775226d0a4
FING-222,1363,2014,1,Phy 1,4,2,1,7,2014,1,R,2,2.2,2600e88dbec8730d91cfd0b28f5262d8f134cb3ce654e533854390775226d0a4
FING-1534,1363,2014,1,Phy 1,4,2,1,7,2014,1,R,2,1.6,2600e88dbec8730d91cfd0b28f5262d8f134cb3ce654e533854390775226d0a4
FING-153,1363,2014,1,Phy 1,4,2,1,7,2014,1,R,2,2.9,2600e88dbec8730d91cfd0b28f5262d8f134cb3ce654e533854390775226d0a4
FING-228,1363,2014,1,Phy 1,4,2,1,7,2014,1,R,2,2.5,2b339e7a54e931058f355236a943b26a0f329668d4ec0ef2cb02efb3099d284b
FING-158,1363,2014,1,Phy 1,4,2,1,7,2014,1,R,2,3.4,2b339e7a54e931058f355236a943b26a0f329668d4ec0ef2cb02efb3099d284b
FING-217,1363,2014,1,Phy 1,4,2,1,7,2014,1,A,2,4.4,2b339e7a54e931058f355236a943b26a0f329668d4ec0ef2cb02efb3099d284b
FING-157,1363,2014,1,Phy 1,4,2,1,7,2014,1,R,2,3.0,2b339e7a54e931058f355236a943b26a0f329668d4ec0ef2cb02efb3099d284b
FING-214,1363,2014,1,Phy 1,4,2,1,7,2014,1,A,2,5.4,2b339e7a54e931058f355236a943b26a0f329668d4ec0ef2cb02efb3099d284b
FING-192,1363,2014,1,Phy 1,4,2,1,7,2014,1,A,2,5.1,1b425c3bcf034894ba7a659b550b13e24a79839f0a37478d2cb9c5c69dece3fd
FING-1472,1363,2014,1,Phy 1,4,2,1,7,2014,1,A,2,4.6,1b425c3bcf034894ba7a659b550b13e24a79839f0a37478d2cb9c5c69dece3fd
FING-185,1363,2014,1,Phy 1,4,2,1,7,2014,1,R,2,1.9,1b425c3bcf034894ba7a659b550b13e24a79839f0a37478d2cb9c5c69dece3fd
FING-179,1363,2014,1,Phy 1,4,2,1,7,2014,1,A,2,4.9,a2856a62356c7b50edec83a409efd3e9bf9f6044fd91b3477143cd63e99cbbbc
FING-173,1363,2014,1,Phy 1,4,2,1,7,2014,1,R,2,3.1,a2856a62356c7b50edec83a409efd3e9bf9f6044fd91b3477143cd63e99cbbbc
FING-223,1363,2014,1,Phy 1,4,2,1,7,2014,1,R,2,3.0,a2856a62356c7b50edec83a409efd3e9bf9f6044fd91b3477143cd63e99cbbbc
FING-219,1363,2014,1,Phy 1,4,2,1,7,2014,1,A,2,4.3,b16bbd0fad82b9bb1bfc510e79dd7d8a4e75ef1c7cab10b911baa1b94ebd9512
FING-4311,1363,2013,1,Fund Progr,4,0,2,6,2014,1,A,2,4.8,665ac875cd6ed2ea2dad2fd5c624606762b9c71cf45db974254b0ae4da6d6be4
FING-3421,1363,2013,1,Fund Progr,4,0,2,6,2014,1,R,2,3.1,2403d4c2973b3bd817dc4bc1ed313f75ce54b52e85300e35572bc957a1b90f37
FING-4309,1363,2013,1,Cal 2,6,2,0,8,2014,1,A,2,4.9,8a5a1b2546b474bcad309c4ebcac6bed0bc1693473ad875d87a2bf81f9d006a7
FING-13024,1363,2013,1,Diff Ec & Num Meth,4,2,0,6,2014,1,R,2,1.4,8b35fe5d361dcec6aed2d9a4f9ba43d350395aaa1993f08ba122aae5397971b1
FING-1802,1363,2012,1,Diff Ec & Num Meth,4,2,0,6,2014,1,R,2,2.1,dec2ceb61415646c97fbc57093a23a996c1245b011ea790134e7bf7b9fc8224a
FING-4323,1363,2012,1,Diff Ec & Num Meth,4,2,0,6,2014,1,R,2,2.1,1145021fe318b6bb3fc50dab301f9c37a56cfb4299ef4103eafa189f368fb589
FING-4313,1363,2012,1,Diff Ec & Num Meth,4,2,0,6,2014,1,R,2,1.6,1145021fe318b6bb3fc50dab301f9c37a56cfb4299ef4103eafa189f368fb589
FING-12988,1363,2013,1,Fund Econ,4,2,0,6,2014,2,A,1,4.6,c25670079945e9a61cbc4fbb6c3df331485d160977706908e36546df3d180990
FING-227,1363,2014,1,Cal 2,6,2,0,8,2014,2,A,2,5.4,1c702013c61a4e9c3d55a6cab9307e9dd956c95b7bc9c9eaecbcaad761f589f1
FING-13134,1363,2013,1,Cal 2,6,2,0,8,2014,2,A,2,4.3,bf9a4f134286b7a9ed7dbd00bb89843f370a0a7a6e907355ead0b09e8a867c9f
FING-186,1363,2014,1,Cal 2,6,2,0,8,2014,2,A,2,5.2,c0a338d857a0ba7d54626945935d3dbbe0c4e563ca1f91f94109918ed02a1f5f
FING-179,1363,2014,1,Alg 2,4,2,0,6,2014,2,A,2,4.1,7bd83a44dc7696632973aeee4562f889260bd3c9e7b4f66dd5f074115f86b78a
FING-212,1363,2014,1,Fund Progr,4,0,2,6,2014,2,A,2,6.0,542f042c4646a5c8f7562ef1de77bda25848ccf15765b062e82fe34f0a70f86d
FING-157,1363,2014,1,Alg 2,4,2,0,6,2014,2,A,2,4.5,7bd83a44dc7696632973aeee4562f889260bd3c9e7b4f66dd5f074115f86b78a
FING-1532,1363,2014,1,Cal 3,4,2,0,6,2014,2,A,2,4.5,dec2ceb61415646c97fbc57093a23a996c1245b011ea790134e7bf7b9fc8224a
FING-4321,1363,2012,1,Stat Analys,4,2,0,6,2014,2,A,2,4.0,94dea789701aabde0e03773dfd1675ad536dd074251708c9542a8c059f9e0f15
FING-13024,1363,2013,1,Diff Ec & Num Meth,4,2,0,6,2014,2,R,2,3.8,bf94262a3cdb991e7eabe861f41bd9d8a5db6b3a312f5307ae389d047b610ea3
FING-192,1363,2014,1,Fund Progr,4,0,2,6,2014,2,A,2,5.0,542f042c4646a5c8f7562ef1de77bda25848ccf15765b062e82fe34f0a70f86d
FING-180,1363,2014,1,Fund Progr,4,0,2,6,2014,2,A,2,5.0,a5ee47612daf0cce7c392ed587f782266ea390eae289b87610118b7ab3479b67
FING-214,1363,2014,1,Chemistry,4,2,0,6,2014,2,A,2,4.8,39baceb72fec0a6d32ffe2e718de719b4077f6b669c32b647aa28921f11a7124
FING-1528,1363,2014,1,Cal 1,6,2,0,8,2014,2,A,2,5.1,928bb54213a20f09fee5f102e05b9920ccba9d5ed93b59e9c92d3e0c98234988
FING-1221,1363,2014,1,Cal 1,6,2,0,8,2014,2,A,2,5.0,928bb54213a20f09fee5f102e05b9920ccba9d5ed93b59e9c92d3e0c98234988
FING-1534,1363,2014,1,Cal 1,6,2,0,8,2014,2,A,2,5.9,ecd60fd1346f0838445968535fabe5f649e470341bb1345158468e3ec6b98ccc
FING-199,1363,2014,1,Cal 2,6,2,0,8,2014,2,A,2,5.2,e14e1bb5bca37718cc29ddf91a83cc61410005a7bbac9377611550424d7018df
FING-17689,1363,2013,1,Alg 2,4,2,0,6,2014,2,A,2,4.0,7bd83a44dc7696632973aeee4562f889260bd3c9e7b4f66dd5f074115f86b78a
FING-4305,1363,2012,1,Stat Analys,4,2,0,6,2014,2,R,2,3.7,80ba212777d65715fa75beef6c200e1ff774ccae49bced566a5496db704f4a11
FING-4313,1363,2012,1,Stat Analys,4,2,0,6,2014,2,A,2,4.5,80ba212777d65715fa75beef6c200e1ff774ccae49bced566a5496db704f4a11
FING-4323,1363,2012,1,Elect & Mag,4,2,1,7,2014,2,A,2,5.5,beccd73e1c103a5b4b7e183b4a2a07d259aa1dd0c81b7848d1aa98a6e7ee9070
FING-4307,1363,2013,1,Elect & Mag,4,2,1,7,2014,2,A,2,4.4,beccd73e1c103a5b4b7e183b4a2a07d259aa1dd0c81b7848d1aa98a6e7ee9070
FING-212,1363,2014,1,Eng 2,0,0,2,2,2015,2,A,2,4.7,53fc9a822f29e7420b4dc35570544feb66888fabbe0cac14695b5398fe02cc43
FING-23970,1363,2013,1,Eng 3,0,0,2,2,2015,2,A,2,5.5,05a158b0394b2121a1e31ebd32ad22748f8f672294e8e71dd514831300eacc2e
FING-2920,1363,2015,1,Alg 1,6,2,0,8,2015,2,A,2,4.0,29515579f1f72c90bb687a58351f21ab9cbfbf85da8ce3968de43412bb458b37
FING-4115,1363,2015,1,Alg 1,6,2,0,8,2015,2,A,2,5.0,29515579f1f72c90bb687a58351f21ab9cbfbf85da8ce3968de43412bb458b37
FING-4190,1363,2015,1,Alg 1,6,2,0,8,2015,2,A,2,5.5,5c1b56c44ae252bb24a2439b8e9c45b1ee1f89cc8f5cfa4376397173245ef6fd
FING-2973,1363,2015,1,Alg 1,6,2,0,8,2015,2,A,2,4.6,5c1b56c44ae252bb24a2439b8e9c45b1ee1f89cc8f5cfa4376397173245ef6fd
FING-2898,1363,2015,1,Cal 2,6,2,0,8,2015,2,R,2,1.8,8a5a1b2546b474bcad309c4ebcac6bed0bc1693473ad875d87a2bf81f9d006a7
FING-4190,1363,2015,1,Cal 2,6,2,0,8,2015,2,R,2,3.2,8a5a1b2546b474bcad309c4ebcac6bed0bc1693473ad875d87a2bf81f9d006a7
FING-1221,1363,2014,1,Cal 2,6,2,0,8,2015,2,R,2,2.6,8a5a1b2546b474bcad309c4ebcac6bed0bc1693473ad875d87a2bf81f9d006a7
FING-3928,1363,2015,1,Cal 2,6,2,0,8,2015,2,R,2,3.1,8a5a1b2546b474bcad309c4ebcac6bed0bc1693473ad875d87a2bf81f9d006a7
FING-4201,1363,2015,1,Cal 2,6,2,0,8,2015,2,R,2,1.4,8a5a1b2546b474bcad309c4ebcac6bed0bc1693473ad875d87a2bf81f9d006a7
FING-2945,1363,2015,1,Cal 2,6,2,0,8,2015,2,A,2,4.2,984fd6e8e8cd71628ae210f6a1f1557e0da0a64e905394cc57386d1524bbc85a
FING-2919,1363,2015,1,Cal 2,6,2,0,8,2015,2,R,2,1.8,984fd6e8e8cd71628ae210f6a1f1557e0da0a64e905394cc57386d1524bbc85a
FING-2951,1363,2015,1,Cal 2,6,2,0,8,2015,2,R,2,3.0,984fd6e8e8cd71628ae210f6a1f1557e0da0a64e905394cc57386d1524bbc85a
FING-2946,1363,2015,1,Cal 2,6,2,0,8,2015,2,A,2,4.3,984fd6e8e8cd71628ae210f6a1f1557e0da0a64e905394cc57386d1524bbc85a
FING-2954,1363,2015,1,Cal 2,6,2,0,8,2015,2,R,2,3.5,984fd6e8e8cd71628ae210f6a1f1557e0da0a64e905394cc57386d1524bbc85a
FING-4195,1363,2015,1,Cal 2,6,2,0,8,2015,2,R,2,2.2,984fd6e8e8cd71628ae210f6a1f1557e0da0a64e905394cc57386d1524bbc85a
FING-2915,1363,2015,1,Cal 2,6,2,0,8,2015,2,R,2,3.7,984fd6e8e8cd71628ae210f6a1f1557e0da0a64e905394cc57386d1524bbc85a
FING-2945,1363,2015,1,Alg 2,4,2,0,6,2015,2,A,2,5.1,cd4258abd494e338dd13dad75ea3f1f1ced923cec073b330363a2340dbb751bf
FING-2946,1363,2015,1,Alg 2,4,2,0,6,2015,2,A,2,5.3,cd4258abd494e338dd13dad75ea3f1f1ced923cec073b330363a2340dbb751bf
FING-2954,1363,2015,1,Alg 2,4,2,0,6,2015,2,A,2,5.2,cd4258abd494e338dd13dad75ea3f1f1ced923cec073b330363a2340dbb751bf
FING-4195,1363,2015,1,Alg 2,4,2,0,6,2015,2,A,2,4.6,cd4258abd494e338dd13dad75ea3f1f1ced923cec073b330363a2340dbb751bf
FING-2898,1363,2015,1,Alg 2,4,2,0,6,2015,2,R,2,1.0,94dea789701aabde0e03773dfd1675ad536dd074251708c9542a8c059f9e0f15
FING-228,1363,2015,1,Alg 2,4,2,0,6,2015,2,R,2,3.5,94dea789701aabde0e03773dfd1675ad536dd074251708c9542a8c059f9e0f15
FING-1534,1363,2014,1,Phy 2,4,2,1,7,2015,2,A,2,5.3,049062ddbd2d501613f0397c9080ed3c1b88d1154822e87058350c92dfb9c585
FING-2973,1363,2015,1,Phy 2,4,2,1,7,2015,2,A,2,4.3,049062ddbd2d501613f0397c9080ed3c1b88d1154822e87058350c92dfb9c585
FING-2945,1363,2015,1,Phy 2,4,2,1,7,2015,2,A,2,5.8,1517590ccefe5aec2d583bc60e5e750efe2414152a06537ded0b0de72aa824fe
FING-2951,1363,2015,1,Phy 2,4,2,1,7,2015,2,A,2,5.0,1517590ccefe5aec2d583bc60e5e750efe2414152a06537ded0b0de72aa824fe
FING-1528,1363,2014,1,Phy 2,4,2,1,7,2015,2,A,2,5.0,1517590ccefe5aec2d583bc60e5e750efe2414152a06537ded0b0de72aa824fe
FING-157,1363,2014,1,Phy 2,4,2,1,7,2015,2,A,2,5.0,1517590ccefe5aec2d583bc60e5e750efe2414152a06537ded0b0de72aa824fe
FING-4195,1363,2015,1,Phy 2,4,2,1,7,2015,2,R,2,2.8,1517590ccefe5aec2d583bc60e5e750efe2414152a06537ded0b0de72aa824fe
FING-2905,1363,2015,1,Phy 2,4,2,1,7,2015,2,R,1,2.8,1517590ccefe5aec2d583bc60e5e750efe2414152a06537ded0b0de72aa824fe
FING-2909,1363,2015,1,Phy 2,4,2,1,7,2015,2,A,2,5.1,1517590ccefe5aec2d583bc60e5e750efe2414152a06537ded0b0de72aa824fe
FING-4201,1363,2015,1,Phy 2,4,2,1,7,2015,2,A,2,4.8,1517590ccefe5aec2d583bc60e5e750efe2414152a06537ded0b0de72aa824fe
FING-2919,1363,2015,1,Phy 2,4,2,1,7,2015,2,A,2,4.9,2b339e7a54e931058f355236a943b26a0f329668d4ec0ef2cb02efb3099d284b
FING-2918,1363,2015,1,Phy 2,4,2,1,7,2015,2,A,2,5.3,2b339e7a54e931058f355236a943b26a0f329668d4ec0ef2cb02efb3099d284b
FING-2946,1363,2015,1,Phy 2,4,2,1,7,2015,2,A,2,5.1,2b339e7a54e931058f355236a943b26a0f329668d4ec0ef2cb02efb3099d284b
FING-2954,1363,2015,1,Phy 2,4,2,1,7,2015,2,A,2,4.9,2b339e7a54e931058f355236a943b26a0f329668d4ec0ef2cb02efb3099d284b
FING-2933,1363,2015,1,Phy 2,4,2,1,7,2015,2,A,2,4.7,2b339e7a54e931058f355236a943b26a0f329668d4ec0ef2cb02efb3099d284b
FING-2920,1363,2015,1,Phy 2,4,2,1,7,2015,2,A,2,5.0,88d53151f873bb2865208081416d1e22d19feb4df3183d21a83b475f91e3126e
FING-1531,1363,2014,1,Phy 2,4,2,1,7,2015,2,A,1,5.1,88d53151f873bb2865208081416d1e22d19feb4df3183d21a83b475f91e3126e
FING-191,1363,2014,1,Phy 2,4,2,1,7,2015,2,A,2,4.0,88d53151f873bb2865208081416d1e22d19feb4df3183d21a83b475f91e3126e
FING-1221,1363,2014,1,Phy 2,4,2,1,7,2015,2,R,2,1.0,88d53151f873bb2865208081416d1e22d19feb4df3183d21a83b475f91e3126e
FING-222,1363,2014,1,Phy 2,4,2,1,7,2015,2,A,2,4.4,88d53151f873bb2865208081416d1e22d19feb4df3183d21a83b475f91e3126e
FING-173,1363,2014,1,Phy 2,4,2,1,7,2015,2,R,2,1.3,88d53151f873bb2865208081416d1e22d19feb4df3183d21a83b475f91e3126e
FING-2960,1363,2015,1,Phy 2,4,2,1,7,2015,2,R,2,3.5,88d53151f873bb2865208081416d1e22d19feb4df3183d21a83b475f91e3126e
FING-153,1363,2014,1,Phy 2,4,2,1,7,2015,2,A,2,4.6,88d53151f873bb2865208081416d1e22d19feb4df3183d21a83b475f91e3126e
FING-2915,1363,2015,1,Phy 2,4,2,1,7,2015,2,A,2,5.3,88d53151f873bb2865208081416d1e22d19feb4df3183d21a83b475f91e3126e
FING-12988,1363,2013,1,Elect & Mag,4,2,1,7,2015,2,A,1,5.7,8d708188d48a205fd0ee6094067176dc7d98cbf0882b42659479e4ee14e20270
FING-186,1363,2014,1,Elect & Mag,4,2,1,7,2015,2,A,2,4.7,8d708188d48a205fd0ee6094067176dc7d98cbf0882b42659479e4ee14e20270
FING-227,1363,2014,1,Elect & Mag,4,2,1,7,2015,2,A,2,5.9,8d708188d48a205fd0ee6094067176dc7d98cbf0882b42659479e4ee14e20270
FING-165,1363,2014,1,Elect & Mag,4,2,1,7,2015,2,R,2,3.2,8d708188d48a205fd0ee6094067176dc7d98cbf0882b42659479e4ee14e20270
FING-205,1363,2014,1,Elect & Mag,4,2,1,7,2015,2,R,2,1.7,8d708188d48a205fd0ee6094067176dc7d98cbf0882b42659479e4ee14e20270
FING-223,1363,2014,1,Elect & Mag,4,2,1,7,2015,2,A,2,5.4,8d708188d48a205fd0ee6094067176dc7d98cbf0882b42659479e4ee14e20270
FING-212,1363,2014,1,Elect & Mag,4,2,1,7,2015,2,R,2,2.2,41478a8b72da27e1b7b4cac9dd254c1d624780ba4ce6d7c7cb1d9fe290612c3d
FING-219,1363,2014,1,Elect & Mag,4,2,1,7,2015,2,R,2,2.1,41478a8b72da27e1b7b4cac9dd254c1d624780ba4ce6d7c7cb1d9fe290612c3d
FING-199,1363,2014,1,Elect & Mag,4,2,1,7,2015,2,R,2,2.8,7676ee660c12a5032ed0c2cfd28de7c88d1fd6e24b8712403f74f34376c8a5a1
FING-217,1363,2014,1,Elect & Mag,4,2,1,7,2015,2,A,2,4.5,7676ee660c12a5032ed0c2cfd28de7c88d1fd6e24b8712403f74f34376c8a5a1
FING-13134,1363,2013,1,Elect & Mag,4,2,1,7,2015,2,A,2,5.2,9e09778d28dc294ce5902b3450df4348f47c34926426c955bb0c26066968de39
FING-2971,1363,2015,1,Chemistry,4,2,0,6,2015,2,A,2,5.5,d405568f9c355825632cbdc841d5ad96c093dce6229bde2fe085efbbc38814f2
FING-4201,1363,2015,1,Chemistry,4,2,0,6,2015,2,A,2,4.6,d405568f9c355825632cbdc841d5ad96c093dce6229bde2fe085efbbc38814f2
FING-2918,1363,2015,1,Chemistry,4,2,0,6,2015,2,A,2,5.0,75537e3e062213b6d93b62fa67fe5ec5fd0be43f0759d73c0d8ed307aa104eaf
FING-2960,1363,2015,1,Chemistry,4,2,0,6,2015,2,A,2,4.1,d405568f9c355825632cbdc841d5ad96c093dce6229bde2fe085efbbc38814f2
FING-4195,1363,2015,1,Chemistry,4,2,0,6,2015,2,A,2,4.3,25b7853f2f519c9986fbb47ae11ec2612086cd44201446f2bb97cd0f5ca4501d
FING-2951,1363,2015,1,Chemistry,4,2,0,6,2015,2,A,2,4.0,2361504a18188db06e31327ec4115c67c738621a57cb3b1f070d301010d528ff
FING-191,1363,2014,1,Chemistry,4,2,0,6,2015,2,A,2,4.0,2361504a18188db06e31327ec4115c67c738621a57cb3b1f070d301010d528ff
FING-191,1363,2014,1,Eng 1,0,0,2,2,2015,2,A,2,5.8,78f0d05863b49f0f1964a8da4fbbc57454f1522e438f3057db9059ef89f5d749
FING-219,1363,2014,1,Eng 1,0,0,2,2,2015,2,A,2,5.4,c7a002f402fc2db943a0f882d3bb743c7f3e23e7bea4a51a9467c1a27d8e09c9
FING-2955,1363,2015,1,Eng 1,0,0,2,2,2015,2,A,2,6.1,c7a002f402fc2db943a0f882d3bb743c7f3e23e7bea4a51a9467c1a27d8e09c9
FING-217,1363,2014,1,Eng 2,0,0,2,2,2015,2,A,2,6.2,17b06f7b69e3bedb842e83e938e37b69431e1cc956e65f9aeefb39333e4f0870
FING-199,1363,2014,1,Eng 2,0,0,2,2,2015,2,A,2,5.6,17b06f7b69e3bedb842e83e938e37b69431e1cc956e65f9aeefb39333e4f0870
FING-192,1363,2014,1,Eng 2,0,0,2,2,2015,2,A,2,5.5,9812004412cb766de3026f699a0993a6571c5139d338519c380a251cbb6ea891
FING-165,1363,2014,1,Eng 2,0,0,2,2,2015,2,A,2,6.0,9812004412cb766de3026f699a0993a6571c5139d338519c380a251cbb6ea891
FING-6359,1363,2016,1,Cal 1,6,2,0,8,2016,1,A,2,4.2,07e94f38187545d903a892230fedc379ace5c5d1c0f8ecbded5705c3654b2b49
FING-2918,1363,2015,1,Cal 2,6,2,0,8,2016,1,A,2,4.8,e14e1bb5bca37718cc29ddf91a83cc61410005a7bbac9377611550424d7018df
FING-2954,1363,2015,1,Cal 2,6,2,0,8,2016,1,A,2,4.6,ac4571df0d355fd037350ea5595a8e8eb0687ac5f0a7a4a1b0f7fe35934ff117
FING-6354,1363,2016,1,Cal 1,6,2,0,8,2016,2,A,2,5.1,8508436b0f900192b9c554f5c427e8274f4a2527a29c26777931111848b081b4
FING-5376,1363,2016,1,Cal 1,6,2,0,8,2016,2,A,2,4.0,8508436b0f900192b9c554f5c427e8274f4a2527a29c26777931111848b081b4
FING-1532,1363,2014,1,Eng and Soc,4,0,2,6,2017,1,A,2,5.8,9e112ea5f559302bc7fc75dd04bfb80149ad42a058209f1b3693d2a2f5554f5c
FING-4371,1363,2018,1,Intro Eng,0,0,2,2,2018,1,A,2,5.2,8b7eb5c8931cf41fe21d405c6a69bfafd6307c6f617d2a5af34c471a984c159e
FING-9136,1363,2018,1,Intro Eng,0,0,2,2,2018,1,A,2,5.2,8b7eb5c8931cf41fe21d405c6a69bfafd6307c6f617d2a5af34c471a984c159e
FING-10175,1363,2018,1,Intro Eng,0,0,2,2,2018,1,A,2,5.9,8b7eb5c8931cf41fe21d405c6a69bfafd6307c6f617d2a5af34c471a984c159e
FING-28124,1363,2018,1,Intro Eng,0,0,2,2,2018,1,A,2,5.6,8b7eb5c8931cf41fe21d405c6a69bfafd6307c6f617d2a5af34c471a984c159e
FING-15306,1363,2018,1,Intro Eng,0,0,2,2,2018,1,A,2,6.2,8b7eb5c8931cf41fe21d405c6a69bfafd6307c6f617d2a5af34c471a984c159e
FING-9193,1363,2018,1,Intro Eng,0,0,2,2,2018,1,A,2,5.9,eba7c9e5c081f1a45fc55092f7e4f93df24e010ec9313dffb94886301e310e0f
FING-10014,1363,2018,1,Intro Eng,0,0,2,2,2018,1,A,2,6.7,eba7c9e5c081f1a45fc55092f7e4f93df24e010ec9313dffb94886301e310e0f
FING-9191,1363,2018,1,Intro Eng,0,0,2,2,2018,1,A,2,6.7,eba7c9e5c081f1a45fc55092f7e4f93df24e010ec9313dffb94886301e310e0f
FING-8308,1363,2017,1,Eff Comm,0,0,2,2,2018,1,A,2,6.1,88a7c15da856303700daf73cd17d544ee747dd4bcfb0c5310e3221757253b173
FING-7349,1363,2017,1,Eff Comm,0,0,2,2,2018,1,A,2,6.7,88a7c15da856303700daf73cd17d544ee747dd4bcfb0c5310e3221757253b173
FING-1221,1363,2017,1,Eff Comm,0,0,2,2,2018,1,A,2,6.2,bfbda5483f828babc6d93458f1b5f6e2cc38ec73a17c3d3969440056395bd44a
FING-6281,1363,2016,1,Eff Comm,0,0,2,2,2018,1,A,2,6.3,bfbda5483f828babc6d93458f1b5f6e2cc38ec73a17c3d3969440056395bd44a
FING-8361,1363,2017,1,Eff Comm,0,0,2,2,2018,1,A,2,5.8,bfbda5483f828babc6d93458f1b5f6e2cc38ec73a17c3d3969440056395bd44a
FING-8195,1363,2017,1,Eff Comm,0,0,2,2,2018,1,A,2,5.7,f5793ef126a2c5c42d114ce162802b457266738abd6306169f65ba85f5edf025
FING-15282,1363,2017,1,Eff Comm,0,0,2,2,2018,1,A,1,6.5,f5793ef126a2c5c42d114ce162802b457266738abd6306169f65ba85f5edf025
FING-6354,1363,2016,1,Elect & Mag,4,2,1,7,2018,1,A,2,4.9,9744ebe904d1dae33b54c1c59f8db4d9dab8e4debd45879372d42e3cbe6cdee8
FING-6350,1363,2016,1,Elect & Mag,4,2,1,7,2018,1,R,2,3.1,9744ebe904d1dae33b54c1c59f8db4d9dab8e4debd45879372d42e3cbe6cdee8
FING-7349,1363,2017,1,Elect & Mag,4,2,1,7,2018,1,R,2,2.5,9744ebe904d1dae33b54c1c59f8db4d9dab8e4debd45879372d42e3cbe6cdee8
FING-6359,1363,2016,1,Elect & Mag,4,2,1,7,2018,1,A,2,4.3,9744ebe904d1dae33b54c1c59f8db4d9dab8e4debd45879372d42e3cbe6cdee8
FING-6364,1363,2016,1,Elect & Mag,4,2,1,7,2018,1,R,2,2.0,9744ebe904d1dae33b54c1c59f8db4d9dab8e4debd45879372d42e3cbe6cdee8
FING-5387,1363,2016,1,Elect & Mag,4,2,1,7,2018,1,A,2,4.3,9744ebe904d1dae33b54c1c59f8db4d9dab8e4debd45879372d42e3cbe6cdee8
FING-8361,1363,2017,1,Fund Econ,4,2,0,6,2019,1,R,2,1.7,f07aee52d6c6bcf2d5d0515a7b5bc96a76bcfb5cdceca686b2a60ce754f77b43
FING-28159,1363,2018,1,Fund Econ,4,2,0,6,2019,1,A,2,4.7,f07aee52d6c6bcf2d5d0515a7b5bc96a76bcfb5cdceca686b2a60ce754f77b43
FING-29416,1363,2017,1,Fund Econ,4,2,0,6,2019,1,R,2,3.2,a4981df8f1af2792fcff427cc3d027d02b66fbb86906b0686e05be3a8d1d7780
FING-9150,1363,2018,1,Fund Econ,4,2,0,6,2019,1,A,1,4.3,e0f19966a5fb28ea6c374ff717b67fb61e365c189e4603d0155e95a2f42121fb
FING-10014,1363,2018,1,Fund Econ,4,2,0,6,2019,1,A,2,4.3,f07aee52d6c6bcf2d5d0515a7b5bc96a76bcfb5cdceca686b2a60ce754f77b43
FING-28068,1363,2018,1,Fund Econ,4,2,0,6,2019,1,A,1,4.6,e0f19966a5fb28ea6c374ff717b67fb61e365c189e4603d0155e95a2f42121fb
FING-4371,1363,2018,1,Fund Econ,4,2,0,6,2019,1,R,2,1.9,e0f19966a5fb28ea6c374ff717b67fb61e365c189e4603d0155e95a2f42121fb
FING-9202,1363,2018,1,Fund Econ,4,2,0,6,2019,1,A,1,4.0,e0f19966a5fb28ea6c374ff717b67fb61e365c189e4603d0155e95a2f42121fb
FING-8359,1363,2017,1,Fund Econ,4,2,0,6,2019,1,R,2,3.1,e0f19966a5fb28ea6c374ff717b67fb61e365c189e4603d0155e95a2f42121fb
FING-9160,1363,2018,1,Fund Econ,4,2,0,6,2019,1,R,2,3.1,e0f19966a5fb28ea6c374ff717b67fb61e365c189e4603d0155e95a2f42121fb
FING-9208,1363,2018,1,Fund Econ,4,2,0,6,2019,1,R,2,2.7,e0f19966a5fb28ea6c374ff717b67fb61e365c189e4603d0155e95a2f42121fb
FING-11170,1363,2019,1,Std Methods,0,0,2,2,2019,1,A,2,5.9,68e55ae6f7dfd204af8fca9c971b08f70c8ee6490d1b335ad3800634f7197fa8
FING-28148,1363,2019,1,Std Methods,0,0,2,2,2019,1,A,2,5.9,68e55ae6f7dfd204af8fca9c971b08f70c8ee6490d1b335ad3800634f7197fa8
FING-11165,1363,2019,1,Std Methods,0,0,2,2,2019,1,A,2,5.9,68e55ae6f7dfd204af8fca9c971b08f70c8ee6490d1b335ad3800634f7197fa8
FING-11116,1363,2019,1,Std Methods,0,0,2,2,2019,1,A,2,5.5,68e55ae6f7dfd204af8fca9c971b08f70c8ee6490d1b335ad3800634f7197fa8
FING-11139,1363,2019,1,Std Methods,0,0,2,2,2019,1,A,2,5.4,68e55ae6f7dfd204af8fca9c971b08f70c8ee6490d1b335ad3800634f7197fa8
FING-11115,1363,2019,1,Std Methods,0,0,2,2,2019,1,A,2,6.1,68e55ae6f7dfd204af8fca9c971b08f70c8ee6490d1b335ad3800634f7197fa8
FING-11122,1363,2019,1,Std Methods,0,0,2,2,2019,1,A,1,4.2,b380062e92d6557a1e0087328dd7daca890a393428b3dd74659726413abd87e0
FING-11083,1363,2019,1,Std Methods,0,0,2,2,2019,1,A,1,6.0,b380062e92d6557a1e0087328dd7daca890a393428b3dd74659726413abd87e0
FING-11136,1363,2019,1,Std Methods,0,0,2,2,2019,1,A,2,5.8,b380062e92d6557a1e0087328dd7daca890a393428b3dd74659726413abd87e0
FING-15339,1363,2019,1,Std Methods,0,0,2,2,2019,1,A,2,5.4,b380062e92d6557a1e0087328dd7daca890a393428b3dd74659726413abd87e0
FING-15343,1363,2019,1,Std Methods,0,0,2,2,2019,1,A,2,5.6,e3cf9d1712798043a87ba3da6901db3f36dffed46b74f57885d4662a66b08c30
FING-11135,1363,2019,1,Std Methods,0,0,2,2,2019,1,A,2,5.0,e3cf9d1712798043a87ba3da6901db3f36dffed46b74f57885d4662a66b08c30
FING-15346,1363,2019,1,Std Methods,0,0,2,2,2019,1,A,2,5.9,e3cf9d1712798043a87ba3da6901db3f36dffed46b74f57885d4662a66b08c30
FING-11158,1363,2019,1,Std Methods,0,0,2,2,2019,1,A,2,5.6,e3cf9d1712798043a87ba3da6901db3f36dffed46b74f57885d4662a66b08c30
FING-11123,1363,2019,1,Std Methods,0,0,2,2,2019,1,A,2,5.5,e3cf9d1712798043a87ba3da6901db3f36dffed46b74f57885d4662a66b08c30
FING-11164,1363,2019,1,Std Methods,0,0,2,2,2019,1,A,2,4.7,e3cf9d1712798043a87ba3da6901db3f36dffed46b74f57885d4662a66b08c30
FING-11182,1363,2019,1,Std Methods,0,0,2,2,2019,1,A,2,5.9,e3cf9d1712798043a87ba3da6901db3f36dffed46b74f57885d4662a66b08c30
FING-11079,1363,2019,1,Std Methods,0,0,2,2,2019,1,A,2,5.0,1d22e7fccdd113e213ec1d88f7cb3455e555cf31ab949f227e30317756ac86db
FING-11071,1363,2019,1,Std Methods,0,0,2,2,2019,1,A,2,5.9,1d22e7fccdd113e213ec1d88f7cb3455e555cf31ab949f227e30317756ac86db
FING-11113,1363,2019,1,Std Methods,0,0,2,2,2019,1,A,2,5.4,1d22e7fccdd113e213ec1d88f7cb3455e555cf31ab949f227e30317756ac86db
FING-11104,1363,2019,1,Std Methods,0,0,2,2,2019,1,A,2,4.8,1d22e7fccdd113e213ec1d88f7cb3455e555cf31ab949f227e30317756ac86db
FING-28229,1363,2019,1,Std Methods,0,0,2,2,2019,1,A,2,5.4,1d22e7fccdd113e213ec1d88f7cb3455e555cf31ab949f227e30317756ac86db
FING-11142,1363,2019,1,Std Methods,0,0,2,2,2019,1,A,2,4.9,1d22e7fccdd113e213ec1d88f7cb3455e555cf31ab949f227e30317756ac86db
FING-9171,1363,2018,1,Eng 1,0,0,2,2,2019,1,A,2,7.0,88b92944cf71d575adb267c2065647d01500a1577a232f797e0ed0930dcb0235
FING-28159,1363,2018,1,Eng 1,0,0,2,2,2019,1,A,2,4.6,88b92944cf71d575adb267c2065647d01500a1577a232f797e0ed0930dcb0235
FING-15306,1363,2018,1,Eng 1,0,0,2,2,2019,1,A,2,5.9,7d33f62a63aee5caeec62193ce582aa4a527c814f41d25376c3ed4727aa2be66
FING-9191,1363,2018,1,Eng 1,0,0,2,2,2019,1,A,2,7.0,d54bd96c7feac72b99c4ce8a4b893ba86edce868d283d5fc5c8a70ee26dfeeac
FING-9208,1363,2018,1,Eng 1,0,0,2,2,2019,1,A,2,6.8,616a4de5fd9a7a527e45cf4337b52c17222190d5f97a55c384fe49c2ba92f188
FING-10176,1363,2018,1,Eng 2,0,0,2,2,2019,1,A,2,6.5,1539ec383f45bc6530080b906ea6224bccf6c7878e26fbe1c2b73dcc43f27c16
FING-7760,1363,2018,1,Eng 2,0,0,2,2,2019,1,A,2,6.3,1539ec383f45bc6530080b906ea6224bccf6c7878e26fbe1c2b73dcc43f27c16
FING-6359,1363,2016,1,Eng 3,0,0,2,2,2019,1,A,2,5.8,bd9ac54818f0c524b5791464d60e9a0bca29b466be2f66af984a8d3f35779f62
FING-7307,1363,2017,1,Eng 3,0,0,2,2,2019,1,A,1,5.7,7445abcb3d02291ae02a0412ab6cfb157b95d1cdc92b3049f39926cfd55ed69d
FING-7316,1363,2017,1,Eng 3,0,0,2,2,2019,1,A,2,5.0,7445abcb3d02291ae02a0412ab6cfb157b95d1cdc92b3049f39926cfd55ed69d
FING-8359,1363,2017,1,Eng 3,0,0,2,2,2019,1,A,2,5.8,7445abcb3d02291ae02a0412ab6cfb157b95d1cdc92b3049f39926cfd55ed69d
FING-1221,1363,2017,1,Eng 3,0,0,2,2,2019,1,A,2,5.9,bd9ac54818f0c524b5791464d60e9a0bca29b466be2f66af984a8d3f35779f62
FING-7306,1363,2017,1,Eng 3,0,0,2,2,2019,1,A,1,6.0,bd9ac54818f0c524b5791464d60e9a0bca29b466be2f66af984a8d3f35779f62
FING-6364,1363,2016,1,Eng 3,0,0,2,2,2019,1,A,2,5.7,05a158b0394b2121a1e31ebd32ad22748f8f672294e8e71dd514831300eacc2e
FING-6491,1363,2017,1,Eng 4,0,0,2,2,2019,1,A,2,6.4,331daeb5e2bacaa17d203d73ce2c26227a79b69371f5f02e9b9d3d9d1d577b68
FING-5402,1363,2016,1,Algorithms,4,0,2,6,2019,1,A,1,4.5,e38a4859f2ef4ae267fdcfaae2275e8c1603705f132a90923c5e03c2f30b9999
FING-1221,1363,2017,1,Algorithms,4,0,2,6,2019,1,A,2,4.7,c3849a8bb74f589b8edc8ae4e3940f5ee18c244279133443762626890d1584f0
FING-5381,1363,2016,1,Algorithms,4,0,2,6,2019,1,R,2,2.9,c3849a8bb74f589b8edc8ae4e3940f5ee18c244279133443762626890d1584f0
FING-6359,1363,2016,1,Algorithms,4,0,2,6,2019,1,A,2,4.5,c3849a8bb74f589b8edc8ae4e3940f5ee18c244279133443762626890d1584f0
FING-15274,1363,2016,1,Algorithms,4,0,2,6,2019,1,R,2,1.0,c3849a8bb74f589b8edc8ae4e3940f5ee18c244279133443762626890d1584f0
FING-1782,1363,2015,1,Eng and Soc,4,0,2,6,2019,1,A,2,6.1,9e112ea5f559302bc7fc75dd04bfb80149ad42a058209f1b3693d2a2f5554f5c
FING-11151,1363,2019,1,Alg 1,6,2,0,8,2020,1,A,1,5.8,ea84d0aa3ab420038620a6f0b2fe1a277a4216ba2aa082dcb0f0ad28109f0d29
FING-11129,1363,2019,1,Alg 1,6,2,0,8,2020,1,A,2,5.1,ea84d0aa3ab420038620a6f0b2fe1a277a4216ba2aa082dcb0f0ad28109f0d29
FING-11089,1363,2019,1,Cal 2,6,2,0,8,2020,1,A,2,5.1,1c702013c61a4e9c3d55a6cab9307e9dd956c95b7bc9c9eaecbcaad761f589f1
FING-11113,1363,2019,1,Cal 2,6,2,0,8,2020,1,A,2,4.1,1c702013c61a4e9c3d55a6cab9307e9dd956c95b7bc9c9eaecbcaad761f589f1
FING-11182,1363,2019,1,Cal 2,6,2,0,8,2020,1,A,2,5.6,bf9a4f134286b7a9ed7dbd00bb89843f370a0a7a6e907355ead0b09e8a867c9f
FING-28124,1363,2018,1,Cal 2,6,2,0,8,2020,1,A,2,4.2,ada1a8652f898b79af7d71eeaf368558504e1187b472a12399598845c1955fe3
FING-28148,1363,2019,1,Cal 2,6,2,0,8,2020,1,A,2,5.4,4fa6ca240314b04309cb04f61a734a8159999e28bfe6305decd29515f58b18a2
FING-11116,1363,2019,1,Cal 2,6,2,0,8,2020,1,A,2,5.0,4fa6ca240314b04309cb04f61a734a8159999e28bfe6305decd29515f58b18a2
FING-11135,1363,2019,1,Cal 2,6,2,0,8,2020,1,A,2,4.7,4fa6ca240314b04309cb04f61a734a8159999e28bfe6305decd29515f58b18a2
FING-15346,1363,2019,1,Cal 2,6,2,0,8,2020,1,A,2,5.6,4fa6ca240314b04309cb04f61a734a8159999e28bfe6305decd29515f58b18a2
FING-11177,1363,2019,1,Alg 2,4,2,0,6,2020,1,A,1,5.4,8f76c3c9624622bf49eaf281bc72c03859c96fa850b904deafda3adcacf92130
FING-11168,1363,2019,1,Alg 2,4,2,0,6,2020,1,A,2,5.4,cd4258abd494e338dd13dad75ea3f1f1ced923cec073b330363a2340dbb751bf
FING-11116,1363,2019,1,Alg 2,4,2,0,6,2020,1,A,2,5.0,cd4258abd494e338dd13dad75ea3f1f1ced923cec073b330363a2340dbb751bf
FING-11135,1363,2019,1,Alg 2,4,2,0,6,2020,1,A,2,5.0,cd4258abd494e338dd13dad75ea3f1f1ced923cec073b330363a2340dbb751bf
FING-15346,1363,2019,1,Alg 2,4,2,0,6,2020,1,A,2,6.2,cd4258abd494e338dd13dad75ea3f1f1ced923cec073b330363a2340dbb751bf
FING-11182,1363,2019,1,Alg 2,4,2,0,6,2020,1,A,2,6.3,cd4258abd494e338dd13dad75ea3f1f1ced923cec073b330363a2340dbb751bf
FING-11113,1363,2019,1,Alg 2,4,2,0,6,2020,1,A,2,4.1,cd4258abd494e338dd13dad75ea3f1f1ced923cec073b330363a2340dbb751bf
FING-28148,1363,2019,1,Alg 2,4,2,0,6,2020,1,A,2,4.8,ef626cf1b187815247502ff5c478358a918b289bda0e1e8e70b19aa147b1a083
FING-11159,1363,2019,1,Alg 2,4,2,0,6,2020,1,A,2,6.0,ef626cf1b187815247502ff5c478358a918b289bda0e1e8e70b19aa147b1a083
FING-11083,1363,2019,1,Alg 2,4,2,0,6,2020,1,A,1,4.4,ef626cf1b187815247502ff5c478358a918b289bda0e1e8e70b19aa147b1a083
FING-15343,1363,2019,1,Alg 2,4,2,0,6,2020,1,A,2,4.3,ef626cf1b187815247502ff5c478358a918b289bda0e1e8e70b19aa147b1a083
FING-9172,1363,2018,1,Diff Ec & Num Meth,4,2,0,6,2020,1,A,2,5.7,0c72a2ad7dd210d87d992a7bd4905912d4bd5f36d16b930d2302169cd2bac334
FING-11164,1363,2019,1,Diff Ec & Num Meth,4,2,0,6,2020,1,R,2,3.6,0c72a2ad7dd210d87d992a7bd4905912d4bd5f36d16b930d2302169cd2bac334
FING-28068,1363,2018,1,Diff Ec & Num Meth,4,2,0,6,2020,1,A,1,5.1,bf94262a3cdb991e7eabe861f41bd9d8a5db6b3a312f5307ae389d047b610ea3
FING-11104,1363,2019,1,Diff Ec & Num Meth,4,2,0,6,2020,1,A,2,5.5,bf94262a3cdb991e7eabe861f41bd9d8a5db6b3a312f5307ae389d047b610ea3
FING-11142,1363,2019,1,Diff Ec & Num Meth,4,2,0,6,2020,1,A,2,5.2,bf94262a3cdb991e7eabe861f41bd9d8a5db6b3a312f5307ae389d047b610ea3
FING-7316,1363,2017,1,Diff Ec & Num Meth,4,2,0,6,2020,1,A,2,5.7,dec2ceb61415646c97fbc57093a23a996c1245b011ea790134e7bf7b9fc8224a
FING-7300,1363,2017,1,Diff Ec & Num Meth,4,2,0,6,2020,1,A,2,5.4,dec2ceb61415646c97fbc57093a23a996c1245b011ea790134e7bf7b9fc8224a
FING-11178,1363,2019,1,Diff Ec & Num Meth,4,2,0,6,2020,1,A,2,4.5,dec2ceb61415646c97fbc57093a23a996c1245b011ea790134e7bf7b9fc8224a
FING-11130,1363,2019,1,Diff Ec & Num Meth,4,2,0,6,2020,1,A,2,5.4,a210f30ff7c2d98c257908cf296e42438eefb5cf9cc725c1b02d3bd756cfeb00
FING-11071,1363,2019,1,Diff Ec & Num Meth,4,2,0,6,2020,1,R,2,2.2,a210f30ff7c2d98c257908cf296e42438eefb5cf9cc725c1b02d3bd756cfeb00
FING-4473,1363,2019,1,Diff Ec & Num Meth,4,2,0,6,2020,1,A,2,4.7,984fd6e8e8cd71628ae210f6a1f1557e0da0a64e905394cc57386d1524bbc85a
FING-2915,1363,2015,1,Diff Ec & Num Meth,4,2,0,6,2020,1,A,2,5.8,984fd6e8e8cd71628ae210f6a1f1557e0da0a64e905394cc57386d1524bbc85a
FING-11110,1363,2019,1,Diff Ec & Num Meth,4,2,0,6,2020,1,A,2,5.8,984fd6e8e8cd71628ae210f6a1f1557e0da0a64e905394cc57386d1524bbc85a
FING-9208,1363,2018,1,Diff Ec & Num Meth,4,2,0,6,2020,1,A,2,5.2,984fd6e8e8cd71628ae210f6a1f1557e0da0a64e905394cc57386d1524bbc85a
FING-11123,1363,2019,1,Diff Ec & Num Meth,4,2,0,6,2020,1,A,2,4.0,984fd6e8e8cd71628ae210f6a1f1557e0da0a64e905394cc57386d1524bbc85a
FING-7307,1363,2017,1,Diff Ec & Num Meth,4,2,0,6,2020,1,A,1,5.3,4d1735bd404f48d4855de32dbd8c65be393f2ce0ae0955c99ea591fbd6921f00
FING-11170,1363,2019,1,Diff Ec & Num Meth,4,2,0,6,2020,1,A,2,5.3,4d1735bd404f48d4855de32dbd8c65be393f2ce0ae0955c99ea591fbd6921f00
FING-9160,1363,2018,1,Diff Ec & Num Meth,4,2,0,6,2020,1,A,2,4.9,4d1735bd404f48d4855de32dbd8c65be393f2ce0ae0955c99ea591fbd6921f00
FING-11158,1363,2019,1,Diff Ec & Num Meth,4,2,0,6,2020,1,A,2,5.1,4d1735bd404f48d4855de32dbd8c65be393f2ce0ae0955c99ea591fbd6921f00
FING-9171,1363,2018,1,Diff Ec & Num Meth,4,2,0,6,2020,1,A,2,5.7,92b35a8f96aebea07771dd5a1c9378b1a046659ecee38220f124906196daed12
FING-11139,1363,2019,1,Diff Ec & Num Meth,4,2,0,6,2020,1,A,2,4.6,92b35a8f96aebea07771dd5a1c9378b1a046659ecee38220f124906196daed12
FING-11749,1363,2020,1,Diff Ec & Num Meth,4,2,0,6,2020,1,A,2,5.4,5edc2f51e0bbed3ddd612a9f8ba01fa514db75f50615cf064f1aaf2fa14f00a1
FING-11110,1363,2019,1,Eff Comm,0,0,2,2,2020,1,A,2,6.2,88a7c15da856303700daf73cd17d544ee747dd4bcfb0c5310e3221757253b173
FING-15261,1363,2019,1,Eff Comm,0,0,2,2,2020,1,A,2,6.8,88a7c15da856303700daf73cd17d544ee747dd4bcfb0c5310e3221757253b173
FING-11170,1363,2019,1,Eff Comm,0,0,2,2,2020,1,A,2,6.3,88a7c15da856303700daf73cd17d544ee747dd4bcfb0c5310e3221757253b173
FING-11165,1363,2019,1,Eff Comm,0,0,2,2,2020,1,A,2,6.3,88a7c15da856303700daf73cd17d544ee747dd4bcfb0c5310e3221757253b173
FING-11139,1363,2019,1,Eff Comm,0,0,2,2,2020,1,A,2,6.7,88a7c15da856303700daf73cd17d544ee747dd4bcfb0c5310e3221757253b173
FING-11104,1363,2019,1,Eff Comm,0,0,2,2,2020,1,A,2,6.4,88a7c15da856303700daf73cd17d544ee747dd4bcfb0c5310e3221757253b173
FING-11116,1363,2019,1,Eff Comm,0,0,2,2,2020,1,A,2,6.3,688b72842b68be151eaa797b7b854db6facb9b397801213b17a19b9acedfa58f
FING-11151,1363,2019,1,Eff Comm,0,0,2,2,2020,1,A,1,6.3,688b72842b68be151eaa797b7b854db6facb9b397801213b17a19b9acedfa58f
FING-11142,1363,2019,1,Eff Comm,0,0,2,2,2020,1,A,2,5.9,bfbda5483f828babc6d93458f1b5f6e2cc38ec73a17c3d3969440056395bd44a
FING-11089,1363,2019,1,Eff Comm,0,0,2,2,2020,1,A,2,6.0,4d36287815056e1be09b13677b66f83cb63a400ebfe07e8757fc9bfe505f1c6b
FING-11158,1363,2019,1,Eff Comm,0,0,2,2,2020,1,A,2,6.5,4d36287815056e1be09b13677b66f83cb63a400ebfe07e8757fc9bfe505f1c6b
FING-11164,1363,2019,1,Eff Comm,0,0,2,2,2020,1,A,2,6.0,4d36287815056e1be09b13677b66f83cb63a400ebfe07e8757fc9bfe505f1c6b
FING-4371,1363,2018,1,Formal Language Processing,4,2,2,8,2022,2,R,2,3.4,16b2d5b4c473b956b41412275c081b5cab38d261f201aad7e31443548418f4bc
FING-11165,1363,2019,1,Formal Language Processing,4,2,2,8,2022,2,A,2,4.4,16b2d5b4c473b956b41412275c081b5cab38d261f201aad7e31443548418f4bc
FING-11139,1363,2019,1,Formal Language Processing,4,2,2,8,2022,2,A,2,4.2,16b2d5b4c473b956b41412275c081b5cab38d261f201aad7e31443548418f4bc
FING-15350,1363,2020,2,Formal Language Processing,4,2,2,8,2022,2,A,2,4.4,16b2d5b4c473b956b41412275c081b5cab38d261f201aad7e31443548418f4bc
FING-6354,1363,2016,1,Networks,4,2,2,8,2022,2,A,2,6.0,8cbbb153922fc92024a7847ae59e02f670aff4bdee895766fa9a4c132668ae37
FING-11165,1363,2019,1,Networks,4,2,2,8,2022,2,A,2,5.4,8cbbb153922fc92024a7847ae59e02f670aff4bdee895766fa9a4c132668ae37
FING-11139,1363,2019,1,Networks,4,2,2,8,2022,2,A,2,5.1,8cbbb153922fc92024a7847ae59e02f670aff4bdee895766fa9a4c132668ae37
FING-13492,1363,2020,2,Networks,4,2,2,8,2022,2,A,2,5.6,8cbbb153922fc92024a7847ae59e02f670aff4bdee895766fa9a4c132668ae37
FING-11139,1363,2019,1,SoftEng Methods,4,2,0,6,2022,2,R,2,1.4,3221f42f64144bbf31bd3850691b5a66b89783586a0a613e87d6e9a1b02c4cb7
FING-11083,1363,2019,1,Comp Org,4,1,1,6,2022,2,R,1,3.4,7a41747a8228bce8bc0b10d5827071b7b9fc0393df1fb089f2909d5e89d8664c
FING-11113,1363,2019,1,Comp Org,4,1,1,6,2022,2,R,2,3.6,7a41747a8228bce8bc0b10d5827071b7b9fc0393df1fb089f2909d5e89d8664c
FING-4371,1363,2018,1,Comp Org,4,1,1,6,2022,2,R,2,3.4,7a41747a8228bce8bc0b10d5827071b7b9fc0393df1fb089f2909d5e89d8664c
FING-11168,1363,2019,1,Comp Org,4,1,1,6,2022,2,R,2,1.0,7a41747a8228bce8bc0b10d5827071b7b9fc0393df1fb089f2909d5e89d8664c
FING-11159,1363,2019,1,Comp Org,4,1,1,6,2022,2,R,2,1.8,7a41747a8228bce8bc0b10d5827071b7b9fc0393df1fb089f2909d5e89d8664c
FING-11135,1363,2019,1,Comp Org,4,1,1,6,2022,2,R,2,3.8,7a41747a8228bce8bc0b10d5827071b7b9fc0393df1fb089f2909d5e89d8664c
FING-1221,1363,2017,1,Logic and Computer Science Theory,4,2,0,6,2022,2,R,2,1.8,a758b091c1e446acfaa4e13d0d2839a313dd0371a35228eb5511991cee34fc12
FING-9611,1363,2019,2,Logic and Computer Science Theory,4,2,0,6,2022,2,A,2,4.7,a758b091c1e446acfaa4e13d0d2839a313dd0371a35228eb5511991cee34fc12
FING-7306,1363,2017,1,Logic and Computer Science Theory,4,2,0,6,2022,2,R,1,2.0,a758b091c1e446acfaa4e13d0d2839a313dd0371a35228eb5511991cee34fc12
FING-9191,1363,2018,1,Logic and Computer Science Theory,4,2,0,6,2022,2,R,2,3.4,a758b091c1e446acfaa4e13d0d2839a313dd0371a35228eb5511991cee34fc12
FING-4371,1363,2018,1,Advanced Algorithms,4,2,2,8,2022,2,A,2,4.9,245b64604a8d5d0553dacc990da644b71a70600bca3960b0154ad94b4c33a1f1
FING-15350,1363,2020,2,Advanced Algorithms,4,2,2,8,2022,2,A,2,4.3,245b64604a8d5d0553dacc990da644b71a70600bca3960b0154ad94b4c33a1f1
FING-9611,1363,2019,2,Finances,4,0,2,6,2022,2,A,2,4.3,8b7fc70f5837b9869f3d108860049ac9d5d00eb3af0e7d999625274a530c8386
FING-11139,1363,2019,1,Finances,4,0,2,6,2022,2,R,2,2.9,8b7fc70f5837b9869f3d108860049ac9d5d00eb3af0e7d999625274a530c8386
FING-11749,1363,2020,1,Finances,4,0,2,6,2022,2,A,2,4.7,8b7fc70f5837b9869f3d108860049ac9d5d00eb3af0e7d999625274a530c8386
FING-7760,1363,2018,1,Elective V,4,0,2,6,2022,2,A,2,6.4,6e791079ac56bf68eb2f03d0de931ccdd204d92fb602928c597323c42d1fe97a
FING-11159,1363,2019,1,Stat Analys,4,2,0,6,2021,2,R,2,3.4,cb12c444adb814e44382a71bf9cac035de445d205abf2278b9f8f5739247e814
FING-11083,1363,2019,1,Stat Analys,4,2,0,6,2021,2,A,1,4.0,cb12c444adb814e44382a71bf9cac035de445d205abf2278b9f8f5739247e814
FING-11071,1363,2019,1,Stat Analys,4,2,0,6,2021,2,R,2,2.9,cb12c444adb814e44382a71bf9cac035de445d205abf2278b9f8f5739247e814
FING-11113,1363,2019,1,Stat Analys,4,2,0,6,2021,2,A,2,4.1,cb12c444adb814e44382a71bf9cac035de445d205abf2278b9f8f5739247e814
FING-28124,1363,2018,1,Stat Analys,4,2,0,6,2021,2,R,2,1.0,4c3af6a6fafc2a4fd8b54a0620614abd40e25d5b9bce3055d3a942e8d1a78208
FING-11129,1363,2019,1,Stat Analys,4,2,0,6,2021,2,R,2,1.1,4c3af6a6fafc2a4fd8b54a0620614abd40e25d5b9bce3055d3a942e8d1a78208
FING-11136,1363,2019,1,Stat Analys,4,2,0,6,2021,2,A,2,4.4,4c3af6a6fafc2a4fd8b54a0620614abd40e25d5b9bce3055d3a942e8d1a78208
FING-11135,1363,2019,1,Stat Analys,4,2,0,6,2021,2,R,2,1.2,4c3af6a6fafc2a4fd8b54a0620614abd40e25d5b9bce3055d3a942e8d1a78208
FING-11116,1363,2019,1,Fund Econ,4,2,0,6,2021,2,A,2,4.1,f07aee52d6c6bcf2d5d0515a7b5bc96a76bcfb5cdceca686b2a60ce754f77b43
FING-11113,1363,2019,1,Fund Econ,4,2,0,6,2021,2,R,2,3.7,f07aee52d6c6bcf2d5d0515a7b5bc96a76bcfb5cdceca686b2a60ce754f77b43
FING-11159,1363,2019,1,Fund Econ,4,2,0,6,2021,2,A,2,4.0,058cdaf808e50d6148d8d55904bb396cda18a5d9f65ec9838908aaca899e616e
FING-11135,1363,2019,1,Fund Econ,4,2,0,6,2021,2,A,2,4.0,058cdaf808e50d6148d8d55904bb396cda18a5d9f65ec9838908aaca899e616e
FING-11116,1363,2019,1,Elect & Mag,4,2,1,7,2021,2,R,2,3.6,b94daedab2212a82b2e037a693841bb8355920496031b307cc16e7f127705dcc
FING-11159,1363,2019,1,Elect & Mag,4,2,1,7,2021,2,A,2,4.4,b94daedab2212a82b2e037a693841bb8355920496031b307cc16e7f127705dcc
FING-11136,1363,2019,1,Elect & Mag,4,2,1,7,2021,2,A,2,4.6,b94daedab2212a82b2e037a693841bb8355920496031b307cc16e7f127705dcc
FING-13492,1363,2020,2,Eng 3,0,0,2,2,2021,2,A,2,6.6,fdb1ccd1ffc24c385582f07efea282827420a31d5274d9b488cab44797d7e8ca
FING-11104,1363,2019,1,Eng 3,0,0,2,2,2021,2,A,2,5.9,c7a002f402fc2db943a0f882d3bb743c7f3e23e7bea4a51a9467c1a27d8e09c9
FING-11154,1363,2019,1,Eng 3,0,0,2,2,2021,2,A,2,5.4,88b92944cf71d575adb267c2065647d01500a1577a232f797e0ed0930dcb0235
FING-11113,1363,2019,1,Eng 3,0,0,2,2,2021,2,A,2,5.5,a6fb443946e583f3114b054a27ffbef6eeddc3b37b0afc838fd8e1e240171f9a
FING-11130,1363,2019,1,Eng 3,0,0,2,2,2021,2,A,2,5.5,331daeb5e2bacaa17d203d73ce2c26227a79b69371f5f02e9b9d3d9d1d577b68
FING-9191,1363,2018,1,Eng 3,0,0,2,2,2021,2,A,2,6.8,331daeb5e2bacaa17d203d73ce2c26227a79b69371f5f02e9b9d3d9d1d577b68
FING-11168,1363,2019,1,Eng 3,0,0,2,2,2021,2,A,2,7.0,6283feeb3658ebd5b8c01cf13ddcbd5e4bd6cbb6345df87cde9d52ad2f80f9a2
FING-11139,1363,2019,1,Eng 3,0,0,2,2,2021,2,A,2,7.0,ae115bd88bdf9c51905ad88469da4a5fca6babda2955123f228ca87d64dc1082
FING-11083,1363,2019,1,Eng 3,0,0,2,2,2021,2,A,1,6.2,ae115bd88bdf9c51905ad88469da4a5fca6babda2955123f228ca87d64dc1082
FING-4371,1363,2018,1,Eng 3,0,0,2,2,2021,2,A,2,7.0,ae115bd88bdf9c51905ad88469da4a5fca6babda2955123f228ca87d64dc1082
FING-11129,1363,2019,1,Eng 3,0,0,2,2,2021,2,A,2,7.0,ae115bd88bdf9c51905ad88469da4a5fca6babda2955123f228ca87d64dc1082
FING-9611,1363,2019,2,Eng 4,0,0,2,2,2021,2,A,2,7.0,331daeb5e2bacaa17d203d73ce2c26227a79b69371f5f02e9b9d3d9d1d577b68
FING-11151,1363,2019,1,Eng 4,0,0,2,2,2021,2,A,1,6.0,331daeb5e2bacaa17d203d73ce2c26227a79b69371f5f02e9b9d3d9d1d577b68
FING-11071,1363,2019,1,Eng 4,0,0,2,2,2021,2,A,2,6.7,dd0a053dffe017d17d0baaa300fd951d5129b96ef15bf8959583242f1b7f446e
FING-11115,1363,2019,1,Eng 4,0,0,2,2,2021,2,A,2,5.2,676472d9733969341e880539f5cd2aa02fee27568316a06004b006dc9e0c0f45
FING-11122,1363,2019,1,Eng 4,0,0,2,2,2021,2,R,1,1.0,88b92944cf71d575adb267c2065647d01500a1577a232f797e0ed0930dcb0235
FING-11170,1363,2019,1,Eng 4,0,0,2,2,2021,2,A,2,6.8,ddb46689cd11dcc4a123bbf80fda14252d6d258693c61b26d5529d41cca78b33
FING-11749,1363,2020,1,Eng 4,0,0,2,2,2021,2,A,2,6.6,dd0a053dffe017d17d0baaa300fd951d5129b96ef15bf8959583242f1b7f446e
FING-12988,1363,2013,1,Alg 1,6,2,0,8,2013,1,A,1,5.0,8f76c3c9624622bf49eaf281bc72c03859c96fa850b904deafda3adcacf92130
FING-13024,1363,2013,1,Alg 1,6,2,0,8,2013,1,A,2,4.7,8f76c3c9624622bf49eaf281bc72c03859c96fa850b904deafda3adcacf92130
FING-17689,1363,2013,1,Alg 1,6,2,0,8,2013,1,R,2,2.6,8f76c3c9624622bf49eaf281bc72c03859c96fa850b904deafda3adcacf92130
FING-192,1363,2013,1,IPD Workshop,2,0,2,4,2013,1,A,2,6.5,068f77b1c8ac5d55e1fcbbdfa1132f1dd40945a441ce3bea3055f8e252e71966
FING-13105,1363,2013,1,IPD Workshop,2,0,2,4,2013,1,A,1,6.2,068f77b1c8ac5d55e1fcbbdfa1132f1dd40945a441ce3bea3055f8e252e71966
FING-13134,1363,2013,1,IPD Workshop,2,0,2,4,2013,1,A,2,5.9,068f77b1c8ac5d55e1fcbbdfa1132f1dd40945a441ce3bea3055f8e252e71966
FING-4305,1363,2012,1,Chemistry,4,2,0,6,2013,1,R,2,3.5,b8ef9ba165d4c5a1328ebe88366ecfbd3cc62c2e3566c1717aac33b640a04548
FING-4319,1363,2012,1,Chemistry,4,2,0,6,2013,1,A,2,4.2,535d5b06e61e858058d05b5aa63e21c75baa1d74e799a1243cdada132fc7058b
FING-1799,1363,2012,1,Fund Econ,4,2,0,6,2013,1,A,2,5.2,c1c922293c3cebf99bf1671124556721ebd8cd2389e0ea643ccf05cb5c86de0b
FING-12860,1363,2012,1,Fund Econ,4,2,0,6,2013,1,A,2,4.5,bba314c704e3dd81baa34ea26275169866b0b68bb21e2340fcc2a1345a42a0be
FING-1662,1363,2013,1,Fund Econ,4,2,0,6,2013,1,A,2,4.9,bba314c704e3dd81baa34ea26275169866b0b68bb21e2340fcc2a1345a42a0be
FING-4324,1363,2012,1,Fund Econ,4,2,0,6,2013,1,R,2,3.6,bba314c704e3dd81baa34ea26275169866b0b68bb21e2340fcc2a1345a42a0be
FING-4306,1363,2012,1,Algorithms,4,0,2,6,2014,1,R,2,3.5,642a22eb984b5632934968b0535f493930d7b68aad8b0105ce42f03ad83022a4
FING-1799,1363,2012,1,SoftEng Fund,4,2,0,6,2014,1,A,2,4.9,50ef7af33e399196fd03422a15dab72129669feb547029ad89552c189a5accb5
FING-186,1363,2014,1,Cal 1,6,2,0,8,2014,1,A,2,4.1,ada1a8652f898b79af7d71eeaf368558504e1187b472a12399598845c1955fe3
FING-227,1363,2014,1,Cal 1,6,2,0,8,2014,1,A,2,4.5,ada1a8652f898b79af7d71eeaf368558504e1187b472a12399598845c1955fe3
FING-155,1363,2014,1,Cal 1,6,2,0,8,2014,1,R,2,2.3,ada1a8652f898b79af7d71eeaf368558504e1187b472a12399598845c1955fe3
FING-165,1363,2014,1,Cal 1,6,2,0,8,2014,1,A,2,4.0,ada1a8652f898b79af7d71eeaf368558504e1187b472a12399598845c1955fe3
FING-180,1363,2014,1,Cal 1,6,2,0,8,2014,1,R,2,2.4,ada1a8652f898b79af7d71eeaf368558504e1187b472a12399598845c1955fe3
FING-184,1363,2014,1,Cal 1,6,2,0,8,2014,1,R,1,3.0,ada1a8652f898b79af7d71eeaf368558504e1187b472a12399598845c1955fe3
FING-186,1363,2014,1,Alg 1,6,2,0,8,2014,1,A,2,5.2,5c1b56c44ae252bb24a2439b8e9c45b1ee1f89cc8f5cfa4376397173245ef6fd
FING-227,1363,2014,1,Alg 1,6,2,0,8,2014,1,A,2,4.4,5c1b56c44ae252bb24a2439b8e9c45b1ee1f89cc8f5cfa4376397173245ef6fd
FING-155,1363,2014,1,Alg 1,6,2,0,8,2014,1,R,2,2.4,5c1b56c44ae252bb24a2439b8e9c45b1ee1f89cc8f5cfa4376397173245ef6fd
FING-165,1363,2014,1,Alg 1,6,2,0,8,2014,1,A,2,4.7,5c1b56c44ae252bb24a2439b8e9c45b1ee1f89cc8f5cfa4376397173245ef6fd
FING-180,1363,2014,1,Alg 1,6,2,0,8,2014,1,A,2,5.2,c20990256923145e12cc95b746304d47ac14b7609d5deed25b1edacffc507e8a
FING-184,1363,2014,1,Alg 1,6,2,0,8,2014,1,A,1,4.2,5c1b56c44ae252bb24a2439b8e9c45b1ee1f89cc8f5cfa4376397173245ef6fd
FING-4312,1363,2012,1,Cal 2,6,2,0,8,2014,1,A,2,4.0,5c1b56c44ae252bb24a2439b8e9c45b1ee1f89cc8f5cfa4376397173245ef6fd
FING-23970,1363,2013,1,Cal 2,6,2,0,8,2014,1,A,2,4.0,5c1b56c44ae252bb24a2439b8e9c45b1ee1f89cc8f5cfa4376397173245ef6fd
FING-4307,1363,2013,1,Cal 2,6,2,0,8,2014,1,A,2,4.2,5c1b56c44ae252bb24a2439b8e9c45b1ee1f89cc8f5cfa4376397173245ef6fd
FING-212,1363,2014,1,Intro Eng,0,0,2,2,2014,1,A,2,5.5,de9795a57afd202356446c89f77658e30d8e27bb79ddd73df579d5fd15c42e28
FING-1531,1363,2014,1,Intro Eng,0,0,2,2,2014,1,A,1,4.3,de9795a57afd202356446c89f77658e30d8e27bb79ddd73df579d5fd15c42e28
FING-191,1363,2014,1,Intro Eng,0,0,2,2,2014,1,A,2,4.3,de9795a57afd202356446c89f77658e30d8e27bb79ddd73df579d5fd15c42e28
FING-1528,1363,2014,1,Intro Eng,0,0,2,2,2014,1,A,2,6.3,de9795a57afd202356446c89f77658e30d8e27bb79ddd73df579d5fd15c42e28
FING-1221,1363,2014,1,Intro Eng,0,0,2,2,2014,1,A,2,5.7,88c734afa409ba2ae3d055a8e11d93646053231f222c3abf2c2a837345f3fd20
FING-205,1363,2014,1,Intro Eng,0,0,2,2,2014,1,A,2,5.7,88c734afa409ba2ae3d055a8e11d93646053231f222c3abf2c2a837345f3fd20
FING-199,1363,2014,1,Intro Eng,0,0,2,2,2014,1,A,2,6.0,4cb60f5157e3ddf7694f7a7267851e2b80876ccfa73911dc86be9e53d0fa19e2
FING-222,1363,2014,1,Intro Eng,0,0,2,2,2014,1,A,2,6.2,4cb60f5157e3ddf7694f7a7267851e2b80876ccfa73911dc86be9e53d0fa19e2
FING-1534,1363,2014,1,Intro Eng,0,0,2,2,2014,1,A,2,6.0,4cb60f5157e3ddf7694f7a7267851e2b80876ccfa73911dc86be9e53d0fa19e2
FING-153,1363,2014,1,Intro Eng,0,0,2,2,2014,1,A,2,6.3,4cb60f5157e3ddf7694f7a7267851e2b80876ccfa73911dc86be9e53d0fa19e2
FING-192,1363,2014,1,Intro Eng,0,0,2,2,2014,1,A,2,5.4,4cb60f5157e3ddf7694f7a7267851e2b80876ccfa73911dc86be9e53d0fa19e2
FING-1472,1363,2014,1,Intro Eng,0,0,2,2,2014,1,A,2,5.6,4cb60f5157e3ddf7694f7a7267851e2b80876ccfa73911dc86be9e53d0fa19e2
FING-185,1363,2014,1,Intro Eng,0,0,2,2,2014,1,A,2,5.7,4cb60f5157e3ddf7694f7a7267851e2b80876ccfa73911dc86be9e53d0fa19e2
FING-4311,1363,2013,1,Chemistry,4,2,0,6,2014,1,A,2,4.0,2361504a18188db06e31327ec4115c67c738621a57cb3b1f070d301010d528ff
FING-4309,1363,2013,1,Chemistry,4,2,0,6,2014,1,A,2,4.2,2361504a18188db06e31327ec4115c67c738621a57cb3b1f070d301010d528ff
FING-212,1363,2014,1,IPD Workshop,2,0,2,4,2014,1,A,2,5.9,8f11ae1419294423c03dc904f0554158932a626f4c6c88b3a25a5748841acce4
FING-1531,1363,2014,1,IPD Workshop,2,0,2,4,2014,1,A,1,6.1,8f11ae1419294423c03dc904f0554158932a626f4c6c88b3a25a5748841acce4
FING-191,1363,2014,1,IPD Workshop,2,0,2,4,2014,1,A,2,6.0,8f11ae1419294423c03dc904f0554158932a626f4c6c88b3a25a5748841acce4
FING-1528,1363,2014,1,IPD Workshop,2,0,2,4,2014,1,A,2,5.8,8f11ae1419294423c03dc904f0554158932a626f4c6c88b3a25a5748841acce4
FING-186,1363,2014,1,IPD Workshop,2,0,2,4,2014,1,A,2,6.4,068f77b1c8ac5d55e1fcbbdfa1132f1dd40945a441ce3bea3055f8e252e71966
FING-227,1363,2014,1,IPD Workshop,2,0,2,4,2014,1,A,2,6.6,068f77b1c8ac5d55e1fcbbdfa1132f1dd40945a441ce3bea3055f8e252e71966
FING-155,1363,2014,1,IPD Workshop,2,0,2,4,2014,1,A,2,6.3,068f77b1c8ac5d55e1fcbbdfa1132f1dd40945a441ce3bea3055f8e252e71966
FING-165,1363,2014,1,IPD Workshop,2,0,2,4,2014,1,A,2,6.7,068f77b1c8ac5d55e1fcbbdfa1132f1dd40945a441ce3bea3055f8e252e71966
FING-180,1363,2014,1,IPD Workshop,2,0,2,4,2014,1,A,2,6.3,068f77b1c8ac5d55e1fcbbdfa1132f1dd40945a441ce3bea3055f8e252e71966
FING-184,1363,2014,1,IPD Workshop,2,0,2,4,2014,1,A,1,6.1,068f77b1c8ac5d55e1fcbbdfa1132f1dd40945a441ce3bea3055f8e252e71966
FING-199,1363,2014,1,IPD Workshop,2,0,2,4,2014,1,A,2,5.7,122693659ad4708792b1e06ebecf8b11cee84d2f15c02f0a27503e2687548c4f
FING-222,1363,2014,1,IPD Workshop,2,0,2,4,2014,1,A,2,6.6,122693659ad4708792b1e06ebecf8b11cee84d2f15c02f0a27503e2687548c4f
FING-1534,1363,2014,1,IPD Workshop,2,0,2,4,2014,1,A,2,5.9,122693659ad4708792b1e06ebecf8b11cee84d2f15c02f0a27503e2687548c4f
FING-153,1363,2014,1,IPD Workshop,2,0,2,4,2014,1,A,2,6.4,122693659ad4708792b1e06ebecf8b11cee84d2f15c02f0a27503e2687548c4f
FING-228,1363,2014,1,IPD Workshop,2,0,2,4,2014,1,A,2,6.1,30a0d708c503fc1c442967ef0f821d0e102ae7dbdd2b87d9c22e42167e805353
FING-158,1363,2014,1,IPD Workshop,2,0,2,4,2014,1,A,2,4.6,30a0d708c503fc1c442967ef0f821d0e102ae7dbdd2b87d9c22e42167e805353
FING-217,1363,2014,1,IPD Workshop,2,0,2,4,2014,1,A,2,6.7,30a0d708c503fc1c442967ef0f821d0e102ae7dbdd2b87d9c22e42167e805353
FING-157,1363,2014,1,IPD Workshop,2,0,2,4,2014,1,A,2,4.7,30a0d708c503fc1c442967ef0f821d0e102ae7dbdd2b87d9c22e42167e805353
FING-214,1363,2014,1,IPD Workshop,2,0,2,4,2014,1,A,2,4.9,30a0d708c503fc1c442967ef0f821d0e102ae7dbdd2b87d9c22e42167e805353
FING-192,1363,2014,1,IPD Workshop,2,0,2,4,2014,1,A,2,6.1,8f11ae1419294423c03dc904f0554158932a626f4c6c88b3a25a5748841acce4
FING-1472,1363,2014,1,IPD Workshop,2,0,2,4,2014,1,A,2,5.9,8f11ae1419294423c03dc904f0554158932a626f4c6c88b3a25a5748841acce4
FING-23970,1363,2013,1,Eff Comm,0,0,2,2,2014,2,A,2,5.9,4b436d8136b4b41c3d565996849b2678228f574a0a8f5b835aa033a8709a7c98
FING-12988,1363,2013,1,Eff Comm,0,0,2,2,2014,2,A,1,6.4,4b436d8136b4b41c3d565996849b2678228f574a0a8f5b835aa033a8709a7c98
FING-4307,1363,2013,1,Eff Comm,0,0,2,2,2014,2,A,2,6.4,4b436d8136b4b41c3d565996849b2678228f574a0a8f5b835aa033a8709a7c98
FING-228,1363,2014,1,Eff Comm,0,0,2,2,2014,2,A,2,6.9,aa7354223813d384e87b84c5b11774129713d2a0ece97d1dc147693ef729c1cd
FING-191,1363,2014,1,Eff Comm,0,0,2,2,2014,2,A,2,6.5,7e0df982e8932136a5e564b48d69a8cfe3278bbbb69a41d651ace840b6d3b6f3
FING-4309,1363,2013,1,Eff Comm,0,0,2,2,2014,2,A,2,6.6,7e0df982e8932136a5e564b48d69a8cfe3278bbbb69a41d651ace840b6d3b6f3
FING-155,1363,2014,1,Eff Comm,0,0,2,2,2014,2,A,2,6.6,7e0df982e8932136a5e564b48d69a8cfe3278bbbb69a41d651ace840b6d3b6f3
FING-1528,1363,2014,1,Eff Comm,0,0,2,2,2014,2,A,2,6.7,8e127ff84cc39ee342b550b69a95cc087c8a9000f7f0bd8706dc1fbb2fe1b575
FING-1221,1363,2014,1,Eff Comm,0,0,2,2,2014,2,A,2,6.6,8e127ff84cc39ee342b550b69a95cc087c8a9000f7f0bd8706dc1fbb2fe1b575
FING-185,1363,2014,1,Eff Comm,0,0,2,2,2014,2,A,2,6.3,8e127ff84cc39ee342b550b69a95cc087c8a9000f7f0bd8706dc1fbb2fe1b575
FING-4311,1363,2013,1,Eff Comm,0,0,2,2,2014,2,A,2,6.5,dd69e6cc31001640d8d230656d136cc245434a52f4ca8cff25aa0277b797dbc1
FING-13105,1363,2013,1,Eff Comm,0,0,2,2,2014,2,A,1,6.8,dd69e6cc31001640d8d230656d136cc245434a52f4ca8cff25aa0277b797dbc1
FING-13134,1363,2013,1,Eff Comm,0,0,2,2,2014,2,A,2,6.6,d0d354d6fc6b7a23278ade2a58239909ab4028aa908bbf7a83508806a0154523
FING-153,1363,2014,1,Eff Comm,0,0,2,2,2014,2,A,2,6.4,d0d354d6fc6b7a23278ade2a58239909ab4028aa908bbf7a83508806a0154523
FING-222,1363,2014,1,Eff Comm,0,0,2,2,2014,2,A,2,6.0,9f683ccfeb1f6bc526e6abbfa29de8b0471c9698dabe1946ea32baf7955f7103
FING-223,1363,2014,1,Eff Comm,0,0,2,2,2014,2,A,2,6.2,9f683ccfeb1f6bc526e6abbfa29de8b0471c9698dabe1946ea32baf7955f7103
FING-192,1363,2014,1,Eff Comm,0,0,2,2,2014,2,A,2,6.4,8e127ff84cc39ee342b550b69a95cc087c8a9000f7f0bd8706dc1fbb2fe1b575
FING-12860,1363,2012,1,Comp Org,4,1,1,6,2014,2,R,2,1.4,07f17e93f3cc92f289f5f91679b6e6da0d975c3b85cf1dfb8223836fad4ef618
FING-2898,1363,2015,1,Intro Eng,0,0,2,2,2015,2,A,2,5.8,8b7eb5c8931cf41fe21d405c6a69bfafd6307c6f617d2a5af34c471a984c159e
FING-2971,1363,2015,1,Intro Eng,0,0,2,2,2015,2,A,2,5.1,8b7eb5c8931cf41fe21d405c6a69bfafd6307c6f617d2a5af34c471a984c159e
FING-2920,1363,2015,1,Eff Comm,0,0,2,2,2015,2,A,2,6.3,4b436d8136b4b41c3d565996849b2678228f574a0a8f5b835aa033a8709a7c98
FING-4115,1363,2015,1,Eff Comm,0,0,2,2,2015,2,A,2,5.4,4b436d8136b4b41c3d565996849b2678228f574a0a8f5b835aa033a8709a7c98
FING-2973,1363,2015,1,Eff Comm,0,0,2,2,2015,2,A,2,6.3,4b436d8136b4b41c3d565996849b2678228f574a0a8f5b835aa033a8709a7c98
FING-219,1363,2014,1,Eff Comm,0,0,2,2,2015,2,A,2,6.5,90bf8197778b1053313e3ab693bb87856ab4f382774678945389244ea9e7ac49
FING-2908,1363,2015,1,Eff Comm,0,0,2,2,2015,2,A,1,6.5,90bf8197778b1053313e3ab693bb87856ab4f382774678945389244ea9e7ac49
FING-212,1363,2014,1,Eff Comm,0,0,2,2,2015,2,A,2,6.5,0cd6ab3dd84e730b0d837a91ac174fa82cb07a9d1b7dac69b8f0c8acad7834e0
FING-165,1363,2014,1,Eff Comm,0,0,2,2,2015,2,A,2,6.3,0cd6ab3dd84e730b0d837a91ac174fa82cb07a9d1b7dac69b8f0c8acad7834e0
FING-2910,1363,2015,1,Eff Comm,0,0,2,2,2015,2,A,1,6.4,4b436d8136b4b41c3d565996849b2678228f574a0a8f5b835aa033a8709a7c98
FING-2960,1363,2015,1,Eff Comm,0,0,2,2,2015,2,A,2,6.3,a26b0440a5739b47941e982841bdb467b438b0352039b53201de93be952dfd32
FING-2919,1363,2015,1,Eff Comm,0,0,2,2,2015,2,A,2,5.9,90bf8197778b1053313e3ab693bb87856ab4f382774678945389244ea9e7ac49
FING-2951,1363,2015,1,Eff Comm,0,0,2,2,2015,2,A,2,6.5,90bf8197778b1053313e3ab693bb87856ab4f382774678945389244ea9e7ac49
FING-228,1363,2015,1,Eff Comm,0,0,2,2,2015,2,A,2,6.2,90bf8197778b1053313e3ab693bb87856ab4f382774678945389244ea9e7ac49
FING-2935,1363,2015,1,Eff Comm,0,0,2,2,2015,2,A,1,6.6,90bf8197778b1053313e3ab693bb87856ab4f382774678945389244ea9e7ac49
FING-2915,1363,2015,1,Eff Comm,0,0,2,2,2015,2,A,2,6.4,90bf8197778b1053313e3ab693bb87856ab4f382774678945389244ea9e7ac49
FING-214,1363,2014,1,Eff Comm,0,0,2,2,2015,2,A,2,6.2,90bf8197778b1053313e3ab693bb87856ab4f382774678945389244ea9e7ac49
FING-4195,1363,2015,1,Eff Comm,0,0,2,2,2015,2,A,2,6.3,8a00e0aeabba265ff45905df791f2c57dadf70ef3c672f1c44ed72b56afb9d69
FING-3928,1363,2015,1,Eff Comm,0,0,2,2,2015,2,A,2,6.3,8a00e0aeabba265ff45905df791f2c57dadf70ef3c672f1c44ed72b56afb9d69
FING-4201,1363,2015,1,Eff Comm,0,0,2,2,2015,2,A,2,6.3,8a00e0aeabba265ff45905df791f2c57dadf70ef3c672f1c44ed72b56afb9d69
FING-17689,1363,2013,1,Elect & Mag,4,2,1,7,2015,2,R,2,1.1,dce08a58e1bb79b83c00a94ec1ba99a523a85f881896a03d434839663c78e242
FING-13105,1363,2013,1,Elect & Mag,4,2,1,7,2015,2,R,1,2.7,dce08a58e1bb79b83c00a94ec1ba99a523a85f881896a03d434839663c78e242
FING-1472,1363,2014,1,Eff Comm,0,0,2,2,2015,2,A,2,6.3,a26b0440a5739b47941e982841bdb467b438b0352039b53201de93be952dfd32
FING-13024,1363,2013,1,Diff Ec & Num Meth,4,2,0,6,2015,2,A,2,4.7,0c72a2ad7dd210d87d992a7bd4905912d4bd5f36d16b930d2302169cd2bac334
FING-165,1363,2014,1,Diff Ec & Num Meth,4,2,0,6,2015,2,R,2,2.0,0c72a2ad7dd210d87d992a7bd4905912d4bd5f36d16b930d2302169cd2bac334
FING-173,1363,2014,1,Diff Ec & Num Meth,4,2,0,6,2015,2,R,2,1.1,0c72a2ad7dd210d87d992a7bd4905912d4bd5f36d16b930d2302169cd2bac334
FING-219,1363,2014,1,Diff Ec & Num Meth,4,2,0,6,2015,2,R,2,3.8,0c72a2ad7dd210d87d992a7bd4905912d4bd5f36d16b930d2302169cd2bac334
FING-205,1363,2014,1,Diff Ec & Num Meth,4,2,0,6,2015,2,R,2,1.4,0c72a2ad7dd210d87d992a7bd4905912d4bd5f36d16b930d2302169cd2bac334
FING-223,1363,2014,1,Diff Ec & Num Meth,4,2,0,6,2015,2,R,2,3.7,0c72a2ad7dd210d87d992a7bd4905912d4bd5f36d16b930d2302169cd2bac334
FING-180,1363,2014,1,Diff Ec & Num Meth,4,2,0,6,2015,2,R,2,3.6,0c72a2ad7dd210d87d992a7bd4905912d4bd5f36d16b930d2302169cd2bac334
FING-153,1363,2014,1,Diff Ec & Num Meth,4,2,0,6,2015,2,R,2,1.6,0c72a2ad7dd210d87d992a7bd4905912d4bd5f36d16b930d2302169cd2bac334
FING-23970,1363,2013,1,Cal 3,4,2,0,6,2015,2,R,2,2.0,5edc2f51e0bbed3ddd612a9f8ba01fa514db75f50615cf064f1aaf2fa14f00a1
FING-186,1363,2014,1,Cal 3,4,2,0,6,2015,2,R,2,3.2,5edc2f51e0bbed3ddd612a9f8ba01fa514db75f50615cf064f1aaf2fa14f00a1
FING-1782,1363,2015,1,Cal 3,4,2,0,6,2015,2,R,2,2.5,5edc2f51e0bbed3ddd612a9f8ba01fa514db75f50615cf064f1aaf2fa14f00a1
FING-2973,1363,2015,1,Chemistry,4,2,0,6,2016,1,A,2,5.4,39baceb72fec0a6d32ffe2e718de719b4077f6b669c32b647aa28921f11a7124
FING-180,1363,2014,1,Stat Analys,4,2,0,6,2016,1,A,2,5.9,4c3af6a6fafc2a4fd8b54a0620614abd40e25d5b9bce3055d3a942e8d1a78208
FING-214,1363,2014,1,Stat Analys,4,2,0,6,2016,1,A,2,4.6,4c3af6a6fafc2a4fd8b54a0620614abd40e25d5b9bce3055d3a942e8d1a78208
FING-13134,1363,2013,1,Diff Ec & Num Meth,4,2,0,6,2016,1,A,2,4.7,bf94262a3cdb991e7eabe861f41bd9d8a5db6b3a312f5307ae389d047b610ea3
FING-227,1363,2014,1,Diff Ec & Num Meth,4,2,0,6,2016,1,A,2,4.6,94434f361cfd8e20fdddb4ecf46307ee2176795b035583a9581a1fbd50b982d3
FING-222,1363,2014,1,Diff Ec & Num Meth,4,2,0,6,2016,1,A,2,4.7,94434f361cfd8e20fdddb4ecf46307ee2176795b035583a9581a1fbd50b982d3
FING-1534,1363,2014,1,Elect & Mag,4,2,1,7,2016,1,A,2,4.0,0c99d6fb093475c4544993d815b67dd3729d8d58dcdac886dc422de00102b7e3
FING-165,1363,2014,1,Elect & Mag,4,2,1,7,2016,1,A,2,4.3,9f71e49893ce5f047a788d02c660ddc1cd2da5adeec02ee735c054072dec4256
FING-157,1363,2014,1,Elect & Mag,4,2,1,7,2016,1,R,2,3.1,9f71e49893ce5f047a788d02c660ddc1cd2da5adeec02ee735c054072dec4256
FING-192,1363,2014,1,Cal 2,6,2,0,8,2016,1,A,2,4.1,e14e1bb5bca37718cc29ddf91a83cc61410005a7bbac9377611550424d7018df
FING-2919,1363,2015,1,Cal 2,6,2,0,8,2016,1,A,2,4.0,e14e1bb5bca37718cc29ddf91a83cc61410005a7bbac9377611550424d7018df
FING-191,1363,2014,1,Cal 2,6,2,0,8,2016,1,A,2,4.1,33e204aea668f394b1ec19305f5f71d78734fae850319a330b803ec15a5920f1
FING-2960,1363,2015,1,Cal 2,6,2,0,8,2016,1,A,2,4.0,33e204aea668f394b1ec19305f5f71d78734fae850319a330b803ec15a5920f1
FING-2909,1363,2015,1,Cal 2,6,2,0,8,2016,1,A,2,5.0,33e204aea668f394b1ec19305f5f71d78734fae850319a330b803ec15a5920f1
FING-4190,1363,2015,1,Cal 2,6,2,0,8,2016,1,A,2,4.0,ac4571df0d355fd037350ea5595a8e8eb0687ac5f0a7a4a1b0f7fe35934ff117
FING-6355,1363,2016,1,Alg 1,6,2,0,8,2016,1,R,2,3.4,67f886cf87dabbb1d77da950d6f984ffa9a3f6185831b70d8f95fedde9f59e46
FING-5369,1363,2016,1,Alg 1,6,2,0,8,2016,1,A,2,5.0,67f886cf87dabbb1d77da950d6f984ffa9a3f6185831b70d8f95fedde9f59e46
FING-2955,1363,2015,1,Fund Progr,4,0,2,6,2016,1,A,2,5.5,a5ee47612daf0cce7c392ed587f782266ea390eae289b87610118b7ab3479b67
FING-2910,1363,2015,1,Fund Progr,4,0,2,6,2016,1,A,1,4.8,a5ee47612daf0cce7c392ed587f782266ea390eae289b87610118b7ab3479b67
FING-5381,1363,2016,1,Cal 1,6,2,0,8,2016,1,A,2,4.0,ecd60fd1346f0838445968535fabe5f649e470341bb1345158468e3ec6b98ccc
FING-2908,1363,2015,1,Cal 1,6,2,0,8,2016,1,A,1,4.8,928bb54213a20f09fee5f102e05b9920ccba9d5ed93b59e9c92d3e0c98234988
FING-2935,1363,2015,1,Cal 1,6,2,0,8,2016,1,A,1,4.3,679de43c5ee1f85bb033a4e4ba64ad988864023094396a16c3b1dd2a2a8d2dcb
FING-5374,1363,2016,1,Cal 1,6,2,0,8,2016,1,R,2,3.6,679de43c5ee1f85bb033a4e4ba64ad988864023094396a16c3b1dd2a2a8d2dcb
FING-5381,1363,2016,1,Fund Progr,4,0,2,6,2017,1,A,2,5.4,c1e4635e6d285e41246f10c26345ab46753a2410b81286e3de6f4577af5f89c3
FING-5349,1363,2016,1,Fund Progr,4,0,2,6,2017,1,A,2,5.2,c1e4635e6d285e41246f10c26345ab46753a2410b81286e3de6f4577af5f89c3
FING-6350,1363,2016,1,Fund Progr,4,0,2,6,2017,1,A,2,4.7,642a22eb984b5632934968b0535f493930d7b68aad8b0105ce42f03ad83022a4
FING-5387,1363,2016,1,Fund Progr,4,0,2,6,2017,1,R,2,2.9,642a22eb984b5632934968b0535f493930d7b68aad8b0105ce42f03ad83022a4
FING-12988,1363,2013,1,Anthropology and Engineering,4,0,0,4,2017,1,A,1,5.1,28705518ad54de7ff7a728187f822af28090208020a6a3846171a17906851fe5
FING-13024,1363,2013,1,Anthropology and Engineering,4,0,0,4,2017,1,A,2,5.5,28705518ad54de7ff7a728187f822af28090208020a6a3846171a17906851fe5
FING-184,1363,2014,1,Anthropology and Engineering,4,0,0,4,2017,1,A,1,5.9,28705518ad54de7ff7a728187f822af28090208020a6a3846171a17906851fe5
FING-1528,1363,2014,1,Elect & Mag,4,2,1,7,2017,1,A,2,4.4,19beb6b43c539c48b2b2ee1d38b0ee40dacf4899e54107b0b80dce3ebe323564
FING-6281,1363,2016,1,Elect & Mag,4,2,1,7,2017,1,A,2,4.9,19beb6b43c539c48b2b2ee1d38b0ee40dacf4899e54107b0b80dce3ebe323564
FING-2919,1363,2015,1,Elect & Mag,4,2,1,7,2017,1,A,2,5.4,dce08a58e1bb79b83c00a94ec1ba99a523a85f881896a03d434839663c78e242
FING-205,1363,2014,1,Elect & Mag,4,2,1,7,2017,1,R,2,3.5,daca60c922e8128f50eef290febdf6fdcebcf39ffafabc25d541533f19b8b53a
FING-2915,1363,2015,1,Elect & Mag,4,2,1,7,2017,1,A,2,4.3,daca60c922e8128f50eef290febdf6fdcebcf39ffafabc25d541533f19b8b53a
FING-2951,1363,2015,1,Elect & Mag,4,2,1,7,2017,1,R,2,1.6,d3f7969d2544e512d0d4936f92d78837a96e926233c1693991906544bd069ec2
FING-2971,1363,2015,1,Elect & Mag,4,2,1,7,2017,1,R,2,2.6,d3f7969d2544e512d0d4936f92d78837a96e926233c1693991906544bd069ec2
FING-2960,1363,2015,1,Elect & Mag,4,2,1,7,2017,1,R,2,2.2,d3f7969d2544e512d0d4936f92d78837a96e926233c1693991906544bd069ec2
FING-2905,1363,2015,1,Elect & Mag,4,2,1,7,2017,1,R,1,3.0,d3f7969d2544e512d0d4936f92d78837a96e926233c1693991906544bd069ec2
FING-3928,1363,2015,1,Elect & Mag,4,2,1,7,2017,1,A,2,4.6,d3f7969d2544e512d0d4936f92d78837a96e926233c1693991906544bd069ec2
FING-2920,1363,2015,1,Elect & Mag,4,2,1,7,2017,1,A,2,4.7,79d395e0a7136a7ec5f51c99dd1beb47b7bfa789076911352e5afe18d479a08a
FING-6491,1363,2017,1,Elect & Mag,4,2,1,7,2017,1,A,2,4.7,79d395e0a7136a7ec5f51c99dd1beb47b7bfa789076911352e5afe18d479a08a
FING-5382,1363,2016,1,Elect & Mag,4,2,1,7,2017,1,A,2,4.7,4488d3d90e714a61d0e16e78a8197e307be9fdd281882df9f5cc59e694ff7740
FING-2951,1363,2015,1,Progr Methd,4,2,2,8,2017,1,A,2,4.4,f9ba9cc4cd9e47f5c65a8fbb26c6b6d5ef269d286aa2171d378d7651ce5e7779
FING-6164,1363,2016,1,Progr Methd,4,2,2,8,2017,1,R,2,1.6,f9ba9cc4cd9e47f5c65a8fbb26c6b6d5ef269d286aa2171d378d7651ce5e7779
FING-2989,1363,2016,1,Progr Methd,4,2,2,8,2017,1,A,2,4.7,f9ba9cc4cd9e47f5c65a8fbb26c6b6d5ef269d286aa2171d378d7651ce5e7779
FING-2905,1363,2015,1,Progr Methd,4,2,2,8,2017,1,A,1,4.4,f9ba9cc4cd9e47f5c65a8fbb26c6b6d5ef269d286aa2171d378d7651ce5e7779
FING-5402,1363,2016,1,Progr Methd,4,2,2,8,2017,1,R,1,2.7,f9ba9cc4cd9e47f5c65a8fbb26c6b6d5ef269d286aa2171d378d7651ce5e7779
FING-2909,1363,2015,1,Progr Methd,4,2,2,8,2017,1,R,2,1.2,f9ba9cc4cd9e47f5c65a8fbb26c6b6d5ef269d286aa2171d378d7651ce5e7779
FING-2918,1363,2015,1,Syst Eng,4,2,0,6,2017,1,A,2,5.1,60ce27515b352c8179aff14e8d8faff2523573adadb0770699724d2100baeead
FING-228,1363,2015,1,Diff Ec & Num Meth,4,2,0,6,2018,1,R,2,2.5,dec2ceb61415646c97fbc57093a23a996c1245b011ea790134e7bf7b9fc8224a
FING-5360,1363,2016,1,Diff Ec & Num Meth,4,2,0,6,2018,1,R,2,1.5,dec2ceb61415646c97fbc57093a23a996c1245b011ea790134e7bf7b9fc8224a
FING-6359,1363,2016,1,Diff Ec & Num Meth,4,2,0,6,2018,1,R,2,1.7,dec2ceb61415646c97fbc57093a23a996c1245b011ea790134e7bf7b9fc8224a
FING-6364,1363,2016,1,Diff Ec & Num Meth,4,2,0,6,2018,1,A,2,4.3,dec2ceb61415646c97fbc57093a23a996c1245b011ea790134e7bf7b9fc8224a
FING-5353,1363,2016,1,Diff Ec & Num Meth,4,2,0,6,2018,1,R,2,1.9,dec2ceb61415646c97fbc57093a23a996c1245b011ea790134e7bf7b9fc8224a
FING-9150,1363,2018,1,Intro Eng,0,0,2,2,2018,1,A,1,6.6,eba7c9e5c081f1a45fc55092f7e4f93df24e010ec9313dffb94886301e310e0f
FING-9172,1363,2018,1,Intro Eng,0,0,2,2,2018,1,A,2,6.5,eba7c9e5c081f1a45fc55092f7e4f93df24e010ec9313dffb94886301e310e0f
FING-9208,1363,2018,1,Intro Eng,0,0,2,2,2018,1,A,2,6.1,eba7c9e5c081f1a45fc55092f7e4f93df24e010ec9313dffb94886301e310e0f
FING-9160,1363,2018,1,Cal 1,6,2,0,8,2018,1,R,2,3.2,405f2e1611fa5501525f11cdb8cee2130e257c03210ef29691a577c96516d449
FING-28159,1363,2018,1,Cal 1,6,2,0,8,2018,1,A,2,5.0,405f2e1611fa5501525f11cdb8cee2130e257c03210ef29691a577c96516d449
FING-9150,1363,2018,1,Cal 1,6,2,0,8,2018,1,A,1,4.9,679de43c5ee1f85bb033a4e4ba64ad988864023094396a16c3b1dd2a2a8d2dcb
FING-7306,1363,2017,1,Cal 1,6,2,0,8,2018,1,A,1,4.9,679de43c5ee1f85bb033a4e4ba64ad988864023094396a16c3b1dd2a2a8d2dcb
FING-9172,1363,2018,1,Cal 1,6,2,0,8,2018,1,R,2,2.8,679de43c5ee1f85bb033a4e4ba64ad988864023094396a16c3b1dd2a2a8d2dcb
FING-9208,1363,2018,1,Cal 1,6,2,0,8,2018,1,R,2,2.7,679de43c5ee1f85bb033a4e4ba64ad988864023094396a16c3b1dd2a2a8d2dcb
FING-15306,1363,2018,1,Cal 1,6,2,0,8,2018,1,A,2,4.5,acd91d8669b613d14e5ab9aca106b2efc39478f4ace3275b267e975e49b781b6
FING-28124,1363,2018,1,Cal 1,6,2,0,8,2018,1,R,2,3.7,d5f0c5974075d6921ee86c4785d64f875008fae4a5f9ab50325310c0de3a911b
FING-7300,1363,2017,1,Cal 2,6,2,0,8,2018,1,A,2,4.3,8a5a1b2546b474bcad309c4ebcac6bed0bc1693473ad875d87a2bf81f9d006a7
FING-7316,1363,2017,1,Cal 2,6,2,0,8,2018,1,R,2,3.0,1c702013c61a4e9c3d55a6cab9307e9dd956c95b7bc9c9eaecbcaad761f589f1
FING-7312,1363,2017,1,Cal 2,6,2,0,8,2018,1,A,2,4.0,1c702013c61a4e9c3d55a6cab9307e9dd956c95b7bc9c9eaecbcaad761f589f1
FING-7341,1363,2017,1,Cal 2,6,2,0,8,2018,1,R,1,2.1,1c702013c61a4e9c3d55a6cab9307e9dd956c95b7bc9c9eaecbcaad761f589f1
FING-29416,1363,2017,1,Cal 2,6,2,0,8,2018,1,R,2,3.0,1c702013c61a4e9c3d55a6cab9307e9dd956c95b7bc9c9eaecbcaad761f589f1
FING-7352,1363,2017,1,Alg 2,4,2,0,6,2018,1,A,2,4.6,8b42f45aab7337fe4a974e5be08b452554fd5bcaf1bd1563470918402e15a2ec
FING-7312,1363,2017,1,Alg 2,4,2,0,6,2018,1,A,2,5.0,cd4258abd494e338dd13dad75ea3f1f1ced923cec073b330363a2340dbb751bf
FING-8361,1363,2017,1,Alg 2,4,2,0,6,2018,1,A,2,4.1,cd4258abd494e338dd13dad75ea3f1f1ced923cec073b330363a2340dbb751bf
FING-7300,1363,2017,1,Alg 2,4,2,0,6,2018,1,A,2,5.7,cd4258abd494e338dd13dad75ea3f1f1ced923cec073b330363a2340dbb751bf
FING-8359,1363,2017,1,Alg 2,4,2,0,6,2018,1,A,2,5.3,cd4258abd494e338dd13dad75ea3f1f1ced923cec073b330363a2340dbb751bf
FING-29416,1363,2017,1,Alg 2,4,2,0,6,2018,1,A,2,4.5,cd4258abd494e338dd13dad75ea3f1f1ced923cec073b330363a2340dbb751bf
FING-3928,1363,2015,1,Diff Ec & Num Meth,4,2,0,6,2018,1,A,2,4.2,984fd6e8e8cd71628ae210f6a1f1557e0da0a64e905394cc57386d1524bbc85a
FING-28068,1363,2018,1,IPD Workshop,2,0,2,4,2018,1,A,1,6.6,f5793ef126a2c5c42d114ce162802b457266738abd6306169f65ba85f5edf025
FING-9160,1363,2018,1,IPD Workshop,2,0,2,4,2018,1,A,2,5.7,f5793ef126a2c5c42d114ce162802b457266738abd6306169f65ba85f5edf025
FING-28159,1363,2018,1,IPD Workshop,2,0,2,4,2018,1,A,2,6.6,f5793ef126a2c5c42d114ce162802b457266738abd6306169f65ba85f5edf025
FING-9150,1363,2018,1,IPD Workshop,2,0,2,4,2018,1,A,1,6.7,8f11ae1419294423c03dc904f0554158932a626f4c6c88b3a25a5748841acce4
FING-9172,1363,2018,1,IPD Workshop,2,0,2,4,2018,1,A,2,4.2,8f11ae1419294423c03dc904f0554158932a626f4c6c88b3a25a5748841acce4
FING-9208,1363,2018,1,IPD Workshop,2,0,2,4,2018,1,A,2,6.4,8f11ae1419294423c03dc904f0554158932a626f4c6c88b3a25a5748841acce4
FING-9202,1363,2018,1,IPD Workshop,2,0,2,4,2018,1,A,1,6.4,710155895a7e3cc3b1b37db34ca85d029d6fc571c6f38085da5a26c8f182d29a
FING-10176,1363,2018,1,IPD Workshop,2,0,2,4,2018,1,A,2,5.1,710155895a7e3cc3b1b37db34ca85d029d6fc571c6f38085da5a26c8f182d29a
FING-9171,1363,2018,1,IPD Workshop,2,0,2,4,2018,1,A,2,6.5,710155895a7e3cc3b1b37db34ca85d029d6fc571c6f38085da5a26c8f182d29a
FING-2989,1363,2016,1,Algorithms,4,0,2,6,2018,1,A,2,4.8,642a22eb984b5632934968b0535f493930d7b68aad8b0105ce42f03ad83022a4
FING-535,1363,2017,2,Algorithms,4,0,2,6,2018,1,A,2,4.7,a0ea83483c2ba2e8fbdf3904b80fa7360ee3bde2807b0f8e29547394a37aa437
FING-5767,1363,2017,2,Algorithms,4,0,2,6,2018,1,A,2,5.3,a0ea83483c2ba2e8fbdf3904b80fa7360ee3bde2807b0f8e29547394a37aa437
FING-3928,1363,2015,1,SoftEng Fund,4,2,0,6,2018,1,A,2,4.8,50ef7af33e399196fd03422a15dab72129669feb547029ad89552c189a5accb5
FING-184,1363,2014,1,SoftEng Fund,4,2,0,6,2018,1,A,1,4.6,50ef7af33e399196fd03422a15dab72129669feb547029ad89552c189a5accb5
FING-6491,1363,2017,1,SoftEng Fund,4,2,0,6,2018,1,A,2,4.6,50ef7af33e399196fd03422a15dab72129669feb547029ad89552c189a5accb5
FING-1782,1363,2015,1,Finances,4,0,2,6,2018,1,A,2,5.8,a6ca0396309e6ba5c7796d53f77e7eef22ffc877352fa1ba10eb876b495ffa1a
FING-5376,1363,2016,1,Finances,4,0,2,6,2018,1,R,2,3.1,a6ca0396309e6ba5c7796d53f77e7eef22ffc877352fa1ba10eb876b495ffa1a
FING-1532,1363,2014,1,CS Engineering Project,0,0,8,8,2018,1,A,2,4.6,33dd9f3b84956c6e4576cf75cf3951ba13557122fe669448b32ffefc911211ea
FING-2919,1363,2015,1,Comp Struc,4,2,1,7,2018,1,A,2,5.2,93b27509910fd8f6cba12d81e82a313cbb395f4e059fc6b55c7ef7a4be7c997c
FING-2989,1363,2016,1,Comp Struc,4,2,1,7,2018,1,A,2,5.1,93b27509910fd8f6cba12d81e82a313cbb395f4e059fc6b55c7ef7a4be7c997c
FING-5402,1363,2016,1,Comp Struc,4,2,1,7,2018,1,A,1,4.0,93b27509910fd8f6cba12d81e82a313cbb395f4e059fc6b55c7ef7a4be7c997c
FING-5376,1363,2016,1,Comp Struc,4,2,1,7,2018,1,A,2,4.3,93b27509910fd8f6cba12d81e82a313cbb395f4e059fc6b55c7ef7a4be7c997c
FING-223,1363,2014,1,Syst Eng,4,2,0,6,2018,1,A,2,4.3,3b18591e1c3394aae96d32fb09f8c2c4ceecab4aab861b361fd16ff9b2dd12a7
FING-5767,1363,2017,2,Comp Org,4,1,1,6,2018,1,A,2,4.5,93b27509910fd8f6cba12d81e82a313cbb395f4e059fc6b55c7ef7a4be7c997c
FING-180,1363,2014,1,Comp Org,4,1,1,6,2018,1,A,2,4.4,93b27509910fd8f6cba12d81e82a313cbb395f4e059fc6b55c7ef7a4be7c997c
FING-2933,1363,2015,1,Numerical Algorithms,4,2,2,8,2018,1,A,2,5.0,de362fb95f53a0ada1ce7ad1fc8db444e40ea24d306028d5be3c5da21288f0d1
FING-5349,1363,2016,1,Chemistry,4,2,0,6,2018,1,A,2,4.3,b8ef9ba165d4c5a1328ebe88366ecfbd3cc62c2e3566c1717aac33b640a04548
FING-7300,1363,2017,1,Chemistry,4,2,0,6,2018,1,A,2,5.1,12088f67644d278b27bf0357691bcc823c23a59c355c86fa4f0aedd2bc737854
FING-15282,1363,2017,1,Chemistry,4,2,0,6,2018,1,A,1,4.3,12088f67644d278b27bf0357691bcc823c23a59c355c86fa4f0aedd2bc737854
FING-29416,1363,2017,1,Chemistry,4,2,0,6,2018,1,R,2,3.3,9717825323aa56fe456e6a3ebe5ffabf3fa5a426f3eb27dc3de25d775b004420
FING-7307,1363,2017,1,Chemistry,4,2,0,6,2018,1,A,1,4.2,9438af86b5ca99ab3b517de806b821c024b6284478dbc5d992363a1d554aeda7
FING-1221,1363,2017,1,Fund Econ,4,2,0,6,2018,1,R,2,2.5,0989238be5362cf4cae16b9ffb00d5d13d623aaa763b8c7ff935dd893b6db7a4
FING-6359,1363,2016,1,Fund Econ,4,2,0,6,2018,1,A,2,4.6,0989238be5362cf4cae16b9ffb00d5d13d623aaa763b8c7ff935dd893b6db7a4
FING-7354,1363,2017,1,Fund Econ,4,2,0,6,2018,1,A,2,4.5,0989238be5362cf4cae16b9ffb00d5d13d623aaa763b8c7ff935dd893b6db7a4
FING-15282,1363,2017,1,Fund Econ,4,2,0,6,2018,1,R,1,3.7,0989238be5362cf4cae16b9ffb00d5d13d623aaa763b8c7ff935dd893b6db7a4
FING-7760,1363,2018,1,Fund Econ,4,2,0,6,2018,1,A,2,5.6,a4981df8f1af2792fcff427cc3d027d02b66fbb86906b0686e05be3a8d1d7780
FING-6354,1363,2016,1,Fund Econ,4,2,0,6,2018,1,A,2,4.8,e0f19966a5fb28ea6c374ff717b67fb61e365c189e4603d0155e95a2f42121fb
FING-5353,1363,2016,1,Fund Econ,4,2,0,6,2018,1,A,2,4.0,e0f19966a5fb28ea6c374ff717b67fb61e365c189e4603d0155e95a2f42121fb
FING-5387,1363,2016,1,Fund Econ,4,2,0,6,2018,1,R,2,3.0,e0f19966a5fb28ea6c374ff717b67fb61e365c189e4603d0155e95a2f42121fb
FING-1221,1363,2017,1,Elect & Mag,4,2,1,7,2018,1,R,2,1.7,9744ebe904d1dae33b54c1c59f8db4d9dab8e4debd45879372d42e3cbe6cdee8
FING-5360,1363,2016,1,Elect & Mag,4,2,1,7,2018,1,R,2,2.1,dce08a58e1bb79b83c00a94ec1ba99a523a85f881896a03d434839663c78e242
FING-7760,1363,2018,1,Elect & Mag,4,2,1,7,2018,1,A,2,5.2,dce08a58e1bb79b83c00a94ec1ba99a523a85f881896a03d434839663c78e242
FING-28124,1363,2018,1,Phy 2,4,2,1,7,2019,1,R,2,1.0,eeeaba4bd1c73b95f87163185aa7fdbad03a013b6c9a264d09af4c21af6f4fa7
FING-9172,1363,2018,1,Phy 2,4,2,1,7,2019,1,R,2,3.1,eeeaba4bd1c73b95f87163185aa7fdbad03a013b6c9a264d09af4c21af6f4fa7
FING-9191,1363,2018,1,Phy 2,4,2,1,7,2019,1,A,2,4.6,eeeaba4bd1c73b95f87163185aa7fdbad03a013b6c9a264d09af4c21af6f4fa7
FING-29416,1363,2017,1,Phy 2,4,2,1,7,2019,1,A,2,4.4,eeeaba4bd1c73b95f87163185aa7fdbad03a013b6c9a264d09af4c21af6f4fa7
FING-7307,1363,2017,1,Phy 2,4,2,1,7,2019,1,A,1,4.9,7370e33b05b960aeff0a9e13490215466671eaac5bfc72855ef8bfbc930acbeb
FING-10176,1363,2018,1,Phy 2,4,2,1,7,2019,1,R,2,1.7,7370e33b05b960aeff0a9e13490215466671eaac5bfc72855ef8bfbc930acbeb
FING-9136,1363,2018,1,Phy 2,4,2,1,7,2019,1,A,2,4.5,7370e33b05b960aeff0a9e13490215466671eaac5bfc72855ef8bfbc930acbeb
FING-9171,1363,2018,1,Phy 2,4,2,1,7,2019,1,A,2,5.1,0f82fd90a5f6f543f3084de89066f3185cc122e68dbada93ac86654a4b650c65
FING-9208,1363,2018,1,Phy 2,4,2,1,7,2019,1,A,2,4.5,0f82fd90a5f6f543f3084de89066f3185cc122e68dbada93ac86654a4b650c65
FING-7354,1363,2017,1,Elect & Mag,4,2,1,7,2019,1,A,2,4.8,0d6f2359e12216f5ba70f54b9737cb1685f82e4c47189ed5ed915839c8a9c077
FING-7341,1363,2017,1,Elect & Mag,4,2,1,7,2019,1,R,1,1.2,fea5b7bcdc45132a0a47425e3bac23e1bb1e1e0539882cc40c3f0301915e529b
FING-9150,1363,2018,1,Elect & Mag,4,2,1,7,2019,1,A,1,5.5,329c14d7c337e8bbb227cb37141d2588cb09da15029606479429ebc6ff88960d
FING-7312,1363,2017,1,Elect & Mag,4,2,1,7,2019,1,R,2,1.6,fea5b7bcdc45132a0a47425e3bac23e1bb1e1e0539882cc40c3f0301915e529b
FING-7306,1363,2017,1,Elect & Mag,4,2,1,7,2019,1,R,1,2.3,fea5b7bcdc45132a0a47425e3bac23e1bb1e1e0539882cc40c3f0301915e529b
FING-9202,1363,2018,1,Elect & Mag,4,2,1,7,2019,1,A,1,5.8,79d395e0a7136a7ec5f51c99dd1beb47b7bfa789076911352e5afe18d479a08a
FING-15282,1363,2017,1,Elect & Mag,4,2,1,7,2019,1,A,1,5.0,79d395e0a7136a7ec5f51c99dd1beb47b7bfa789076911352e5afe18d479a08a
FING-9150,1363,2018,1,Eff Comm,0,0,2,2,2019,1,A,1,6.4,bfbda5483f828babc6d93458f1b5f6e2cc38ec73a17c3d3969440056395bd44a
FING-28124,1363,2018,1,Eff Comm,0,0,2,2,2019,1,A,2,6.1,4d36287815056e1be09b13677b66f83cb63a400ebfe07e8757fc9bfe505f1c6b
FING-28068,1363,2018,1,Eff Comm,0,0,2,2,2019,1,A,1,5.5,a128dddd69b168f7f3e3d04fab425f4da227c448b277af8d8e8c31cb8612f32b
FING-28159,1363,2018,1,Eff Comm,0,0,2,2,2019,1,A,2,5.6,a128dddd69b168f7f3e3d04fab425f4da227c448b277af8d8e8c31cb8612f32b
FING-9160,1363,2018,1,Eff Comm,0,0,2,2,2019,1,A,2,5.3,710155895a7e3cc3b1b37db34ca85d029d6fc571c6f38085da5a26c8f182d29a
FING-7316,1363,2017,1,Chemistry,4,2,0,6,2019,1,A,2,4.5,12088f67644d278b27bf0357691bcc823c23a59c355c86fa4f0aedd2bc737854
FING-15306,1363,2018,1,Chemistry,4,2,0,6,2019,1,A,2,4.5,12088f67644d278b27bf0357691bcc823c23a59c355c86fa4f0aedd2bc737854
FING-9136,1363,2018,1,Chemistry,4,2,0,6,2019,1,A,2,4.0,d405568f9c355825632cbdc841d5ad96c093dce6229bde2fe085efbbc38814f2
FING-9171,1363,2018,1,Chemistry,4,2,0,6,2019,1,R,2,3.7,121f405a5dc34a38249311f5ce7e0353dbb5c5c79d2716cef4d07718ada38cf1
FING-9191,1363,2018,1,Chemistry,4,2,0,6,2019,1,A,2,5.1,9438af86b5ca99ab3b517de806b821c024b6284478dbc5d992363a1d554aeda7
FING-11177,1363,2019,1,IPD Workshop,2,0,2,4,2019,1,A,1,6.0,f5793ef126a2c5c42d114ce162802b457266738abd6306169f65ba85f5edf025
FING-4473,1363,2019,1,IPD Workshop,2,0,2,4,2019,1,A,2,5.6,f5793ef126a2c5c42d114ce162802b457266738abd6306169f65ba85f5edf025
FING-11110,1363,2019,1,IPD Workshop,2,0,2,4,2019,1,A,2,5.9,f5793ef126a2c5c42d114ce162802b457266738abd6306169f65ba85f5edf025
FING-15261,1363,2019,1,IPD Workshop,2,0,2,4,2019,1,A,2,5.5,f5793ef126a2c5c42d114ce162802b457266738abd6306169f65ba85f5edf025
FING-11168,1363,2019,1,IPD Workshop,2,0,2,4,2019,1,A,2,5.8,f5793ef126a2c5c42d114ce162802b457266738abd6306169f65ba85f5edf025
FING-11170,1363,2019,1,IPD Workshop,2,0,2,4,2019,1,A,2,5.4,8f11ae1419294423c03dc904f0554158932a626f4c6c88b3a25a5748841acce4
FING-28148,1363,2019,1,IPD Workshop,2,0,2,4,2019,1,A,2,4.1,8f11ae1419294423c03dc904f0554158932a626f4c6c88b3a25a5748841acce4
FING-11165,1363,2019,1,IPD Workshop,2,0,2,4,2019,1,A,2,6.2,8f11ae1419294423c03dc904f0554158932a626f4c6c88b3a25a5748841acce4
FING-11116,1363,2019,1,IPD Workshop,2,0,2,4,2019,1,R,2,3.6,8f11ae1419294423c03dc904f0554158932a626f4c6c88b3a25a5748841acce4
FING-11139,1363,2019,1,IPD Workshop,2,0,2,4,2019,1,A,2,5.7,8f11ae1419294423c03dc904f0554158932a626f4c6c88b3a25a5748841acce4
FING-11115,1363,2019,1,IPD Workshop,2,0,2,4,2019,1,A,2,5.4,8f11ae1419294423c03dc904f0554158932a626f4c6c88b3a25a5748841acce4
FING-11151,1363,2019,1,IPD Workshop,2,0,2,4,2019,1,A,1,6.2,6ade79274a6d1be113d495b115d03c009cd6e249833a34ce53e0c8004238fb01
FING-11129,1363,2019,1,IPD Workshop,2,0,2,4,2019,1,A,2,6.4,6ade79274a6d1be113d495b115d03c009cd6e249833a34ce53e0c8004238fb01
FING-11089,1363,2019,1,IPD Workshop,2,0,2,4,2019,1,A,2,5.1,6ade79274a6d1be113d495b115d03c009cd6e249833a34ce53e0c8004238fb01
FING-11159,1363,2019,1,IPD Workshop,2,0,2,4,2019,1,A,2,6.0,6ade79274a6d1be113d495b115d03c009cd6e249833a34ce53e0c8004238fb01
FING-11178,1363,2019,1,IPD Workshop,2,0,2,4,2019,1,A,2,6.2,6ade79274a6d1be113d495b115d03c009cd6e249833a34ce53e0c8004238fb01
FING-11130,1363,2019,1,IPD Workshop,2,0,2,4,2019,1,A,2,6.6,6ade79274a6d1be113d495b115d03c009cd6e249833a34ce53e0c8004238fb01
FING-11154,1363,2019,1,IPD Workshop,2,0,2,4,2019,1,A,2,6.1,6ade79274a6d1be113d495b115d03c009cd6e249833a34ce53e0c8004238fb01
FING-11122,1363,2019,1,IPD Workshop,2,0,2,4,2019,1,A,1,6.3,f5793ef126a2c5c42d114ce162802b457266738abd6306169f65ba85f5edf025
FING-11083,1363,2019,1,IPD Workshop,2,0,2,4,2019,1,A,1,6.7,f5793ef126a2c5c42d114ce162802b457266738abd6306169f65ba85f5edf025
FING-11136,1363,2019,1,IPD Workshop,2,0,2,4,2019,1,A,2,6.2,f5793ef126a2c5c42d114ce162802b457266738abd6306169f65ba85f5edf025
FING-15339,1363,2019,1,IPD Workshop,2,0,2,4,2019,1,A,2,6.2,f5793ef126a2c5c42d114ce162802b457266738abd6306169f65ba85f5edf025
FING-15343,1363,2019,1,IPD Workshop,2,0,2,4,2019,1,A,2,6.2,4d36287815056e1be09b13677b66f83cb63a400ebfe07e8757fc9bfe505f1c6b
FING-11135,1363,2019,1,IPD Workshop,2,0,2,4,2019,1,A,2,5.7,4d36287815056e1be09b13677b66f83cb63a400ebfe07e8757fc9bfe505f1c6b
FING-15346,1363,2019,1,IPD Workshop,2,0,2,4,2019,1,A,2,6.5,4d36287815056e1be09b13677b66f83cb63a400ebfe07e8757fc9bfe505f1c6b
FING-11158,1363,2019,1,IPD Workshop,2,0,2,4,2019,1,A,2,6.5,4d36287815056e1be09b13677b66f83cb63a400ebfe07e8757fc9bfe505f1c6b
FING-11123,1363,2019,1,IPD Workshop,2,0,2,4,2019,1,A,2,6.4,4d36287815056e1be09b13677b66f83cb63a400ebfe07e8757fc9bfe505f1c6b
FING-11164,1363,2019,1,IPD Workshop,2,0,2,4,2019,1,A,2,6.4,4d36287815056e1be09b13677b66f83cb63a400ebfe07e8757fc9bfe505f1c6b
FING-11182,1363,2019,1,IPD Workshop,2,0,2,4,2019,1,A,2,6.4,4d36287815056e1be09b13677b66f83cb63a400ebfe07e8757fc9bfe505f1c6b
FING-11079,1363,2019,1,IPD Workshop,2,0,2,4,2019,1,A,2,6.3,6ade79274a6d1be113d495b115d03c009cd6e249833a34ce53e0c8004238fb01
FING-11071,1363,2019,1,IPD Workshop,2,0,2,4,2019,1,A,2,6.1,6ade79274a6d1be113d495b115d03c009cd6e249833a34ce53e0c8004238fb01
FING-11113,1363,2019,1,IPD Workshop,2,0,2,4,2019,1,A,2,6.4,6ade79274a6d1be113d495b115d03c009cd6e249833a34ce53e0c8004238fb01
FING-11104,1363,2019,1,IPD Workshop,2,0,2,4,2019,1,A,2,6.6,6ade79274a6d1be113d495b115d03c009cd6e249833a34ce53e0c8004238fb01
FING-28229,1363,2019,1,IPD Workshop,2,0,2,4,2019,1,A,2,6.5,6ade79274a6d1be113d495b115d03c009cd6e249833a34ce53e0c8004238fb01
FING-11142,1363,2019,1,IPD Workshop,2,0,2,4,2019,1,A,2,6.4,6ade79274a6d1be113d495b115d03c009cd6e249833a34ce53e0c8004238fb01
FING-11177,1363,2019,1,Intro Eng,0,0,2,2,2019,1,A,1,5.8,68e55ae6f7dfd204af8fca9c971b08f70c8ee6490d1b335ad3800634f7197fa8
FING-4473,1363,2019,1,Intro Eng,0,0,2,2,2019,1,A,2,5.9,68e55ae6f7dfd204af8fca9c971b08f70c8ee6490d1b335ad3800634f7197fa8
FING-11110,1363,2019,1,Intro Eng,0,0,2,2,2019,1,A,2,5.6,68e55ae6f7dfd204af8fca9c971b08f70c8ee6490d1b335ad3800634f7197fa8
FING-15261,1363,2019,1,Intro Eng,0,0,2,2,2019,1,A,2,5.7,68e55ae6f7dfd204af8fca9c971b08f70c8ee6490d1b335ad3800634f7197fa8
FING-11168,1363,2019,1,Intro Eng,0,0,2,2,2019,1,A,2,5.1,68e55ae6f7dfd204af8fca9c971b08f70c8ee6490d1b335ad3800634f7197fa8
FING-11170,1363,2019,1,Intro Eng,0,0,2,2,2019,1,A,2,6.6,eba7c9e5c081f1a45fc55092f7e4f93df24e010ec9313dffb94886301e310e0f
FING-28148,1363,2019,1,Intro Eng,0,0,2,2,2019,1,A,2,4.3,eba7c9e5c081f1a45fc55092f7e4f93df24e010ec9313dffb94886301e310e0f
FING-11165,1363,2019,1,Intro Eng,0,0,2,2,2019,1,A,2,6.6,eba7c9e5c081f1a45fc55092f7e4f93df24e010ec9313dffb94886301e310e0f
FING-11116,1363,2019,1,Intro Eng,0,0,2,2,2019,1,A,2,4.3,eba7c9e5c081f1a45fc55092f7e4f93df24e010ec9313dffb94886301e310e0f
FING-11139,1363,2019,1,Intro Eng,0,0,2,2,2019,1,A,2,5.4,eba7c9e5c081f1a45fc55092f7e4f93df24e010ec9313dffb94886301e310e0f
FING-11115,1363,2019,1,Intro Eng,0,0,2,2,2019,1,A,2,6.4,eba7c9e5c081f1a45fc55092f7e4f93df24e010ec9313dffb94886301e310e0f
FING-11151,1363,2019,1,Intro Eng,0,0,2,2,2019,1,A,1,5.0,4a798c3f9edf5d349f386f39185ba96fd0fac6aa83f1db2a1ced3d7d4d8738fb
FING-11129,1363,2019,1,Intro Eng,0,0,2,2,2019,1,A,2,6.5,4a798c3f9edf5d349f386f39185ba96fd0fac6aa83f1db2a1ced3d7d4d8738fb
FING-11089,1363,2019,1,Intro Eng,0,0,2,2,2019,1,A,2,6.4,4a798c3f9edf5d349f386f39185ba96fd0fac6aa83f1db2a1ced3d7d4d8738fb
FING-11159,1363,2019,1,Intro Eng,0,0,2,2,2019,1,A,2,5.2,4a798c3f9edf5d349f386f39185ba96fd0fac6aa83f1db2a1ced3d7d4d8738fb
FING-11178,1363,2019,1,Intro Eng,0,0,2,2,2019,1,A,2,6.1,4a798c3f9edf5d349f386f39185ba96fd0fac6aa83f1db2a1ced3d7d4d8738fb
FING-11130,1363,2019,1,Intro Eng,0,0,2,2,2019,1,A,2,5.5,4a798c3f9edf5d349f386f39185ba96fd0fac6aa83f1db2a1ced3d7d4d8738fb
FING-11154,1363,2019,1,Intro Eng,0,0,2,2,2019,1,A,2,5.6,4a798c3f9edf5d349f386f39185ba96fd0fac6aa83f1db2a1ced3d7d4d8738fb
FING-11122,1363,2019,1,Intro Eng,0,0,2,2,2019,1,A,1,5.1,4a798c3f9edf5d349f386f39185ba96fd0fac6aa83f1db2a1ced3d7d4d8738fb
FING-11083,1363,2019,1,Intro Eng,0,0,2,2,2019,1,A,1,6.1,4a798c3f9edf5d349f386f39185ba96fd0fac6aa83f1db2a1ced3d7d4d8738fb
FING-11136,1363,2019,1,Intro Eng,0,0,2,2,2019,1,A,2,6.5,4a798c3f9edf5d349f386f39185ba96fd0fac6aa83f1db2a1ced3d7d4d8738fb
FING-15339,1363,2019,1,Intro Eng,0,0,2,2,2019,1,A,2,6.4,4a798c3f9edf5d349f386f39185ba96fd0fac6aa83f1db2a1ced3d7d4d8738fb
FING-15343,1363,2019,1,Intro Eng,0,0,2,2,2019,1,A,2,6.7,eba7c9e5c081f1a45fc55092f7e4f93df24e010ec9313dffb94886301e310e0f
FING-11135,1363,2019,1,Intro Eng,0,0,2,2,2019,1,A,2,6.7,eba7c9e5c081f1a45fc55092f7e4f93df24e010ec9313dffb94886301e310e0f
FING-15346,1363,2019,1,Intro Eng,0,0,2,2,2019,1,A,2,6.8,eba7c9e5c081f1a45fc55092f7e4f93df24e010ec9313dffb94886301e310e0f
FING-11158,1363,2019,1,Intro Eng,0,0,2,2,2019,1,A,2,6.9,eba7c9e5c081f1a45fc55092f7e4f93df24e010ec9313dffb94886301e310e0f
FING-11123,1363,2019,1,Intro Eng,0,0,2,2,2019,1,A,2,5.7,eba7c9e5c081f1a45fc55092f7e4f93df24e010ec9313dffb94886301e310e0f
FING-11164,1363,2019,1,Intro Eng,0,0,2,2,2019,1,A,2,6.8,eba7c9e5c081f1a45fc55092f7e4f93df24e010ec9313dffb94886301e310e0f
FING-11182,1363,2019,1,Intro Eng,0,0,2,2,2019,1,A,2,6.7,eba7c9e5c081f1a45fc55092f7e4f93df24e010ec9313dffb94886301e310e0f
FING-11079,1363,2019,1,Intro Eng,0,0,2,2,2019,1,A,2,5.5,68e55ae6f7dfd204af8fca9c971b08f70c8ee6490d1b335ad3800634f7197fa8
FING-11071,1363,2019,1,Intro Eng,0,0,2,2,2019,1,A,2,5.5,68e55ae6f7dfd204af8fca9c971b08f70c8ee6490d1b335ad3800634f7197fa8
FING-11113,1363,2019,1,Intro Eng,0,0,2,2,2019,1,A,2,5.6,68e55ae6f7dfd204af8fca9c971b08f70c8ee6490d1b335ad3800634f7197fa8
FING-11104,1363,2019,1,Intro Eng,0,0,2,2,2019,1,A,2,5.3,68e55ae6f7dfd204af8fca9c971b08f70c8ee6490d1b335ad3800634f7197fa8
FING-28229,1363,2019,1,Intro Eng,0,0,2,2,2019,1,A,2,5.6,68e55ae6f7dfd204af8fca9c971b08f70c8ee6490d1b335ad3800634f7197fa8
FING-11142,1363,2019,1,Intro Eng,0,0,2,2,2019,1,A,2,5.3,68e55ae6f7dfd204af8fca9c971b08f70c8ee6490d1b335ad3800634f7197fa8
FING-11151,1363,2019,1,Phy 1,4,2,1,7,2020,1,A,1,6.2,3ef9a1e2c9334cafe0743a799f9d0a170f077674465b7cce949aafb7c2071127
FING-11083,1363,2019,1,Phy 1,4,2,1,7,2020,1,A,1,4.3,694eea5b51338a1d0c792be0bbcbb6a191a47504c1f79f650577e2d1d228429b
FING-11168,1363,2019,1,Phy 2,4,2,1,7,2020,1,A,2,5.0,d3f7969d2544e512d0d4936f92d78837a96e926233c1693991906544bd069ec2
FING-11182,1363,2019,1,Phy 2,4,2,1,7,2020,1,A,2,6.2,d3f7969d2544e512d0d4936f92d78837a96e926233c1693991906544bd069ec2
FING-11113,1363,2019,1,Phy 2,4,2,1,7,2020,1,A,2,5.3,d3f7969d2544e512d0d4936f92d78837a96e926233c1693991906544bd069ec2
FING-11159,1363,2019,1,Phy 2,4,2,1,7,2020,1,A,2,5.9,8a54d7415b0b6d572dd853cabe8e9e893f785023a29c07cb40923ef8b030d96b
FING-11154,1363,2019,1,Phy 2,4,2,1,7,2020,1,A,2,4.8,8a54d7415b0b6d572dd853cabe8e9e893f785023a29c07cb40923ef8b030d96b
FING-11177,1363,2019,1,Phy 2,4,2,1,7,2020,1,A,1,6.5,049062ddbd2d501613f0397c9080ed3c1b88d1154822e87058350c92dfb9c585
FING-28148,1363,2019,1,Phy 2,4,2,1,7,2020,1,A,2,5.3,049062ddbd2d501613f0397c9080ed3c1b88d1154822e87058350c92dfb9c585
FING-11165,1363,2019,1,Phy 2,4,2,1,7,2020,1,A,2,4.6,049062ddbd2d501613f0397c9080ed3c1b88d1154822e87058350c92dfb9c585
FING-11116,1363,2019,1,Phy 2,4,2,1,7,2020,1,A,2,5.9,049062ddbd2d501613f0397c9080ed3c1b88d1154822e87058350c92dfb9c585
FING-11139,1363,2019,1,Phy 2,4,2,1,7,2020,1,A,2,5.1,049062ddbd2d501613f0397c9080ed3c1b88d1154822e87058350c92dfb9c585
FING-11122,1363,2019,1,Phy 2,4,2,1,7,2020,1,A,1,6.2,049062ddbd2d501613f0397c9080ed3c1b88d1154822e87058350c92dfb9c585
FING-11135,1363,2019,1,Phy 2,4,2,1,7,2020,1,A,2,5.6,049062ddbd2d501613f0397c9080ed3c1b88d1154822e87058350c92dfb9c585
FING-11129,1363,2019,1,Phy 2,4,2,1,7,2020,1,A,2,5.4,f6a9adfbc3b98c2908bdd53b48de5c161e80b51fb449a4e25dea88bcad634efe
FING-15339,1363,2019,1,Phy 2,4,2,1,7,2020,1,A,2,4.6,f6a9adfbc3b98c2908bdd53b48de5c161e80b51fb449a4e25dea88bcad634efe
FING-11123,1363,2019,1,Phy 2,4,2,1,7,2020,1,A,2,5.1,f6a9adfbc3b98c2908bdd53b48de5c161e80b51fb449a4e25dea88bcad634efe
FING-11178,1363,2019,1,Elect & Mag,4,2,1,7,2020,1,A,2,5.1,8d708188d48a205fd0ee6094067176dc7d98cbf0882b42659479e4ee14e20270
FING-11104,1363,2019,1,Elect & Mag,4,2,1,7,2020,1,A,2,5.8,8d708188d48a205fd0ee6094067176dc7d98cbf0882b42659479e4ee14e20270
FING-15261,1363,2019,1,Elect & Mag,4,2,1,7,2020,1,A,2,6.0,cc963961bb473ee9b52fbc9afaa0a142ed8e95ac665f278fe01d860e76f2f632
FING-11164,1363,2019,1,Elect & Mag,4,2,1,7,2020,1,A,2,5.4,cc963961bb473ee9b52fbc9afaa0a142ed8e95ac665f278fe01d860e76f2f632
FING-11130,1363,2019,1,Elect & Mag,4,2,1,7,2020,1,A,2,5.9,b94daedab2212a82b2e037a693841bb8355920496031b307cc16e7f127705dcc
FING-11749,1363,2020,1,Elect & Mag,4,2,1,7,2020,1,A,2,6.4,b94daedab2212a82b2e037a693841bb8355920496031b307cc16e7f127705dcc
FING-11071,1363,2019,1,Elect & Mag,4,2,1,7,2020,1,A,2,5.3,b94daedab2212a82b2e037a693841bb8355920496031b307cc16e7f127705dcc
FING-9172,1363,2018,1,Elect & Mag,4,2,1,7,2020,1,A,2,5.4,1b425c3bcf034894ba7a659b550b13e24a79839f0a37478d2cb9c5c69dece3fd
FING-11142,1363,2019,1,Elect & Mag,4,2,1,7,2020,1,A,2,4.1,1b425c3bcf034894ba7a659b550b13e24a79839f0a37478d2cb9c5c69dece3fd
FING-7300,1363,2017,1,Elect & Mag,4,2,1,7,2020,1,A,2,6.2,9744ebe904d1dae33b54c1c59f8db4d9dab8e4debd45879372d42e3cbe6cdee8
FING-11110,1363,2019,1,Elect & Mag,4,2,1,7,2020,1,A,2,5.8,79d395e0a7136a7ec5f51c99dd1beb47b7bfa789076911352e5afe18d479a08a
FING-9208,1363,2018,1,Elect & Mag,4,2,1,7,2020,1,A,2,5.3,79d395e0a7136a7ec5f51c99dd1beb47b7bfa789076911352e5afe18d479a08a
FING-4473,1363,2019,1,Elect & Mag,4,2,1,7,2020,1,A,2,5.9,0c99d6fb093475c4544993d815b67dd3729d8d58dcdac886dc422de00102b7e3
FING-11170,1363,2019,1,Elect & Mag,4,2,1,7,2020,1,A,2,6.2,0c99d6fb093475c4544993d815b67dd3729d8d58dcdac886dc422de00102b7e3
FING-11158,1363,2019,1,Elect & Mag,4,2,1,7,2020,1,A,2,6.4,0c99d6fb093475c4544993d815b67dd3729d8d58dcdac886dc422de00102b7e3
FING-4371,1363,2018,1,Elect & Mag,4,2,1,7,2020,1,R,2,3.4,243cd58b88360ad768c68d8bdd22f9afc0a903b02e7f3f84d92fa9cd7472f974
FING-9160,1363,2018,1,Elect & Mag,4,2,1,7,2020,1,A,2,5.2,243cd58b88360ad768c68d8bdd22f9afc0a903b02e7f3f84d92fa9cd7472f974
FING-11177,1363,2019,1,Cal 1,6,2,0,8,2020,1,A,1,6.5,ada1a8652f898b79af7d71eeaf368558504e1187b472a12399598845c1955fe3
FING-11129,1363,2019,1,Cal 1,6,2,0,8,2020,1,A,2,5.5,ada1a8652f898b79af7d71eeaf368558504e1187b472a12399598845c1955fe3
FING-11159,1363,2019,1,Cal 1,6,2,0,8,2020,1,A,2,6.4,ada1a8652f898b79af7d71eeaf368558504e1187b472a12399598845c1955fe3
FING-11154,1363,2019,1,Cal 1,6,2,0,8,2020,1,A,2,4.9,ada1a8652f898b79af7d71eeaf368558504e1187b472a12399598845c1955fe3
FING-11151,1363,2019,1,Cal 1,6,2,0,8,2020,1,A,1,7.0,ada1a8652f898b79af7d71eeaf368558504e1187b472a12399598845c1955fe3
FING-11122,1363,2019,1,Cal 1,6,2,0,8,2020,1,A,1,6.1,ada1a8652f898b79af7d71eeaf368558504e1187b472a12399598845c1955fe3
FING-11083,1363,2019,1,Cal 1,6,2,0,8,2020,1,A,1,5.3,ada1a8652f898b79af7d71eeaf368558504e1187b472a12399598845c1955fe3
FING-15343,1363,2019,1,Cal 1,6,2,0,8,2020,1,A,2,5.1,ada1a8652f898b79af7d71eeaf368558504e1187b472a12399598845c1955fe3
FING-11115,1363,2019,1,Cal 1,6,2,0,8,2020,1,A,2,6.5,b8cfc512f99f1372efa88cf44d04e7d07ecec3d7b896c9db4cccbfc2accc3504
FING-15339,1363,2019,1,Cal 1,6,2,0,8,2020,1,A,2,5.8,b8cfc512f99f1372efa88cf44d04e7d07ecec3d7b896c9db4cccbfc2accc3504
FING-11139,1363,2019,1,Statistical Inference,4,2,0,6,2022,2,R,2,3.2,642a22eb984b5632934968b0535f493930d7b68aad8b0105ce42f03ad83022a4
FING-13492,1363,2020,2,Stat Analys,4,2,0,6,2022,2,A,2,4.4,80ba212777d65715fa75beef6c200e1ff774ccae49bced566a5496db704f4a11
FING-11116,1363,2019,1,Stat Analys,4,2,0,6,2022,2,R,2,1.6,59bf6a1d7c4d01ab2ca1a2d14928d408c80b4df5a45d0cda10f77ef3b1ef0f03
FING-11159,1363,2019,1,Stat Analys,4,2,0,6,2022,2,A,2,4.3,59bf6a1d7c4d01ab2ca1a2d14928d408c80b4df5a45d0cda10f77ef3b1ef0f03
FING-11135,1363,2019,1,Stat Analys,4,2,0,6,2022,2,R,2,2.2,59bf6a1d7c4d01ab2ca1a2d14928d408c80b4df5a45d0cda10f77ef3b1ef0f03
FING-11113,1363,2019,1,Fund Econ,4,2,0,6,2022,2,A,2,4.6,bba314c704e3dd81baa34ea26275169866b0b68bb21e2340fcc2a1345a42a0be
FING-11159,1363,2019,1,Diff Ec & Num Meth,4,2,0,6,2022,2,R,2,3.0,0273a82eb29bb351d1c24137c450c6dc8cbebb7e6fc0029846691d238e3392af
FING-11116,1363,2019,1,Elect & Mag,4,2,1,7,2022,2,R,2,1.3,8d708188d48a205fd0ee6094067176dc7d98cbf0882b42659479e4ee14e20270
FING-6354,1363,2016,1,Cal 3,4,2,0,6,2022,2,R,2,2.6,b8cfc512f99f1372efa88cf44d04e7d07ecec3d7b896c9db4cccbfc2accc3504
FING-13492,1363,2020,2,Cal 3,4,2,0,6,2022,2,R,2,1.6,b8cfc512f99f1372efa88cf44d04e7d07ecec3d7b896c9db4cccbfc2accc3504
FING-11136,1363,2019,1,Cal 3,4,2,0,6,2022,2,R,2,2.0,b8cfc512f99f1372efa88cf44d04e7d07ecec3d7b896c9db4cccbfc2accc3504
FING-1221,1363,2017,1,Cal 3,4,2,0,6,2022,2,R,2,1.0,a8763fea452d3dd043ed2919fe2e5b65e2256fe7c98189d2be28b303e17ede8b
FING-4371,1363,2018,1,Cal 3,4,2,0,6,2022,2,R,2,1.1,a8763fea452d3dd043ed2919fe2e5b65e2256fe7c98189d2be28b303e17ede8b
FING-11168,1363,2019,1,Cal 3,4,2,0,6,2022,2,R,2,2.8,a8763fea452d3dd043ed2919fe2e5b65e2256fe7c98189d2be28b303e17ede8b
FING-7306,1363,2017,1,Cal 3,4,2,0,6,2022,2,R,1,1.0,a8763fea452d3dd043ed2919fe2e5b65e2256fe7c98189d2be28b303e17ede8b
FING-11165,1363,2019,1,Cal 3,4,2,0,6,2022,2,R,2,2.9,a8763fea452d3dd043ed2919fe2e5b65e2256fe7c98189d2be28b303e17ede8b
FING-11083,1363,2019,1,Cal 3,4,2,0,6,2022,2,R,1,1.1,a8763fea452d3dd043ed2919fe2e5b65e2256fe7c98189d2be28b303e17ede8b
FING-11135,1363,2019,1,Cal 3,4,2,0,6,2022,2,R,2,1.0,a8763fea452d3dd043ed2919fe2e5b65e2256fe7c98189d2be28b303e17ede8b
FING-11113,1363,2019,1,Cal 3,4,2,0,6,2022,2,R,2,1.1,a8763fea452d3dd043ed2919fe2e5b65e2256fe7c98189d2be28b303e17ede8b
FING-11123,1363,2019,1,Eng 3,0,0,2,2,2022,2,R,2,1.0,6b0d36643f36739b8bffd8fea6267712e5df48397ce8115a879a70b9c8a4ea30
FING-11136,1363,2019,1,Eng 4,0,0,2,2,2022,2,A,2,7.0,a7885eb9e20cd9b03532ecbf8bc1409d4a4efd10989a9dd474b79734c3cf4218
FING-5767,1363,2017,2,Elective II,4,0,2,6,2022,2,A,2,4.9,28c6c5bbf5d7179bb107cafd4476735962f8f755b2efb9903fb0e52b497fa2b7
FING-11123,1363,2019,1,Syst Eng,4,2,0,6,2022,2,R,2,1.0,28c6c5bbf5d7179bb107cafd4476735962f8f755b2efb9903fb0e52b497fa2b7
FING-1221,1363,2017,1,DB Workshop,2,0,4,6,2022,2,A,2,4.5,a0c29c53665824328e2b1fcedb3794d168c1b5054af55db808c30ec9a453035b
FING-7306,1363,2017,1,DB Workshop,2,0,4,6,2022,2,A,1,4.3,a0c29c53665824328e2b1fcedb3794d168c1b5054af55db808c30ec9a453035b
FING-5767,1363,2017,2,Elective VI,4,0,2,6,2022,2,A,2,6.5,f072b1c51af296c36b788c59183f904422b84d9e501221ec592a879a02a946ed
FING-1221,1363,2017,1,Op Sys,4,2,2,8,2022,2,A,2,4.6,5ea3b82eb99612f6505e355dbb2b4ec6a630f5217f5b53df0a17295ebd2612b9
FING-7306,1363,2017,1,Op Sys,4,2,2,8,2022,2,R,1,2.9,5ea3b82eb99612f6505e355dbb2b4ec6a630f5217f5b53df0a17295ebd2612b9
FING-9191,1363,2018,1,Op Sys,4,2,2,8,2022,2,R,2,1.5,5ea3b82eb99612f6505e355dbb2b4ec6a630f5217f5b53df0a17295ebd2612b9
FING-11165,1363,2019,1,Op Sys,4,2,2,8,2022,2,A,2,4.4,5ea3b82eb99612f6505e355dbb2b4ec6a630f5217f5b53df0a17295ebd2612b9
FING-5767,1363,2017,2,CS Seminar,2,0,4,6,2022,2,A,2,5.6,2b1d8c7cd31102501d76a2c0bdf491788e9c2333c5417b842cba275d94e9a379
FING-1221,1363,2017,1,Anthropology and Engineering,4,0,0,4,2022,2,R,2,3.1,28705518ad54de7ff7a728187f822af28090208020a6a3846171a17906851fe5
FING-7306,1363,2017,1,Anthropology and Engineering,4,0,0,4,2022,2,R,1,3.1,28705518ad54de7ff7a728187f822af28090208020a6a3846171a17906851fe5
FING-11165,1363,2019,1,Anthropology and Engineering,4,0,0,4,2022,2,A,2,4.4,28705518ad54de7ff7a728187f822af28090208020a6a3846171a17906851fe5
FING-11083,1363,2019,1,Anthropology and Engineering,4,0,0,4,2022,2,R,1,3.9,28705518ad54de7ff7a728187f822af28090208020a6a3846171a17906851fe5
FING-11159,1363,2019,1,DB Design,4,1,1,6,2022,2,A,2,5.7,ecd18735a538098511f3a11986bf15f9c3ab0391eaeef858a447bc4daea5fec0
FING-11123,1363,2019,1,DB Design,4,1,1,6,2022,2,R,2,1.6,ecd18735a538098511f3a11986bf15f9c3ab0391eaeef858a447bc4daea5fec0
FING-9611,1363,2019,2,Modelling and Simulation,4,2,2,8,2022,2,A,2,5.2,8e3dcc8ea49f648fe1264e4c4267a2c8232c69e7ea3463b9f64ce3f9749a992e
FING-9191,1363,2018,1,Progr Parad,4,0,2,6,2022,2,A,2,4.5,52f9c2e45a50c1e6f63185f52d3d851ff89da18a6e73f618a203f8759b0c08b7
FING-11136,1363,2019,1,Progr Parad,4,0,2,6,2022,2,A,2,5.5,52f9c2e45a50c1e6f63185f52d3d851ff89da18a6e73f618a203f8759b0c08b7
FING-11116,1363,2019,1,Progr Parad,4,0,2,6,2022,2,R,2,2.7,c56774011ed92ae6a9ee1865d7ed6c2c2d98b82cc12b816c03bd77fcadd0817b
FING-13492,1363,2020,2,Progr Parad,4,0,2,6,2022,2,A,2,4.8,c56774011ed92ae6a9ee1865d7ed6c2c2d98b82cc12b816c03bd77fcadd0817b
FING-4371,1363,2018,1,Progr Parad,4,0,2,6,2022,2,A,2,4.6,b5288838101f043d5d921b3cb0ab9e48b7545e84feb6f9d18963b2df26786f77
FING-11083,1363,2019,1,Progr Parad,4,0,2,6,2022,2,A,1,4.7,b5288838101f043d5d921b3cb0ab9e48b7545e84feb6f9d18963b2df26786f77
FING-11135,1363,2019,1,Progr Parad,4,0,2,6,2022,2,R,2,1.0,b5288838101f043d5d921b3cb0ab9e48b7545e84feb6f9d18963b2df26786f77
FING-11749,1363,2020,1,Optimization,4,0,2,6,2022,2,A,2,6.6,01030513ef15a66d7ad87c5d9acf05496c247caebd0e0514526d4fc05b743a1d
FING-7760,1363,2018,1,Elective I,4,0,2,6,2022,2,A,2,6.1,ccd981858c1ea839b512426d8dfcd4f88feaec45b731cc0a2f924fd2e6e153d8
FING-5767,1363,2017,2,Elective IV,4,0,2,6,2022,2,A,2,5.5,ccd981858c1ea839b512426d8dfcd4f88feaec45b731cc0a2f924fd2e6e153d8
FING-11159,1363,2019,1,Eng 4,0,0,2,2,2022,2,A,2,5.0,f7a66880beb472fa057561c982952d4917caf3b973cdefbc6f08f0ee8f61ac65
FING-11168,1363,2019,1,Syst Eng,4,2,0,6,2022,2,R,2,3.1,c72589d68256189170bf7f9b01833c29e775b289fb07c42175439e0d5cdfcf53
FING-11136,1363,2019,1,Syst Eng,4,2,0,6,2022,2,A,2,6.4,c72589d68256189170bf7f9b01833c29e775b289fb07c42175439e0d5cdfcf53
FING-15350,1363,2020,2,Syst Eng,4,2,0,6,2022,2,A,2,5.6,c72589d68256189170bf7f9b01833c29e775b289fb07c42175439e0d5cdfcf53
FING-11113,1363,2019,1,Syst Eng,4,2,0,6,2022,2,A,2,4.1,c72589d68256189170bf7f9b01833c29e775b289fb07c42175439e0d5cdfcf53
FING-11123,1363,2019,1,Comp Struc,4,2,1,7,2022,2,R,2,1.0,7480a71043322ff306762e310c1bbc8f830541a79bae264296bd4c0b1997058e
FING-4473,1363,2019,1,Eng 4,0,0,2,2,2022,1,A,2,6.2,ae115bd88bdf9c51905ad88469da4a5fca6babda2955123f228ca87d64dc1082
FING-11177,1363,2019,1,Stat Analys,4,2,0,6,2022,1,R,1,1.1,2ecf34b9ea0b53c1c84418cf3e4f9a0d8a2946eb457604384dd9405954fc33ff
FING-11159,1363,2019,1,Stat Analys,4,2,0,6,2022,1,R,2,3.0,59bf6a1d7c4d01ab2ca1a2d14928d408c80b4df5a45d0cda10f77ef3b1ef0f03
FING-11135,1363,2019,1,Stat Analys,4,2,0,6,2022,1,R,2,1.4,59bf6a1d7c4d01ab2ca1a2d14928d408c80b4df5a45d0cda10f77ef3b1ef0f03
FING-11071,1363,2019,1,Stat Analys,4,2,0,6,2022,1,A,2,4.1,59bf6a1d7c4d01ab2ca1a2d14928d408c80b4df5a45d0cda10f77ef3b1ef0f03
FING-13492,1363,2020,2,Stat Analys,4,2,0,6,2022,1,R,2,2.4,146b7cc2f27312d49f7d63a6b7cb83378210b2b23c318323a884fbfb109feee1
FING-11113,1363,2019,1,Fund Econ,4,2,0,6,2022,1,R,2,3.4,0ef8ccd23d55f5b4adedd68e788987876592b20cda3a89c331847b75c8975109
FING-7341,1363,2017,1,Diff Ec & Num Meth,4,2,0,6,2022,1,R,1,1.0,a210f30ff7c2d98c257908cf296e42438eefb5cf9cc725c1b02d3bd756cfeb00
FING-11154,1363,2019,1,Diff Ec & Num Meth,4,2,0,6,2022,1,R,2,1.0,4d1735bd404f48d4855de32dbd8c65be393f2ce0ae0955c99ea591fbd6921f00
FING-11116,1363,2019,1,Elect & Mag,4,2,1,7,2022,1,R,2,1.8,243cd58b88360ad768c68d8bdd22f9afc0a903b02e7f3f84d92fa9cd7472f974
FING-11154,1363,2019,1,Elect & Mag,4,2,1,7,2022,1,R,2,1.2,243cd58b88360ad768c68d8bdd22f9afc0a903b02e7f3f84d92fa9cd7472f974
FING-11177,1363,2019,1,Cal 3,4,2,0,6,2022,1,R,1,1.0,b8cfc512f99f1372efa88cf44d04e7d07ecec3d7b896c9db4cccbfc2accc3504
FING-11089,1363,2019,1,Cal 3,4,2,0,6,2022,1,R,2,1.9,b8cfc512f99f1372efa88cf44d04e7d07ecec3d7b896c9db4cccbfc2accc3504
FING-11083,1363,2019,1,Cal 3,4,2,0,6,2022,1,R,1,1.4,b8cfc512f99f1372efa88cf44d04e7d07ecec3d7b896c9db4cccbfc2accc3504
FING-1221,1363,2017,1,Cal 3,4,2,0,6,2022,1,R,2,1.7,a8763fea452d3dd043ed2919fe2e5b65e2256fe7c98189d2be28b303e17ede8b
FING-6354,1363,2016,1,Cal 3,4,2,0,6,2022,1,R,2,2.4,a8763fea452d3dd043ed2919fe2e5b65e2256fe7c98189d2be28b303e17ede8b
FING-4473,1363,2019,1,Cal 3,4,2,0,6,2022,1,R,2,2.1,a8763fea452d3dd043ed2919fe2e5b65e2256fe7c98189d2be28b303e17ede8b
FING-4371,1363,2018,1,Cal 3,4,2,0,6,2022,1,R,2,1.3,a8763fea452d3dd043ed2919fe2e5b65e2256fe7c98189d2be28b303e17ede8b
FING-2915,1363,2015,1,Cal 3,4,2,0,6,2022,1,R,2,1.0,a8763fea452d3dd043ed2919fe2e5b65e2256fe7c98189d2be28b303e17ede8b
FING-11110,1363,2019,1,Cal 3,4,2,0,6,2022,1,R,2,2.6,a8763fea452d3dd043ed2919fe2e5b65e2256fe7c98189d2be28b303e17ede8b
FING-7316,1363,2017,1,Cal 3,4,2,0,6,2022,1,R,2,1.1,a8763fea452d3dd043ed2919fe2e5b65e2256fe7c98189d2be28b303e17ede8b
FING-11168,1363,2019,1,Cal 3,4,2,0,6,2022,1,R,2,1.6,a8763fea452d3dd043ed2919fe2e5b65e2256fe7c98189d2be28b303e17ede8b
FING-7306,1363,2017,1,Cal 3,4,2,0,6,2022,1,R,1,1.0,a8763fea452d3dd043ed2919fe2e5b65e2256fe7c98189d2be28b303e17ede8b
FING-9160,1363,2018,1,Cal 3,4,2,0,6,2022,1,R,2,2.1,a8763fea452d3dd043ed2919fe2e5b65e2256fe7c98189d2be28b303e17ede8b
FING-11165,1363,2019,1,Cal 3,4,2,0,6,2022,1,R,2,2.9,a8763fea452d3dd043ed2919fe2e5b65e2256fe7c98189d2be28b303e17ede8b
FING-9171,1363,2018,1,Cal 3,4,2,0,6,2022,1,R,2,1.3,a8763fea452d3dd043ed2919fe2e5b65e2256fe7c98189d2be28b303e17ede8b
FING-13492,1363,2020,2,Cal 3,4,2,0,6,2022,1,R,2,1.8,a8763fea452d3dd043ed2919fe2e5b65e2256fe7c98189d2be28b303e17ede8b
FING-11159,1363,2019,1,Cal 3,4,2,0,6,2022,1,R,2,1.5,a8763fea452d3dd043ed2919fe2e5b65e2256fe7c98189d2be28b303e17ede8b
FING-11130,1363,2019,1,Cal 3,4,2,0,6,2022,1,R,2,1.7,a8763fea452d3dd043ed2919fe2e5b65e2256fe7c98189d2be28b303e17ede8b
FING-11122,1363,2019,1,Cal 3,4,2,0,6,2022,1,R,1,1.0,a8763fea452d3dd043ed2919fe2e5b65e2256fe7c98189d2be28b303e17ede8b
FING-11136,1363,2019,1,Cal 3,4,2,0,6,2022,1,R,2,1.2,a8763fea452d3dd043ed2919fe2e5b65e2256fe7c98189d2be28b303e17ede8b
FING-11135,1363,2019,1,Cal 3,4,2,0,6,2022,1,R,2,1.1,a8763fea452d3dd043ed2919fe2e5b65e2256fe7c98189d2be28b303e17ede8b
FING-11182,1363,2019,1,Cal 3,4,2,0,6,2022,1,R,2,1.0,a8763fea452d3dd043ed2919fe2e5b65e2256fe7c98189d2be28b303e17ede8b
FING-11071,1363,2019,1,Cal 3,4,2,0,6,2022,1,R,2,2.1,a8763fea452d3dd043ed2919fe2e5b65e2256fe7c98189d2be28b303e17ede8b
FING-11113,1363,2019,1,Cal 3,4,2,0,6,2022,1,R,2,1.0,a8763fea452d3dd043ed2919fe2e5b65e2256fe7c98189d2be28b303e17ede8b
FING-11104,1363,2019,1,Cal 3,4,2,0,6,2022,1,R,2,1.0,a8763fea452d3dd043ed2919fe2e5b65e2256fe7c98189d2be28b303e17ede8b
FING-11136,1363,2019,1,Eng 3,0,0,2,2,2022,1,A,2,7.0,3c3271a032093fa3d04e8319d8913bfdc0f4bfaea37c4f05dc6f719348c4b4e1
FING-11159,1363,2019,1,Eng 3,0,0,2,2,2022,1,A,2,6.0,da13843c885b13df7d3b6dd5e834d0d1e7e4edb0b2f9e394017c27a653743c44
FING-11123,1363,2019,1,Eng 3,0,0,2,2,2022,1,R,2,1.0,7445abcb3d02291ae02a0412ab6cfb157b95d1cdc92b3049f39926cfd55ed69d
FING-9160,1363,2018,1,Eng 4,0,0,2,2,2022,1,A,2,5.6,3c3271a032093fa3d04e8319d8913bfdc0f4bfaea37c4f05dc6f719348c4b4e1
FING-11154,1363,2019,1,Eng 4,0,0,2,2,2022,1,A,2,4.8,a7885eb9e20cd9b03532ecbf8bc1409d4a4efd10989a9dd474b79734c3cf4218
FING-11113,1363,2019,1,Eng 4,0,0,2,2,2022,1,A,2,5.8,843c147ea5779968d27d66261c4beca2434cba1ebd2d945c616458c81537af49
FING-2915,1363,2015,1,Progr Parad,4,0,2,6,2022,1,R,2,1.8,52f9c2e45a50c1e6f63185f52d3d851ff89da18a6e73f618a203f8759b0c08b7
FING-9191,1363,2018,1,Progr Parad,4,0,2,6,2022,1,R,2,1.7,52f9c2e45a50c1e6f63185f52d3d851ff89da18a6e73f618a203f8759b0c08b7
FING-13492,1363,2020,2,Progr Parad,4,0,2,6,2022,1,R,2,2.7,52f9c2e45a50c1e6f63185f52d3d851ff89da18a6e73f618a203f8759b0c08b7
FING-11122,1363,2019,1,Progr Parad,4,0,2,6,2022,1,R,1,1.0,52f9c2e45a50c1e6f63185f52d3d851ff89da18a6e73f618a203f8759b0c08b7
FING-11136,1363,2019,1,Progr Parad,4,0,2,6,2022,1,R,2,1.0,52f9c2e45a50c1e6f63185f52d3d851ff89da18a6e73f618a203f8759b0c08b7
FING-11113,1363,2019,1,Progr Parad,4,0,2,6,2022,1,R,2,1.0,52f9c2e45a50c1e6f63185f52d3d851ff89da18a6e73f618a203f8759b0c08b7
FING-7307,1363,2017,1,Progr Parad,4,0,2,6,2022,1,R,1,1.3,c56774011ed92ae6a9ee1865d7ed6c2c2d98b82cc12b816c03bd77fcadd0817b
FING-7300,1363,2017,1,Progr Parad,4,0,2,6,2022,1,R,2,1.0,c56774011ed92ae6a9ee1865d7ed6c2c2d98b82cc12b816c03bd77fcadd0817b
FING-11116,1363,2019,1,Progr Parad,4,0,2,6,2022,1,R,2,3.8,c56774011ed92ae6a9ee1865d7ed6c2c2d98b82cc12b816c03bd77fcadd0817b
FING-11130,1363,2019,1,Progr Parad,4,0,2,6,2022,1,R,2,1.0,c56774011ed92ae6a9ee1865d7ed6c2c2d98b82cc12b816c03bd77fcadd0817b
FING-11083,1363,2019,1,Progr Parad,4,0,2,6,2022,1,R,1,1.0,c56774011ed92ae6a9ee1865d7ed6c2c2d98b82cc12b816c03bd77fcadd0817b
FING-11177,1363,2019,1,Progr Parad,4,0,2,6,2022,1,R,1,1.0,b5288838101f043d5d921b3cb0ab9e48b7545e84feb6f9d18963b2df26786f77
FING-4371,1363,2018,1,Progr Parad,4,0,2,6,2022,1,R,2,1.0,b5288838101f043d5d921b3cb0ab9e48b7545e84feb6f9d18963b2df26786f77
FING-7316,1363,2017,1,Progr Parad,4,0,2,6,2022,1,R,2,1.0,b5288838101f043d5d921b3cb0ab9e48b7545e84feb6f9d18963b2df26786f77
FING-9171,1363,2018,1,Progr Parad,4,0,2,6,2022,1,R,2,1.1,b5288838101f043d5d921b3cb0ab9e48b7545e84feb6f9d18963b2df26786f77
FING-11151,1363,2019,1,Progr Parad,4,0,2,6,2022,1,R,1,1.0,b5288838101f043d5d921b3cb0ab9e48b7545e84feb6f9d18963b2df26786f77
FING-11154,1363,2019,1,Progr Parad,4,0,2,6,2022,1,R,2,1.0,b5288838101f043d5d921b3cb0ab9e48b7545e84feb6f9d18963b2df26786f77
FING-11071,1363,2019,1,Progr Parad,4,0,2,6,2022,1,R,2,1.3,b5288838101f043d5d921b3cb0ab9e48b7545e84feb6f9d18963b2df26786f77
FING-7341,1363,2017,1,Progr Parad,4,0,2,6,2022,1,R,1,1.0,b5288838101f043d5d921b3cb0ab9e48b7545e84feb6f9d18963b2df26786f77
FING-11177,1363,2019,1,Algorithms,4,0,2,6,2022,1,R,1,2.6,6b99165475edd08b007ab43973c273b201ea96f928772390eba6126fee732c89
FING-11110,1363,2019,1,Algorithms,4,0,2,6,2022,1,A,2,4.7,6b99165475edd08b007ab43973c273b201ea96f928772390eba6126fee732c89
FING-7316,1363,2017,1,Algorithms,4,0,2,6,2022,1,R,2,1.2,6b99165475edd08b007ab43973c273b201ea96f928772390eba6126fee732c89
FING-11116,1363,2019,1,Algorithms,4,0,2,6,2022,1,R,2,1.4,6b99165475edd08b007ab43973c273b201ea96f928772390eba6126fee732c89
FING-11083,1363,2019,1,Algorithms,4,0,2,6,2022,1,R,1,2.6,6b99165475edd08b007ab43973c273b201ea96f928772390eba6126fee732c89
FING-11136,1363,2019,1,Algorithms,4,0,2,6,2022,1,A,2,5.6,6b99165475edd08b007ab43973c273b201ea96f928772390eba6126fee732c89
FING-11135,1363,2019,1,Algorithms,4,0,2,6,2022,1,R,2,2.7,6b99165475edd08b007ab43973c273b201ea96f928772390eba6126fee732c89
FING-7300,1363,2017,1,Algorithms,4,0,2,6,2022,1,R,2,1.1,08f5ef21abd40bce9ac5ae1d0a229dac51a9646d54d7d15465e11424da1c29ec
FING-11151,1363,2019,1,Algorithms,4,0,2,6,2022,1,A,1,4.8,08f5ef21abd40bce9ac5ae1d0a229dac51a9646d54d7d15465e11424da1c29ec
FING-15350,1363,2020,2,Algorithms,4,0,2,6,2022,1,A,2,5.0,08f5ef21abd40bce9ac5ae1d0a229dac51a9646d54d7d15465e11424da1c29ec
FING-4371,1363,2018,1,Algorithms,4,0,2,6,2022,1,A,2,4.9,08f5ef21abd40bce9ac5ae1d0a229dac51a9646d54d7d15465e11424da1c29ec
FING-11130,1363,2019,1,Algorithms,4,0,2,6,2022,1,A,2,4.2,08f5ef21abd40bce9ac5ae1d0a229dac51a9646d54d7d15465e11424da1c29ec
FING-11154,1363,2019,1,Algorithms,4,0,2,6,2022,1,R,2,3.7,08f5ef21abd40bce9ac5ae1d0a229dac51a9646d54d7d15465e11424da1c29ec
FING-11182,1363,2019,1,Algorithms,4,0,2,6,2022,1,A,2,5.1,08f5ef21abd40bce9ac5ae1d0a229dac51a9646d54d7d15465e11424da1c29ec
FING-7341,1363,2017,1,Algorithms,4,0,2,6,2022,1,R,1,2.2,08f5ef21abd40bce9ac5ae1d0a229dac51a9646d54d7d15465e11424da1c29ec
FING-4473,1363,2019,1,SoftEng Fund,4,2,0,6,2022,1,A,2,4.4,50ef7af33e399196fd03422a15dab72129669feb547029ad89552c189a5accb5
FING-11168,1363,2019,1,SoftEng Fund,4,2,0,6,2022,1,R,2,3.8,50ef7af33e399196fd03422a15dab72129669feb547029ad89552c189a5accb5
FING-11104,1363,2019,1,SoftEng Fund,4,2,0,6,2022,1,R,2,3.8,50ef7af33e399196fd03422a15dab72129669feb547029ad89552c189a5accb5
FING-1221,1363,2017,1,Formal Language Processing,4,2,2,8,2022,1,A,2,4.2,16b2d5b4c473b956b41412275c081b5cab38d261f201aad7e31443548418f4bc
FING-6354,1363,2016,1,Formal Language Processing,4,2,2,8,2022,1,A,2,5.2,16b2d5b4c473b956b41412275c081b5cab38d261f201aad7e31443548418f4bc
FING-2915,1363,2015,1,Formal Language Processing,4,2,2,8,2022,1,R,2,1.8,16b2d5b4c473b956b41412275c081b5cab38d261f201aad7e31443548418f4bc
FING-9611,1363,2019,2,Formal Language Processing,4,2,2,8,2022,1,A,2,4.4,16b2d5b4c473b956b41412275c081b5cab38d261f201aad7e31443548418f4bc
FING-7306,1363,2017,1,Formal Language Processing,4,2,2,8,2022,1,A,1,4.3,16b2d5b4c473b956b41412275c081b5cab38d261f201aad7e31443548418f4bc
FING-9191,1363,2018,1,Formal Language Processing,4,2,2,8,2022,1,A,2,4.2,16b2d5b4c473b956b41412275c081b5cab38d261f201aad7e31443548418f4bc
FING-11165,1363,2019,1,Formal Language Processing,4,2,2,8,2022,1,R,2,3.5,16b2d5b4c473b956b41412275c081b5cab38d261f201aad7e31443548418f4bc
FING-11139,1363,2019,1,Formal Language Processing,4,2,2,8,2022,1,R,2,3.5,16b2d5b4c473b956b41412275c081b5cab38d261f201aad7e31443548418f4bc
FING-11071,1363,2019,1,Formal Language Processing,4,2,2,8,2022,1,R,2,1.5,16b2d5b4c473b956b41412275c081b5cab38d261f201aad7e31443548418f4bc
FING-11165,1363,2019,1,DB Workshop,2,0,4,6,2022,1,A,2,4.8,f072b1c51af296c36b788c59183f904422b84d9e501221ec592a879a02a946ed
FING-11139,1363,2019,1,DB Workshop,2,0,4,6,2022,1,A,2,4.6,f072b1c51af296c36b788c59183f904422b84d9e501221ec592a879a02a946ed
FING-9208,1363,2018,1,DB Workshop,2,0,4,6,2022,1,A,2,4.8,f072b1c51af296c36b788c59183f904422b84d9e501221ec592a879a02a946ed
FING-11749,1363,2020,1,DB Workshop,2,0,4,6,2022,1,A,2,5.8,f072b1c51af296c36b788c59183f904422b84d9e501221ec592a879a02a946ed
FING-6354,1363,2016,1,Macroeconomics,4,0,0,4,2022,1,R,2,2.7,90e37d439b3ffcadaccfc43e752e3beb562da4c9e551374fdcb071bc72e4cf0c
FING-2915,1363,2015,1,Macroeconomics,4,0,0,4,2022,1,A,2,4.0,90e37d439b3ffcadaccfc43e752e3beb562da4c9e551374fdcb071bc72e4cf0c
FING-7316,1363,2017,1,Macroeconomics,4,0,0,4,2022,1,A,2,4.0,90e37d439b3ffcadaccfc43e752e3beb562da4c9e551374fdcb071bc72e4cf0c
FING-7312,1363,2017,1,Macroeconomics,4,0,0,4,2022,1,A,2,4.8,90e37d439b3ffcadaccfc43e752e3beb562da4c9e551374fdcb071bc72e4cf0c
FING-9611,1363,2019,2,Macroeconomics,4,0,0,4,2022,1,A,2,4.3,90e37d439b3ffcadaccfc43e752e3beb562da4c9e551374fdcb071bc72e4cf0c
FING-9160,1363,2018,1,Macroeconomics,4,0,0,4,2022,1,A,2,4.6,90e37d439b3ffcadaccfc43e752e3beb562da4c9e551374fdcb071bc72e4cf0c
FING-11749,1363,2020,1,SoftEng Methods,4,2,0,6,2022,1,A,2,5.0,3221f42f64144bbf31bd3850691b5a66b89783586a0a613e87d6e9a1b02c4cb7
FING-9611,1363,2019,2,SoftEng Methods,4,2,0,6,2022,1,A,2,4.5,3221f42f64144bbf31bd3850691b5a66b89783586a0a613e87d6e9a1b02c4cb7
FING-7300,1363,2017,1,Finances,4,0,2,6,2022,1,R,2,1.7,8b7fc70f5837b9869f3d108860049ac9d5d00eb3af0e7d999625274a530c8386
FING-5767,1363,2017,2,Elective I,4,0,2,6,2022,1,A,2,6.1,38d2440dcf2dd4cdd872b8d41b9955c7035cffe04995b85e297150530d47306f
FING-5767,1363,2017,2,Elective III,4,0,2,6,2022,1,A,2,4.9,16efa47bc22e02e6684516c8d89c65ee9145840df64449d697d55cc0d46fe1ed
FING-2915,1363,2015,1,Security and IT Auditing,4,0,2,6,2022,1,A,2,5.2,94af4255f2264aeeb90b493600237d1db55f158480e988820092971c6ceb75a1
FING-7760,1363,2018,1,Security and IT Auditing,4,0,2,6,2022,1,A,2,6.0,94af4255f2264aeeb90b493600237d1db55f158480e988820092971c6ceb75a1
FING-5767,1363,2017,2,CS Engineering Project,0,0,8,8,2022,1,A,2,4.7,9420fbea31fd1aa5b7e3da70d86fb00f8f2223e77bf62b226d139237cd123188
FING-7760,1363,2018,1,CS Engineering Project,0,0,8,8,2022,1,A,2,5.4,9420fbea31fd1aa5b7e3da70d86fb00f8f2223e77bf62b226d139237cd123188
FING-7760,1363,2018,1,Management,2,0,4,6,2022,1,A,2,6.2,94af4255f2264aeeb90b493600237d1db55f158480e988820092971c6ceb75a1
FING-11159,1363,2019,1,Comp Struc,4,2,1,7,2022,1,A,2,4.9,7a41747a8228bce8bc0b10d5827071b7b9fc0393df1fb089f2909d5e89d8664c
FING-11122,1363,2019,1,Comp Struc,4,2,1,7,2022,1,R,1,1.0,7a41747a8228bce8bc0b10d5827071b7b9fc0393df1fb089f2909d5e89d8664c
FING-11136,1363,2019,1,Comp Struc,4,2,1,7,2022,1,A,2,5.2,7a41747a8228bce8bc0b10d5827071b7b9fc0393df1fb089f2909d5e89d8664c
FING-11135,1363,2019,1,Comp Struc,4,2,1,7,2022,1,A,2,4.9,7a41747a8228bce8bc0b10d5827071b7b9fc0393df1fb089f2909d5e89d8664c
FING-11123,1363,2019,1,Comp Struc,4,2,1,7,2022,1,R,2,1.0,7a41747a8228bce8bc0b10d5827071b7b9fc0393df1fb089f2909d5e89d8664c
FING-11168,1363,2019,1,Comp Struc,4,2,1,7,2022,1,A,2,4.1,7480a71043322ff306762e310c1bbc8f830541a79bae264296bd4c0b1997058e
FING-9160,1363,2018,1,Comp Struc,4,2,1,7,2022,1,A,2,4.2,7480a71043322ff306762e310c1bbc8f830541a79bae264296bd4c0b1997058e
FING-7300,1363,2017,1,Syst Eng,4,2,0,6,2022,1,A,2,4.5,28c6c5bbf5d7179bb107cafd4476735962f8f755b2efb9903fb0e52b497fa2b7
FING-11123,1363,2019,1,Syst Eng,4,2,0,6,2022,1,R,2,1.0,28c6c5bbf5d7179bb107cafd4476735962f8f755b2efb9903fb0e52b497fa2b7
FING-11110,1363,2019,1,Syst Eng,4,2,0,6,2022,1,A,2,4.1,778719585e11ff55be7743f5e044ec177f06293247f29159fb6fa798e9cfe123
FING-11165,1363,2019,1,Syst Eng,4,2,0,6,2022,1,A,2,4.6,778719585e11ff55be7743f5e044ec177f06293247f29159fb6fa798e9cfe123
FING-11089,1363,2019,1,Syst Eng,4,2,0,6,2022,1,A,2,4.8,778719585e11ff55be7743f5e044ec177f06293247f29159fb6fa798e9cfe123
FING-11083,1363,2019,1,Syst Eng,4,2,0,6,2022,1,A,1,4.0,3b18591e1c3394aae96d32fb09f8c2c4ceecab4aab861b361fd16ff9b2dd12a7
FING-11182,1363,2019,1,Syst Eng,4,2,0,6,2022,1,A,2,4.4,3b18591e1c3394aae96d32fb09f8c2c4ceecab4aab861b361fd16ff9b2dd12a7
FING-11110,1363,2019,1,DB Design,4,1,1,6,2022,1,A,2,6.1,d8855451f0669605578a53529b9ad1fdfc0714ff99fc3cc516783a4e9fe01b0d
FING-11123,1363,2019,1,DB Design,4,1,1,6,2022,1,R,2,1.0,d8855451f0669605578a53529b9ad1fdfc0714ff99fc3cc516783a4e9fe01b0d
FING-15350,1363,2020,2,DB Design,4,1,1,6,2022,1,A,2,5.0,d8855451f0669605578a53529b9ad1fdfc0714ff99fc3cc516783a4e9fe01b0d
FING-4473,1363,2019,1,DB Design,4,1,1,6,2022,1,A,2,5.7,d8855451f0669605578a53529b9ad1fdfc0714ff99fc3cc516783a4e9fe01b0d
FING-11168,1363,2019,1,DB Design,4,1,1,6,2022,1,A,2,4.3,d8855451f0669605578a53529b9ad1fdfc0714ff99fc3cc516783a4e9fe01b0d
FING-11170,1363,2019,1,DB Design,4,1,1,6,2022,1,A,2,5.2,d8855451f0669605578a53529b9ad1fdfc0714ff99fc3cc516783a4e9fe01b0d
FING-11089,1363,2019,1,DB Design,4,1,1,6,2022,1,A,2,4.5,d8855451f0669605578a53529b9ad1fdfc0714ff99fc3cc516783a4e9fe01b0d
FING-11104,1363,2019,1,DB Design,4,1,1,6,2022,1,R,2,3.3,d8855451f0669605578a53529b9ad1fdfc0714ff99fc3cc516783a4e9fe01b0d
FING-7316,1363,2017,1,Comp Org,4,1,1,6,2022,1,A,2,4.4,7a41747a8228bce8bc0b10d5827071b7b9fc0393df1fb089f2909d5e89d8664c
FING-7300,1363,2017,1,Comp Org,4,1,1,6,2022,1,R,2,3.0,7a41747a8228bce8bc0b10d5827071b7b9fc0393df1fb089f2909d5e89d8664c
FING-11165,1363,2019,1,Comp Org,4,1,1,6,2022,1,A,2,4.1,7a41747a8228bce8bc0b10d5827071b7b9fc0393df1fb089f2909d5e89d8664c
FING-11130,1363,2019,1,Comp Org,4,1,1,6,2022,1,A,2,5.1,7a41747a8228bce8bc0b10d5827071b7b9fc0393df1fb089f2909d5e89d8664c
FING-7307,1363,2017,1,Numerical Algorithms,4,2,2,8,2022,1,R,1,2.3,de362fb95f53a0ada1ce7ad1fc8db444e40ea24d306028d5be3c5da21288f0d1
FING-11139,1363,2019,1,Numerical Algorithms,4,2,2,8,2022,1,A,2,5.3,de362fb95f53a0ada1ce7ad1fc8db444e40ea24d306028d5be3c5da21288f0d1
FING-9208,1363,2018,1,Numerical Algorithms,4,2,2,8,2022,1,R,2,1.5,de362fb95f53a0ada1ce7ad1fc8db444e40ea24d306028d5be3c5da21288f0d1
FING-7312,1363,2017,1,Statistical Inference,4,2,0,6,2022,1,A,2,4.4,642a22eb984b5632934968b0535f493930d7b68aad8b0105ce42f03ad83022a4
FING-9611,1363,2019,2,Statistical Inference,4,2,0,6,2022,1,A,2,4.1,642a22eb984b5632934968b0535f493930d7b68aad8b0105ce42f03ad83022a4
FING-11749,1363,2020,1,Statistical Inference,4,2,0,6,2022,1,A,2,5.4,642a22eb984b5632934968b0535f493930d7b68aad8b0105ce42f03ad83022a4
FING-7307,1363,2017,1,Logic and Computer Science Theory,4,2,0,6,2022,1,A,1,4.2,a758b091c1e446acfaa4e13d0d2839a313dd0371a35228eb5511991cee34fc12
FING-7312,1363,2017,1,Logic and Computer Science Theory,4,2,0,6,2022,1,R,2,2.5,a758b091c1e446acfaa4e13d0d2839a313dd0371a35228eb5511991cee34fc12
FING-11749,1363,2020,1,Logic and Computer Science Theory,4,2,0,6,2022,1,A,2,5.5,a758b091c1e446acfaa4e13d0d2839a313dd0371a35228eb5511991cee34fc12
FING-9191,1363,2018,1,Anthropology and Engineering,4,0,0,4,2022,1,A,2,5.1,28705518ad54de7ff7a728187f822af28090208020a6a3846171a17906851fe5
FING-9171,1363,2018,1,Anthropology and Engineering,4,0,0,4,2022,1,R,2,3.4,28705518ad54de7ff7a728187f822af28090208020a6a3846171a17906851fe5
FING-11139,1363,2019,1,Anthropology and Engineering,4,0,0,4,2022,1,A,2,4.6,28705518ad54de7ff7a728187f822af28090208020a6a3846171a17906851fe5
FING-11749,1363,2020,1,Anthropology and Engineering,4,0,0,4,2022,1,A,2,5.5,28705518ad54de7ff7a728187f822af28090208020a6a3846171a17906851fe5
FING-9160,1363,2018,1,Statistical Inference,4,2,0,6,2022,1,R,2,3.5,c1e4635e6d285e41246f10c26345ab46753a2410b81286e3de6f4577af5f89c3
FING-9191,1363,2018,1,Eng 4,0,0,2,2,2022,1,A,2,6.4,50ff5116c838b759a60db8477f3c5fdcf6725351601b28a38611c62b951cf2ca
FING-7307,1363,2017,1,Networks,4,2,2,8,2022,1,R,1,3.0,6ac1bc49bbbee7eb8a61ba9ddbb9373b5e8e859ce218a87c731fc76ce0b464f7
FING-9611,1363,2019,2,Networks,4,2,2,8,2022,1,A,2,5.1,6ac1bc49bbbee7eb8a61ba9ddbb9373b5e8e859ce218a87c731fc76ce0b464f7
FING-9208,1363,2018,1,Networks,4,2,2,8,2022,1,R,2,3.3,6ac1bc49bbbee7eb8a61ba9ddbb9373b5e8e859ce218a87c731fc76ce0b464f7
FING-11158,1363,2019,1,Networks,4,2,2,8,2022,1,R,2,2.2,6ac1bc49bbbee7eb8a61ba9ddbb9373b5e8e859ce218a87c731fc76ce0b464f7
FING-4473,1363,2019,1,Comp Org,4,1,1,6,2022,1,R,2,2.8,6ac1bc49bbbee7eb8a61ba9ddbb9373b5e8e859ce218a87c731fc76ce0b464f7
FING-4371,1363,2018,1,Comp Org,4,1,1,6,2022,1,R,2,2.4,6ac1bc49bbbee7eb8a61ba9ddbb9373b5e8e859ce218a87c731fc76ce0b464f7
FING-9171,1363,2018,1,Comp Org,4,1,1,6,2022,1,R,2,1.0,6ac1bc49bbbee7eb8a61ba9ddbb9373b5e8e859ce218a87c731fc76ce0b464f7
FING-11089,1363,2019,1,Comp Org,4,1,1,6,2022,1,R,2,3.0,6ac1bc49bbbee7eb8a61ba9ddbb9373b5e8e859ce218a87c731fc76ce0b464f7
FING-11182,1363,2019,1,Comp Org,4,1,1,6,2022,1,R,2,3.0,6ac1bc49bbbee7eb8a61ba9ddbb9373b5e8e859ce218a87c731fc76ce0b464f7
FING-11071,1363,2019,1,Comp Org,4,1,1,6,2022,1,R,2,2.3,6ac1bc49bbbee7eb8a61ba9ddbb9373b5e8e859ce218a87c731fc76ce0b464f7
FING-11113,1363,2019,1,Comp Org,4,1,1,6,2022,1,R,2,1.0,6ac1bc49bbbee7eb8a61ba9ddbb9373b5e8e859ce218a87c731fc76ce0b464f7
FING-11104,1363,2019,1,Comp Org,4,1,1,6,2022,1,R,2,2.1,6ac1bc49bbbee7eb8a61ba9ddbb9373b5e8e859ce218a87c731fc76ce0b464f7
FING-11139,1363,2019,1,Op Sys,4,2,2,8,2022,1,A,2,4.8,8e3dcc8ea49f648fe1264e4c4267a2c8232c69e7ea3463b9f64ce3f9749a992e
FING-9208,1363,2018,1,Op Sys,4,2,2,8,2022,1,R,2,1.5,8e3dcc8ea49f648fe1264e4c4267a2c8232c69e7ea3463b9f64ce3f9749a992e
FING-15350,1363,2020,2,Op Sys,4,2,2,8,2022,1,A,2,4.7,8e3dcc8ea49f648fe1264e4c4267a2c8232c69e7ea3463b9f64ce3f9749a992e
FING-9160,1363,2018,1,Progr Methd,4,2,2,8,2022,1,R,2,2.5,6e791079ac56bf68eb2f03d0de931ccdd204d92fb602928c597323c42d1fe97a
FING-11170,1363,2019,1,SoftEng Fund,4,2,0,6,2022,1,A,2,4.0,c31cbe4df540d9624606faae87f7bf317f5b19593d9fe7d8856a5482bf31ebfd
FING-11123,1363,2019,1,SoftEng Fund,4,2,0,6,2022,1,R,2,1.0,c31cbe4df540d9624606faae87f7bf317f5b19593d9fe7d8856a5482bf31ebfd
FING-1221,1363,2017,1,Advanced Algorithms,4,2,2,8,2022,1,A,2,4.7,01030513ef15a66d7ad87c5d9acf05496c247caebd0e0514526d4fc05b743a1d
FING-6354,1363,2016,1,Advanced Algorithms,4,2,2,8,2022,1,A,2,5.9,01030513ef15a66d7ad87c5d9acf05496c247caebd0e0514526d4fc05b743a1d
FING-4473,1363,2019,1,Advanced Algorithms,4,2,2,8,2022,1,A,2,5.8,01030513ef15a66d7ad87c5d9acf05496c247caebd0e0514526d4fc05b743a1d
FING-11168,1363,2019,1,Advanced Algorithms,4,2,2,8,2022,1,A,2,5.4,01030513ef15a66d7ad87c5d9acf05496c247caebd0e0514526d4fc05b743a1d
FING-7306,1363,2017,1,Advanced Algorithms,4,2,2,8,2022,1,A,1,4.5,01030513ef15a66d7ad87c5d9acf05496c247caebd0e0514526d4fc05b743a1d
FING-11170,1363,2019,1,Advanced Algorithms,4,2,2,8,2022,1,A,2,5.8,01030513ef15a66d7ad87c5d9acf05496c247caebd0e0514526d4fc05b743a1d
FING-11158,1363,2019,1,Advanced Algorithms,4,2,2,8,2022,1,A,2,6.0,01030513ef15a66d7ad87c5d9acf05496c247caebd0e0514526d4fc05b743a1d
FING-11104,1363,2019,1,Advanced Algorithms,4,2,2,8,2022,1,A,2,5.0,01030513ef15a66d7ad87c5d9acf05496c247caebd0e0514526d4fc05b743a1d
FING-1221,1363,2017,1,Op Sys,4,2,2,8,2022,1,R,2,1.4,5ea3b82eb99612f6505e355dbb2b4ec6a630f5217f5b53df0a17295ebd2612b9
FING-6354,1363,2016,1,Op Sys,4,2,2,8,2022,1,R,2,3.3,5ea3b82eb99612f6505e355dbb2b4ec6a630f5217f5b53df0a17295ebd2612b9
FING-7307,1363,2017,1,Op Sys,4,2,2,8,2022,1,A,1,5.8,5ea3b82eb99612f6505e355dbb2b4ec6a630f5217f5b53df0a17295ebd2612b9
FING-7312,1363,2017,1,Op Sys,4,2,2,8,2022,1,A,2,4.8,5ea3b82eb99612f6505e355dbb2b4ec6a630f5217f5b53df0a17295ebd2612b9
FING-7306,1363,2017,1,Op Sys,4,2,2,8,2022,1,R,1,1.4,5ea3b82eb99612f6505e355dbb2b4ec6a630f5217f5b53df0a17295ebd2612b9
FING-9191,1363,2018,1,Op Sys,4,2,2,8,2022,1,R,2,1.8,5ea3b82eb99612f6505e355dbb2b4ec6a630f5217f5b53df0a17295ebd2612b9
FING-13492,1363,2020,2,Op Sys,4,2,2,8,2022,1,A,2,4.5,5ea3b82eb99612f6505e355dbb2b4ec6a630f5217f5b53df0a17295ebd2612b9
FING-7760,1363,2018,1,Elective II,4,0,2,6,2022,1,A,2,6.4,245b64604a8d5d0553dacc990da644b71a70600bca3960b0154ad94b4c33a1f1
FING-7760,1363,2018,1,Elective VI,4,0,2,6,2022,1,A,2,5.8,b1b15560e2be8b7042f970cb5fefe8691e2a7551695704e678411dc14da06999
FING-11159,1363,2019,1,Diff Ec & Num Meth,4,2,0,6,2022,1,R,2,3.4,bf94262a3cdb991e7eabe861f41bd9d8a5db6b3a312f5307ae389d047b610ea3
FING-6491,1363,2017,1,Deg Work,0,0,2,2,2022,1,A,2,7.0,2b1d8c7cd31102501d76a2c0bdf491788e9c2333c5417b842cba275d94e9a379
