case:concept:name,concept:name,time:timestamp,case:in_time,case:finished,case:incomplete_data,case:transferred,case:entry_year,case:gender,case:nationality,case:preference,case:special_access,case:admission_type,case:high_school_graduation_year,case:high_school_grades,case:high_school_rank,case:language_score,case:math_score,case:social_sciences_score,case:natural_sciences_score,case:high_school_plan_type,case:high_school_type_program,case:high_school_type_funding,case:region,case:city,case:district
FING-10092,Std Methods (pass),2018/1,False,True,False,no,2018,2,chilean,1,,1,2017,high,medium,high,high,,medium,2,0,4,5,57,14
FING-10092,Alg 1 (fail),2018/1,False,True,False,no,2018,2,chilean,1,,1,2017,high,medium,high,high,,medium,2,0,4,5,57,14
FING-10092,Phy 1 (pass),2018/1,False,True,False,no,2018,2,chilean,1,,1,2017,high,medium,high,high,,medium,2,0,4,5,57,14
FING-10092,Intro Eng (pass),2018/1,False,True,False,no,2018,2,chilean,1,,1,2017,high,medium,high,high,,medium,2,0,4,5,57,14
FING-10092,Cal 1 (fail),2018/1,False,True,False,no,2018,2,chilean,1,,1,2017,high,medium,high,high,,medium,2,0,4,5,57,14
FING-10092,IPD Workshop (pass),2018/1,False,True,False,no,2018,2,chilean,1,,1,2017,high,medium,high,high,,medium,2,0,4,5,57,14
FING-10092,Phy 2 (fail),2018/2,False,True,False,no,2018,2,chilean,1,,1,2017,high,medium,high,high,,medium,2,0,4,5,57,14
FING-10092,Chemistry (fail),2018/2,False,True,False,no,2018,2,chilean,1,,1,2017,high,medium,high,high,,medium,2,0,4,5,57,14
FING-10092,Eff Comm (pass),2018/2,False,True,False,no,2018,2,chilean,1,,1,2017,high,medium,high,high,,medium,2,0,4,5,57,14
FING-10092,Cal 1 (pass),2018/2,False,True,False,no,2018,2,chilean,1,,1,2017,high,medium,high,high,,medium,2,0,4,5,57,14
FING-10092,Alg 1 (pass),2018/2,False,True,False,no,2018,2,chilean,1,,1,2017,high,medium,high,high,,medium,2,0,4,5,57,14
FING-10092,Cal 2 (fail),2019/1,False,True,False,no,2018,2,chilean,1,,1,2017,high,medium,high,high,,medium,2,0,4,5,57,14
FING-10092,Alg 2 (pass),2019/1,False,True,False,no,2018,2,chilean,1,,1,2017,high,medium,high,high,,medium,2,0,4,5,57,14
FING-10092,Fund Progr (pass),2019/1,False,True,False,no,2018,2,chilean,1,,1,2017,high,medium,high,high,,medium,2,0,4,5,57,14
FING-10092,Phy 2 (pass),2019/1,False,True,False,no,2018,2,chilean,1,,1,2017,high,medium,high,high,,medium,2,0,4,5,57,14
FING-10092,Chemistry (pass),2019/1,False,True,False,no,2018,2,chilean,1,,1,2017,high,medium,high,high,,medium,2,0,4,5,57,14
FING-10092,Eng 1 (pass),2019/2,False,True,False,no,2018,2,chilean,1,,1,2017,high,medium,high,high,,medium,2,0,4,5,57,14
FING-10092,Progr Methd (pass),2019/2,False,True,False,no,2018,2,chilean,1,,1,2017,high,medium,high,high,,medium,2,0,4,5,57,14
FING-10092,Inf & Soc (pass),2019/2,False,True,False,no,2018,2,chilean,1,,1,2017,high,medium,high,high,,medium,2,0,4,5,57,14
FING-10092,Cal 2 (pass),2019/2,False,True,False,no,2018,2,chilean,1,,1,2017,high,medium,high,high,,medium,2,0,4,5,57,14
FING-10092,Fund Econ (pass),2019/2,False,True,False,no,2018,2,chilean,1,,1,2017,high,medium,high,high,,medium,2,0,4,5,57,14
FING-10092,Progr Parad (pass),2020/1,False,True,False,no,2018,2,chilean,1,,1,2017,high,medium,high,high,,medium,2,0,4,5,57,14
FING-10092,Stat Analys (pass),2020/1,False,True,False,no,2018,2,chilean,1,,1,2017,high,medium,high,high,,medium,2,0,4,5,57,14
FING-10092,Proj Eval&Manag (pass),2020/1,False,True,False,no,2018,2,chilean,1,,1,2017,high,medium,high,high,,medium,2,0,4,5,57,14
FING-10092,Eng 2 (pass),2020/1,False,True,False,no,2018,2,chilean,1,,1,2017,high,medium,high,high,,medium,2,0,4,5,57,14
FING-10092,Diff Ec & Num Meth (pass),2020/1,False,True,False,no,2018,2,chilean,1,,1,2017,high,medium,high,high,,medium,2,0,4,5,57,14
FING-10092,Elect & Mag (pass),2020/1,False,True,False,no,2018,2,chilean,1,,1,2017,high,medium,high,high,,medium,2,0,4,5,57,14
FING-10092,Algorithms (pass),2020/2,False,True,False,no,2018,2,chilean,1,,1,2017,high,medium,high,high,,medium,2,0,4,5,57,14
FING-10092,Comp Struc (pass),2020/2,False,True,False,no,2018,2,chilean,1,,1,2017,high,medium,high,high,,medium,2,0,4,5,57,14
FING-10092,Eng 3 (pass),2020/2,False,True,False,no,2018,2,chilean,1,,1,2017,high,medium,high,high,,medium,2,0,4,5,57,14
FING-10092,DB Design (pass),2020/2,False,True,False,no,2018,2,chilean,1,,1,2017,high,medium,high,high,,medium,2,0,4,5,57,14
FING-10092,SoftEng Fund (pass),2020/2,False,True,False,no,2018,2,chilean,1,,1,2017,high,medium,high,high,,medium,2,0,4,5,57,14
FING-10092,Syst Eng (pass),2020/2,False,True,False,no,2018,2,chilean,1,,1,2017,high,medium,high,high,,medium,2,0,4,5,57,14
FING-10092,Inf Sys (pass),2021/1,False,True,False,no,2018,2,chilean,1,,1,2017,high,medium,high,high,,medium,2,0,4,5,57,14
FING-10092,DB Workshop (pass),2021/1,False,True,False,no,2018,2,chilean,1,,1,2017,high,medium,high,high,,medium,2,0,4,5,57,14
FING-10092,SoftEng Technq (pass),2021/1,False,True,False,no,2018,2,chilean,1,,1,2017,high,medium,high,high,,medium,2,0,4,5,57,14
FING-10092,Comp Org (pass),2021/1,False,True,False,no,2018,2,chilean,1,,1,2017,high,medium,high,high,,medium,2,0,4,5,57,14
FING-10092,Inf Adm & Manag (pass),2021/1,False,True,False,no,2018,2,chilean,1,,1,2017,high,medium,high,high,,medium,2,0,4,5,57,14
FING-10092,Eng 4 (pass),2021/1,False,True,False,no,2018,2,chilean,1,,1,2017,high,medium,high,high,,medium,2,0,4,5,57,14
FING-10092,Elective (pass),2021/2,False,True,False,no,2018,2,chilean,1,,1,2017,high,medium,high,high,,medium,2,0,4,5,57,14
FING-10092,Comp Net (pass),2021/2,False,True,False,no,2018,2,chilean,1,,1,2017,high,medium,high,high,,medium,2,0,4,5,57,14
FING-10092,Elective (pass),2021/2,False,True,False,no,2018,2,chilean,1,,1,2017,high,medium,high,high,,medium,2,0,4,5,57,14
FING-10092,Op Sys (pass),2021/2,False,True,False,no,2018,2,chilean,1,,1,2017,high,medium,high,high,,medium,2,0,4,5,57,14
FING-10092,Seminar (pass),2022/1,False,True,False,no,2018,2,chilean,1,,1,2017,high,medium,high,high,,medium,2,0,4,5,57,14
FING-10092,SoftEng Proj (pass),2022/1,False,True,False,no,2018,2,chilean,1,,1,2017,high,medium,high,high,,medium,2,0,4,5,57,14
FING-10092,Elective (pass),2022/1,False,True,False,no,2018,2,chilean,1,,1,2017,high,medium,high,high,,medium,2,0,4,5,57,14
FING-10092,Deg Work (pass),2022/2,False,True,False,no,2018,2,chilean,1,,1,2017,high,medium,high,high,,medium,2,0,4,5,57,14
FING-1121,Cal 1 (pass),2014/1,False,True,False,no,2015,2,,,,,,,,,,,,,,,,,
FING-1121,Phy 1 (pass),2014/1,False,True,False,no,2015,2,,,,,,,,,,,,,,,,,
FING-1121,Std Methods (pass),2014/1,False,True,False,no,2015,2,,,,,,,,,,,,,,,,,
FING-1121,Alg 1 (pass),2014/1,False,True,False,no,2015,2,,,,,,,,,,,,,,,,,
FING-1121,IPD Workshop (pass),2014/1,False,True,False,no,2015,2,,,,,,,,,,,,,,,,,
FING-1121,Intro Eng (pass),2014/1,False,True,False,no,2015,2,,,,,,,,,,,,,,,,,
FING-1121,Fund Progr (pass),2014/2,False,True,False,no,2015,2,,,,,,,,,,,,,,,,,
FING-1121,Alg 2 (pass),2014/2,False,True,False,no,2015,2,,,,,,,,,,,,,,,,,
FING-1121,Chemistry (pass),2014/2,False,True,False,no,2015,2,,,,,,,,,,,,,,,,,
FING-1121,Cal 2 (pass),2014/2,False,True,False,no,2015,2,,,,,,,,,,,,,,,,,
FING-1121,Phy 2 (pass),2014/2,False,True,False,no,2015,2,,,,,,,,,,,,,,,,,
FING-1121,Eff Comm (pass),2015/1,False,True,False,no,2015,2,,,,,,,,,,,,,,,,,
FING-1121,Progr Methd (fail),2015/1,False,True,False,no,2015,2,,,,,,,,,,,,,,,,,
FING-1121,Stat Analys (fail),2015/1,False,True,False,no,2015,2,,,,,,,,,,,,,,,,,
FING-1121,Elect & Mag (fail),2015/1,False,True,False,no,2015,2,,,,,,,,,,,,,,,,,
FING-1121,Eng 1 (pass),2015/1,False,True,False,no,2015,2,,,,,,,,,,,,,,,,,
FING-1121,Diff Ec & Num Meth (pass),2015/1,False,True,False,no,2015,2,,,,,,,,,,,,,,,,,
FING-1121,Fund Econ (pass),2015/2,False,True,False,no,2015,2,,,,,,,,,,,,,,,,,
FING-1121,Progr Methd (fail),2015/2,False,True,False,no,2015,2,,,,,,,,,,,,,,,,,
FING-1121,Elect & Mag (pass),2015/2,False,True,False,no,2015,2,,,,,,,,,,,,,,,,,
FING-1121,Eng 2 (pass),2015/2,False,True,False,no,2015,2,,,,,,,,,,,,,,,,,
FING-1121,Stat Analys (pass),2015/2,False,True,False,no,2015,2,,,,,,,,,,,,,,,,,
FING-1121,Progr Methd (pass),2016/1,False,True,False,no,2015,2,,,,,,,,,,,,,,,,,
FING-1121,Syst Eng (pass),2016/1,False,True,False,no,2015,2,,,,,,,,,,,,,,,,,
FING-1121,Proj Eval&Manag (pass),2016/1,False,True,False,no,2015,2,,,,,,,,,,,,,,,,,
FING-1121,Comp Struc (fail),2016/1,False,True,False,no,2015,2,,,,,,,,,,,,,,,,,
FING-1121,Eng 3 (pass),2016/1,False,True,False,no,2015,2,,,,,,,,,,,,,,,,,
FING-1121,Comp Struc (pass),2016/2,False,True,False,no,2015,2,,,,,,,,,,,,,,,,,
FING-1121,Progr Parad (pass),2016/2,False,True,False,no,2015,2,,,,,,,,,,,,,,,,,
FING-1121,Eng 4 (pass),2016/2,False,True,False,no,2015,2,,,,,,,,,,,,,,,,,
FING-1121,Inf Sys (pass),2016/2,False,True,False,no,2015,2,,,,,,,,,,,,,,,,,
FING-1121,Inf Adm & Manag (pass),2016/2,False,True,False,no,2015,2,,,,,,,,,,,,,,,,,
FING-1121,SoftEng Fund (pass),2017/1,False,True,False,no,2015,2,,,,,,,,,,,,,,,,,
FING-1121,Comp Org (pass),2017/1,False,True,False,no,2015,2,,,,,,,,,,,,,,,,,
FING-1121,DB Design (pass),2017/1,False,True,False,no,2015,2,,,,,,,,,,,,,,,,,
FING-1121,SoftEng Technq (pass),2017/2,False,True,False,no,2015,2,,,,,,,,,,,,,,,,,
FING-1121,Algorithms (pass),2017/2,False,True,False,no,2015,2,,,,,,,,,,,,,,,,,
FING-1121,DB Workshop (pass),2017/2,False,True,False,no,2015,2,,,,,,,,,,,,,,,,,
FING-1121,Comp Net (fail),2017/2,False,True,False,no,2015,2,,,,,,,,,,,,,,,,,
FING-1121,Elective (pass),2017/2,False,True,False,no,2015,2,,,,,,,,,,,,,,,,,
FING-1121,Op Sys (fail),2018/1,False,True,False,no,2015,2,,,,,,,,,,,,,,,,,
FING-1121,SoftEng Proj (pass),2018/1,False,True,False,no,2015,2,,,,,,,,,,,,,,,,,
FING-1121,Inf & Soc (fail),2018/1,False,True,False,no,2015,2,,,,,,,,,,,,,,,,,
FING-1121,Op Sys (pass),2018/2,False,True,False,no,2015,2,,,,,,,,,,,,,,,,,
FING-1121,Seminar (pass),2018/2,False,True,False,no,2015,2,,,,,,,,,,,,,,,,,
FING-1121,Comp Net (pass),2018/2,False,True,False,no,2015,2,,,,,,,,,,,,,,,,,
FING-1121,Inf & Soc (pass),2018/2,False,True,False,no,2015,2,,,,,,,,,,,,,,,,,
FING-1121,Deg Work (pass),2019/1,False,True,False,no,2015,2,,,,,,,,,,,,,,,,,
FING-1121,Elective (pass),2019/1,False,True,False,no,2015,2,,,,,,,,,,,,,,,,,
FING-1121,Elective (pass),2019/1,False,True,False,no,2015,2,,,,,,,,,,,,,,,,,
FING-1288,Phy 1 (pass),2014/1,False,True,False,no,2016,2,,,,,,,,,,,,,,,,,
FING-1288,Cal 1 (pass),2014/1,False,True,False,no,2016,2,,,,,,,,,,,,,,,,,
FING-1288,IPD Workshop (pass),2014/1,False,True,False,no,2016,2,,,,,,,,,,,,,,,,,
FING-1288,Alg 1 (pass),2014/1,False,True,False,no,2016,2,,,,,,,,,,,,,,,,,
FING-1288,Intro Eng (pass),2014/1,False,True,False,no,2016,2,,,,,,,,,,,,,,,,,
FING-1288,Std Methods (pass),2014/1,False,True,False,no,2016,2,,,,,,,,,,,,,,,,,
FING-1288,Chemistry (pass),2014/2,False,True,False,no,2016,2,,,,,,,,,,,,,,,,,
FING-1288,Phy 2 (pass),2014/2,False,True,False,no,2016,2,,,,,,,,,,,,,,,,,
FING-1288,Alg 2 (pass),2014/2,False,True,False,no,2016,2,,,,,,,,,,,,,,,,,
FING-1288,Fund Progr (pass),2014/2,False,True,False,no,2016,2,,,,,,,,,,,,,,,,,
FING-1288,Eff Comm (pass),2015/1,False,True,False,no,2016,2,,,,,,,,,,,,,,,,,
FING-1288,Cal 2 (pass),2015/1,False,True,False,no,2016,2,,,,,,,,,,,,,,,,,
FING-1288,Eng 1 (pass),2015/1,False,True,False,no,2016,2,,,,,,,,,,,,,,,,,
FING-1288,Eng 2 (pass),2015/2,False,True,False,no,2016,2,,,,,,,,,,,,,,,,,
FING-1288,Elect & Mag (pass),2015/2,False,True,False,no,2016,2,,,,,,,,,,,,,,,,,
FING-1288,Fund Econ (pass),2015/2,False,True,False,no,2016,2,,,,,,,,,,,,,,,,,
FING-1288,Stat Analys (pass),2016/1,False,True,False,no,2016,2,,,,,,,,,,,,,,,,,
FING-1288,Eng 3 (pass),2016/1,False,True,False,no,2016,2,,,,,,,,,,,,,,,,,
FING-1288,Comp Struc (fail),2016/2,False,True,False,no,2016,2,,,,,,,,,,,,,,,,,
FING-1288,Progr Methd (pass),2016/2,False,True,False,no,2016,2,,,,,,,,,,,,,,,,,
FING-1288,Eng 4 (pass),2016/2,False,True,False,no,2016,2,,,,,,,,,,,,,,,,,
FING-1288,Diff Ec & Num Meth (pass),2016/2,False,True,False,no,2016,2,,,,,,,,,,,,,,,,,
FING-1288,Progr Parad (pass),2017/1,False,True,False,no,2016,2,,,,,,,,,,,,,,,,,
FING-1288,Algorithms (pass),2017/1,False,True,False,no,2016,2,,,,,,,,,,,,,,,,,
FING-1288,Comp Struc (pass),2017/1,False,True,False,no,2016,2,,,,,,,,,,,,,,,,,
FING-1288,Syst Eng (pass),2017/1,False,True,False,no,2016,2,,,,,,,,,,,,,,,,,
FING-1288,SoftEng Fund (pass),2017/2,False,True,False,no,2016,2,,,,,,,,,,,,,,,,,
FING-1288,Proj Eval&Manag (fail),2017/2,False,True,False,no,2016,2,,,,,,,,,,,,,,,,,
FING-1288,Inf & Soc (pass),2017/2,False,True,False,no,2016,2,,,,,,,,,,,,,,,,,
FING-1288,Inf Sys (pass),2017/2,False,True,False,no,2016,2,,,,,,,,,,,,,,,,,
FING-1288,DB Design (pass),2017/2,False,True,False,no,2016,2,,,,,,,,,,,,,,,,,
FING-1288,Comp Org (pass),2017/2,False,True,False,no,2016,2,,,,,,,,,,,,,,,,,
FING-1288,Elective (pass),2018/1,False,True,False,no,2016,2,,,,,,,,,,,,,,,,,
FING-1288,Op Sys (pass),2018/1,False,True,False,no,2016,2,,,,,,,,,,,,,,,,,
FING-1288,DB Workshop (pass),2018/1,False,True,False,no,2016,2,,,,,,,,,,,,,,,,,
FING-1288,Elective (pass),2018/1,False,True,False,no,2016,2,,,,,,,,,,,,,,,,,
FING-1288,SoftEng Technq (pass),2018/1,False,True,False,no,2016,2,,,,,,,,,,,,,,,,,
FING-1288,Proj Eval&Manag (pass),2018/1,False,True,False,no,2016,2,,,,,,,,,,,,,,,,,
FING-1288,Inf Adm & Manag (pass),2018/2,False,True,False,no,2016,2,,,,,,,,,,,,,,,,,
FING-1288,Seminar (pass),2018/2,False,True,False,no,2016,2,,,,,,,,,,,,,,,,,
FING-1288,Comp Net (pass),2018/2,False,True,False,no,2016,2,,,,,,,,,,,,,,,,,
FING-1288,SoftEng Proj (pass),2019/1,False,True,False,no,2016,2,,,,,,,,,,,,,,,,,
FING-1288,Elective (pass),2019/1,False,True,False,no,2016,2,,,,,,,,,,,,,,,,,
FING-1288,Deg Work (pass),2022/1,False,True,False,no,2016,2,,,,,,,,,,,,,,,,,
FING-12915,Phy 1 (pass),2012/2,False,True,False,yes,2015,1,,,,,,,,,,,,,,,,,
FING-12915,Std Methods (pass),2012/2,False,True,False,yes,2015,1,,,,,,,,,,,,,,,,,
FING-12915,IPD Workshop (pass),2012/2,False,True,False,yes,2015,1,,,,,,,,,,,,,,,,,
FING-12915,Alg 1 (pass),2012/2,False,True,False,yes,2015,1,,,,,,,,,,,,,,,,,
FING-12915,Intro Eng (pass),2012/2,False,True,False,yes,2015,1,,,,,,,,,,,,,,,,,
FING-12915,Intro Eng (pass),2012/2,False,True,False,yes,2015,1,,,,,,,,,,,,,,,,,
FING-12915,Alg 1 (pass),2012/2,False,True,False,yes,2015,1,,,,,,,,,,,,,,,,,
FING-12915,Std Methods (pass),2012/2,False,True,False,yes,2015,1,,,,,,,,,,,,,,,,,
FING-12915,IPD Workshop (pass),2012/2,False,True,False,yes,2015,1,,,,,,,,,,,,,,,,,
FING-12915,Cal 1 (fail),2012/2,False,True,False,yes,2015,1,,,,,,,,,,,,,,,,,
FING-12915,Phy 1 (pass),2012/2,False,True,False,yes,2015,1,,,,,,,,,,,,,,,,,
FING-12915,Fund Progr (pass),2013/1,False,True,False,yes,2015,1,,,,,,,,,,,,,,,,,
FING-12915,Chemistry (fail),2013/1,False,True,False,yes,2015,1,,,,,,,,,,,,,,,,,
FING-12915,Phy 2 (fail),2013/1,False,True,False,yes,2015,1,,,,,,,,,,,,,,,,,
FING-12915,Alg 2 (fail),2013/1,False,True,False,yes,2015,1,,,,,,,,,,,,,,,,,
FING-12915,Cal 1 (fail),2013/1,False,True,False,yes,2015,1,,,,,,,,,,,,,,,,,
FING-12915,Fund Progr (pass),2013/1,False,True,False,yes,2015,1,,,,,,,,,,,,,,,,,
FING-12915,Chemistry (pass),2013/2,False,True,False,yes,2015,1,,,,,,,,,,,,,,,,,
FING-12915,Cal 1 (pass),2013/2,False,True,False,yes,2015,1,,,,,,,,,,,,,,,,,
FING-12915,Eff Comm (pass),2013/2,False,True,False,yes,2015,1,,,,,,,,,,,,,,,,,
FING-12915,Phy 2 (pass),2013/2,False,True,False,yes,2015,1,,,,,,,,,,,,,,,,,
FING-12915,Cal 1 (pass),2013/2,False,True,False,yes,2015,1,,,,,,,,,,,,,,,,,
FING-12915,Alg 2 (fail),2013/2,False,True,False,yes,2015,1,,,,,,,,,,,,,,,,,
FING-12915,Phy 2 (pass),2013/2,False,True,False,yes,2015,1,,,,,,,,,,,,,,,,,
FING-12915,Chemistry (pass),2013/2,False,True,False,yes,2015,1,,,,,,,,,,,,,,,,,
FING-12915,Eff Comm (pass),2013/2,False,True,False,yes,2015,1,,,,,,,,,,,,,,,,,
FING-12915,Cal 2 (pass),2014/1,False,True,False,yes,2015,1,,,,,,,,,,,,,,,,,
FING-12915,Eng 1 (pass),2014/1,False,True,False,yes,2015,1,,,,,,,,,,,,,,,,,
FING-12915,Alg 2 (pass),2014/1,False,True,False,yes,2015,1,,,,,,,,,,,,,,,,,
FING-12915,Alg 2 (pass),2014/1,False,True,False,yes,2015,1,,,,,,,,,,,,,,,,,
FING-12915,Eng 1 (pass),2014/1,False,True,False,yes,2015,1,,,,,,,,,,,,,,,,,
FING-12915,Cal 2 (pass),2014/1,False,True,False,yes,2015,1,,,,,,,,,,,,,,,,,
FING-12915,Progr Methd (fail),2014/1,False,True,False,yes,2015,1,,,,,,,,,,,,,,,,,
FING-12915,Fund Econ (pass),2014/2,False,True,False,yes,2015,1,,,,,,,,,,,,,,,,,
FING-12915,Eng 2 (pass),2014/2,False,True,False,yes,2015,1,,,,,,,,,,,,,,,,,
FING-12915,Eng 2 (pass),2014/2,False,True,False,yes,2015,1,,,,,,,,,,,,,,,,,
FING-12915,Stat Analys (fail),2014/2,False,True,False,yes,2015,1,,,,,,,,,,,,,,,,,
FING-12915,Diff Ec & Num Meth (fail),2014/2,False,True,False,yes,2015,1,,,,,,,,,,,,,,,,,
FING-12915,Elect & Mag (fail),2014/2,False,True,False,yes,2015,1,,,,,,,,,,,,,,,,,
FING-12915,Fund Econ (pass),2014/2,False,True,False,yes,2015,1,,,,,,,,,,,,,,,,,
FING-12915,Eng 3 (pass),2015/1,False,True,False,yes,2015,1,,,,,,,,,,,,,,,,,
FING-12915,Elect & Mag (pass),2015/1,False,True,False,yes,2015,1,,,,,,,,,,,,,,,,,
FING-12915,Stat Analys (pass),2015/1,False,True,False,yes,2015,1,,,,,,,,,,,,,,,,,
FING-12915,Elect & Mag (pass),2015/1,False,True,False,yes,2015,1,,,,,,,,,,,,,,,,,
FING-12915,Stat Analys (pass),2015/1,False,True,False,yes,2015,1,,,,,,,,,,,,,,,,,
FING-12915,Eng 3 (pass),2015/1,False,True,False,yes,2015,1,,,,,,,,,,,,,,,,,
FING-12915,Diff Ec & Num Meth (fail),2015/1,False,True,False,yes,2015,1,,,,,,,,,,,,,,,,,
FING-12915,Progr Methd (pass),2015/2,False,True,False,yes,2015,1,,,,,,,,,,,,,,,,,
FING-12915,Comp Struc (pass),2015/2,False,True,False,yes,2015,1,,,,,,,,,,,,,,,,,
FING-12915,Syst Eng (pass),2016/1,False,True,False,yes,2015,1,,,,,,,,,,,,,,,,,
FING-12915,Algorithms (pass),2016/1,False,True,False,yes,2015,1,,,,,,,,,,,,,,,,,
FING-12915,Diff Ec & Num Meth (pass),2016/1,False,True,False,yes,2015,1,,,,,,,,,,,,,,,,,
FING-12915,Progr Parad (fail),2016/2,False,True,False,yes,2015,1,,,,,,,,,,,,,,,,,
FING-12915,Proj Eval&Manag (pass),2016/2,False,True,False,yes,2015,1,,,,,,,,,,,,,,,,,
FING-12915,Inf & Soc (pass),2016/2,False,True,False,yes,2015,1,,,,,,,,,,,,,,,,,
FING-12915,Inf Sys (pass),2016/2,False,True,False,yes,2015,1,,,,,,,,,,,,,,,,,
FING-12915,Comp Org (pass),2017/2,False,True,False,yes,2015,1,,,,,,,,,,,,,,,,,
FING-12915,Elective (pass),2017/2,False,True,False,yes,2015,1,,,,,,,,,,,,,,,,,
FING-12915,Eng 4 (fail),2017/2,False,True,False,yes,2015,1,,,,,,,,,,,,,,,,,
FING-12915,Progr Parad (pass),2017/2,False,True,False,yes,2015,1,,,,,,,,,,,,,,,,,
FING-12915,Comp Net (pass),2018/1,False,True,False,yes,2015,1,,,,,,,,,,,,,,,,,
FING-12915,DB Design (fail),2018/1,False,True,False,yes,2015,1,,,,,,,,,,,,,,,,,
FING-12915,Eng 4 (pass),2018/1,False,True,False,yes,2015,1,,,,,,,,,,,,,,,,,
FING-12915,SoftEng Fund (pass),2018/1,False,True,False,yes,2015,1,,,,,,,,,,,,,,,,,
FING-12915,Elective (pass),2018/2,False,True,False,yes,2015,1,,,,,,,,,,,,,,,,,
FING-12915,Op Sys (pass),2018/2,False,True,False,yes,2015,1,,,,,,,,,,,,,,,,,
FING-12915,SoftEng Technq (fail),2018/2,False,True,False,yes,2015,1,,,,,,,,,,,,,,,,,
FING-12915,DB Design (fail),2018/2,False,True,False,yes,2015,1,,,,,,,,,,,,,,,,,
FING-12915,DB Design (pass),2019/1,False,True,False,yes,2015,1,,,,,,,,,,,,,,,,,
FING-12915,SoftEng Technq (pass),2019/1,False,True,False,yes,2015,1,,,,,,,,,,,,,,,,,
FING-12915,Inf Adm & Manag (pass),2019/1,False,True,False,yes,2015,1,,,,,,,,,,,,,,,,,
FING-12915,DB Workshop (pass),2019/2,False,True,False,yes,2015,1,,,,,,,,,,,,,,,,,
FING-12915,SoftEng Proj (pass),2019/2,False,True,False,yes,2015,1,,,,,,,,,,,,,,,,,
FING-12915,Elective (pass),2019/2,False,True,False,yes,2015,1,,,,,,,,,,,,,,,,,
FING-12915,Seminar (pass),2020/1,False,True,False,yes,2015,1,,,,,,,,,,,,,,,,,
FING-12915,Deg Work (pass),2021/1,False,True,False,yes,2015,1,,,,,,,,,,,,,,,,,
FING-12988,Cal 1 (pass),2013/1,False,True,False,yes,2017,1,chilean,1,,1,2014,medium,high,high,medium,,low,1,0,3,13,114,67
FING-12988,IPD Workshop (pass),2013/1,False,True,False,yes,2017,1,chilean,1,,1,2014,medium,high,high,medium,,low,1,0,3,13,114,67
FING-12988,Alg 1 (pass),2013/1,False,True,False,yes,2017,1,chilean,1,,1,2014,medium,high,high,medium,,low,1,0,3,13,114,67
FING-12988,Std Methods (pass),2013/1,False,True,False,yes,2017,1,chilean,1,,1,2014,medium,high,high,medium,,low,1,0,3,13,114,67
FING-12988,Phy 1 (pass),2013/1,False,True,False,yes,2017,1,chilean,1,,1,2014,medium,high,high,medium,,low,1,0,3,13,114,67
FING-12988,Intro Eng (pass),2013/1,False,True,False,yes,2017,1,chilean,1,,1,2014,medium,high,high,medium,,low,1,0,3,13,114,67
FING-12988,Phy 1 (pass),2013/1,False,True,False,yes,2017,1,chilean,1,,1,2014,medium,high,high,medium,,low,1,0,3,13,114,67
FING-12988,Cal 1 (pass),2013/1,False,True,False,yes,2017,1,chilean,1,,1,2014,medium,high,high,medium,,low,1,0,3,13,114,67
FING-12988,Std Methods (pass),2013/1,False,True,False,yes,2017,1,chilean,1,,1,2014,medium,high,high,medium,,low,1,0,3,13,114,67
FING-12988,Intro Eng (pass),2013/1,False,True,False,yes,2017,1,chilean,1,,1,2014,medium,high,high,medium,,low,1,0,3,13,114,67
FING-12988,IPD Workshop (pass),2013/1,False,True,False,yes,2017,1,chilean,1,,1,2014,medium,high,high,medium,,low,1,0,3,13,114,67
FING-12988,Alg 1 (pass),2013/1,False,True,False,yes,2017,1,chilean,1,,1,2014,medium,high,high,medium,,low,1,0,3,13,114,67
FING-12988,Phy 2 (pass),2013/2,False,True,False,yes,2017,1,chilean,1,,1,2014,medium,high,high,medium,,low,1,0,3,13,114,67
FING-12988,Cal 2 (pass),2013/2,False,True,False,yes,2017,1,chilean,1,,1,2014,medium,high,high,medium,,low,1,0,3,13,114,67
FING-12988,Fund Progr (pass),2013/2,False,True,False,yes,2017,1,chilean,1,,1,2014,medium,high,high,medium,,low,1,0,3,13,114,67
FING-12988,Alg 2 (pass),2013/2,False,True,False,yes,2017,1,chilean,1,,1,2014,medium,high,high,medium,,low,1,0,3,13,114,67
FING-12988,Chemistry (pass),2013/2,False,True,False,yes,2017,1,chilean,1,,1,2014,medium,high,high,medium,,low,1,0,3,13,114,67
FING-12988,Chemistry (pass),2013/2,False,True,False,yes,2017,1,chilean,1,,1,2014,medium,high,high,medium,,low,1,0,3,13,114,67
FING-12988,Fund Progr (pass),2013/2,False,True,False,yes,2017,1,chilean,1,,1,2014,medium,high,high,medium,,low,1,0,3,13,114,67
FING-12988,Cal 2 (pass),2013/2,False,True,False,yes,2017,1,chilean,1,,1,2014,medium,high,high,medium,,low,1,0,3,13,114,67
FING-12988,Phy 2 (pass),2013/2,False,True,False,yes,2017,1,chilean,1,,1,2014,medium,high,high,medium,,low,1,0,3,13,114,67
FING-12988,Alg 2 (pass),2013/2,False,True,False,yes,2017,1,chilean,1,,1,2014,medium,high,high,medium,,low,1,0,3,13,114,67
FING-12988,Fund Econ (pass),2014/2,False,True,False,yes,2017,1,chilean,1,,1,2014,medium,high,high,medium,,low,1,0,3,13,114,67
FING-12988,Eff Comm (pass),2014/2,False,True,False,yes,2017,1,chilean,1,,1,2014,medium,high,high,medium,,low,1,0,3,13,114,67
FING-12988,Eng 1 (pass),2014/2,False,True,False,yes,2017,1,chilean,1,,1,2014,medium,high,high,medium,,low,1,0,3,13,114,67
FING-12988,Progr Methd (pass),2014/2,False,True,False,yes,2017,1,chilean,1,,1,2014,medium,high,high,medium,,low,1,0,3,13,114,67
FING-12988,Elect & Mag (fail),2014/2,False,True,False,yes,2017,1,chilean,1,,1,2014,medium,high,high,medium,,low,1,0,3,13,114,67
FING-12988,Eng 1 (pass),2014/2,False,True,False,yes,2017,1,chilean,1,,1,2014,medium,high,high,medium,,low,1,0,3,13,114,67
FING-12988,Diff Ec & Num Meth (pass),2014/2,False,True,False,yes,2017,1,chilean,1,,1,2014,medium,high,high,medium,,low,1,0,3,13,114,67
FING-12988,Progr Methd (pass),2014/2,False,True,False,yes,2017,1,chilean,1,,1,2014,medium,high,high,medium,,low,1,0,3,13,114,67
FING-12988,Fund Econ (pass),2014/2,False,True,False,yes,2017,1,chilean,1,,1,2014,medium,high,high,medium,,low,1,0,3,13,114,67
FING-12988,Eff Comm (pass),2014/2,False,True,False,yes,2017,1,chilean,1,,1,2014,medium,high,high,medium,,low,1,0,3,13,114,67
FING-12988,Eng 2 (pass),2015/1,False,True,False,yes,2017,1,chilean,1,,1,2014,medium,high,high,medium,,low,1,0,3,13,114,67
FING-12988,Eng 2 (pass),2015/1,False,True,False,yes,2017,1,chilean,1,,1,2014,medium,high,high,medium,,low,1,0,3,13,114,67
FING-12988,Elect & Mag (fail),2015/1,False,True,False,yes,2017,1,chilean,1,,1,2014,medium,high,high,medium,,low,1,0,3,13,114,67
FING-12988,Algorithms (fail),2015/1,False,True,False,yes,2017,1,chilean,1,,1,2014,medium,high,high,medium,,low,1,0,3,13,114,67
FING-12988,Stat Analys (pass),2015/2,False,True,False,yes,2017,1,chilean,1,,1,2014,medium,high,high,medium,,low,1,0,3,13,114,67
FING-12988,Elect & Mag (pass),2015/2,False,True,False,yes,2017,1,chilean,1,,1,2014,medium,high,high,medium,,low,1,0,3,13,114,67
FING-12988,Algorithms (pass),2015/2,False,True,False,yes,2017,1,chilean,1,,1,2014,medium,high,high,medium,,low,1,0,3,13,114,67
FING-12988,Eng 3 (pass),2015/2,False,True,False,yes,2017,1,chilean,1,,1,2014,medium,high,high,medium,,low,1,0,3,13,114,67
FING-12988,Stat Analys (pass),2015/2,False,True,False,yes,2017,1,chilean,1,,1,2014,medium,high,high,medium,,low,1,0,3,13,114,67
FING-12988,Algorithms (pass),2015/2,False,True,False,yes,2017,1,chilean,1,,1,2014,medium,high,high,medium,,low,1,0,3,13,114,67
FING-12988,Eng 3 (pass),2015/2,False,True,False,yes,2017,1,chilean,1,,1,2014,medium,high,high,medium,,low,1,0,3,13,114,67
FING-12988,Elect & Mag (pass),2015/2,False,True,False,yes,2017,1,chilean,1,,1,2014,medium,high,high,medium,,low,1,0,3,13,114,67
FING-12988,Elective (pass),2016/1,False,True,False,yes,2017,1,chilean,1,,1,2014,medium,high,high,medium,,low,1,0,3,13,114,67
FING-12988,Eng 4 (pass),2016/1,False,True,False,yes,2017,1,chilean,1,,1,2014,medium,high,high,medium,,low,1,0,3,13,114,67
FING-12988,Progr Parad (pass),2016/1,False,True,False,yes,2017,1,chilean,1,,1,2014,medium,high,high,medium,,low,1,0,3,13,114,67
FING-12988,Comp Struc (pass),2016/1,False,True,False,yes,2017,1,chilean,1,,1,2014,medium,high,high,medium,,low,1,0,3,13,114,67
FING-12988,Progr Parad (pass),2016/1,False,True,False,yes,2017,1,chilean,1,,1,2014,medium,high,high,medium,,low,1,0,3,13,114,67
FING-12988,Comp Struc (pass),2016/1,False,True,False,yes,2017,1,chilean,1,,1,2014,medium,high,high,medium,,low,1,0,3,13,114,67
FING-12988,Eng 4 (pass),2016/1,False,True,False,yes,2017,1,chilean,1,,1,2014,medium,high,high,medium,,low,1,0,3,13,114,67
FING-12988,DB Design (pass),2016/2,False,True,False,yes,2017,1,chilean,1,,1,2014,medium,high,high,medium,,low,1,0,3,13,114,67
FING-12988,Comp Org (pass),2016/2,False,True,False,yes,2017,1,chilean,1,,1,2014,medium,high,high,medium,,low,1,0,3,13,114,67
FING-12988,Syst Eng (pass),2016/2,False,True,False,yes,2017,1,chilean,1,,1,2014,medium,high,high,medium,,low,1,0,3,13,114,67
FING-12988,SoftEng Fund (pass),2016/2,False,True,False,yes,2017,1,chilean,1,,1,2014,medium,high,high,medium,,low,1,0,3,13,114,67
FING-12988,Syst Eng (pass),2016/2,False,True,False,yes,2017,1,chilean,1,,1,2014,medium,high,high,medium,,low,1,0,3,13,114,67
FING-12988,SoftEng Fund (pass),2016/2,False,True,False,yes,2017,1,chilean,1,,1,2014,medium,high,high,medium,,low,1,0,3,13,114,67
FING-12988,DB Design (pass),2016/2,False,True,False,yes,2017,1,chilean,1,,1,2014,medium,high,high,medium,,low,1,0,3,13,114,67
FING-12988,Comp Org (pass),2016/2,False,True,False,yes,2017,1,chilean,1,,1,2014,medium,high,high,medium,,low,1,0,3,13,114,67
FING-12988,DB Workshop (pass),2017/1,False,True,False,yes,2017,1,chilean,1,,1,2014,medium,high,high,medium,,low,1,0,3,13,114,67
FING-12988,DB Workshop (pass),2017/1,False,True,False,yes,2017,1,chilean,1,,1,2014,medium,high,high,medium,,low,1,0,3,13,114,67
FING-12988,Op Sys (fail),2017/1,False,True,False,yes,2017,1,chilean,1,,1,2014,medium,high,high,medium,,low,1,0,3,13,114,67
FING-12988,Proj Eval&Manag (pass),2017/2,False,True,False,yes,2017,1,chilean,1,,1,2014,medium,high,high,medium,,low,1,0,3,13,114,67
FING-12988,Inf Sys (pass),2017/2,False,True,False,yes,2017,1,chilean,1,,1,2014,medium,high,high,medium,,low,1,0,3,13,114,67
FING-12988,Diff Ec & Num Meth (pass),2018/1,False,True,False,yes,2017,1,chilean,1,,1,2014,medium,high,high,medium,,low,1,0,3,13,114,67
FING-12988,Op Sys (pass),2018/1,False,True,False,yes,2017,1,chilean,1,,1,2014,medium,high,high,medium,,low,1,0,3,13,114,67
FING-12988,Comp Net (pass),2018/1,False,True,False,yes,2017,1,chilean,1,,1,2014,medium,high,high,medium,,low,1,0,3,13,114,67
FING-12988,SoftEng Technq (pass),2018/1,False,True,False,yes,2017,1,chilean,1,,1,2014,medium,high,high,medium,,low,1,0,3,13,114,67
FING-12988,Elective (pass),2018/2,False,True,False,yes,2017,1,chilean,1,,1,2014,medium,high,high,medium,,low,1,0,3,13,114,67
FING-12988,Inf Adm & Manag (pass),2018/2,False,True,False,yes,2017,1,chilean,1,,1,2014,medium,high,high,medium,,low,1,0,3,13,114,67
FING-12988,Seminar (pass),2018/2,False,True,False,yes,2017,1,chilean,1,,1,2014,medium,high,high,medium,,low,1,0,3,13,114,67
FING-12988,Inf & Soc (pass),2018/2,False,True,False,yes,2017,1,chilean,1,,1,2014,medium,high,high,medium,,low,1,0,3,13,114,67
FING-12988,Elective (pass),2019/1,False,True,False,yes,2017,1,chilean,1,,1,2014,medium,high,high,medium,,low,1,0,3,13,114,67
FING-12988,SoftEng Proj (pass),2019/1,False,True,False,yes,2017,1,chilean,1,,1,2014,medium,high,high,medium,,low,1,0,3,13,114,67
FING-12988,Deg Work (pass),2020/2,False,True,False,yes,2017,1,chilean,1,,1,2014,medium,high,high,medium,,low,1,0,3,13,114,67
FING-13024,IPD Workshop (pass),2013/1,False,True,False,yes,2017,2,,,,,,,,,,,,,,,,,
FING-13024,Intro Eng (pass),2013/1,False,True,False,yes,2017,2,,,,,,,,,,,,,,,,,
FING-13024,Alg 1 (pass),2013/1,False,True,False,yes,2017,2,,,,,,,,,,,,,,,,,
FING-13024,Cal 1 (pass),2013/1,False,True,False,yes,2017,2,,,,,,,,,,,,,,,,,
FING-13024,Phy 1 (pass),2013/1,False,True,False,yes,2017,2,,,,,,,,,,,,,,,,,
FING-13024,Std Methods (pass),2013/1,False,True,False,yes,2017,2,,,,,,,,,,,,,,,,,
FING-13024,Phy 1 (pass),2013/1,False,True,False,yes,2017,2,,,,,,,,,,,,,,,,,
FING-13024,Cal 1 (pass),2013/1,False,True,False,yes,2017,2,,,,,,,,,,,,,,,,,
FING-13024,Intro Eng (pass),2013/1,False,True,False,yes,2017,2,,,,,,,,,,,,,,,,,
FING-13024,Std Methods (pass),2013/1,False,True,False,yes,2017,2,,,,,,,,,,,,,,,,,
FING-13024,IPD Workshop (pass),2013/1,False,True,False,yes,2017,2,,,,,,,,,,,,,,,,,
FING-13024,Alg 1 (pass),2013/1,False,True,False,yes,2017,2,,,,,,,,,,,,,,,,,
FING-13024,Alg 2 (pass),2013/2,False,True,False,yes,2017,2,,,,,,,,,,,,,,,,,
FING-13024,Cal 2 (pass),2013/2,False,True,False,yes,2017,2,,,,,,,,,,,,,,,,,
FING-13024,Chemistry (pass),2013/2,False,True,False,yes,2017,2,,,,,,,,,,,,,,,,,
FING-13024,Fund Progr (pass),2013/2,False,True,False,yes,2017,2,,,,,,,,,,,,,,,,,
FING-13024,Phy 2 (pass),2013/2,False,True,False,yes,2017,2,,,,,,,,,,,,,,,,,
FING-13024,Chemistry (pass),2013/2,False,True,False,yes,2017,2,,,,,,,,,,,,,,,,,
FING-13024,Fund Progr (pass),2013/2,False,True,False,yes,2017,2,,,,,,,,,,,,,,,,,
FING-13024,Cal 2 (pass),2013/2,False,True,False,yes,2017,2,,,,,,,,,,,,,,,,,
FING-13024,Phy 2 (pass),2013/2,False,True,False,yes,2017,2,,,,,,,,,,,,,,,,,
FING-13024,Alg 2 (pass),2013/2,False,True,False,yes,2017,2,,,,,,,,,,,,,,,,,
FING-13024,Eff Comm (pass),2014/1,False,True,False,yes,2017,2,,,,,,,,,,,,,,,,,
FING-13024,Eng 1 (pass),2014/1,False,True,False,yes,2017,2,,,,,,,,,,,,,,,,,
FING-13024,Eff Comm (pass),2014/1,False,True,False,yes,2017,2,,,,,,,,,,,,,,,,,
FING-13024,Eng 1 (pass),2014/1,False,True,False,yes,2017,2,,,,,,,,,,,,,,,,,
FING-13024,Progr Methd (fail),2014/1,False,True,False,yes,2017,2,,,,,,,,,,,,,,,,,
FING-13024,Elect & Mag (fail),2014/1,False,True,False,yes,2017,2,,,,,,,,,,,,,,,,,
FING-13024,Fund Econ (fail),2014/1,False,True,False,yes,2017,2,,,,,,,,,,,,,,,,,
FING-13024,Diff Ec & Num Meth (fail),2014/1,False,True,False,yes,2017,2,,,,,,,,,,,,,,,,,
FING-13024,Progr Methd (pass),2014/2,False,True,False,yes,2017,2,,,,,,,,,,,,,,,,,
FING-13024,Eng 2 (pass),2014/2,False,True,False,yes,2017,2,,,,,,,,,,,,,,,,,
FING-13024,Elect & Mag (pass),2014/2,False,True,False,yes,2017,2,,,,,,,,,,,,,,,,,
FING-13024,Fund Econ (pass),2014/2,False,True,False,yes,2017,2,,,,,,,,,,,,,,,,,
FING-13024,Elect & Mag (pass),2014/2,False,True,False,yes,2017,2,,,,,,,,,,,,,,,,,
FING-13024,Eng 2 (pass),2014/2,False,True,False,yes,2017,2,,,,,,,,,,,,,,,,,
FING-13024,Fund Econ (pass),2014/2,False,True,False,yes,2017,2,,,,,,,,,,,,,,,,,
FING-13024,Progr Methd (pass),2014/2,False,True,False,yes,2017,2,,,,,,,,,,,,,,,,,
FING-13024,Diff Ec & Num Meth (fail),2014/2,False,True,False,yes,2017,2,,,,,,,,,,,,,,,,,
FING-13024,Eng 3 (pass),2015/1,False,True,False,yes,2017,2,,,,,,,,,,,,,,,,,
FING-13024,Eng 3 (pass),2015/1,False,True,False,yes,2017,2,,,,,,,,,,,,,,,,,
FING-13024,Progr Parad (fail),2015/1,False,True,False,yes,2017,2,,,,,,,,,,,,,,,,,
FING-13024,Algorithms (fail),2015/1,False,True,False,yes,2017,2,,,,,,,,,,,,,,,,,
FING-13024,Stat Analys (pass),2015/2,False,True,False,yes,2017,2,,,,,,,,,,,,,,,,,
FING-13024,Eng 4 (pass),2015/2,False,True,False,yes,2017,2,,,,,,,,,,,,,,,,,
FING-13024,Comp Struc (pass),2015/2,False,True,False,yes,2017,2,,,,,,,,,,,,,,,,,
FING-13024,Stat Analys (pass),2015/2,False,True,False,yes,2017,2,,,,,,,,,,,,,,,,,
FING-13024,Eng 4 (pass),2015/2,False,True,False,yes,2017,2,,,,,,,,,,,,,,,,,
FING-13024,Comp Struc (pass),2015/2,False,True,False,yes,2017,2,,,,,,,,,,,,,,,,,
FING-13024,Diff Ec & Num Meth (pass),2015/2,False,True,False,yes,2017,2,,,,,,,,,,,,,,,,,
FING-13024,Progr Parad (pass),2016/1,False,True,False,yes,2017,2,,,,,,,,,,,,,,,,,
FING-13024,Algorithms (pass),2016/1,False,True,False,yes,2017,2,,,,,,,,,,,,,,,,,
FING-13024,Progr Parad (pass),2016/1,False,True,False,yes,2017,2,,,,,,,,,,,,,,,,,
FING-13024,Algorithms (pass),2016/1,False,True,False,yes,2017,2,,,,,,,,,,,,,,,,,
FING-13024,Comp Org (fail),2016/1,False,True,False,yes,2017,2,,,,,,,,,,,,,,,,,
FING-13024,Comp Org (pass),2016/2,False,True,False,yes,2017,2,,,,,,,,,,,,,,,,,
FING-13024,Syst Eng (pass),2016/2,False,True,False,yes,2017,2,,,,,,,,,,,,,,,,,
FING-13024,SoftEng Fund (pass),2016/2,False,True,False,yes,2017,2,,,,,,,,,,,,,,,,,
FING-13024,DB Design (pass),2016/2,False,True,False,yes,2017,2,,,,,,,,,,,,,,,,,
FING-13024,Syst Eng (pass),2016/2,False,True,False,yes,2017,2,,,,,,,,,,,,,,,,,
FING-13024,SoftEng Fund (pass),2016/2,False,True,False,yes,2017,2,,,,,,,,,,,,,,,,,
FING-13024,DB Design (pass),2016/2,False,True,False,yes,2017,2,,,,,,,,,,,,,,,,,
FING-13024,Comp Org (pass),2016/2,False,True,False,yes,2017,2,,,,,,,,,,,,,,,,,
FING-13024,DB Workshop (pass),2017/1,False,True,False,yes,2017,2,,,,,,,,,,,,,,,,,
FING-13024,DB Workshop (pass),2017/1,False,True,False,yes,2017,2,,,,,,,,,,,,,,,,,
FING-13024,Op Sys (fail),2017/1,False,True,False,yes,2017,2,,,,,,,,,,,,,,,,,
FING-13024,Proj Eval&Manag (pass),2017/2,False,True,False,yes,2017,2,,,,,,,,,,,,,,,,,
FING-13024,Inf Sys (pass),2017/2,False,True,False,yes,2017,2,,,,,,,,,,,,,,,,,
FING-13024,Diff Ec & Num Meth (pass),2018/1,False,True,False,yes,2017,2,,,,,,,,,,,,,,,,,
FING-13024,Op Sys (pass),2018/1,False,True,False,yes,2017,2,,,,,,,,,,,,,,,,,
FING-13024,Comp Net (pass),2018/1,False,True,False,yes,2017,2,,,,,,,,,,,,,,,,,
FING-13024,SoftEng Technq (pass),2018/1,False,True,False,yes,2017,2,,,,,,,,,,,,,,,,,
FING-13024,Elective (pass),2018/2,False,True,False,yes,2017,2,,,,,,,,,,,,,,,,,
FING-13024,Inf Adm & Manag (pass),2018/2,False,True,False,yes,2017,2,,,,,,,,,,,,,,,,,
FING-13024,Seminar (pass),2018/2,False,True,False,yes,2017,2,,,,,,,,,,,,,,,,,
FING-13024,Inf & Soc (pass),2018/2,False,True,False,yes,2017,2,,,,,,,,,,,,,,,,,
FING-13024,Elective (pass),2019/1,False,True,False,yes,2017,2,,,,,,,,,,,,,,,,,
FING-13024,Elective (pass),2019/1,False,True,False,yes,2017,2,,,,,,,,,,,,,,,,,
FING-13024,SoftEng Proj (pass),2019/1,False,True,False,yes,2017,2,,,,,,,,,,,,,,,,,
FING-13024,Deg Work (pass),2020/2,False,True,False,yes,2017,2,,,,,,,,,,,,,,,,,
FING-13085,Intro Eng (pass),2013/1,False,True,False,no,2017,1,,,,,,,,,,,,,,,,,
FING-13085,Std Methods (pass),2013/1,False,True,False,no,2017,1,,,,,,,,,,,,,,,,,
FING-13085,Alg 1 (pass),2013/2,False,True,False,no,2017,1,,,,,,,,,,,,,,,,,
FING-13085,Cal 1 (pass),2013/2,False,True,False,no,2017,1,,,,,,,,,,,,,,,,,
FING-13085,IPD Workshop (pass),2013/2,False,True,False,no,2017,1,,,,,,,,,,,,,,,,,
FING-13085,Chemistry (pass),2013/2,False,True,False,no,2017,1,,,,,,,,,,,,,,,,,
FING-13085,Phy 1 (pass),2014/1,False,True,False,no,2017,1,,,,,,,,,,,,,,,,,
FING-13085,Fund Progr (pass),2014/1,False,True,False,no,2017,1,,,,,,,,,,,,,,,,,
FING-13085,Eng 1 (pass),2014/1,False,True,False,no,2017,1,,,,,,,,,,,,,,,,,
FING-13085,Alg 2 (pass),2014/1,False,True,False,no,2017,1,,,,,,,,,,,,,,,,,
FING-13085,Cal 2 (pass),2014/2,False,True,False,no,2017,1,,,,,,,,,,,,,,,,,
FING-13085,Eff Comm (pass),2014/2,False,True,False,no,2017,1,,,,,,,,,,,,,,,,,
FING-13085,Eng 2 (pass),2014/2,False,True,False,no,2017,1,,,,,,,,,,,,,,,,,
FING-13085,Stat Analys (pass),2015/2,False,True,False,no,2017,1,,,,,,,,,,,,,,,,,
FING-13085,Phy 2 (pass),2015/2,False,True,False,no,2017,1,,,,,,,,,,,,,,,,,
FING-13085,Eng 3 (pass),2015/2,False,True,False,no,2017,1,,,,,,,,,,,,,,,,,
FING-13085,Fund Econ (pass),2016/1,False,True,False,no,2017,1,,,,,,,,,,,,,,,,,
FING-13085,Diff Ec & Num Meth (pass),2016/1,False,True,False,no,2017,1,,,,,,,,,,,,,,,,,
FING-13085,Elect & Mag (pass),2016/1,False,True,False,no,2017,1,,,,,,,,,,,,,,,,,
FING-13085,Eng 4 (pass),2016/1,False,True,False,no,2017,1,,,,,,,,,,,,,,,,,
FING-13085,Comp Struc (fail),2017/2,False,True,False,no,2017,1,,,,,,,,,,,,,,,,,
FING-13085,Progr Methd (pass),2017/2,False,True,False,no,2017,1,,,,,,,,,,,,,,,,,
FING-13085,Syst Eng (pass),2017/2,False,True,False,no,2017,1,,,,,,,,,,,,,,,,,
FING-13085,Comp Struc (pass),2018/1,False,True,False,no,2017,1,,,,,,,,,,,,,,,,,
FING-13085,Inf Sys (pass),2018/1,False,True,False,no,2017,1,,,,,,,,,,,,,,,,,
FING-13085,Algorithms (pass),2018/1,False,True,False,no,2017,1,,,,,,,,,,,,,,,,,
FING-13085,Inf & Soc (pass),2018/1,False,True,False,no,2017,1,,,,,,,,,,,,,,,,,
FING-13085,Progr Parad (pass),2018/2,False,True,False,no,2017,1,,,,,,,,,,,,,,,,,
FING-13085,Comp Org (pass),2018/2,False,True,False,no,2017,1,,,,,,,,,,,,,,,,,
FING-13085,Proj Eval&Manag (pass),2018/2,False,True,False,no,2017,1,,,,,,,,,,,,,,,,,
FING-13085,DB Design (pass),2019/1,False,True,False,no,2017,1,,,,,,,,,,,,,,,,,
FING-13085,Comp Net (pass),2019/1,False,True,False,no,2017,1,,,,,,,,,,,,,,,,,
FING-13085,SoftEng Fund (pass),2019/1,False,True,False,no,2017,1,,,,,,,,,,,,,,,,,
FING-13085,Inf Adm & Manag (pass),2019/1,False,True,False,no,2017,1,,,,,,,,,,,,,,,,,
FING-13085,DB Workshop (pass),2019/2,False,True,False,no,2017,1,,,,,,,,,,,,,,,,,
FING-13085,Elective (pass),2019/2,False,True,False,no,2017,1,,,,,,,,,,,,,,,,,
FING-13085,Op Sys (fail),2019/2,False,True,False,no,2017,1,,,,,,,,,,,,,,,,,
FING-13085,SoftEng Technq (pass),2019/2,False,True,False,no,2017,1,,,,,,,,,,,,,,,,,
FING-13085,Op Sys (pass),2020/1,False,True,False,no,2017,1,,,,,,,,,,,,,,,,,
FING-13085,SoftEng Proj (pass),2020/1,False,True,False,no,2017,1,,,,,,,,,,,,,,,,,
FING-13085,Elective (pass),2020/1,False,True,False,no,2017,1,,,,,,,,,,,,,,,,,
FING-13085,Elective (pass),2020/1,False,True,False,no,2017,1,,,,,,,,,,,,,,,,,
FING-13085,Seminar (pass),2020/1,False,True,False,no,2017,1,,,,,,,,,,,,,,,,,
FING-13085,Deg Work (pass),2020/2,False,True,False,no,2017,1,,,,,,,,,,,,,,,,,
FING-13134,Phy 1 (pass),2013/1,False,True,False,yes,2017,2,,,,,,,,,,,,,,,,,
FING-13134,Intro Eng (pass),2013/1,False,True,False,yes,2017,2,,,,,,,,,,,,,,,,,
FING-13134,IPD Workshop (pass),2013/1,False,True,False,yes,2017,2,,,,,,,,,,,,,,,,,
FING-13134,Alg 1 (pass),2013/1,False,True,False,yes,2017,2,,,,,,,,,,,,,,,,,
FING-13134,Std Methods (pass),2013/1,False,True,False,yes,2017,2,,,,,,,,,,,,,,,,,
FING-13134,Cal 1 (fail),2013/1,False,True,False,yes,2017,2,,,,,,,,,,,,,,,,,
FING-13134,Phy 1 (pass),2013/1,False,True,False,yes,2017,2,,,,,,,,,,,,,,,,,
FING-13134,Alg 1 (pass),2013/1,False,True,False,yes,2017,2,,,,,,,,,,,,,,,,,
FING-13134,Intro Eng (pass),2013/1,False,True,False,yes,2017,2,,,,,,,,,,,,,,,,,
FING-13134,Std Methods (pass),2013/1,False,True,False,yes,2017,2,,,,,,,,,,,,,,,,,
FING-13134,IPD Workshop (pass),2013/1,False,True,False,yes,2017,2,,,,,,,,,,,,,,,,,
FING-13134,Fund Progr (pass),2013/2,False,True,False,yes,2017,2,,,,,,,,,,,,,,,,,
FING-13134,Phy 2 (pass),2013/2,False,True,False,yes,2017,2,,,,,,,,,,,,,,,,,
FING-13134,Alg 2 (pass),2013/2,False,True,False,yes,2017,2,,,,,,,,,,,,,,,,,
FING-13134,Chemistry (pass),2013/2,False,True,False,yes,2017,2,,,,,,,,,,,,,,,,,
FING-13134,Fund Progr (pass),2013/2,False,True,False,yes,2017,2,,,,,,,,,,,,,,,,,
FING-13134,Chemistry (pass),2013/2,False,True,False,yes,2017,2,,,,,,,,,,,,,,,,,
FING-13134,Phy 2 (pass),2013/2,False,True,False,yes,2017,2,,,,,,,,,,,,,,,,,
FING-13134,Cal 1 (fail),2013/2,False,True,False,yes,2017,2,,,,,,,,,,,,,,,,,
FING-13134,Alg 2 (pass),2013/2,False,True,False,yes,2017,2,,,,,,,,,,,,,,,,,
FING-13134,Cal 1 (pass),2014/1,False,True,False,yes,2017,2,,,,,,,,,,,,,,,,,
FING-13134,Eng 1 (pass),2014/1,False,True,False,yes,2017,2,,,,,,,,,,,,,,,,,
FING-13134,Eng 1 (pass),2014/1,False,True,False,yes,2017,2,,,,,,,,,,,,,,,,,
FING-13134,Cal 1 (pass),2014/1,False,True,False,yes,2017,2,,,,,,,,,,,,,,,,,
FING-13134,Progr Methd (fail),2014/1,False,True,False,yes,2017,2,,,,,,,,,,,,,,,,,
FING-13134,Eff Comm (pass),2014/2,False,True,False,yes,2017,2,,,,,,,,,,,,,,,,,
FING-13134,Progr Methd (pass),2014/2,False,True,False,yes,2017,2,,,,,,,,,,,,,,,,,
FING-13134,Cal 2 (pass),2014/2,False,True,False,yes,2017,2,,,,,,,,,,,,,,,,,
FING-13134,Fund Econ (pass),2014/2,False,True,False,yes,2017,2,,,,,,,,,,,,,,,,,
FING-13134,Eng 2 (pass),2014/2,False,True,False,yes,2017,2,,,,,,,,,,,,,,,,,
FING-13134,Eng 2 (pass),2014/2,False,True,False,yes,2017,2,,,,,,,,,,,,,,,,,
FING-13134,Progr Methd (pass),2014/2,False,True,False,yes,2017,2,,,,,,,,,,,,,,,,,
FING-13134,Fund Econ (pass),2014/2,False,True,False,yes,2017,2,,,,,,,,,,,,,,,,,
FING-13134,Cal 2 (pass),2014/2,False,True,False,yes,2017,2,,,,,,,,,,,,,,,,,
FING-13134,Eff Comm (pass),2014/2,False,True,False,yes,2017,2,,,,,,,,,,,,,,,,,
FING-13134,Stat Analys (pass),2015/1,False,True,False,yes,2017,2,,,,,,,,,,,,,,,,,
FING-13134,Eng 3 (pass),2015/1,False,True,False,yes,2017,2,,,,,,,,,,,,,,,,,
FING-13134,Stat Analys (pass),2015/1,False,True,False,yes,2017,2,,,,,,,,,,,,,,,,,
FING-13134,Eng 3 (pass),2015/1,False,True,False,yes,2017,2,,,,,,,,,,,,,,,,,
FING-13134,Elect & Mag (fail),2015/1,False,True,False,yes,2017,2,,,,,,,,,,,,,,,,,
FING-13134,Elect & Mag (pass),2015/2,False,True,False,yes,2017,2,,,,,,,,,,,,,,,,,
FING-13134,Diff Ec & Num Meth (fail),2015/2,False,True,False,yes,2017,2,,,,,,,,,,,,,,,,,
FING-13134,Elect & Mag (pass),2015/2,False,True,False,yes,2017,2,,,,,,,,,,,,,,,,,
FING-13134,Eng 4 (fail),2016/1,False,True,False,yes,2017,2,,,,,,,,,,,,,,,,,
FING-13134,Comp Struc (fail),2016/1,False,True,False,yes,2017,2,,,,,,,,,,,,,,,,,
FING-13134,Algorithms (fail),2016/1,False,True,False,yes,2017,2,,,,,,,,,,,,,,,,,
FING-13134,Diff Ec & Num Meth (pass),2016/1,False,True,False,yes,2017,2,,,,,,,,,,,,,,,,,
FING-13134,Algorithms (pass),2016/2,False,True,False,yes,2017,2,,,,,,,,,,,,,,,,,
FING-13134,Eng 4 (pass),2016/2,False,True,False,yes,2017,2,,,,,,,,,,,,,,,,,
FING-13134,Comp Struc (pass),2016/2,False,True,False,yes,2017,2,,,,,,,,,,,,,,,,,
FING-13134,Comp Struc (pass),2016/2,False,True,False,yes,2017,2,,,,,,,,,,,,,,,,,
FING-13134,Progr Parad (fail),2016/2,False,True,False,yes,2017,2,,,,,,,,,,,,,,,,,
FING-13134,Algorithms (pass),2016/2,False,True,False,yes,2017,2,,,,,,,,,,,,,,,,,
FING-13134,Eng 4 (pass),2016/2,False,True,False,yes,2017,2,,,,,,,,,,,,,,,,,
FING-13134,Comp Org (fail),2017/1,False,True,False,yes,2017,2,,,,,,,,,,,,,,,,,
FING-13134,Progr Parad (fail),2017/1,False,True,False,yes,2017,2,,,,,,,,,,,,,,,,,
FING-13134,Syst Eng (pass),2018/1,False,True,False,yes,2017,2,,,,,,,,,,,,,,,,,
FING-13134,Progr Parad (pass),2018/1,False,True,False,yes,2017,2,,,,,,,,,,,,,,,,,
FING-13134,Comp Org (pass),2018/1,False,True,False,yes,2017,2,,,,,,,,,,,,,,,,,
FING-13134,Op Sys (pass),2018/2,False,True,False,yes,2017,2,,,,,,,,,,,,,,,,,
FING-13134,DB Design (pass),2018/2,False,True,False,yes,2017,2,,,,,,,,,,,,,,,,,
FING-13134,Proj Eval&Manag (pass),2018/2,False,True,False,yes,2017,2,,,,,,,,,,,,,,,,,
FING-13134,SoftEng Fund (pass),2018/2,False,True,False,yes,2017,2,,,,,,,,,,,,,,,,,
FING-13134,DB Workshop (pass),2019/1,False,True,False,yes,2017,2,,,,,,,,,,,,,,,,,
FING-13134,Inf Sys (pass),2019/1,False,True,False,yes,2017,2,,,,,,,,,,,,,,,,,
FING-13134,Comp Net (fail),2019/1,False,True,False,yes,2017,2,,,,,,,,,,,,,,,,,
FING-13134,SoftEng Technq (fail),2019/1,False,True,False,yes,2017,2,,,,,,,,,,,,,,,,,
FING-13134,Inf & Soc (pass),2019/1,False,True,False,yes,2017,2,,,,,,,,,,,,,,,,,
FING-13134,Inf Adm & Manag (pass),2019/1,False,True,False,yes,2017,2,,,,,,,,,,,,,,,,,
FING-13134,Elective (pass),2019/2,False,True,False,yes,2017,2,,,,,,,,,,,,,,,,,
FING-13134,Comp Net (pass),2019/2,False,True,False,yes,2017,2,,,,,,,,,,,,,,,,,
FING-13134,Elective (pass),2019/2,False,True,False,yes,2017,2,,,,,,,,,,,,,,,,,
FING-13134,SoftEng Technq (pass),2019/2,False,True,False,yes,2017,2,,,,,,,,,,,,,,,,,
FING-13134,SoftEng Proj (pass),2020/1,False,True,False,yes,2017,2,,,,,,,,,,,,,,,,,
FING-13134,Seminar (pass),2020/1,False,True,False,yes,2017,2,,,,,,,,,,,,,,,,,
FING-13134,Elective (pass),2020/1,False,True,False,yes,2017,2,,,,,,,,,,,,,,,,,
FING-13134,Deg Work (pass),2021/1,False,True,False,yes,2017,2,,,,,,,,,,,,,,,,,
FING-1528,Intro Eng (pass),2014/1,False,True,False,yes,2017,2,,,,,,,,,,,,,,,,,
FING-1528,IPD Workshop (pass),2014/1,False,True,False,yes,2017,2,,,,,,,,,,,,,,,,,
FING-1528,Std Methods (pass),2014/1,False,True,False,yes,2017,2,,,,,,,,,,,,,,,,,
FING-1528,Alg 1 (fail),2014/1,False,True,False,yes,2017,2,,,,,,,,,,,,,,,,,
FING-1528,Std Methods (pass),2014/1,False,True,False,yes,2017,2,,,,,,,,,,,,,,,,,
FING-1528,Cal 1 (fail),2014/1,False,True,False,yes,2017,2,,,,,,,,,,,,,,,,,
FING-1528,Phy 1 (fail),2014/1,False,True,False,yes,2017,2,,,,,,,,,,,,,,,,,
FING-1528,Intro Eng (pass),2014/1,False,True,False,yes,2017,2,,,,,,,,,,,,,,,,,
FING-1528,IPD Workshop (pass),2014/1,False,True,False,yes,2017,2,,,,,,,,,,,,,,,,,
FING-1528,Eff Comm (pass),2014/2,False,True,False,yes,2017,2,,,,,,,,,,,,,,,,,
FING-1528,Alg 1 (pass),2014/2,False,True,False,yes,2017,2,,,,,,,,,,,,,,,,,
FING-1528,Cal 1 (pass),2014/2,False,True,False,yes,2017,2,,,,,,,,,,,,,,,,,
FING-1528,Eng 1 (pass),2014/2,False,True,False,yes,2017,2,,,,,,,,,,,,,,,,,
FING-1528,Eng 1 (pass),2014/2,False,True,False,yes,2017,2,,,,,,,,,,,,,,,,,
FING-1528,Phy 1 (fail),2014/2,False,True,False,yes,2017,2,,,,,,,,,,,,,,,,,
FING-1528,Alg 1 (pass),2014/2,False,True,False,yes,2017,2,,,,,,,,,,,,,,,,,
FING-1528,Cal 1 (pass),2014/2,False,True,False,yes,2017,2,,,,,,,,,,,,,,,,,
FING-1528,Eff Comm (pass),2014/2,False,True,False,yes,2017,2,,,,,,,,,,,,,,,,,
FING-1528,Chemistry (pass),2015/1,False,True,False,yes,2017,2,,,,,,,,,,,,,,,,,
FING-1528,Eng 2 (pass),2015/1,False,True,False,yes,2017,2,,,,,,,,,,,,,,,,,
FING-1528,Phy 1 (pass),2015/1,False,True,False,yes,2017,2,,,,,,,,,,,,,,,,,
FING-1528,Cal 2 (pass),2015/1,False,True,False,yes,2017,2,,,,,,,,,,,,,,,,,
FING-1528,Alg 2 (pass),2015/1,False,True,False,yes,2017,2,,,,,,,,,,,,,,,,,
FING-1528,Eng 2 (pass),2015/1,False,True,False,yes,2017,2,,,,,,,,,,,,,,,,,
FING-1528,Cal 2 (pass),2015/1,False,True,False,yes,2017,2,,,,,,,,,,,,,,,,,
FING-1528,Alg 2 (pass),2015/1,False,True,False,yes,2017,2,,,,,,,,,,,,,,,,,
FING-1528,Chemistry (pass),2015/1,False,True,False,yes,2017,2,,,,,,,,,,,,,,,,,
FING-1528,Phy 1 (pass),2015/1,False,True,False,yes,2017,2,,,,,,,,,,,,,,,,,
FING-1528,Phy 2 (pass),2015/2,False,True,False,yes,2017,2,,,,,,,,,,,,,,,,,
FING-1528,Eng 3 (pass),2015/2,False,True,False,yes,2017,2,,,,,,,,,,,,,,,,,
FING-1528,Fund Progr (pass),2015/2,False,True,False,yes,2017,2,,,,,,,,,,,,,,,,,
FING-1528,Fund Econ (fail),2015/2,False,True,False,yes,2017,2,,,,,,,,,,,,,,,,,
FING-1528,Eng 3 (pass),2015/2,False,True,False,yes,2017,2,,,,,,,,,,,,,,,,,
FING-1528,Diff Ec & Num Meth (fail),2015/2,False,True,False,yes,2017,2,,,,,,,,,,,,,,,,,
FING-1528,Fund Progr (pass),2015/2,False,True,False,yes,2017,2,,,,,,,,,,,,,,,,,
FING-1528,Phy 2 (pass),2015/2,False,True,False,yes,2017,2,,,,,,,,,,,,,,,,,
FING-1528,Fund Econ (pass),2016/1,False,True,False,yes,2017,2,,,,,,,,,,,,,,,,,
FING-1528,Progr Methd (pass),2016/1,False,True,False,yes,2017,2,,,,,,,,,,,,,,,,,
FING-1528,Stat Analys (pass),2016/1,False,True,False,yes,2017,2,,,,,,,,,,,,,,,,,
FING-1528,Progr Methd (pass),2016/1,False,True,False,yes,2017,2,,,,,,,,,,,,,,,,,
FING-1528,Diff Ec & Num Meth (pass),2016/1,False,True,False,yes,2017,2,,,,,,,,,,,,,,,,,
FING-1528,Stat Analys (pass),2016/1,False,True,False,yes,2017,2,,,,,,,,,,,,,,,,,
FING-1528,Fund Econ (pass),2016/1,False,True,False,yes,2017,2,,,,,,,,,,,,,,,,,
FING-1528,Elect & Mag (fail),2016/1,False,True,False,yes,2017,2,,,,,,,,,,,,,,,,,
FING-1528,Syst Eng (pass),2016/2,False,True,False,yes,2017,2,,,,,,,,,,,,,,,,,
FING-1528,Eng 4 (pass),2016/2,False,True,False,yes,2017,2,,,,,,,,,,,,,,,,,
FING-1528,Elect & Mag (fail),2016/2,False,True,False,yes,2017,2,,,,,,,,,,,,,,,,,
FING-1528,Syst Eng (pass),2016/2,False,True,False,yes,2017,2,,,,,,,,,,,,,,,,,
FING-1528,Eng 4 (pass),2016/2,False,True,False,yes,2017,2,,,,,,,,,,,,,,,,,
FING-1528,Algorithms (fail),2016/2,False,True,False,yes,2017,2,,,,,,,,,,,,,,,,,
FING-1528,Elect & Mag (pass),2017/1,False,True,False,yes,2017,2,,,,,,,,,,,,,,,,,
FING-1528,Algorithms (fail),2017/1,False,True,False,yes,2017,2,,,,,,,,,,,,,,,,,
FING-1528,Progr Parad (fail),2017/1,False,True,False,yes,2017,2,,,,,,,,,,,,,,,,,
FING-1528,Elect & Mag (pass),2017/1,False,True,False,yes,2017,2,,,,,,,,,,,,,,,,,
FING-1528,Diff Ec & Num Meth (pass),2018/1,False,True,False,yes,2017,2,,,,,,,,,,,,,,,,,
FING-1528,Progr Parad (pass),2018/1,False,True,False,yes,2017,2,,,,,,,,,,,,,,,,,
FING-1528,Comp Struc (pass),2018/1,False,True,False,yes,2017,2,,,,,,,,,,,,,,,,,
FING-1528,Algorithms (pass),2018/1,False,True,False,yes,2017,2,,,,,,,,,,,,,,,,,
FING-1528,Inf & Soc (pass),2018/1,False,True,False,yes,2017,2,,,,,,,,,,,,,,,,,
FING-1528,Inf Sys (pass),2018/2,False,True,False,yes,2017,2,,,,,,,,,,,,,,,,,
FING-1528,SoftEng Fund (pass),2018/2,False,True,False,yes,2017,2,,,,,,,,,,,,,,,,,
FING-1528,DB Design (pass),2018/2,False,True,False,yes,2017,2,,,,,,,,,,,,,,,,,
FING-1528,Comp Org (pass),2018/2,False,True,False,yes,2017,2,,,,,,,,,,,,,,,,,
FING-1528,Proj Eval&Manag (fail),2018/2,False,True,False,yes,2017,2,,,,,,,,,,,,,,,,,
FING-1528,DB Workshop (pass),2019/1,False,True,False,yes,2017,2,,,,,,,,,,,,,,,,,
FING-1528,Comp Net (pass),2019/1,False,True,False,yes,2017,2,,,,,,,,,,,,,,,,,
FING-1528,SoftEng Technq (pass),2019/1,False,True,False,yes,2017,2,,,,,,,,,,,,,,,,,
FING-1528,Op Sys (pass),2019/1,False,True,False,yes,2017,2,,,,,,,,,,,,,,,,,
FING-1528,Proj Eval&Manag (pass),2019/1,False,True,False,yes,2017,2,,,,,,,,,,,,,,,,,
FING-1528,Inf Adm & Manag (pass),2019/1,False,True,False,yes,2017,2,,,,,,,,,,,,,,,,,
FING-1528,Elective (pass),2019/2,False,True,False,yes,2017,2,,,,,,,,,,,,,,,,,
FING-1528,Elective (pass),2019/2,False,True,False,yes,2017,2,,,,,,,,,,,,,,,,,
FING-1528,Seminar (pass),2019/2,False,True,False,yes,2017,2,,,,,,,,,,,,,,,,,
FING-1528,SoftEng Proj (pass),2019/2,False,True,False,yes,2017,2,,,,,,,,,,,,,,,,,
FING-1528,Elective (pass),2019/2,False,True,False,yes,2017,2,,,,,,,,,,,,,,,,,
FING-1528,Deg Work (pass),2020/1,False,True,False,yes,2017,2,,,,,,,,,,,,,,,,,
FING-1530,Phy 2 (pass),2014/1,False,True,False,no,2016,2,,,,,,,,,,,,,,,,,
FING-1530,IPD Workshop (pass),2014/1,False,True,False,no,2016,2,,,,,,,,,,,,,,,,,
FING-1530,Std Methods (pass),2014/1,False,True,False,no,2016,2,,,,,,,,,,,,,,,,,
FING-1530,Alg 1 (pass),2014/1,False,True,False,no,2016,2,,,,,,,,,,,,,,,,,
FING-1530,Alg 2 (pass),2014/2,False,True,False,no,2016,2,,,,,,,,,,,,,,,,,
FING-1530,Progr Methd (pass),2014/2,False,True,False,no,2016,2,,,,,,,,,,,,,,,,,
FING-1530,Eff Comm (pass),2014/2,False,True,False,no,2016,2,,,,,,,,,,,,,,,,,
FING-1530,Fund Econ (pass),2014/2,False,True,False,no,2016,2,,,,,,,,,,,,,,,,,
FING-1530,Eng 1 (pass),2015/1,False,True,False,no,2016,2,,,,,,,,,,,,,,,,,
FING-1530,Progr Parad (pass),2015/2,False,True,False,no,2016,2,,,,,,,,,,,,,,,,,
FING-1530,Eng 2 (pass),2015/2,False,True,False,no,2016,2,,,,,,,,,,,,,,,,,
FING-1530,DB Design (fail),2016/1,False,True,False,no,2016,2,,,,,,,,,,,,,,,,,
FING-1530,Eng 3 (pass),2016/1,False,True,False,no,2016,2,,,,,,,,,,,,,,,,,
FING-1530,Stat Analys (pass),2016/1,False,True,False,no,2016,2,,,,,,,,,,,,,,,,,
FING-1530,Elect & Mag (pass),2016/1,False,True,False,no,2016,2,,,,,,,,,,,,,,,,,
FING-1530,Diff Ec & Num Meth (pass),2016/2,False,True,False,no,2016,2,,,,,,,,,,,,,,,,,
FING-1530,Comp Struc (fail),2016/2,False,True,False,no,2016,2,,,,,,,,,,,,,,,,,
FING-1530,Syst Eng (pass),2016/2,False,True,False,no,2016,2,,,,,,,,,,,,,,,,,
FING-1530,DB Design (pass),2016/2,False,True,False,no,2016,2,,,,,,,,,,,,,,,,,
FING-1530,Eng 4 (pass),2016/2,False,True,False,no,2016,2,,,,,,,,,,,,,,,,,
FING-1530,SoftEng Fund (pass),2017/1,False,True,False,no,2016,2,,,,,,,,,,,,,,,,,
FING-1530,Inf Sys (pass),2017/1,False,True,False,no,2016,2,,,,,,,,,,,,,,,,,
FING-1530,Comp Struc (pass),2017/1,False,True,False,no,2016,2,,,,,,,,,,,,,,,,,
FING-1530,Inf & Soc (pass),2017/1,False,True,False,no,2016,2,,,,,,,,,,,,,,,,,
FING-1530,Comp Org (pass),2017/2,False,True,False,no,2016,2,,,,,,,,,,,,,,,,,
FING-1530,Elective (pass),2017/2,False,True,False,no,2016,2,,,,,,,,,,,,,,,,,
FING-1530,DB Workshop (pass),2017/2,False,True,False,no,2016,2,,,,,,,,,,,,,,,,,
FING-1530,Proj Eval&Manag (fail),2017/2,False,True,False,no,2016,2,,,,,,,,,,,,,,,,,
FING-1530,Op Sys (pass),2018/1,False,True,False,no,2016,2,,,,,,,,,,,,,,,,,
FING-1530,Comp Net (pass),2018/1,False,True,False,no,2016,2,,,,,,,,,,,,,,,,,
FING-1530,Elective (pass),2018/1,False,True,False,no,2016,2,,,,,,,,,,,,,,,,,
FING-1530,SoftEng Technq (pass),2018/1,False,True,False,no,2016,2,,,,,,,,,,,,,,,,,
FING-1530,Proj Eval&Manag (pass),2018/1,False,True,False,no,2016,2,,,,,,,,,,,,,,,,,
FING-1530,Elective (pass),2018/2,False,True,False,no,2016,2,,,,,,,,,,,,,,,,,
FING-1530,Inf Adm & Manag (pass),2018/2,False,True,False,no,2016,2,,,,,,,,,,,,,,,,,
FING-1530,Seminar (pass),2018/2,False,True,False,no,2016,2,,,,,,,,,,,,,,,,,
FING-1530,SoftEng Proj (pass),2019/1,False,True,False,no,2016,2,,,,,,,,,,,,,,,,,
FING-1530,Deg Work (pass),2019/2,False,True,False,no,2016,2,,,,,,,,,,,,,,,,,
FING-1531,Alg 1 (pass),2014/1,False,True,False,yes,2018,1,,,,,,,,,,,,,,,,,
FING-1531,IPD Workshop (pass),2014/1,False,True,False,yes,2018,1,,,,,,,,,,,,,,,,,
FING-1531,Std Methods (pass),2014/1,False,True,False,yes,2018,1,,,,,,,,,,,,,,,,,
FING-1531,Intro Eng (pass),2014/1,False,True,False,yes,2018,1,,,,,,,,,,,,,,,,,
FING-1531,Alg 1 (pass),2014/1,False,True,False,yes,2018,1,,,,,,,,,,,,,,,,,
FING-1531,Std Methods (pass),2014/1,False,True,False,yes,2018,1,,,,,,,,,,,,,,,,,
FING-1531,Cal 1 (fail),2014/1,False,True,False,yes,2018,1,,,,,,,,,,,,,,,,,
FING-1531,Phy 1 (fail),2014/1,False,True,False,yes,2018,1,,,,,,,,,,,,,,,,,
FING-1531,Intro Eng (pass),2014/1,False,True,False,yes,2018,1,,,,,,,,,,,,,,,,,
FING-1531,IPD Workshop (pass),2014/1,False,True,False,yes,2018,1,,,,,,,,,,,,,,,,,
FING-1531,Cal 1 (pass),2014/2,False,True,False,yes,2018,1,,,,,,,,,,,,,,,,,
FING-1531,Alg 2 (pass),2014/2,False,True,False,yes,2018,1,,,,,,,,,,,,,,,,,
FING-1531,Chemistry (pass),2014/2,False,True,False,yes,2018,1,,,,,,,,,,,,,,,,,
FING-1531,Phy 1 (pass),2014/2,False,True,False,yes,2018,1,,,,,,,,,,,,,,,,,
FING-1531,Fund Progr (pass),2014/2,False,True,False,yes,2018,1,,,,,,,,,,,,,,,,,
FING-1531,Fund Progr (pass),2014/2,False,True,False,yes,2018,1,,,,,,,,,,,,,,,,,
FING-1531,Phy 1 (pass),2014/2,False,True,False,yes,2018,1,,,,,,,,,,,,,,,,,
FING-1531,Alg 2 (pass),2014/2,False,True,False,yes,2018,1,,,,,,,,,,,,,,,,,
FING-1531,Chemistry (pass),2014/2,False,True,False,yes,2018,1,,,,,,,,,,,,,,,,,
FING-1531,Cal 1 (pass),2014/2,False,True,False,yes,2018,1,,,,,,,,,,,,,,,,,
FING-1531,Eff Comm (pass),2015/1,False,True,False,yes,2018,1,,,,,,,,,,,,,,,,,
FING-1531,Progr Methd (pass),2015/1,False,True,False,yes,2018,1,,,,,,,,,,,,,,,,,
FING-1531,Fund Econ (pass),2015/1,False,True,False,yes,2018,1,,,,,,,,,,,,,,,,,
FING-1531,Eng 1 (pass),2015/1,False,True,False,yes,2018,1,,,,,,,,,,,,,,,,,
FING-1531,Phy 2 (fail),2015/1,False,True,False,yes,2018,1,,,,,,,,,,,,,,,,,
FING-1531,Eff Comm (pass),2015/1,False,True,False,yes,2018,1,,,,,,,,,,,,,,,,,
FING-1531,Progr Methd (pass),2015/1,False,True,False,yes,2018,1,,,,,,,,,,,,,,,,,
FING-1531,Fund Econ (pass),2015/1,False,True,False,yes,2018,1,,,,,,,,,,,,,,,,,
FING-1531,Eng 1 (pass),2015/1,False,True,False,yes,2018,1,,,,,,,,,,,,,,,,,
FING-1531,Cal 2 (fail),2015/1,False,True,False,yes,2018,1,,,,,,,,,,,,,,,,,
FING-1531,Eng 2 (pass),2015/2,False,True,False,yes,2018,1,,,,,,,,,,,,,,,,,
FING-1531,Phy 2 (pass),2015/2,False,True,False,yes,2018,1,,,,,,,,,,,,,,,,,
FING-1531,Algorithms (pass),2015/2,False,True,False,yes,2018,1,,,,,,,,,,,,,,,,,
FING-1531,Algorithms (pass),2015/2,False,True,False,yes,2018,1,,,,,,,,,,,,,,,,,
FING-1531,Cal 2 (fail),2015/2,False,True,False,yes,2018,1,,,,,,,,,,,,,,,,,
FING-1531,Eng 2 (pass),2015/2,False,True,False,yes,2018,1,,,,,,,,,,,,,,,,,
FING-1531,Phy 2 (pass),2015/2,False,True,False,yes,2018,1,,,,,,,,,,,,,,,,,
FING-1531,Progr Parad (pass),2016/1,False,True,False,yes,2018,1,,,,,,,,,,,,,,,,,
FING-1531,Cal 2 (pass),2016/1,False,True,False,yes,2018,1,,,,,,,,,,,,,,,,,
FING-1531,Eng 3 (pass),2016/1,False,True,False,yes,2018,1,,,,,,,,,,,,,,,,,
FING-1531,Progr Parad (pass),2016/1,False,True,False,yes,2018,1,,,,,,,,,,,,,,,,,
FING-1531,Cal 2 (pass),2016/1,False,True,False,yes,2018,1,,,,,,,,,,,,,,,,,
FING-1531,Eng 3 (pass),2016/1,False,True,False,yes,2018,1,,,,,,,,,,,,,,,,,
FING-1531,Stat Analys (pass),2016/2,False,True,False,yes,2018,1,,,,,,,,,,,,,,,,,
FING-1531,Elect & Mag (pass),2016/2,False,True,False,yes,2018,1,,,,,,,,,,,,,,,,,
FING-1531,Eng 4 (pass),2016/2,False,True,False,yes,2018,1,,,,,,,,,,,,,,,,,
FING-1531,Elect & Mag (pass),2016/2,False,True,False,yes,2018,1,,,,,,,,,,,,,,,,,
FING-1531,Eng 4 (pass),2016/2,False,True,False,yes,2018,1,,,,,,,,,,,,,,,,,
FING-1531,Stat Analys (pass),2016/2,False,True,False,yes,2018,1,,,,,,,,,,,,,,,,,
FING-1531,Diff Ec & Num Meth (pass),2016/2,False,True,False,yes,2018,1,,,,,,,,,,,,,,,,,
FING-1531,DB Design (pass),2017/1,False,True,False,yes,2018,1,,,,,,,,,,,,,,,,,
FING-1531,SoftEng Fund (pass),2017/1,False,True,False,yes,2018,1,,,,,,,,,,,,,,,,,
FING-1531,Comp Struc (pass),2017/1,False,True,False,yes,2018,1,,,,,,,,,,,,,,,,,
FING-1531,Syst Eng (pass),2017/1,False,True,False,yes,2018,1,,,,,,,,,,,,,,,,,
FING-1531,SoftEng Fund (pass),2017/1,False,True,False,yes,2018,1,,,,,,,,,,,,,,,,,
FING-1531,DB Design (pass),2017/1,False,True,False,yes,2018,1,,,,,,,,,,,,,,,,,
FING-1531,Comp Struc (pass),2017/1,False,True,False,yes,2018,1,,,,,,,,,,,,,,,,,
FING-1531,Syst Eng (pass),2017/1,False,True,False,yes,2018,1,,,,,,,,,,,,,,,,,
FING-1531,Elective (pass),2017/2,False,True,False,yes,2018,1,,,,,,,,,,,,,,,,,
FING-1531,SoftEng Technq (pass),2017/2,False,True,False,yes,2018,1,,,,,,,,,,,,,,,,,
FING-1531,Comp Org (pass),2017/2,False,True,False,yes,2018,1,,,,,,,,,,,,,,,,,
FING-1531,DB Workshop (pass),2017/2,False,True,False,yes,2018,1,,,,,,,,,,,,,,,,,
FING-1531,Comp Org (pass),2017/2,False,True,False,yes,2018,1,,,,,,,,,,,,,,,,,
FING-1531,DB Workshop (pass),2017/2,False,True,False,yes,2018,1,,,,,,,,,,,,,,,,,
FING-1531,Diff Ec & Num Meth (pass),2018/1,False,True,False,yes,2018,1,,,,,,,,,,,,,,,,,
FING-1531,Op Sys (fail),2018/1,False,True,False,yes,2018,1,,,,,,,,,,,,,,,,,
FING-1531,Inf Sys (pass),2018/1,False,True,False,yes,2018,1,,,,,,,,,,,,,,,,,
FING-1531,Proj Eval&Manag (pass),2018/1,False,True,False,yes,2018,1,,,,,,,,,,,,,,,,,
FING-1531,Inf Adm & Manag (pass),2018/2,False,True,False,yes,2018,1,,,,,,,,,,,,,,,,,
FING-1531,Comp Net (pass),2018/2,False,True,False,yes,2018,1,,,,,,,,,,,,,,,,,
FING-1531,Op Sys (pass),2018/2,False,True,False,yes,2018,1,,,,,,,,,,,,,,,,,
FING-1531,Inf & Soc (pass),2018/2,False,True,False,yes,2018,1,,,,,,,,,,,,,,,,,
FING-1531,Elective (pass),2019/1,False,True,False,yes,2018,1,,,,,,,,,,,,,,,,,
FING-1531,SoftEng Proj (pass),2019/1,False,True,False,yes,2018,1,,,,,,,,,,,,,,,,,
FING-1531,Elective (pass),2019/1,False,True,False,yes,2018,1,,,,,,,,,,,,,,,,,
FING-1531,Seminar (pass),2019/1,False,True,False,yes,2018,1,,,,,,,,,,,,,,,,,
FING-1531,Deg Work (pass),2019/2,False,True,False,yes,2018,1,,,,,,,,,,,,,,,,,
FING-165,Cal 1 (pass),2014/1,False,True,False,yes,2017,2,,,,,,,,,,,,,,,,,
FING-165,Phy 1 (pass),2014/1,False,True,False,yes,2017,2,,,,,,,,,,,,,,,,,
FING-165,Intro Eng (pass),2014/1,False,True,False,yes,2017,2,,,,,,,,,,,,,,,,,
FING-165,Alg 1 (pass),2014/1,False,True,False,yes,2017,2,,,,,,,,,,,,,,,,,
FING-165,IPD Workshop (pass),2014/1,False,True,False,yes,2017,2,,,,,,,,,,,,,,,,,
FING-165,Std Methods (pass),2014/1,False,True,False,yes,2017,2,,,,,,,,,,,,,,,,,
FING-165,Intro Eng (pass),2014/1,False,True,False,yes,2017,2,,,,,,,,,,,,,,,,,
FING-165,Std Methods (pass),2014/1,False,True,False,yes,2017,2,,,,,,,,,,,,,,,,,
FING-165,Phy 1 (pass),2014/1,False,True,False,yes,2017,2,,,,,,,,,,,,,,,,,
FING-165,Cal 1 (pass),2014/1,False,True,False,yes,2017,2,,,,,,,,,,,,,,,,,
FING-165,Alg 1 (pass),2014/1,False,True,False,yes,2017,2,,,,,,,,,,,,,,,,,
FING-165,IPD Workshop (pass),2014/1,False,True,False,yes,2017,2,,,,,,,,,,,,,,,,,
FING-165,Chemistry (pass),2014/2,False,True,False,yes,2017,2,,,,,,,,,,,,,,,,,
FING-165,Phy 2 (pass),2014/2,False,True,False,yes,2017,2,,,,,,,,,,,,,,,,,
FING-165,Fund Progr (fail),2014/2,False,True,False,yes,2017,2,,,,,,,,,,,,,,,,,
FING-165,Alg 2 (fail),2014/2,False,True,False,yes,2017,2,,,,,,,,,,,,,,,,,
FING-165,Cal 2 (fail),2014/2,False,True,False,yes,2017,2,,,,,,,,,,,,,,,,,
FING-165,Chemistry (pass),2014/2,False,True,False,yes,2017,2,,,,,,,,,,,,,,,,,
FING-165,Phy 2 (pass),2014/2,False,True,False,yes,2017,2,,,,,,,,,,,,,,,,,
FING-165,Cal 2 (pass),2015/1,False,True,False,yes,2017,2,,,,,,,,,,,,,,,,,
FING-165,Fund Progr (pass),2015/1,False,True,False,yes,2017,2,,,,,,,,,,,,,,,,,
FING-165,Alg 2 (pass),2015/1,False,True,False,yes,2017,2,,,,,,,,,,,,,,,,,
FING-165,Eng 1 (pass),2015/1,False,True,False,yes,2017,2,,,,,,,,,,,,,,,,,
FING-165,Fund Progr (pass),2015/1,False,True,False,yes,2017,2,,,,,,,,,,,,,,,,,
FING-165,Eng 1 (pass),2015/1,False,True,False,yes,2017,2,,,,,,,,,,,,,,,,,
FING-165,Cal 2 (pass),2015/1,False,True,False,yes,2017,2,,,,,,,,,,,,,,,,,
FING-165,Alg 2 (pass),2015/1,False,True,False,yes,2017,2,,,,,,,,,,,,,,,,,
FING-165,Eng 2 (pass),2015/2,False,True,False,yes,2017,2,,,,,,,,,,,,,,,,,
FING-165,Eff Comm (pass),2015/2,False,True,False,yes,2017,2,,,,,,,,,,,,,,,,,
FING-165,Fund Econ (fail),2015/2,False,True,False,yes,2017,2,,,,,,,,,,,,,,,,,
FING-165,Progr Methd (fail),2015/2,False,True,False,yes,2017,2,,,,,,,,,,,,,,,,,
FING-165,Elect & Mag (fail),2015/2,False,True,False,yes,2017,2,,,,,,,,,,,,,,,,,
FING-165,Eng 2 (pass),2015/2,False,True,False,yes,2017,2,,,,,,,,,,,,,,,,,
FING-165,Eff Comm (pass),2015/2,False,True,False,yes,2017,2,,,,,,,,,,,,,,,,,
FING-165,Diff Ec & Num Meth (fail),2015/2,False,True,False,yes,2017,2,,,,,,,,,,,,,,,,,
FING-165,Elect & Mag (pass),2016/1,False,True,False,yes,2017,2,,,,,,,,,,,,,,,,,
FING-165,Progr Methd (pass),2016/1,False,True,False,yes,2017,2,,,,,,,,,,,,,,,,,
FING-165,Fund Econ (pass),2016/1,False,True,False,yes,2017,2,,,,,,,,,,,,,,,,,
FING-165,Progr Methd (pass),2016/1,False,True,False,yes,2017,2,,,,,,,,,,,,,,,,,
FING-165,Stat Analys (fail),2016/1,False,True,False,yes,2017,2,,,,,,,,,,,,,,,,,
FING-165,Fund Econ (pass),2016/1,False,True,False,yes,2017,2,,,,,,,,,,,,,,,,,
FING-165,Elect & Mag (pass),2016/1,False,True,False,yes,2017,2,,,,,,,,,,,,,,,,,
FING-165,Stat Analys (pass),2016/2,False,True,False,yes,2017,2,,,,,,,,,,,,,,,,,
FING-165,Eng 3 (pass),2016/2,False,True,False,yes,2017,2,,,,,,,,,,,,,,,,,
FING-165,Stat Analys (pass),2016/2,False,True,False,yes,2017,2,,,,,,,,,,,,,,,,,
FING-165,Comp Struc (fail),2016/2,False,True,False,yes,2017,2,,,,,,,,,,,,,,,,,
FING-165,Eng 3 (pass),2016/2,False,True,False,yes,2017,2,,,,,,,,,,,,,,,,,
FING-165,Algorithms (fail),2016/2,False,True,False,yes,2017,2,,,,,,,,,,,,,,,,,
FING-165,Algorithms (fail),2017/1,False,True,False,yes,2017,2,,,,,,,,,,,,,,,,,
FING-165,Diff Ec & Num Meth (fail),2017/1,False,True,False,yes,2017,2,,,,,,,,,,,,,,,,,
FING-165,Eng 4 (pass),2017/1,False,True,False,yes,2017,2,,,,,,,,,,,,,,,,,
FING-165,Comp Struc (pass),2017/1,False,True,False,yes,2017,2,,,,,,,,,,,,,,,,,
FING-165,Algorithms (fail),2017/2,False,True,False,yes,2017,2,,,,,,,,,,,,,,,,,
FING-165,Syst Eng (pass),2017/2,False,True,False,yes,2017,2,,,,,,,,,,,,,,,,,
FING-165,Proj Eval&Manag (fail),2017/2,False,True,False,yes,2017,2,,,,,,,,,,,,,,,,,
FING-165,Diff Ec & Num Meth (fail),2017/2,False,True,False,yes,2017,2,,,,,,,,,,,,,,,,,
FING-165,Diff Ec & Num Meth (pass),2018/1,False,True,False,yes,2017,2,,,,,,,,,,,,,,,,,
FING-165,Progr Parad (fail),2018/1,False,True,False,yes,2017,2,,,,,,,,,,,,,,,,,
FING-165,Algorithms (pass),2018/1,False,True,False,yes,2017,2,,,,,,,,,,,,,,,,,
FING-165,Proj Eval&Manag (pass),2018/1,False,True,False,yes,2017,2,,,,,,,,,,,,,,,,,
FING-165,Inf & Soc (pass),2018/1,False,True,False,yes,2017,2,,,,,,,,,,,,,,,,,
FING-165,Comp Org (fail),2019/1,False,True,False,yes,2017,2,,,,,,,,,,,,,,,,,
FING-165,DB Design (pass),2019/1,False,True,False,yes,2017,2,,,,,,,,,,,,,,,,,
FING-165,Inf Sys (pass),2019/1,False,True,False,yes,2017,2,,,,,,,,,,,,,,,,,
FING-165,SoftEng Fund (pass),2019/1,False,True,False,yes,2017,2,,,,,,,,,,,,,,,,,
FING-165,Progr Parad (pass),2019/1,False,True,False,yes,2017,2,,,,,,,,,,,,,,,,,
FING-165,DB Workshop (pass),2019/2,False,True,False,yes,2017,2,,,,,,,,,,,,,,,,,
FING-165,Comp Net (pass),2019/2,False,True,False,yes,2017,2,,,,,,,,,,,,,,,,,
FING-165,SoftEng Technq (pass),2019/2,False,True,False,yes,2017,2,,,,,,,,,,,,,,,,,
FING-165,Comp Org (pass),2019/2,False,True,False,yes,2017,2,,,,,,,,,,,,,,,,,
FING-165,Op Sys (pass),2020/1,False,True,False,yes,2017,2,,,,,,,,,,,,,,,,,
FING-165,Elective (pass),2020/1,False,True,False,yes,2017,2,,,,,,,,,,,,,,,,,
FING-165,Inf Adm & Manag (pass),2020/1,False,True,False,yes,2017,2,,,,,,,,,,,,,,,,,
FING-165,Elective (pass),2020/1,False,True,False,yes,2017,2,,,,,,,,,,,,,,,,,
FING-165,SoftEng Proj (pass),2020/2,False,True,False,yes,2017,2,,,,,,,,,,,,,,,,,
FING-165,Seminar (pass),2020/2,False,True,False,yes,2017,2,,,,,,,,,,,,,,,,,
FING-165,Elective (pass),2020/2,False,True,False,yes,2017,2,,,,,,,,,,,,,,,,,
FING-165,Deg Work (pass),2021/1,False,True,False,yes,2017,2,,,,,,,,,,,,,,,,,
FING-16507,IPD Workshop (pass),2013/1,False,True,False,no,2017,2,,,,,,,,,,,,,,,,,
FING-16507,Std Methods (pass),2013/1,False,True,False,no,2017,2,,,,,,,,,,,,,,,,,
FING-16507,Intro Eng (pass),2013/1,False,True,False,no,2017,2,,,,,,,,,,,,,,,,,
FING-16507,Cal 1 (pass),2013/1,False,True,False,no,2017,2,,,,,,,,,,,,,,,,,
FING-16507,Alg 1 (pass),2013/1,False,True,False,no,2017,2,,,,,,,,,,,,,,,,,
FING-16507,Phy 1 (pass),2013/1,False,True,False,no,2017,2,,,,,,,,,,,,,,,,,
FING-16507,Phy 2 (pass),2013/2,False,True,False,no,2017,2,,,,,,,,,,,,,,,,,
FING-16507,Alg 2 (pass),2013/2,False,True,False,no,2017,2,,,,,,,,,,,,,,,,,
FING-16507,Chemistry (pass),2013/2,False,True,False,no,2017,2,,,,,,,,,,,,,,,,,
FING-16507,Fund Progr (pass),2013/2,False,True,False,no,2017,2,,,,,,,,,,,,,,,,,
FING-16507,Eng 1 (pass),2014/1,False,True,False,no,2017,2,,,,,,,,,,,,,,,,,
FING-16507,Progr Methd (pass),2014/1,False,True,False,no,2017,2,,,,,,,,,,,,,,,,,
FING-16507,Cal 2 (pass),2014/1,False,True,False,no,2017,2,,,,,,,,,,,,,,,,,
FING-16507,Eff Comm (pass),2014/2,False,True,False,no,2017,2,,,,,,,,,,,,,,,,,
FING-16507,Fund Econ (pass),2014/2,False,True,False,no,2017,2,,,,,,,,,,,,,,,,,
FING-16507,Eng 2 (pass),2015/1,False,True,False,no,2017,2,,,,,,,,,,,,,,,,,
FING-16507,Elect & Mag (pass),2015/1,False,True,False,no,2017,2,,,,,,,,,,,,,,,,,
FING-16507,Eng 3 (pass),2015/2,False,True,False,no,2017,2,,,,,,,,,,,,,,,,,
FING-16507,Stat Analys (pass),2015/2,False,True,False,no,2017,2,,,,,,,,,,,,,,,,,
FING-16507,Comp Struc (pass),2015/2,False,True,False,no,2017,2,,,,,,,,,,,,,,,,,
FING-16507,Algorithms (pass),2016/1,False,True,False,no,2017,2,,,,,,,,,,,,,,,,,
FING-16507,Eng 4 (pass),2016/1,False,True,False,no,2017,2,,,,,,,,,,,,,,,,,
FING-16507,Progr Parad (pass),2016/1,False,True,False,no,2017,2,,,,,,,,,,,,,,,,,
FING-16507,SoftEng Fund (pass),2016/2,False,True,False,no,2017,2,,,,,,,,,,,,,,,,,
FING-16507,DB Design (pass),2016/2,False,True,False,no,2017,2,,,,,,,,,,,,,,,,,
FING-16507,Syst Eng (pass),2016/2,False,True,False,no,2017,2,,,,,,,,,,,,,,,,,
FING-16507,Comp Org (pass),2016/2,False,True,False,no,2017,2,,,,,,,,,,,,,,,,,
FING-16507,DB Workshop (pass),2017/1,False,True,False,no,2017,2,,,,,,,,,,,,,,,,,
FING-16507,Proj Eval&Manag (pass),2017/1,False,True,False,no,2017,2,,,,,,,,,,,,,,,,,
FING-16507,Inf Sys (pass),2017/1,False,True,False,no,2017,2,,,,,,,,,,,,,,,,,
FING-16507,Diff Ec & Num Meth (pass),2017/1,False,True,False,no,2017,2,,,,,,,,,,,,,,,,,
FING-16507,Op Sys (pass),2017/2,False,True,False,no,2017,2,,,,,,,,,,,,,,,,,
FING-16507,Inf Adm & Manag (pass),2017/2,False,True,False,no,2017,2,,,,,,,,,,,,,,,,,
FING-16507,SoftEng Technq (pass),2017/2,False,True,False,no,2017,2,,,,,,,,,,,,,,,,,
FING-16507,Inf & Soc (pass),2017/2,False,True,False,no,2017,2,,,,,,,,,,,,,,,,,
FING-16507,Comp Net (pass),2017/2,False,True,False,no,2017,2,,,,,,,,,,,,,,,,,
FING-16507,Elective (pass),2018/1,False,True,False,no,2017,2,,,,,,,,,,,,,,,,,
FING-16507,SoftEng Proj (pass),2018/1,False,True,False,no,2017,2,,,,,,,,,,,,,,,,,
FING-16507,Elective (pass),2018/1,False,True,False,no,2017,2,,,,,,,,,,,,,,,,,
FING-16507,Elective (pass),2018/1,False,True,False,no,2017,2,,,,,,,,,,,,,,,,,
FING-16507,Seminar (pass),2018/1,False,True,False,no,2017,2,,,,,,,,,,,,,,,,,
FING-16507,Deg Work (pass),2019/1,False,True,False,no,2017,2,,,,,,,,,,,,,,,,,
FING-16627,IPD Workshop (pass),2012/1,False,True,False,no,2012,2,,,,,,,,,,,,,,,,,
FING-16627,Cal 1 (fail),2012/1,False,True,False,no,2012,2,,,,,,,,,,,,,,,,,
FING-16627,Alg 1 (fail),2012/1,False,True,False,no,2012,2,,,,,,,,,,,,,,,,,
FING-16627,Phy 1 (pass),2012/1,False,True,False,no,2012,2,,,,,,,,,,,,,,,,,
FING-16627,Std Methods (pass),2012/1,False,True,False,no,2012,2,,,,,,,,,,,,,,,,,
FING-16627,Intro Eng (pass),2012/1,False,True,False,no,2012,2,,,,,,,,,,,,,,,,,
FING-16627,Phy 2 (pass),2012/2,False,True,False,no,2012,2,,,,,,,,,,,,,,,,,
FING-16627,Chemistry (pass),2012/2,False,True,False,no,2012,2,,,,,,,,,,,,,,,,,
FING-16627,Cal 1 (pass),2012/2,False,True,False,no,2012,2,,,,,,,,,,,,,,,,,
FING-16627,Alg 1 (pass),2012/2,False,True,False,no,2012,2,,,,,,,,,,,,,,,,,
FING-16627,Fund Progr (fail),2012/2,False,True,False,no,2012,2,,,,,,,,,,,,,,,,,
FING-16627,Eff Comm (pass),2013/1,False,True,False,no,2012,2,,,,,,,,,,,,,,,,,
FING-16627,Alg 2 (fail),2013/1,False,True,False,no,2012,2,,,,,,,,,,,,,,,,,
FING-16627,Cal 2 (pass),2013/1,False,True,False,no,2012,2,,,,,,,,,,,,,,,,,
FING-16627,Fund Progr (pass),2013/1,False,True,False,no,2012,2,,,,,,,,,,,,,,,,,
FING-16627,Elect & Mag (fail),2013/1,False,True,False,no,2012,2,,,,,,,,,,,,,,,,,
FING-16627,Stat Analys (fail),2013/2,False,True,False,no,2012,2,,,,,,,,,,,,,,,,,
FING-16627,Fund Econ (pass),2013/2,False,True,False,no,2012,2,,,,,,,,,,,,,,,,,
FING-16627,Alg 2 (pass),2013/2,False,True,False,no,2012,2,,,,,,,,,,,,,,,,,
FING-16627,Elect & Mag (pass),2013/2,False,True,False,no,2012,2,,,,,,,,,,,,,,,,,
FING-16627,Progr Methd (pass),2013/2,False,True,False,no,2012,2,,,,,,,,,,,,,,,,,
FING-16627,Diff Ec & Num Meth (fail),2014/1,False,True,False,no,2012,2,,,,,,,,,,,,,,,,,
FING-16627,Eng 1 (pass),2014/1,False,True,False,no,2012,2,,,,,,,,,,,,,,,,,
FING-16627,Comp Struc (pass),2014/1,False,True,False,no,2012,2,,,,,,,,,,,,,,,,,
FING-16627,Progr Parad (pass),2014/1,False,True,False,no,2012,2,,,,,,,,,,,,,,,,,
FING-16627,Algorithms (fail),2014/1,False,True,False,no,2012,2,,,,,,,,,,,,,,,,,
FING-16627,Stat Analys (pass),2014/1,False,True,False,no,2012,2,,,,,,,,,,,,,,,,,
FING-16627,Eng 2 (pass),2014/2,False,True,False,no,2012,2,,,,,,,,,,,,,,,,,
FING-16627,Proj Eval&Manag (pass),2014/2,False,True,False,no,2012,2,,,,,,,,,,,,,,,,,
FING-16627,Algorithms (pass),2014/2,False,True,False,no,2012,2,,,,,,,,,,,,,,,,,
FING-16627,Syst Eng (pass),2014/2,False,True,False,no,2012,2,,,,,,,,,,,,,,,,,
FING-16627,Diff Ec & Num Meth (pass),2014/2,False,True,False,no,2012,2,,,,,,,,,,,,,,,,,
FING-16627,Comp Org (pass),2014/2,False,True,False,no,2012,2,,,,,,,,,,,,,,,,,
FING-16627,SoftEng Fund (pass),2015/1,False,True,False,no,2012,2,,,,,,,,,,,,,,,,,
FING-16627,Eng 3 (pass),2015/1,False,True,False,no,2012,2,,,,,,,,,,,,,,,,,
FING-16627,Op Sys (pass),2015/1,False,True,False,no,2012,2,,,,,,,,,,,,,,,,,
FING-16627,Inf & Soc (pass),2015/1,False,True,False,no,2012,2,,,,,,,,,,,,,,,,,
FING-16627,Inf Sys (pass),2015/1,False,True,False,no,2012,2,,,,,,,,,,,,,,,,,
FING-16627,Inf Adm & Manag (pass),2015/1,False,True,False,no,2012,2,,,,,,,,,,,,,,,,,
FING-16627,DB Design (fail),2015/1,False,True,False,no,2012,2,,,,,,,,,,,,,,,,,
FING-16627,SoftEng Technq (pass),2015/2,False,True,False,no,2012,2,,,,,,,,,,,,,,,,,
FING-16627,DB Workshop (pass),2015/2,False,True,False,no,2012,2,,,,,,,,,,,,,,,,,
FING-16627,Comp Net (pass),2015/2,False,True,False,no,2012,2,,,,,,,,,,,,,,,,,
FING-16627,DB Design (pass),2015/2,False,True,False,no,2012,2,,,,,,,,,,,,,,,,,
FING-16627,Seminar (pass),2016/1,False,True,False,no,2012,2,,,,,,,,,,,,,,,,,
FING-16627,Eng 4 (pass),2016/1,False,True,False,no,2012,2,,,,,,,,,,,,,,,,,
FING-16627,Elective (pass),2016/1,False,True,False,no,2012,2,,,,,,,,,,,,,,,,,
FING-16627,Elective (pass),2016/1,False,True,False,no,2012,2,,,,,,,,,,,,,,,,,
FING-16627,Elective (pass),2016/1,False,True,False,no,2012,2,,,,,,,,,,,,,,,,,
FING-16627,SoftEng Proj (fail),2016/1,False,True,False,no,2012,2,,,,,,,,,,,,,,,,,
FING-16627,SoftEng Proj (pass),2016/2,False,True,False,no,2012,2,,,,,,,,,,,,,,,,,
FING-16627,Deg Work (pass),2016/2,False,True,False,no,2012,2,,,,,,,,,,,,,,,,,
FING-16693,IPD Workshop (pass),2013/1,False,True,False,no,2013,2,chilean,1,academic excellence,1,2012,medium,medium,medium,medium,,medium,,0,3,13,114,90
FING-16693,Phy 1 (pass),2013/1,False,True,False,no,2013,2,chilean,1,academic excellence,1,2012,medium,medium,medium,medium,,medium,,0,3,13,114,90
FING-16693,Alg 1 (fail),2013/1,False,True,False,no,2013,2,chilean,1,academic excellence,1,2012,medium,medium,medium,medium,,medium,,0,3,13,114,90
FING-16693,Cal 1 (fail),2013/1,False,True,False,no,2013,2,chilean,1,academic excellence,1,2012,medium,medium,medium,medium,,medium,,0,3,13,114,90
FING-16693,Std Methods (pass),2013/1,False,True,False,no,2013,2,chilean,1,academic excellence,1,2012,medium,medium,medium,medium,,medium,,0,3,13,114,90
FING-16693,Intro Eng (pass),2013/1,False,True,False,no,2013,2,chilean,1,academic excellence,1,2012,medium,medium,medium,medium,,medium,,0,3,13,114,90
FING-16693,Fund Progr (pass),2013/2,False,True,False,no,2013,2,chilean,1,academic excellence,1,2012,medium,medium,medium,medium,,medium,,0,3,13,114,90
FING-16693,Chemistry (fail),2013/2,False,True,False,no,2013,2,chilean,1,academic excellence,1,2012,medium,medium,medium,medium,,medium,,0,3,13,114,90
FING-16693,Cal 1 (fail),2013/2,False,True,False,no,2013,2,chilean,1,academic excellence,1,2012,medium,medium,medium,medium,,medium,,0,3,13,114,90
FING-16693,Phy 2 (pass),2013/2,False,True,False,no,2013,2,chilean,1,academic excellence,1,2012,medium,medium,medium,medium,,medium,,0,3,13,114,90
FING-16693,Alg 1 (pass),2013/2,False,True,False,no,2013,2,chilean,1,academic excellence,1,2012,medium,medium,medium,medium,,medium,,0,3,13,114,90
FING-16693,Alg 2 (pass),2014/1,False,True,False,no,2013,2,chilean,1,academic excellence,1,2012,medium,medium,medium,medium,,medium,,0,3,13,114,90
FING-16693,Eng 1 (pass),2014/1,False,True,False,no,2013,2,chilean,1,academic excellence,1,2012,medium,medium,medium,medium,,medium,,0,3,13,114,90
FING-16693,Cal 1 (pass),2014/1,False,True,False,no,2013,2,chilean,1,academic excellence,1,2012,medium,medium,medium,medium,,medium,,0,3,13,114,90
FING-16693,Progr Methd (fail),2014/1,False,True,False,no,2013,2,chilean,1,academic excellence,1,2012,medium,medium,medium,medium,,medium,,0,3,13,114,90
FING-16693,Chemistry (pass),2014/1,False,True,False,no,2013,2,chilean,1,academic excellence,1,2012,medium,medium,medium,medium,,medium,,0,3,13,114,90
FING-16693,Eng 2 (pass),2014/2,False,True,False,no,2013,2,chilean,1,academic excellence,1,2012,medium,medium,medium,medium,,medium,,0,3,13,114,90
FING-16693,Progr Methd (pass),2014/2,False,True,False,no,2013,2,chilean,1,academic excellence,1,2012,medium,medium,medium,medium,,medium,,0,3,13,114,90
FING-16693,Fund Econ (pass),2014/2,False,True,False,no,2013,2,chilean,1,academic excellence,1,2012,medium,medium,medium,medium,,medium,,0,3,13,114,90
FING-16693,Cal 2 (pass),2014/2,False,True,False,no,2013,2,chilean,1,academic excellence,1,2012,medium,medium,medium,medium,,medium,,0,3,13,114,90
FING-16693,Eff Comm (pass),2014/2,False,True,False,no,2013,2,chilean,1,academic excellence,1,2012,medium,medium,medium,medium,,medium,,0,3,13,114,90
FING-16693,Stat Analys (fail),2015/1,False,True,False,no,2013,2,chilean,1,academic excellence,1,2012,medium,medium,medium,medium,,medium,,0,3,13,114,90
FING-16693,Elect & Mag (pass),2015/1,False,True,False,no,2013,2,chilean,1,academic excellence,1,2012,medium,medium,medium,medium,,medium,,0,3,13,114,90
FING-16693,Eng 3 (pass),2015/1,False,True,False,no,2013,2,chilean,1,academic excellence,1,2012,medium,medium,medium,medium,,medium,,0,3,13,114,90
FING-16693,Algorithms (fail),2015/2,False,True,False,no,2013,2,chilean,1,academic excellence,1,2012,medium,medium,medium,medium,,medium,,0,3,13,114,90
FING-16693,Comp Struc (fail),2015/2,False,True,False,no,2013,2,chilean,1,academic excellence,1,2012,medium,medium,medium,medium,,medium,,0,3,13,114,90
FING-16693,Stat Analys (pass),2015/2,False,True,False,no,2013,2,chilean,1,academic excellence,1,2012,medium,medium,medium,medium,,medium,,0,3,13,114,90
FING-16693,Diff Ec & Num Meth (fail),2015/2,False,True,False,no,2013,2,chilean,1,academic excellence,1,2012,medium,medium,medium,medium,,medium,,0,3,13,114,90
FING-16693,Syst Eng (fail),2016/1,False,True,False,no,2013,2,chilean,1,academic excellence,1,2012,medium,medium,medium,medium,,medium,,0,3,13,114,90
FING-16693,Progr Parad (fail),2016/1,False,True,False,no,2013,2,chilean,1,academic excellence,1,2012,medium,medium,medium,medium,,medium,,0,3,13,114,90
FING-16693,Algorithms (pass),2016/1,False,True,False,no,2013,2,chilean,1,academic excellence,1,2012,medium,medium,medium,medium,,medium,,0,3,13,114,90
FING-16693,Comp Struc (fail),2016/1,False,True,False,no,2013,2,chilean,1,academic excellence,1,2012,medium,medium,medium,medium,,medium,,0,3,13,114,90
FING-16693,Diff Ec & Num Meth (pass),2016/1,False,True,False,no,2013,2,chilean,1,academic excellence,1,2012,medium,medium,medium,medium,,medium,,0,3,13,114,90
FING-16693,Comp Struc (pass),2016/2,False,True,False,no,2013,2,chilean,1,academic excellence,1,2012,medium,medium,medium,medium,,medium,,0,3,13,114,90
FING-16693,Syst Eng (pass),2016/2,False,True,False,no,2013,2,chilean,1,academic excellence,1,2012,medium,medium,medium,medium,,medium,,0,3,13,114,90
FING-16693,Progr Parad (fail),2016/2,False,True,False,no,2013,2,chilean,1,academic excellence,1,2012,medium,medium,medium,medium,,medium,,0,3,13,114,90
FING-16693,Proj Eval&Manag (pass),2016/2,False,True,False,no,2013,2,chilean,1,academic excellence,1,2012,medium,medium,medium,medium,,medium,,0,3,13,114,90
FING-16693,Eng 4 (pass),2016/2,False,True,False,no,2013,2,chilean,1,academic excellence,1,2012,medium,medium,medium,medium,,medium,,0,3,13,114,90
FING-16693,Comp Org (fail),2017/1,False,True,False,no,2013,2,chilean,1,academic excellence,1,2012,medium,medium,medium,medium,,medium,,0,3,13,114,90
FING-16693,Progr Parad (pass),2017/1,False,True,False,no,2013,2,chilean,1,academic excellence,1,2012,medium,medium,medium,medium,,medium,,0,3,13,114,90
FING-16693,Inf Adm & Manag (pass),2017/1,False,True,False,no,2013,2,chilean,1,academic excellence,1,2012,medium,medium,medium,medium,,medium,,0,3,13,114,90
FING-16693,SoftEng Fund (pass),2017/2,False,True,False,no,2013,2,chilean,1,academic excellence,1,2012,medium,medium,medium,medium,,medium,,0,3,13,114,90
FING-16693,Inf & Soc (pass),2017/2,False,True,False,no,2013,2,chilean,1,academic excellence,1,2012,medium,medium,medium,medium,,medium,,0,3,13,114,90
FING-16693,DB Design (pass),2017/2,False,True,False,no,2013,2,chilean,1,academic excellence,1,2012,medium,medium,medium,medium,,medium,,0,3,13,114,90
FING-16693,Comp Org (pass),2017/2,False,True,False,no,2013,2,chilean,1,academic excellence,1,2012,medium,medium,medium,medium,,medium,,0,3,13,114,90
FING-16693,Op Sys (fail),2018/1,False,True,False,no,2013,2,chilean,1,academic excellence,1,2012,medium,medium,medium,medium,,medium,,0,3,13,114,90
FING-16693,DB Workshop (fail),2018/1,False,True,False,no,2013,2,chilean,1,academic excellence,1,2012,medium,medium,medium,medium,,medium,,0,3,13,114,90
FING-16693,Comp Net (pass),2018/1,False,True,False,no,2013,2,chilean,1,academic excellence,1,2012,medium,medium,medium,medium,,medium,,0,3,13,114,90
FING-16693,Inf Sys (pass),2018/1,False,True,False,no,2013,2,chilean,1,academic excellence,1,2012,medium,medium,medium,medium,,medium,,0,3,13,114,90
FING-16693,SoftEng Technq (pass),2018/1,False,True,False,no,2013,2,chilean,1,academic excellence,1,2012,medium,medium,medium,medium,,medium,,0,3,13,114,90
FING-16693,Elective (pass),2018/2,False,True,False,no,2013,2,chilean,1,academic excellence,1,2012,medium,medium,medium,medium,,medium,,0,3,13,114,90
FING-16693,Op Sys (pass),2018/2,False,True,False,no,2013,2,chilean,1,academic excellence,1,2012,medium,medium,medium,medium,,medium,,0,3,13,114,90
FING-16693,Elective (pass),2018/2,False,True,False,no,2013,2,chilean,1,academic excellence,1,2012,medium,medium,medium,medium,,medium,,0,3,13,114,90
FING-16693,DB Workshop (pass),2018/2,False,True,False,no,2013,2,chilean,1,academic excellence,1,2012,medium,medium,medium,medium,,medium,,0,3,13,114,90
FING-16693,Elective (pass),2018/2,False,True,False,no,2013,2,chilean,1,academic excellence,1,2012,medium,medium,medium,medium,,medium,,0,3,13,114,90
FING-16693,SoftEng Proj (pass),2019/1,False,True,False,no,2013,2,chilean,1,academic excellence,1,2012,medium,medium,medium,medium,,medium,,0,3,13,114,90
FING-16693,Seminar (pass),2019/1,False,True,False,no,2013,2,chilean,1,academic excellence,1,2012,medium,medium,medium,medium,,medium,,0,3,13,114,90
FING-16693,Deg Work (pass),2020/1,False,True,False,no,2013,2,chilean,1,academic excellence,1,2012,medium,medium,medium,medium,,medium,,0,3,13,114,90
FING-16742,Phy 1 (pass),2013/1,False,True,False,no,2013,2,,,,,,,,,,,,,,,,,
FING-16742,Alg 1 (pass),2013/1,False,True,False,no,2013,2,,,,,,,,,,,,,,,,,
FING-16742,Cal 1 (pass),2013/1,False,True,False,no,2013,2,,,,,,,,,,,,,,,,,
FING-16742,Std Methods (pass),2013/1,False,True,False,no,2013,2,,,,,,,,,,,,,,,,,
FING-16742,Intro Eng (pass),2013/1,False,True,False,no,2013,2,,,,,,,,,,,,,,,,,
FING-16742,IPD Workshop (pass),2013/1,False,True,False,no,2013,2,,,,,,,,,,,,,,,,,
FING-16742,Fund Progr (fail),2013/2,False,True,False,no,2013,2,,,,,,,,,,,,,,,,,
FING-16742,Chemistry (pass),2013/2,False,True,False,no,2013,2,,,,,,,,,,,,,,,,,
FING-16742,Phy 2 (pass),2013/2,False,True,False,no,2013,2,,,,,,,,,,,,,,,,,
FING-16742,Eff Comm (pass),2013/2,False,True,False,no,2013,2,,,,,,,,,,,,,,,,,
FING-16742,Cal 2 (fail),2013/2,False,True,False,no,2013,2,,,,,,,,,,,,,,,,,
FING-16742,Alg 2 (pass),2013/2,False,True,False,no,2013,2,,,,,,,,,,,,,,,,,
FING-16742,Eng 1 (pass),2014/1,False,True,False,no,2013,2,,,,,,,,,,,,,,,,,
FING-16742,Cal 2 (pass),2014/1,False,True,False,no,2013,2,,,,,,,,,,,,,,,,,
FING-16742,Fund Progr (pass),2014/1,False,True,False,no,2013,2,,,,,,,,,,,,,,,,,
FING-16742,Progr Methd (pass),2014/1,False,True,False,no,2013,2,,,,,,,,,,,,,,,,,
FING-16742,Eng 2 (pass),2014/2,False,True,False,no,2013,2,,,,,,,,,,,,,,,,,
FING-16742,Elect & Mag (pass),2014/2,False,True,False,no,2013,2,,,,,,,,,,,,,,,,,
FING-16742,Diff Ec & Num Meth (pass),2014/2,False,True,False,no,2013,2,,,,,,,,,,,,,,,,,
FING-16742,Fund Econ (pass),2014/2,False,True,False,no,2013,2,,,,,,,,,,,,,,,,,
FING-16742,Stat Analys (pass),2014/2,False,True,False,no,2013,2,,,,,,,,,,,,,,,,,
FING-16742,Syst Eng (pass),2015/1,False,True,False,no,2013,2,,,,,,,,,,,,,,,,,
FING-16742,Eng 3 (pass),2015/1,False,True,False,no,2013,2,,,,,,,,,,,,,,,,,
FING-16742,Progr Parad (fail),2015/1,False,True,False,no,2013,2,,,,,,,,,,,,,,,,,
FING-16742,Inf & Soc (pass),2015/1,False,True,False,no,2013,2,,,,,,,,,,,,,,,,,
FING-16742,Comp Struc (fail),2015/1,False,True,False,no,2013,2,,,,,,,,,,,,,,,,,
FING-16742,Algorithms (pass),2015/2,False,True,False,no,2013,2,,,,,,,,,,,,,,,,,
FING-16742,Progr Parad (fail),2015/2,False,True,False,no,2013,2,,,,,,,,,,,,,,,,,
FING-16742,Eng 4 (pass),2015/2,False,True,False,no,2013,2,,,,,,,,,,,,,,,,,
FING-16742,Proj Eval&Manag (pass),2015/2,False,True,False,no,2013,2,,,,,,,,,,,,,,,,,
FING-16742,Inf Sys (pass),2015/2,False,True,False,no,2013,2,,,,,,,,,,,,,,,,,
FING-16742,Comp Struc (pass),2015/2,False,True,False,no,2013,2,,,,,,,,,,,,,,,,,
FING-16742,DB Design (fail),2016/1,False,True,False,no,2013,2,,,,,,,,,,,,,,,,,
FING-16742,Progr Parad (pass),2016/1,False,True,False,no,2013,2,,,,,,,,,,,,,,,,,
FING-16742,Comp Org (fail),2016/1,False,True,False,no,2013,2,,,,,,,,,,,,,,,,,
FING-16742,SoftEng Fund (pass),2016/1,False,True,False,no,2013,2,,,,,,,,,,,,,,,,,
FING-16742,Comp Org (fail),2016/2,False,True,False,no,2013,2,,,,,,,,,,,,,,,,,
FING-16742,DB Design (pass),2016/2,False,True,False,no,2013,2,,,,,,,,,,,,,,,,,
FING-16742,SoftEng Technq (fail),2016/2,False,True,False,no,2013,2,,,,,,,,,,,,,,,,,
FING-16742,Inf Adm & Manag (pass),2016/2,False,True,False,no,2013,2,,,,,,,,,,,,,,,,,
FING-16742,Op Sys (fail),2017/1,False,True,False,no,2013,2,,,,,,,,,,,,,,,,,
FING-16742,DB Workshop (pass),2017/1,False,True,False,no,2013,2,,,,,,,,,,,,,,,,,
FING-16742,Comp Net (pass),2017/1,False,True,False,no,2013,2,,,,,,,,,,,,,,,,,
FING-16742,Comp Org (pass),2017/1,False,True,False,no,2013,2,,,,,,,,,,,,,,,,,
FING-16742,SoftEng Technq (pass),2017/1,False,True,False,no,2013,2,,,,,,,,,,,,,,,,,
FING-16742,Elective (pass),2017/1,False,True,False,no,2013,2,,,,,,,,,,,,,,,,,
FING-16742,Seminar (fail),2017/2,False,True,False,no,2013,2,,,,,,,,,,,,,,,,,
FING-16742,SoftEng Proj (pass),2017/2,False,True,False,no,2013,2,,,,,,,,,,,,,,,,,
FING-16742,Elective (pass),2017/2,False,True,False,no,2013,2,,,,,,,,,,,,,,,,,
FING-16742,Op Sys (pass),2017/2,False,True,False,no,2013,2,,,,,,,,,,,,,,,,,
FING-16742,Elective (pass),2017/2,False,True,False,no,2013,2,,,,,,,,,,,,,,,,,
FING-16742,Seminar (pass),2018/1,False,True,False,no,2013,2,,,,,,,,,,,,,,,,,
FING-16742,Deg Work (pass),2019/2,False,True,False,no,2013,2,,,,,,,,,,,,,,,,,
FING-16810,IPD Workshop (pass),2012/1,False,True,False,no,2012,2,,,,,,,,,,,,,,,,,
FING-16810,Intro Eng (pass),2012/1,False,True,False,no,2012,2,,,,,,,,,,,,,,,,,
FING-16810,Cal 1 (pass),2012/1,False,True,False,no,2012,2,,,,,,,,,,,,,,,,,
FING-16810,Alg 1 (pass),2012/1,False,True,False,no,2012,2,,,,,,,,,,,,,,,,,
FING-16810,Phy 1 (pass),2012/1,False,True,False,no,2012,2,,,,,,,,,,,,,,,,,
FING-16810,Std Methods (pass),2012/1,False,True,False,no,2012,2,,,,,,,,,,,,,,,,,
FING-16810,Chemistry (pass),2012/2,False,True,False,no,2012,2,,,,,,,,,,,,,,,,,
FING-16810,Fund Progr (fail),2012/2,False,True,False,no,2012,2,,,,,,,,,,,,,,,,,
FING-16810,Phy 2 (pass),2012/2,False,True,False,no,2012,2,,,,,,,,,,,,,,,,,
FING-16810,Cal 2 (pass),2012/2,False,True,False,no,2012,2,,,,,,,,,,,,,,,,,
FING-16810,Alg 2 (pass),2012/2,False,True,False,no,2012,2,,,,,,,,,,,,,,,,,
FING-16810,Stat Analys (pass),2013/1,False,True,False,no,2012,2,,,,,,,,,,,,,,,,,
FING-16810,Diff Ec & Num Meth (pass),2013/1,False,True,False,no,2012,2,,,,,,,,,,,,,,,,,
FING-16810,Eff Comm (pass),2013/1,False,True,False,no,2012,2,,,,,,,,,,,,,,,,,
FING-16810,Elect & Mag (fail),2013/1,False,True,False,no,2012,2,,,,,,,,,,,,,,,,,
FING-16810,Eng 1 (pass),2013/1,False,True,False,no,2012,2,,,,,,,,,,,,,,,,,
FING-16810,Fund Progr (pass),2013/1,False,True,False,no,2012,2,,,,,,,,,,,,,,,,,
FING-16810,Syst Eng (pass),2013/2,False,True,False,no,2012,2,,,,,,,,,,,,,,,,,
FING-16810,Fund Econ (pass),2013/2,False,True,False,no,2012,2,,,,,,,,,,,,,,,,,
FING-16810,Progr Methd (pass),2013/2,False,True,False,no,2012,2,,,,,,,,,,,,,,,,,
FING-16810,Elect & Mag (pass),2013/2,False,True,False,no,2012,2,,,,,,,,,,,,,,,,,
FING-16810,Eng 2 (fail),2013/2,False,True,False,no,2012,2,,,,,,,,,,,,,,,,,
FING-16810,Proj Eval&Manag (pass),2014/1,False,True,False,no,2012,2,,,,,,,,,,,,,,,,,
FING-16810,Eng 2 (pass),2014/1,False,True,False,no,2012,2,,,,,,,,,,,,,,,,,
FING-16810,Comp Struc (fail),2014/1,False,True,False,no,2012,2,,,,,,,,,,,,,,,,,
FING-16810,Progr Parad (pass),2014/1,False,True,False,no,2012,2,,,,,,,,,,,,,,,,,
FING-16810,Algorithms (pass),2014/1,False,True,False,no,2012,2,,,,,,,,,,,,,,,,,
FING-16810,Inf & Soc (pass),2014/1,False,True,False,no,2012,2,,,,,,,,,,,,,,,,,
FING-16810,Eng 3 (pass),2014/2,False,True,False,no,2012,2,,,,,,,,,,,,,,,,,
FING-16810,Inf Adm & Manag (pass),2014/2,False,True,False,no,2012,2,,,,,,,,,,,,,,,,,
FING-16810,DB Design (pass),2014/2,False,True,False,no,2012,2,,,,,,,,,,,,,,,,,
FING-16810,Inf Sys (pass),2014/2,False,True,False,no,2012,2,,,,,,,,,,,,,,,,,
FING-16810,Comp Struc (pass),2014/2,False,True,False,no,2012,2,,,,,,,,,,,,,,,,,
FING-16810,Comp Org (pass),2015/1,False,True,False,no,2012,2,,,,,,,,,,,,,,,,,
FING-16810,Eng 4 (pass),2015/1,False,True,False,no,2012,2,,,,,,,,,,,,,,,,,
FING-16810,SoftEng Fund (pass),2015/1,False,True,False,no,2012,2,,,,,,,,,,,,,,,,,
FING-16810,Op Sys (fail),2015/2,False,True,False,no,2012,2,,,,,,,,,,,,,,,,,
FING-16810,SoftEng Technq (pass),2015/2,False,True,False,no,2012,2,,,,,,,,,,,,,,,,,
FING-16810,DB Workshop (pass),2015/2,False,True,False,no,2012,2,,,,,,,,,,,,,,,,,
FING-16810,Comp Net (pass),2015/2,False,True,False,no,2012,2,,,,,,,,,,,,,,,,,
FING-16810,Op Sys (fail),2016/1,False,True,False,no,2012,2,,,,,,,,,,,,,,,,,
FING-16810,Seminar (pass),2016/1,False,True,False,no,2012,2,,,,,,,,,,,,,,,,,
FING-16810,Elective (pass),2016/1,False,True,False,no,2012,2,,,,,,,,,,,,,,,,,
FING-16810,Elective (pass),2016/1,False,True,False,no,2012,2,,,,,,,,,,,,,,,,,
FING-16810,Elective (pass),2016/1,False,True,False,no,2012,2,,,,,,,,,,,,,,,,,
FING-16810,Op Sys (pass),2016/2,False,True,False,no,2012,2,,,,,,,,,,,,,,,,,
FING-16810,SoftEng Proj (pass),2016/2,False,True,False,no,2012,2,,,,,,,,,,,,,,,,,
FING-16810,Deg Work (pass),2017/1,False,True,False,no,2012,2,,,,,,,,,,,,,,,,,
FING-16879,Phy 1 (fail),2013/1,False,True,False,no,2013,2,chilean,1,academic excellence,1,2012,high,high,medium,low,,medium,,0,3,13,114,67
FING-16879,Cal 1 (pass),2013/1,False,True,False,no,2013,2,chilean,1,academic excellence,1,2012,high,high,medium,low,,medium,,0,3,13,114,67
FING-16879,Intro Eng (pass),2013/1,False,True,False,no,2013,2,chilean,1,academic excellence,1,2012,high,high,medium,low,,medium,,0,3,13,114,67
FING-16879,Std Methods (pass),2013/1,False,True,False,no,2013,2,chilean,1,academic excellence,1,2012,high,high,medium,low,,medium,,0,3,13,114,67
FING-16879,IPD Workshop (pass),2013/1,False,True,False,no,2013,2,chilean,1,academic excellence,1,2012,high,high,medium,low,,medium,,0,3,13,114,67
FING-16879,Alg 1 (pass),2013/1,False,True,False,no,2013,2,chilean,1,academic excellence,1,2012,high,high,medium,low,,medium,,0,3,13,114,67
FING-16879,Chemistry (pass),2013/2,False,True,False,no,2013,2,chilean,1,academic excellence,1,2012,high,high,medium,low,,medium,,0,3,13,114,67
FING-16879,Fund Progr (pass),2013/2,False,True,False,no,2013,2,chilean,1,academic excellence,1,2012,high,high,medium,low,,medium,,0,3,13,114,67
FING-16879,Cal 2 (pass),2013/2,False,True,False,no,2013,2,chilean,1,academic excellence,1,2012,high,high,medium,low,,medium,,0,3,13,114,67
FING-16879,Alg 2 (pass),2013/2,False,True,False,no,2013,2,chilean,1,academic excellence,1,2012,high,high,medium,low,,medium,,0,3,13,114,67
FING-16879,Phy 1 (pass),2013/2,False,True,False,no,2013,2,chilean,1,academic excellence,1,2012,high,high,medium,low,,medium,,0,3,13,114,67
FING-16879,Diff Ec & Num Meth (pass),2014/1,False,True,False,no,2013,2,chilean,1,academic excellence,1,2012,high,high,medium,low,,medium,,0,3,13,114,67
FING-16879,Phy 2 (pass),2014/1,False,True,False,no,2013,2,chilean,1,academic excellence,1,2012,high,high,medium,low,,medium,,0,3,13,114,67
FING-16879,Eng 1 (pass),2014/1,False,True,False,no,2013,2,chilean,1,academic excellence,1,2012,high,high,medium,low,,medium,,0,3,13,114,67
FING-16879,Progr Methd (pass),2014/1,False,True,False,no,2013,2,chilean,1,academic excellence,1,2012,high,high,medium,low,,medium,,0,3,13,114,67
FING-16879,Elect & Mag (fail),2014/2,False,True,False,no,2013,2,chilean,1,academic excellence,1,2012,high,high,medium,low,,medium,,0,3,13,114,67
FING-16879,Eng 2 (pass),2014/2,False,True,False,no,2013,2,chilean,1,academic excellence,1,2012,high,high,medium,low,,medium,,0,3,13,114,67
FING-16879,Stat Analys (fail),2014/2,False,True,False,no,2013,2,chilean,1,academic excellence,1,2012,high,high,medium,low,,medium,,0,3,13,114,67
FING-16879,Fund Econ (pass),2014/2,False,True,False,no,2013,2,chilean,1,academic excellence,1,2012,high,high,medium,low,,medium,,0,3,13,114,67
FING-16879,Eff Comm (pass),2014/2,False,True,False,no,2013,2,chilean,1,academic excellence,1,2012,high,high,medium,low,,medium,,0,3,13,114,67
FING-16879,Eng 3 (pass),2015/1,False,True,False,no,2013,2,chilean,1,academic excellence,1,2012,high,high,medium,low,,medium,,0,3,13,114,67
FING-16879,Elect & Mag (pass),2015/1,False,True,False,no,2013,2,chilean,1,academic excellence,1,2012,high,high,medium,low,,medium,,0,3,13,114,67
FING-16879,Progr Parad (pass),2015/2,False,True,False,no,2013,2,chilean,1,academic excellence,1,2012,high,high,medium,low,,medium,,0,3,13,114,67
FING-16879,Eng 4 (pass),2015/2,False,True,False,no,2013,2,chilean,1,academic excellence,1,2012,high,high,medium,low,,medium,,0,3,13,114,67
FING-16879,Proj Eval&Manag (pass),2015/2,False,True,False,no,2013,2,chilean,1,academic excellence,1,2012,high,high,medium,low,,medium,,0,3,13,114,67
FING-16879,Comp Struc (pass),2015/2,False,True,False,no,2013,2,chilean,1,academic excellence,1,2012,high,high,medium,low,,medium,,0,3,13,114,67
FING-16879,Stat Analys (fail),2015/2,False,True,False,no,2013,2,chilean,1,academic excellence,1,2012,high,high,medium,low,,medium,,0,3,13,114,67
FING-16879,DB Design (fail),2016/1,False,True,False,no,2013,2,chilean,1,academic excellence,1,2012,high,high,medium,low,,medium,,0,3,13,114,67
FING-16879,Comp Org (fail),2016/1,False,True,False,no,2013,2,chilean,1,academic excellence,1,2012,high,high,medium,low,,medium,,0,3,13,114,67
FING-16879,SoftEng Fund (pass),2016/1,False,True,False,no,2013,2,chilean,1,academic excellence,1,2012,high,high,medium,low,,medium,,0,3,13,114,67
FING-16879,Stat Analys (pass),2016/1,False,True,False,no,2013,2,chilean,1,academic excellence,1,2012,high,high,medium,low,,medium,,0,3,13,114,67
FING-16879,Syst Eng (pass),2016/2,False,True,False,no,2013,2,chilean,1,academic excellence,1,2012,high,high,medium,low,,medium,,0,3,13,114,67
FING-16879,DB Design (pass),2016/2,False,True,False,no,2013,2,chilean,1,academic excellence,1,2012,high,high,medium,low,,medium,,0,3,13,114,67
FING-16879,SoftEng Technq (pass),2016/2,False,True,False,no,2013,2,chilean,1,academic excellence,1,2012,high,high,medium,low,,medium,,0,3,13,114,67
FING-16879,Comp Org (pass),2016/2,False,True,False,no,2013,2,chilean,1,academic excellence,1,2012,high,high,medium,low,,medium,,0,3,13,114,67
FING-16879,Algorithms (pass),2016/2,False,True,False,no,2013,2,chilean,1,academic excellence,1,2012,high,high,medium,low,,medium,,0,3,13,114,67
FING-16879,Op Sys (pass),2017/1,False,True,False,no,2013,2,chilean,1,academic excellence,1,2012,high,high,medium,low,,medium,,0,3,13,114,67
FING-16879,DB Workshop (pass),2017/1,False,True,False,no,2013,2,chilean,1,academic excellence,1,2012,high,high,medium,low,,medium,,0,3,13,114,67
FING-16879,Inf Sys (pass),2017/1,False,True,False,no,2013,2,chilean,1,academic excellence,1,2012,high,high,medium,low,,medium,,0,3,13,114,67
FING-16879,Comp Net (pass),2017/1,False,True,False,no,2013,2,chilean,1,academic excellence,1,2012,high,high,medium,low,,medium,,0,3,13,114,67
FING-16879,Inf & Soc (pass),2017/1,False,True,False,no,2013,2,chilean,1,academic excellence,1,2012,high,high,medium,low,,medium,,0,3,13,114,67
FING-16879,Inf Adm & Manag (pass),2017/1,False,True,False,no,2013,2,chilean,1,academic excellence,1,2012,high,high,medium,low,,medium,,0,3,13,114,67
FING-16879,Elective (pass),2017/2,False,True,False,no,2013,2,chilean,1,academic excellence,1,2012,high,high,medium,low,,medium,,0,3,13,114,67
FING-16879,Seminar (pass),2017/2,False,True,False,no,2013,2,chilean,1,academic excellence,1,2012,high,high,medium,low,,medium,,0,3,13,114,67
FING-16879,SoftEng Proj (pass),2017/2,False,True,False,no,2013,2,chilean,1,academic excellence,1,2012,high,high,medium,low,,medium,,0,3,13,114,67
FING-16879,Elective (pass),2017/2,False,True,False,no,2013,2,chilean,1,academic excellence,1,2012,high,high,medium,low,,medium,,0,3,13,114,67
FING-16879,Elective (pass),2017/2,False,True,False,no,2013,2,chilean,1,academic excellence,1,2012,high,high,medium,low,,medium,,0,3,13,114,67
FING-16879,Deg Work (pass),2018/1,False,True,False,no,2013,2,chilean,1,academic excellence,1,2012,high,high,medium,low,,medium,,0,3,13,114,67
FING-16907,IPD Workshop (pass),2013/1,False,True,False,no,2016,2,,,,,,,,,,,,,,,,,
FING-16907,Phy 1 (pass),2013/1,False,True,False,no,2016,2,,,,,,,,,,,,,,,,,
FING-16907,Intro Eng (pass),2013/1,False,True,False,no,2016,2,,,,,,,,,,,,,,,,,
FING-16907,Alg 1 (pass),2013/1,False,True,False,no,2016,2,,,,,,,,,,,,,,,,,
FING-16907,Std Methods (pass),2013/1,False,True,False,no,2016,2,,,,,,,,,,,,,,,,,
FING-16907,Phy 2 (pass),2013/2,False,True,False,no,2016,2,,,,,,,,,,,,,,,,,
FING-16907,Eff Comm (pass),2013/2,False,True,False,no,2016,2,,,,,,,,,,,,,,,,,
FING-16907,Cal 1 (pass),2013/2,False,True,False,no,2016,2,,,,,,,,,,,,,,,,,
FING-16907,Fund Progr (pass),2013/2,False,True,False,no,2016,2,,,,,,,,,,,,,,,,,
FING-16907,Eng 1 (pass),2014/1,False,True,False,no,2016,2,,,,,,,,,,,,,,,,,
FING-16907,Alg 2 (pass),2014/1,False,True,False,no,2016,2,,,,,,,,,,,,,,,,,
FING-16907,Cal 2 (pass),2014/1,False,True,False,no,2016,2,,,,,,,,,,,,,,,,,
FING-16907,Chemistry (pass),2014/1,False,True,False,no,2016,2,,,,,,,,,,,,,,,,,
FING-16907,Elect & Mag (pass),2014/2,False,True,False,no,2016,2,,,,,,,,,,,,,,,,,
FING-16907,Fund Econ (pass),2014/2,False,True,False,no,2016,2,,,,,,,,,,,,,,,,,
FING-16907,Progr Methd (pass),2014/2,False,True,False,no,2016,2,,,,,,,,,,,,,,,,,
FING-16907,Eng 2 (pass),2014/2,False,True,False,no,2016,2,,,,,,,,,,,,,,,,,
FING-16907,Algorithms (fail),2016/1,False,True,False,no,2016,2,,,,,,,,,,,,,,,,,
FING-16907,Eng 3 (pass),2016/1,False,True,False,no,2016,2,,,,,,,,,,,,,,,,,
FING-16907,Stat Analys (fail),2016/1,False,True,False,no,2016,2,,,,,,,,,,,,,,,,,
FING-16907,Diff Ec & Num Meth (pass),2016/1,False,True,False,no,2016,2,,,,,,,,,,,,,,,,,
FING-16907,Stat Analys (pass),2016/2,False,True,False,no,2016,2,,,,,,,,,,,,,,,,,
FING-16907,Comp Struc (fail),2016/2,False,True,False,no,2016,2,,,,,,,,,,,,,,,,,
FING-16907,Progr Parad (fail),2016/2,False,True,False,no,2016,2,,,,,,,,,,,,,,,,,
FING-16907,Eng 4 (fail),2016/2,False,True,False,no,2016,2,,,,,,,,,,,,,,,,,
FING-16907,Algorithms (pass),2016/2,False,True,False,no,2016,2,,,,,,,,,,,,,,,,,
FING-16907,Proj Eval&Manag (pass),2017/1,False,True,False,no,2016,2,,,,,,,,,,,,,,,,,
FING-16907,Progr Parad (pass),2017/1,False,True,False,no,2016,2,,,,,,,,,,,,,,,,,
FING-16907,Eng 4 (pass),2017/1,False,True,False,no,2016,2,,,,,,,,,,,,,,,,,
FING-16907,Comp Struc (pass),2017/1,False,True,False,no,2016,2,,,,,,,,,,,,,,,,,
FING-16907,Inf & Soc (pass),2017/1,False,True,False,no,2016,2,,,,,,,,,,,,,,,,,
FING-16907,Syst Eng (pass),2017/1,False,True,False,no,2016,2,,,,,,,,,,,,,,,,,
FING-16907,SoftEng Fund (pass),2017/2,False,True,False,no,2016,2,,,,,,,,,,,,,,,,,
FING-16907,Inf Adm & Manag (pass),2017/2,False,True,False,no,2016,2,,,,,,,,,,,,,,,,,
FING-16907,Inf Sys (pass),2017/2,False,True,False,no,2016,2,,,,,,,,,,,,,,,,,
FING-16907,DB Design (pass),2017/2,False,True,False,no,2016,2,,,,,,,,,,,,,,,,,
FING-16907,Comp Org (pass),2017/2,False,True,False,no,2016,2,,,,,,,,,,,,,,,,,
FING-16907,Op Sys (pass),2018/1,False,True,False,no,2016,2,,,,,,,,,,,,,,,,,
FING-16907,DB Workshop (pass),2018/1,False,True,False,no,2016,2,,,,,,,,,,,,,,,,,
FING-16907,Comp Net (pass),2018/1,False,True,False,no,2016,2,,,,,,,,,,,,,,,,,
FING-16907,SoftEng Technq (pass),2018/1,False,True,False,no,2016,2,,,,,,,,,,,,,,,,,
FING-16907,Elective (pass),2018/2,False,True,False,no,2016,2,,,,,,,,,,,,,,,,,
FING-16907,SoftEng Proj (pass),2018/2,False,True,False,no,2016,2,,,,,,,,,,,,,,,,,
FING-16907,Elective (pass),2018/2,False,True,False,no,2016,2,,,,,,,,,,,,,,,,,
FING-16907,Seminar (pass),2018/2,False,True,False,no,2016,2,,,,,,,,,,,,,,,,,
FING-16907,Elective (pass),2019/1,False,True,False,no,2016,2,,,,,,,,,,,,,,,,,
FING-16907,Deg Work (pass),2020/1,False,True,False,no,2016,2,,,,,,,,,,,,,,,,,
FING-17318,Std Methods (pass),2013/1,False,True,False,no,2016,2,,,,,,,,,,,,,,,,,
FING-17318,IPD Workshop (pass),2013/1,False,True,False,no,2016,2,,,,,,,,,,,,,,,,,
FING-17318,Alg 1 (pass),2013/1,False,True,False,no,2016,2,,,,,,,,,,,,,,,,,
FING-17318,Intro Eng (pass),2013/1,False,True,False,no,2016,2,,,,,,,,,,,,,,,,,
FING-17318,Eff Comm (pass),2013/2,False,True,False,no,2016,2,,,,,,,,,,,,,,,,,
FING-17318,Phy 1 (pass),2013/2,False,True,False,no,2016,2,,,,,,,,,,,,,,,,,
FING-17318,Alg 2 (pass),2013/2,False,True,False,no,2016,2,,,,,,,,,,,,,,,,,
FING-17318,Cal 1 (pass),2013/2,False,True,False,no,2016,2,,,,,,,,,,,,,,,,,
FING-17318,Fund Progr (pass),2013/2,False,True,False,no,2016,2,,,,,,,,,,,,,,,,,
FING-17318,Eng 1 (pass),2014/1,False,True,False,no,2016,2,,,,,,,,,,,,,,,,,
FING-17318,Progr Methd (pass),2014/1,False,True,False,no,2016,2,,,,,,,,,,,,,,,,,
FING-17318,Phy 2 (pass),2014/1,False,True,False,no,2016,2,,,,,,,,,,,,,,,,,
FING-17318,Chemistry (pass),2014/1,False,True,False,no,2016,2,,,,,,,,,,,,,,,,,
FING-17318,Cal 2 (pass),2014/1,False,True,False,no,2016,2,,,,,,,,,,,,,,,,,
FING-17318,Elect & Mag (pass),2014/2,False,True,False,no,2016,2,,,,,,,,,,,,,,,,,
FING-17318,Progr Parad (pass),2014/2,False,True,False,no,2016,2,,,,,,,,,,,,,,,,,
FING-17318,Stat Analys (pass),2014/2,False,True,False,no,2016,2,,,,,,,,,,,,,,,,,
FING-17318,Fund Econ (pass),2014/2,False,True,False,no,2016,2,,,,,,,,,,,,,,,,,
FING-17318,Eng 2 (pass),2014/2,False,True,False,no,2016,2,,,,,,,,,,,,,,,,,
FING-17318,DB Design (pass),2015/1,False,True,False,no,2016,2,,,,,,,,,,,,,,,,,
FING-17318,SoftEng Fund (pass),2015/1,False,True,False,no,2016,2,,,,,,,,,,,,,,,,,
FING-17318,Comp Struc (pass),2015/2,False,True,False,no,2016,2,,,,,,,,,,,,,,,,,
FING-17318,SoftEng Technq (pass),2015/2,False,True,False,no,2016,2,,,,,,,,,,,,,,,,,
FING-17318,Syst Eng (pass),2016/1,False,True,False,no,2016,2,,,,,,,,,,,,,,,,,
FING-17318,Algorithms (fail),2016/1,False,True,False,no,2016,2,,,,,,,,,,,,,,,,,
FING-17318,Eng 3 (pass),2016/1,False,True,False,no,2016,2,,,,,,,,,,,,,,,,,
FING-17318,Comp Org (fail),2016/1,False,True,False,no,2016,2,,,,,,,,,,,,,,,,,
FING-17318,Algorithms (pass),2016/2,False,True,False,no,2016,2,,,,,,,,,,,,,,,,,
FING-17318,Proj Eval&Manag (pass),2016/2,False,True,False,no,2016,2,,,,,,,,,,,,,,,,,
FING-17318,Eng 4 (fail),2016/2,False,True,False,no,2016,2,,,,,,,,,,,,,,,,,
FING-17318,Inf Sys (pass),2016/2,False,True,False,no,2016,2,,,,,,,,,,,,,,,,,
FING-17318,Comp Org (fail),2016/2,False,True,False,no,2016,2,,,,,,,,,,,,,,,,,
FING-17318,DB Workshop (pass),2017/1,False,True,False,no,2016,2,,,,,,,,,,,,,,,,,
FING-17318,Comp Org (pass),2017/1,False,True,False,no,2016,2,,,,,,,,,,,,,,,,,
FING-17318,Eng 4 (pass),2017/1,False,True,False,no,2016,2,,,,,,,,,,,,,,,,,
FING-17318,Inf & Soc (pass),2017/1,False,True,False,no,2016,2,,,,,,,,,,,,,,,,,
FING-17318,Inf Adm & Manag (pass),2017/1,False,True,False,no,2016,2,,,,,,,,,,,,,,,,,
FING-17318,Op Sys (pass),2017/2,False,True,False,no,2016,2,,,,,,,,,,,,,,,,,
FING-17318,Seminar (pass),2017/2,False,True,False,no,2016,2,,,,,,,,,,,,,,,,,
FING-17318,SoftEng Proj (pass),2017/2,False,True,False,no,2016,2,,,,,,,,,,,,,,,,,
FING-17318,Comp Net (pass),2017/2,False,True,False,no,2016,2,,,,,,,,,,,,,,,,,
FING-17318,Elective (pass),2017/2,False,True,False,no,2016,2,,,,,,,,,,,,,,,,,
FING-17318,Elective (pass),2018/1,False,True,False,no,2016,2,,,,,,,,,,,,,,,,,
FING-17318,Elective (pass),2018/1,False,True,False,no,2016,2,,,,,,,,,,,,,,,,,
FING-17318,Deg Work (pass),2019/1,False,True,False,no,2016,2,,,,,,,,,,,,,,,,,
FING-17324,Phy 1 (pass),2013/1,False,True,False,no,2013,2,chilean,1,,1,2011,high,high,medium,high,,medium,,0,4,6,135,29
FING-17324,Alg 1 (pass),2013/1,False,True,False,no,2013,2,chilean,1,,1,2011,high,high,medium,high,,medium,,0,4,6,135,29
FING-17324,Cal 1 (pass),2013/1,False,True,False,no,2013,2,chilean,1,,1,2011,high,high,medium,high,,medium,,0,4,6,135,29
FING-17324,Intro Eng (pass),2013/1,False,True,False,no,2013,2,chilean,1,,1,2011,high,high,medium,high,,medium,,0,4,6,135,29
FING-17324,Std Methods (pass),2013/1,False,True,False,no,2013,2,chilean,1,,1,2011,high,high,medium,high,,medium,,0,4,6,135,29
FING-17324,IPD Workshop (pass),2013/1,False,True,False,no,2013,2,chilean,1,,1,2011,high,high,medium,high,,medium,,0,4,6,135,29
FING-17324,Fund Progr (pass),2013/2,False,True,False,no,2013,2,chilean,1,,1,2011,high,high,medium,high,,medium,,0,4,6,135,29
FING-17324,Chemistry (pass),2013/2,False,True,False,no,2013,2,chilean,1,,1,2011,high,high,medium,high,,medium,,0,4,6,135,29
FING-17324,Cal 2 (pass),2013/2,False,True,False,no,2013,2,chilean,1,,1,2011,high,high,medium,high,,medium,,0,4,6,135,29
FING-17324,Phy 2 (pass),2013/2,False,True,False,no,2013,2,chilean,1,,1,2011,high,high,medium,high,,medium,,0,4,6,135,29
FING-17324,Alg 2 (fail),2013/2,False,True,False,no,2013,2,chilean,1,,1,2011,high,high,medium,high,,medium,,0,4,6,135,29
FING-17324,Alg 2 (pass),2014/1,False,True,False,no,2013,2,chilean,1,,1,2011,high,high,medium,high,,medium,,0,4,6,135,29
FING-17324,Diff Ec & Num Meth (pass),2014/1,False,True,False,no,2013,2,chilean,1,,1,2011,high,high,medium,high,,medium,,0,4,6,135,29
FING-17324,Eng 1 (pass),2014/1,False,True,False,no,2013,2,chilean,1,,1,2011,high,high,medium,high,,medium,,0,4,6,135,29
FING-17324,Progr Methd (fail),2014/1,False,True,False,no,2013,2,chilean,1,,1,2011,high,high,medium,high,,medium,,0,4,6,135,29
FING-17324,Eng 2 (pass),2014/2,False,True,False,no,2013,2,chilean,1,,1,2011,high,high,medium,high,,medium,,0,4,6,135,29
FING-17324,Elect & Mag (pass),2014/2,False,True,False,no,2013,2,chilean,1,,1,2011,high,high,medium,high,,medium,,0,4,6,135,29
FING-17324,Fund Econ (pass),2014/2,False,True,False,no,2013,2,chilean,1,,1,2011,high,high,medium,high,,medium,,0,4,6,135,29
FING-17324,Progr Methd (pass),2014/2,False,True,False,no,2013,2,chilean,1,,1,2011,high,high,medium,high,,medium,,0,4,6,135,29
FING-17324,Stat Analys (fail),2014/2,False,True,False,no,2013,2,chilean,1,,1,2011,high,high,medium,high,,medium,,0,4,6,135,29
FING-17324,Eff Comm (pass),2014/2,False,True,False,no,2013,2,chilean,1,,1,2011,high,high,medium,high,,medium,,0,4,6,135,29
FING-17324,Stat Analys (pass),2015/1,False,True,False,no,2013,2,chilean,1,,1,2011,high,high,medium,high,,medium,,0,4,6,135,29
FING-17324,Eng 3 (pass),2015/1,False,True,False,no,2013,2,chilean,1,,1,2011,high,high,medium,high,,medium,,0,4,6,135,29
FING-17324,Proj Eval&Manag (pass),2015/1,False,True,False,no,2013,2,chilean,1,,1,2011,high,high,medium,high,,medium,,0,4,6,135,29
FING-17324,Comp Struc (pass),2015/1,False,True,False,no,2013,2,chilean,1,,1,2011,high,high,medium,high,,medium,,0,4,6,135,29
FING-17324,Inf & Soc (fail),2015/2,False,True,False,no,2013,2,chilean,1,,1,2011,high,high,medium,high,,medium,,0,4,6,135,29
FING-17324,Algorithms (pass),2015/2,False,True,False,no,2013,2,chilean,1,,1,2011,high,high,medium,high,,medium,,0,4,6,135,29
FING-17324,Progr Parad (fail),2015/2,False,True,False,no,2013,2,chilean,1,,1,2011,high,high,medium,high,,medium,,0,4,6,135,29
FING-17324,Syst Eng (pass),2015/2,False,True,False,no,2013,2,chilean,1,,1,2011,high,high,medium,high,,medium,,0,4,6,135,29
FING-17324,Eng 4 (fail),2015/2,False,True,False,no,2013,2,chilean,1,,1,2011,high,high,medium,high,,medium,,0,4,6,135,29
FING-17324,Comp Org (fail),2016/1,False,True,False,no,2013,2,chilean,1,,1,2011,high,high,medium,high,,medium,,0,4,6,135,29
FING-17324,Progr Parad (pass),2016/1,False,True,False,no,2013,2,chilean,1,,1,2011,high,high,medium,high,,medium,,0,4,6,135,29
FING-17324,Inf Sys (fail),2016/1,False,True,False,no,2013,2,chilean,1,,1,2011,high,high,medium,high,,medium,,0,4,6,135,29
FING-17324,Inf & Soc (pass),2016/1,False,True,False,no,2013,2,chilean,1,,1,2011,high,high,medium,high,,medium,,0,4,6,135,29
FING-17324,SoftEng Fund (pass),2016/2,False,True,False,no,2013,2,chilean,1,,1,2011,high,high,medium,high,,medium,,0,4,6,135,29
FING-17324,Eng 4 (pass),2016/2,False,True,False,no,2013,2,chilean,1,,1,2011,high,high,medium,high,,medium,,0,4,6,135,29
FING-17324,Inf Sys (pass),2016/2,False,True,False,no,2013,2,chilean,1,,1,2011,high,high,medium,high,,medium,,0,4,6,135,29
FING-17324,DB Design (pass),2016/2,False,True,False,no,2013,2,chilean,1,,1,2011,high,high,medium,high,,medium,,0,4,6,135,29
FING-17324,Comp Org (fail),2016/2,False,True,False,no,2013,2,chilean,1,,1,2011,high,high,medium,high,,medium,,0,4,6,135,29
FING-17324,DB Workshop (pass),2017/1,False,True,False,no,2013,2,chilean,1,,1,2011,high,high,medium,high,,medium,,0,4,6,135,29
FING-17324,Comp Org (pass),2017/1,False,True,False,no,2013,2,chilean,1,,1,2011,high,high,medium,high,,medium,,0,4,6,135,29
FING-17324,SoftEng Technq (pass),2017/1,False,True,False,no,2013,2,chilean,1,,1,2011,high,high,medium,high,,medium,,0,4,6,135,29
FING-17324,Inf Adm & Manag (pass),2017/1,False,True,False,no,2013,2,chilean,1,,1,2011,high,high,medium,high,,medium,,0,4,6,135,29
FING-17324,Seminar (pass),2017/2,False,True,False,no,2013,2,chilean,1,,1,2011,high,high,medium,high,,medium,,0,4,6,135,29
FING-17324,SoftEng Proj (pass),2017/2,False,True,False,no,2013,2,chilean,1,,1,2011,high,high,medium,high,,medium,,0,4,6,135,29
FING-17324,Op Sys (fail),2017/2,False,True,False,no,2013,2,chilean,1,,1,2011,high,high,medium,high,,medium,,0,4,6,135,29
FING-17324,Elective (pass),2017/2,False,True,False,no,2013,2,chilean,1,,1,2011,high,high,medium,high,,medium,,0,4,6,135,29
FING-17324,Comp Net (pass),2017/2,False,True,False,no,2013,2,chilean,1,,1,2011,high,high,medium,high,,medium,,0,4,6,135,29
FING-17324,Op Sys (pass),2018/1,False,True,False,no,2013,2,chilean,1,,1,2011,high,high,medium,high,,medium,,0,4,6,135,29
FING-17324,Elective (pass),2018/1,False,True,False,no,2013,2,chilean,1,,1,2011,high,high,medium,high,,medium,,0,4,6,135,29
FING-17324,Elective (pass),2018/1,False,True,False,no,2013,2,chilean,1,,1,2011,high,high,medium,high,,medium,,0,4,6,135,29
FING-17324,Deg Work (pass),2018/2,False,True,False,no,2013,2,chilean,1,,1,2011,high,high,medium,high,,medium,,0,4,6,135,29
FING-1776,Alg 1 (pass),2014/1,False,True,False,no,2014,2,,,,,,,,,,,,,,,,,
FING-1776,Std Methods (pass),2014/1,False,True,False,no,2014,2,,,,,,,,,,,,,,,,,
FING-1776,Cal 1 (fail),2014/1,False,True,False,no,2014,2,,,,,,,,,,,,,,,,,
FING-1776,IPD Workshop (pass),2014/1,False,True,False,no,2014,2,,,,,,,,,,,,,,,,,
FING-1776,Phy 1 (pass),2014/1,False,True,False,no,2014,2,,,,,,,,,,,,,,,,,
FING-1776,Intro Eng (pass),2014/1,False,True,False,no,2014,2,,,,,,,,,,,,,,,,,
FING-1776,Fund Progr (pass),2014/2,False,True,False,no,2014,2,,,,,,,,,,,,,,,,,
FING-1776,Alg 2 (pass),2014/2,False,True,False,no,2014,2,,,,,,,,,,,,,,,,,
FING-1776,Chemistry (pass),2014/2,False,True,False,no,2014,2,,,,,,,,,,,,,,,,,
FING-1776,Phy 2 (pass),2014/2,False,True,False,no,2014,2,,,,,,,,,,,,,,,,,
FING-1776,Cal 1 (pass),2014/2,False,True,False,no,2014,2,,,,,,,,,,,,,,,,,
FING-1776,Eff Comm (pass),2015/1,False,True,False,no,2014,2,,,,,,,,,,,,,,,,,
FING-1776,Eng 1 (pass),2015/1,False,True,False,no,2014,2,,,,,,,,,,,,,,,,,
FING-1776,Cal 2 (pass),2015/1,False,True,False,no,2014,2,,,,,,,,,,,,,,,,,
FING-1776,Fund Econ (fail),2015/2,False,True,False,no,2014,2,,,,,,,,,,,,,,,,,
FING-1776,Progr Methd (pass),2015/2,False,True,False,no,2014,2,,,,,,,,,,,,,,,,,
FING-1776,Elect & Mag (fail),2015/2,False,True,False,no,2014,2,,,,,,,,,,,,,,,,,
FING-1776,Stat Analys (fail),2015/2,False,True,False,no,2014,2,,,,,,,,,,,,,,,,,
FING-1776,Eng 2 (pass),2015/2,False,True,False,no,2014,2,,,,,,,,,,,,,,,,,
FING-1776,Algorithms (pass),2016/1,False,True,False,no,2014,2,,,,,,,,,,,,,,,,,
FING-1776,Elect & Mag (pass),2016/1,False,True,False,no,2014,2,,,,,,,,,,,,,,,,,
FING-1776,Stat Analys (pass),2016/1,False,True,False,no,2014,2,,,,,,,,,,,,,,,,,
FING-1776,Fund Econ (pass),2016/1,False,True,False,no,2014,2,,,,,,,,,,,,,,,,,
FING-1776,Diff Ec & Num Meth (pass),2016/1,False,True,False,no,2014,2,,,,,,,,,,,,,,,,,
FING-1776,Syst Eng (pass),2016/2,False,True,False,no,2014,2,,,,,,,,,,,,,,,,,
FING-1776,Comp Struc (pass),2016/2,False,True,False,no,2014,2,,,,,,,,,,,,,,,,,
FING-1776,Progr Parad (fail),2016/2,False,True,False,no,2014,2,,,,,,,,,,,,,,,,,
FING-1776,Eng 3 (pass),2016/2,False,True,False,no,2014,2,,,,,,,,,,,,,,,,,
FING-1776,Progr Parad (pass),2017/1,False,True,False,no,2014,2,,,,,,,,,,,,,,,,,
FING-1776,Proj Eval&Manag (pass),2017/1,False,True,False,no,2014,2,,,,,,,,,,,,,,,,,
FING-1776,DB Design (fail),2017/1,False,True,False,no,2014,2,,,,,,,,,,,,,,,,,
FING-1776,SoftEng Fund (pass),2017/1,False,True,False,no,2014,2,,,,,,,,,,,,,,,,,
FING-1776,SoftEng Technq (pass),2017/2,False,True,False,no,2014,2,,,,,,,,,,,,,,,,,
FING-1776,Eng 4 (pass),2017/2,False,True,False,no,2014,2,,,,,,,,,,,,,,,,,
FING-1776,Inf Sys (pass),2017/2,False,True,False,no,2014,2,,,,,,,,,,,,,,,,,
FING-1776,DB Design (pass),2017/2,False,True,False,no,2014,2,,,,,,,,,,,,,,,,,
FING-1776,Comp Org (pass),2017/2,False,True,False,no,2014,2,,,,,,,,,,,,,,,,,
FING-1776,Op Sys (pass),2018/1,False,True,False,no,2014,2,,,,,,,,,,,,,,,,,
FING-1776,DB Workshop (fail),2018/1,False,True,False,no,2014,2,,,,,,,,,,,,,,,,,
FING-1776,Comp Net (pass),2018/1,False,True,False,no,2014,2,,,,,,,,,,,,,,,,,
FING-1776,Inf Adm & Manag (fail),2018/1,False,True,False,no,2014,2,,,,,,,,,,,,,,,,,
FING-1776,Inf & Soc (pass),2018/1,False,True,False,no,2014,2,,,,,,,,,,,,,,,,,
FING-1776,DB Workshop (pass),2018/2,False,True,False,no,2014,2,,,,,,,,,,,,,,,,,
FING-1776,Inf Adm & Manag (pass),2018/2,False,True,False,no,2014,2,,,,,,,,,,,,,,,,,
FING-1776,Elective (pass),2018/2,False,True,False,no,2014,2,,,,,,,,,,,,,,,,,
FING-1776,SoftEng Proj (pass),2019/1,False,True,False,no,2014,2,,,,,,,,,,,,,,,,,
FING-1776,Elective (pass),2019/1,False,True,False,no,2014,2,,,,,,,,,,,,,,,,,
FING-1776,Elective (fail),2019/1,False,True,False,no,2014,2,,,,,,,,,,,,,,,,,
FING-1776,Seminar (pass),2019/1,False,True,False,no,2014,2,,,,,,,,,,,,,,,,,
FING-1776,Deg Work (pass),2019/2,False,True,False,no,2014,2,,,,,,,,,,,,,,,,,
FING-1776,Elective (pass),2019/2,False,True,False,no,2014,2,,,,,,,,,,,,,,,,,
FING-17766,IPD Workshop (pass),2012/1,False,True,False,no,2012,2,,,,,,,,,,,,,,,,,
FING-17766,Cal 1 (fail),2012/1,False,True,False,no,2012,2,,,,,,,,,,,,,,,,,
FING-17766,Alg 1 (pass),2012/1,False,True,False,no,2012,2,,,,,,,,,,,,,,,,,
FING-17766,Phy 1 (fail),2012/1,False,True,False,no,2012,2,,,,,,,,,,,,,,,,,
FING-17766,Std Methods (pass),2012/1,False,True,False,no,2012,2,,,,,,,,,,,,,,,,,
FING-17766,Intro Eng (pass),2012/1,False,True,False,no,2012,2,,,,,,,,,,,,,,,,,
FING-17766,Cal 1 (pass),2012/2,False,True,False,no,2012,2,,,,,,,,,,,,,,,,,
FING-17766,Chemistry (fail),2012/2,False,True,False,no,2012,2,,,,,,,,,,,,,,,,,
FING-17766,Alg 2 (pass),2012/2,False,True,False,no,2012,2,,,,,,,,,,,,,,,,,
FING-17766,Fund Progr (fail),2012/2,False,True,False,no,2012,2,,,,,,,,,,,,,,,,,
FING-17766,Phy 1 (pass),2012/2,False,True,False,no,2012,2,,,,,,,,,,,,,,,,,
FING-17766,Phy 2 (fail),2013/1,False,True,False,no,2012,2,,,,,,,,,,,,,,,,,
FING-17766,Chemistry (pass),2013/1,False,True,False,no,2012,2,,,,,,,,,,,,,,,,,
FING-17766,Eff Comm (pass),2013/1,False,True,False,no,2012,2,,,,,,,,,,,,,,,,,
FING-17766,Eng 1 (pass),2013/1,False,True,False,no,2012,2,,,,,,,,,,,,,,,,,
FING-17766,Cal 2 (fail),2013/1,False,True,False,no,2012,2,,,,,,,,,,,,,,,,,
FING-17766,Fund Progr (pass),2013/1,False,True,False,no,2012,2,,,,,,,,,,,,,,,,,
FING-17766,Eng 2 (pass),2013/2,False,True,False,no,2012,2,,,,,,,,,,,,,,,,,
FING-17766,Progr Methd (pass),2013/2,False,True,False,no,2012,2,,,,,,,,,,,,,,,,,
FING-17766,Cal 2 (pass),2013/2,False,True,False,no,2012,2,,,,,,,,,,,,,,,,,
FING-17766,Phy 2 (pass),2013/2,False,True,False,no,2012,2,,,,,,,,,,,,,,,,,
FING-17766,Diff Ec & Num Meth (pass),2014/1,False,True,False,no,2012,2,,,,,,,,,,,,,,,,,
FING-17766,Eng 3 (fail),2014/1,False,True,False,no,2012,2,,,,,,,,,,,,,,,,,
FING-17766,Progr Parad (fail),2014/1,False,True,False,no,2012,2,,,,,,,,,,,,,,,,,
FING-17766,Algorithms (fail),2014/1,False,True,False,no,2012,2,,,,,,,,,,,,,,,,,
FING-17766,Elect & Mag (pass),2014/1,False,True,False,no,2012,2,,,,,,,,,,,,,,,,,
FING-17766,Stat Analys (fail),2014/1,False,True,False,no,2012,2,,,,,,,,,,,,,,,,,
FING-17766,Eng 3 (pass),2014/2,False,True,False,no,2012,2,,,,,,,,,,,,,,,,,
FING-17766,Progr Parad (pass),2014/2,False,True,False,no,2012,2,,,,,,,,,,,,,,,,,
FING-17766,Algorithms (pass),2014/2,False,True,False,no,2012,2,,,,,,,,,,,,,,,,,
FING-17766,Comp Struc (fail),2014/2,False,True,False,no,2012,2,,,,,,,,,,,,,,,,,
FING-17766,Stat Analys (pass),2014/2,False,True,False,no,2012,2,,,,,,,,,,,,,,,,,
FING-17766,Fund Econ (fail),2014/2,False,True,False,no,2012,2,,,,,,,,,,,,,,,,,
FING-17766,Syst Eng (pass),2015/1,False,True,False,no,2012,2,,,,,,,,,,,,,,,,,
FING-17766,SoftEng Fund (pass),2015/1,False,True,False,no,2012,2,,,,,,,,,,,,,,,,,
FING-17766,Fund Econ (pass),2015/1,False,True,False,no,2012,2,,,,,,,,,,,,,,,,,
FING-17766,Comp Struc (fail),2015/1,False,True,False,no,2012,2,,,,,,,,,,,,,,,,,
FING-17766,DB Design (pass),2015/1,False,True,False,no,2012,2,,,,,,,,,,,,,,,,,
FING-17766,Inf & Soc (pass),2015/2,False,True,False,no,2012,2,,,,,,,,,,,,,,,,,
FING-17766,Proj Eval&Manag (pass),2015/2,False,True,False,no,2012,2,,,,,,,,,,,,,,,,,
FING-17766,Inf Sys (pass),2015/2,False,True,False,no,2012,2,,,,,,,,,,,,,,,,,
FING-17766,Comp Struc (pass),2015/2,False,True,False,no,2012,2,,,,,,,,,,,,,,,,,
FING-17766,Comp Org (fail),2016/1,False,True,False,no,2012,2,,,,,,,,,,,,,,,,,
FING-17766,DB Workshop (pass),2016/1,False,True,False,no,2012,2,,,,,,,,,,,,,,,,,
FING-17766,Inf Adm & Manag (pass),2016/1,False,True,False,no,2012,2,,,,,,,,,,,,,,,,,
FING-17766,Eng 4 (fail),2016/1,False,True,False,no,2012,2,,,,,,,,,,,,,,,,,
FING-17766,SoftEng Technq (pass),2016/1,False,True,False,no,2012,2,,,,,,,,,,,,,,,,,
FING-17766,Op Sys (pass),2016/2,False,True,False,no,2012,2,,,,,,,,,,,,,,,,,
FING-17766,Comp Net (pass),2016/2,False,True,False,no,2012,2,,,,,,,,,,,,,,,,,
FING-17766,Comp Org (pass),2016/2,False,True,False,no,2012,2,,,,,,,,,,,,,,,,,
FING-17766,Eng 4 (pass),2016/2,False,True,False,no,2012,2,,,,,,,,,,,,,,,,,
FING-17766,Elective (pass),2017/1,False,True,False,no,2012,2,,,,,,,,,,,,,,,,,
FING-17766,Elective (pass),2017/1,False,True,False,no,2012,2,,,,,,,,,,,,,,,,,
FING-17766,Elective (pass),2017/1,False,True,False,no,2012,2,,,,,,,,,,,,,,,,,
FING-17766,Seminar (pass),2017/1,False,True,False,no,2012,2,,,,,,,,,,,,,,,,,
FING-17766,Deg Work (pass),2017/2,False,True,False,no,2012,2,,,,,,,,,,,,,,,,,
FING-17766,SoftEng Proj (pass),2017/2,False,True,False,no,2012,2,,,,,,,,,,,,,,,,,
FING-1789,Cal 1 (pass),2014/1,False,True,False,no,2014,2,chilean,2,academic excellence,2,2013,low,low,low,low,,low,,0,3,13,114,112
FING-1789,Intro Eng (pass),2014/1,False,True,False,no,2014,2,chilean,2,academic excellence,2,2013,low,low,low,low,,low,,0,3,13,114,112
FING-1789,Std Methods (pass),2014/1,False,True,False,no,2014,2,chilean,2,academic excellence,2,2013,low,low,low,low,,low,,0,3,13,114,112
FING-1789,Alg 1 (pass),2014/1,False,True,False,no,2014,2,chilean,2,academic excellence,2,2013,low,low,low,low,,low,,0,3,13,114,112
FING-1789,IPD Workshop (pass),2014/1,False,True,False,no,2014,2,chilean,2,academic excellence,2,2013,low,low,low,low,,low,,0,3,13,114,112
FING-1789,Phy 1 (pass),2014/1,False,True,False,no,2014,2,chilean,2,academic excellence,2,2013,low,low,low,low,,low,,0,3,13,114,112
FING-1789,Chemistry (pass),2014/2,False,True,False,no,2014,2,chilean,2,academic excellence,2,2013,low,low,low,low,,low,,0,3,13,114,112
FING-1789,Alg 2 (pass),2014/2,False,True,False,no,2014,2,chilean,2,academic excellence,2,2013,low,low,low,low,,low,,0,3,13,114,112
FING-1789,Fund Progr (pass),2014/2,False,True,False,no,2014,2,chilean,2,academic excellence,2,2013,low,low,low,low,,low,,0,3,13,114,112
FING-1789,Cal 2 (pass),2014/2,False,True,False,no,2014,2,chilean,2,academic excellence,2,2013,low,low,low,low,,low,,0,3,13,114,112
FING-1789,Phy 2 (pass),2014/2,False,True,False,no,2014,2,chilean,2,academic excellence,2,2013,low,low,low,low,,low,,0,3,13,114,112
FING-1789,Eff Comm (pass),2015/1,False,True,False,no,2014,2,chilean,2,academic excellence,2,2013,low,low,low,low,,low,,0,3,13,114,112
FING-1789,Progr Methd (fail),2015/1,False,True,False,no,2014,2,chilean,2,academic excellence,2,2013,low,low,low,low,,low,,0,3,13,114,112
FING-1789,Elect & Mag (fail),2015/1,False,True,False,no,2014,2,chilean,2,academic excellence,2,2013,low,low,low,low,,low,,0,3,13,114,112
FING-1789,Stat Analys (fail),2015/1,False,True,False,no,2014,2,chilean,2,academic excellence,2,2013,low,low,low,low,,low,,0,3,13,114,112
FING-1789,Eng 1 (pass),2015/1,False,True,False,no,2014,2,chilean,2,academic excellence,2,2013,low,low,low,low,,low,,0,3,13,114,112
FING-1789,Fund Econ (fail),2015/2,False,True,False,no,2014,2,chilean,2,academic excellence,2,2013,low,low,low,low,,low,,0,3,13,114,112
FING-1789,Progr Methd (fail),2015/2,False,True,False,no,2014,2,chilean,2,academic excellence,2,2013,low,low,low,low,,low,,0,3,13,114,112
FING-1789,Eng 2 (fail),2015/2,False,True,False,no,2014,2,chilean,2,academic excellence,2,2013,low,low,low,low,,low,,0,3,13,114,112
FING-1789,Elect & Mag (pass),2015/2,False,True,False,no,2014,2,chilean,2,academic excellence,2,2013,low,low,low,low,,low,,0,3,13,114,112
FING-1789,Stat Analys (pass),2015/2,False,True,False,no,2014,2,chilean,2,academic excellence,2,2013,low,low,low,low,,low,,0,3,13,114,112
FING-1789,Progr Methd (pass),2016/1,False,True,False,no,2014,2,chilean,2,academic excellence,2,2013,low,low,low,low,,low,,0,3,13,114,112
FING-1789,Eng 2 (pass),2016/1,False,True,False,no,2014,2,chilean,2,academic excellence,2,2013,low,low,low,low,,low,,0,3,13,114,112
FING-1789,Fund Econ (pass),2016/1,False,True,False,no,2014,2,chilean,2,academic excellence,2,2013,low,low,low,low,,low,,0,3,13,114,112
FING-1789,Diff Ec & Num Meth (pass),2016/1,False,True,False,no,2014,2,chilean,2,academic excellence,2,2013,low,low,low,low,,low,,0,3,13,114,112
FING-1789,Comp Struc (fail),2016/2,False,True,False,no,2014,2,chilean,2,academic excellence,2,2013,low,low,low,low,,low,,0,3,13,114,112
FING-1789,Syst Eng (pass),2016/2,False,True,False,no,2014,2,chilean,2,academic excellence,2,2013,low,low,low,low,,low,,0,3,13,114,112
FING-1789,Eng 3 (fail),2016/2,False,True,False,no,2014,2,chilean,2,academic excellence,2,2013,low,low,low,low,,low,,0,3,13,114,112
FING-1789,Algorithms (fail),2016/2,False,True,False,no,2014,2,chilean,2,academic excellence,2,2013,low,low,low,low,,low,,0,3,13,114,112
FING-1789,Algorithms (pass),2017/1,False,True,False,no,2014,2,chilean,2,academic excellence,2,2013,low,low,low,low,,low,,0,3,13,114,112
FING-1789,Eng 3 (pass),2017/1,False,True,False,no,2014,2,chilean,2,academic excellence,2,2013,low,low,low,low,,low,,0,3,13,114,112
FING-1789,Comp Struc (pass),2017/1,False,True,False,no,2014,2,chilean,2,academic excellence,2,2013,low,low,low,low,,low,,0,3,13,114,112
FING-1789,Inf & Soc (pass),2017/1,False,True,False,no,2014,2,chilean,2,academic excellence,2,2013,low,low,low,low,,low,,0,3,13,114,112
FING-1789,Eng 4 (pass),2017/2,False,True,False,no,2014,2,chilean,2,academic excellence,2,2013,low,low,low,low,,low,,0,3,13,114,112
FING-1789,Progr Parad (fail),2017/2,False,True,False,no,2014,2,chilean,2,academic excellence,2,2013,low,low,low,low,,low,,0,3,13,114,112
FING-1789,Inf Sys (pass),2017/2,False,True,False,no,2014,2,chilean,2,academic excellence,2,2013,low,low,low,low,,low,,0,3,13,114,112
FING-1789,Comp Org (fail),2017/2,False,True,False,no,2014,2,chilean,2,academic excellence,2,2013,low,low,low,low,,low,,0,3,13,114,112
FING-1789,Progr Parad (fail),2018/1,False,True,False,no,2014,2,chilean,2,academic excellence,2,2013,low,low,low,low,,low,,0,3,13,114,112
FING-1789,Proj Eval&Manag (pass),2018/1,False,True,False,no,2014,2,chilean,2,academic excellence,2,2013,low,low,low,low,,low,,0,3,13,114,112
FING-1789,Comp Org (fail),2018/1,False,True,False,no,2014,2,chilean,2,academic excellence,2,2013,low,low,low,low,,low,,0,3,13,114,112
FING-1789,Progr Parad (pass),2018/2,False,True,False,no,2014,2,chilean,2,academic excellence,2,2013,low,low,low,low,,low,,0,3,13,114,112
FING-1789,SoftEng Fund (pass),2018/2,False,True,False,no,2014,2,chilean,2,academic excellence,2,2013,low,low,low,low,,low,,0,3,13,114,112
FING-1789,Comp Org (pass),2018/2,False,True,False,no,2014,2,chilean,2,academic excellence,2,2013,low,low,low,low,,low,,0,3,13,114,112
FING-1789,DB Design (pass),2019/1,False,True,False,no,2014,2,chilean,2,academic excellence,2,2013,low,low,low,low,,low,,0,3,13,114,112
FING-1789,Comp Net (pass),2019/1,False,True,False,no,2014,2,chilean,2,academic excellence,2,2013,low,low,low,low,,low,,0,3,13,114,112
FING-1789,Op Sys (fail),2019/1,False,True,False,no,2014,2,chilean,2,academic excellence,2,2013,low,low,low,low,,low,,0,3,13,114,112
FING-1789,Inf Adm & Manag (pass),2019/1,False,True,False,no,2014,2,chilean,2,academic excellence,2,2013,low,low,low,low,,low,,0,3,13,114,112
FING-1789,DB Workshop (pass),2019/2,False,True,False,no,2014,2,chilean,2,academic excellence,2,2013,low,low,low,low,,low,,0,3,13,114,112
FING-1789,Elective (pass),2019/2,False,True,False,no,2014,2,chilean,2,academic excellence,2,2013,low,low,low,low,,low,,0,3,13,114,112
FING-1789,Op Sys (pass),2019/2,False,True,False,no,2014,2,chilean,2,academic excellence,2,2013,low,low,low,low,,low,,0,3,13,114,112
FING-1789,SoftEng Technq (pass),2019/2,False,True,False,no,2014,2,chilean,2,academic excellence,2,2013,low,low,low,low,,low,,0,3,13,114,112
FING-1789,SoftEng Proj (pass),2020/1,False,True,False,no,2014,2,chilean,2,academic excellence,2,2013,low,low,low,low,,low,,0,3,13,114,112
FING-1789,Elective (pass),2020/1,False,True,False,no,2014,2,chilean,2,academic excellence,2,2013,low,low,low,low,,low,,0,3,13,114,112
FING-1789,Seminar (pass),2020/1,False,True,False,no,2014,2,chilean,2,academic excellence,2,2013,low,low,low,low,,low,,0,3,13,114,112
FING-1789,Elective (pass),2020/1,False,True,False,no,2014,2,chilean,2,academic excellence,2,2013,low,low,low,low,,low,,0,3,13,114,112
FING-1789,Deg Work (pass),2020/2,False,True,False,no,2014,2,chilean,2,academic excellence,2,2013,low,low,low,low,,low,,0,3,13,114,112
FING-1796,Cal 1 (pass),2013/1,False,True,False,no,2014,2,,,,,,,,,,,,,,,,,
FING-1796,Phy 1 (pass),2013/1,False,True,False,no,2014,2,,,,,,,,,,,,,,,,,
FING-1796,Intro Eng (pass),2013/1,False,True,False,no,2014,2,,,,,,,,,,,,,,,,,
FING-1796,Alg 1 (pass),2013/1,False,True,False,no,2014,2,,,,,,,,,,,,,,,,,
FING-1796,Std Methods (pass),2013/1,False,True,False,no,2014,2,,,,,,,,,,,,,,,,,
FING-1796,Alg 2 (pass),2013/2,False,True,False,no,2014,2,,,,,,,,,,,,,,,,,
FING-1796,IPD Workshop (pass),2013/2,False,True,False,no,2014,2,,,,,,,,,,,,,,,,,
FING-1796,Fund Progr (pass),2013/2,False,True,False,no,2014,2,,,,,,,,,,,,,,,,,
FING-1796,Phy 2 (pass),2013/2,False,True,False,no,2014,2,,,,,,,,,,,,,,,,,
FING-1796,Chemistry (pass),2013/2,False,True,False,no,2014,2,,,,,,,,,,,,,,,,,
FING-1796,Cal 2 (pass),2014/1,False,True,False,no,2014,2,,,,,,,,,,,,,,,,,
FING-1796,Eng 1 (pass),2014/1,False,True,False,no,2014,2,,,,,,,,,,,,,,,,,
FING-1796,Stat Analys (pass),2014/2,False,True,False,no,2014,2,,,,,,,,,,,,,,,,,
FING-1796,Progr Methd (pass),2014/2,False,True,False,no,2014,2,,,,,,,,,,,,,,,,,
FING-1796,Diff Ec & Num Meth (pass),2014/2,False,True,False,no,2014,2,,,,,,,,,,,,,,,,,
FING-1796,Elect & Mag (pass),2014/2,False,True,False,no,2014,2,,,,,,,,,,,,,,,,,
FING-1796,Eff Comm (pass),2014/2,False,True,False,no,2014,2,,,,,,,,,,,,,,,,,
FING-1796,Syst Eng (pass),2015/1,False,True,False,no,2014,2,,,,,,,,,,,,,,,,,
FING-1796,Fund Econ (fail),2015/1,False,True,False,no,2014,2,,,,,,,,,,,,,,,,,
FING-1796,Eng 2 (pass),2015/1,False,True,False,no,2014,2,,,,,,,,,,,,,,,,,
FING-1796,Progr Parad (pass),2015/1,False,True,False,no,2014,2,,,,,,,,,,,,,,,,,
FING-1796,Algorithms (fail),2015/1,False,True,False,no,2014,2,,,,,,,,,,,,,,,,,
FING-1796,Comp Struc (pass),2015/1,False,True,False,no,2014,2,,,,,,,,,,,,,,,,,
FING-1796,SoftEng Fund (pass),2015/2,False,True,False,no,2014,2,,,,,,,,,,,,,,,,,
FING-1796,Comp Org (pass),2015/2,False,True,False,no,2014,2,,,,,,,,,,,,,,,,,
FING-1796,Fund Econ (fail),2015/2,False,True,False,no,2014,2,,,,,,,,,,,,,,,,,
FING-1796,Inf Sys (pass),2015/2,False,True,False,no,2014,2,,,,,,,,,,,,,,,,,
FING-1796,DB Design (pass),2015/2,False,True,False,no,2014,2,,,,,,,,,,,,,,,,,
FING-1796,Op Sys (pass),2016/1,False,True,False,no,2014,2,,,,,,,,,,,,,,,,,
FING-1796,DB Workshop (pass),2016/1,False,True,False,no,2014,2,,,,,,,,,,,,,,,,,
FING-1796,Algorithms (pass),2016/1,False,True,False,no,2014,2,,,,,,,,,,,,,,,,,
FING-1796,Fund Econ (pass),2016/1,False,True,False,no,2014,2,,,,,,,,,,,,,,,,,
FING-1796,Eng 3 (pass),2016/1,False,True,False,no,2014,2,,,,,,,,,,,,,,,,,
FING-1796,Inf & Soc (pass),2016/1,False,True,False,no,2014,2,,,,,,,,,,,,,,,,,
FING-1796,Elective (pass),2016/2,False,True,False,no,2014,2,,,,,,,,,,,,,,,,,
FING-1796,Comp Net (pass),2016/2,False,True,False,no,2014,2,,,,,,,,,,,,,,,,,
FING-1796,Proj Eval&Manag (pass),2016/2,False,True,False,no,2014,2,,,,,,,,,,,,,,,,,
FING-1796,Eng 4 (pass),2016/2,False,True,False,no,2014,2,,,,,,,,,,,,,,,,,
FING-1796,Elective (pass),2017/1,False,True,False,no,2014,2,,,,,,,,,,,,,,,,,
FING-1796,SoftEng Technq (pass),2017/1,False,True,False,no,2014,2,,,,,,,,,,,,,,,,,
FING-1796,Elective (pass),2017/1,False,True,False,no,2014,2,,,,,,,,,,,,,,,,,
FING-1796,Inf Adm & Manag (pass),2017/1,False,True,False,no,2014,2,,,,,,,,,,,,,,,,,
FING-1796,Seminar (pass),2017/1,False,True,False,no,2014,2,,,,,,,,,,,,,,,,,
FING-1796,Deg Work (pass),2017/2,False,True,False,no,2014,2,,,,,,,,,,,,,,,,,
FING-1796,SoftEng Proj (pass),2017/2,False,True,False,no,2014,2,,,,,,,,,,,,,,,,,
FING-1799,Phy 1 (pass),2012/1,False,True,False,yes,2014,2,,,,,,,,,,,,,,,,,
FING-1799,Cal 1 (pass),2012/1,False,True,False,yes,2014,2,,,,,,,,,,,,,,,,,
FING-1799,Alg 1 (pass),2012/1,False,True,False,yes,2014,2,,,,,,,,,,,,,,,,,
FING-1799,IPD Workshop (pass),2012/1,False,True,False,yes,2014,2,,,,,,,,,,,,,,,,,
FING-1799,Intro Eng (pass),2012/1,False,True,False,yes,2014,2,,,,,,,,,,,,,,,,,
FING-1799,Std Methods (pass),2012/1,False,True,False,yes,2014,2,,,,,,,,,,,,,,,,,
FING-1799,Alg 1 (pass),2012/1,False,True,False,yes,2014,2,,,,,,,,,,,,,,,,,
FING-1799,IPD Workshop (pass),2012/1,False,True,False,yes,2014,2,,,,,,,,,,,,,,,,,
FING-1799,Intro Eng (pass),2012/1,False,True,False,yes,2014,2,,,,,,,,,,,,,,,,,
FING-1799,Std Methods (pass),2012/1,False,True,False,yes,2014,2,,,,,,,,,,,,,,,,,
FING-1799,Cal 1 (pass),2012/1,False,True,False,yes,2014,2,,,,,,,,,,,,,,,,,
FING-1799,Phy 1 (pass),2012/1,False,True,False,yes,2014,2,,,,,,,,,,,,,,,,,
FING-1799,Cal 2 (pass),2012/2,False,True,False,yes,2014,2,,,,,,,,,,,,,,,,,
FING-1799,Phy 2 (pass),2012/2,False,True,False,yes,2014,2,,,,,,,,,,,,,,,,,
FING-1799,Chemistry (pass),2012/2,False,True,False,yes,2014,2,,,,,,,,,,,,,,,,,
FING-1799,Fund Progr (pass),2012/2,False,True,False,yes,2014,2,,,,,,,,,,,,,,,,,
FING-1799,Alg 2 (pass),2012/2,False,True,False,yes,2014,2,,,,,,,,,,,,,,,,,
FING-1799,Fund Progr (pass),2012/2,False,True,False,yes,2014,2,,,,,,,,,,,,,,,,,
FING-1799,Chemistry (pass),2012/2,False,True,False,yes,2014,2,,,,,,,,,,,,,,,,,
FING-1799,Cal 2 (pass),2012/2,False,True,False,yes,2014,2,,,,,,,,,,,,,,,,,
FING-1799,Alg 2 (pass),2012/2,False,True,False,yes,2014,2,,,,,,,,,,,,,,,,,
FING-1799,Phy 2 (pass),2012/2,False,True,False,yes,2014,2,,,,,,,,,,,,,,,,,
FING-1799,Fund Econ (pass),2013/1,False,True,False,yes,2014,2,,,,,,,,,,,,,,,,,
FING-1799,Eff Comm (pass),2013/1,False,True,False,yes,2014,2,,,,,,,,,,,,,,,,,
FING-1799,Elect & Mag (pass),2013/1,False,True,False,yes,2014,2,,,,,,,,,,,,,,,,,
FING-1799,Progr Methd (pass),2013/1,False,True,False,yes,2014,2,,,,,,,,,,,,,,,,,
FING-1799,Eng 1 (pass),2013/1,False,True,False,yes,2014,2,,,,,,,,,,,,,,,,,
FING-1799,Progr Methd (pass),2013/1,False,True,False,yes,2014,2,,,,,,,,,,,,,,,,,
FING-1799,Diff Ec & Num Meth (pass),2013/1,False,True,False,yes,2014,2,,,,,,,,,,,,,,,,,
FING-1799,Elect & Mag (pass),2013/1,False,True,False,yes,2014,2,,,,,,,,,,,,,,,,,
FING-1799,Eng 1 (pass),2013/1,False,True,False,yes,2014,2,,,,,,,,,,,,,,,,,
FING-1799,Eff Comm (pass),2013/1,False,True,False,yes,2014,2,,,,,,,,,,,,,,,,,
FING-1799,Fund Econ (pass),2013/1,False,True,False,yes,2014,2,,,,,,,,,,,,,,,,,
FING-1799,Progr Parad (pass),2013/2,False,True,False,yes,2014,2,,,,,,,,,,,,,,,,,
FING-1799,Eng 2 (pass),2013/2,False,True,False,yes,2014,2,,,,,,,,,,,,,,,,,
FING-1799,Comp Struc (pass),2013/2,False,True,False,yes,2014,2,,,,,,,,,,,,,,,,,
FING-1799,Algorithms (pass),2013/2,False,True,False,yes,2014,2,,,,,,,,,,,,,,,,,
FING-1799,Stat Analys (pass),2013/2,False,True,False,yes,2014,2,,,,,,,,,,,,,,,,,
FING-1799,Eng 2 (pass),2013/2,False,True,False,yes,2014,2,,,,,,,,,,,,,,,,,
FING-1799,Comp Struc (pass),2013/2,False,True,False,yes,2014,2,,,,,,,,,,,,,,,,,
FING-1799,Algorithms (pass),2013/2,False,True,False,yes,2014,2,,,,,,,,,,,,,,,,,
FING-1799,Progr Parad (pass),2013/2,False,True,False,yes,2014,2,,,,,,,,,,,,,,,,,
FING-1799,Stat Analys (pass),2013/2,False,True,False,yes,2014,2,,,,,,,,,,,,,,,,,
FING-1799,Eng 3 (pass),2014/1,False,True,False,yes,2014,2,,,,,,,,,,,,,,,,,
FING-1799,DB Design (pass),2014/1,False,True,False,yes,2014,2,,,,,,,,,,,,,,,,,
FING-1799,Comp Org (pass),2014/1,False,True,False,yes,2014,2,,,,,,,,,,,,,,,,,
FING-1799,Syst Eng (pass),2014/1,False,True,False,yes,2014,2,,,,,,,,,,,,,,,,,
FING-1799,SoftEng Fund (pass),2014/1,False,True,False,yes,2014,2,,,,,,,,,,,,,,,,,
FING-1799,Eng 3 (pass),2014/1,False,True,False,yes,2014,2,,,,,,,,,,,,,,,,,
FING-1799,Comp Org (pass),2014/1,False,True,False,yes,2014,2,,,,,,,,,,,,,,,,,
FING-1799,Syst Eng (pass),2014/1,False,True,False,yes,2014,2,,,,,,,,,,,,,,,,,
FING-1799,DB Design (pass),2014/1,False,True,False,yes,2014,2,,,,,,,,,,,,,,,,,
FING-1799,SoftEng Fund (pass),2014/1,False,True,False,yes,2014,2,,,,,,,,,,,,,,,,,
FING-1799,Op Sys (pass),2014/2,False,True,False,yes,2014,2,,,,,,,,,,,,,,,,,
FING-1799,Eng 4 (pass),2014/2,False,True,False,yes,2014,2,,,,,,,,,,,,,,,,,
FING-1799,DB Workshop (pass),2014/2,False,True,False,yes,2014,2,,,,,,,,,,,,,,,,,
FING-1799,Inf & Soc (pass),2014/2,False,True,False,yes,2014,2,,,,,,,,,,,,,,,,,
FING-1799,Inf Sys (pass),2014/2,False,True,False,yes,2014,2,,,,,,,,,,,,,,,,,
FING-1799,Diff Ec & Num Meth (pass),2014/2,False,True,False,yes,2014,2,,,,,,,,,,,,,,,,,
FING-1799,Proj Eval&Manag (pass),2015/1,False,True,False,yes,2014,2,,,,,,,,,,,,,,,,,
FING-1799,SoftEng Technq (pass),2015/1,False,True,False,yes,2014,2,,,,,,,,,,,,,,,,,
FING-1799,Comp Net (pass),2015/1,False,True,False,yes,2014,2,,,,,,,,,,,,,,,,,
FING-1799,Elective (pass),2015/2,False,True,False,yes,2014,2,,,,,,,,,,,,,,,,,
FING-1799,Elective (pass),2015/2,False,True,False,yes,2014,2,,,,,,,,,,,,,,,,,
FING-1799,Elective (pass),2015/2,False,True,False,yes,2014,2,,,,,,,,,,,,,,,,,
FING-1799,Inf Adm & Manag (pass),2015/2,False,True,False,yes,2014,2,,,,,,,,,,,,,,,,,
FING-1799,Seminar (pass),2015/2,False,True,False,yes,2014,2,,,,,,,,,,,,,,,,,
FING-1799,SoftEng Proj (fail),2016/1,False,True,False,yes,2014,2,,,,,,,,,,,,,,,,,
FING-1799,Deg Work (pass),2016/2,False,True,False,yes,2014,2,,,,,,,,,,,,,,,,,
FING-1799,SoftEng Proj (pass),2016/2,False,True,False,yes,2014,2,,,,,,,,,,,,,,,,,
FING-180,Alg 1 (pass),2014/1,False,True,False,yes,2018,2,,,,,,,,,,,,,,,,,
FING-180,Phy 1 (pass),2014/1,False,True,False,yes,2018,2,,,,,,,,,,,,,,,,,
FING-180,IPD Workshop (pass),2014/1,False,True,False,yes,2018,2,,,,,,,,,,,,,,,,,
FING-180,Intro Eng (pass),2014/1,False,True,False,yes,2018,2,,,,,,,,,,,,,,,,,
FING-180,Std Methods (pass),2014/1,False,True,False,yes,2018,2,,,,,,,,,,,,,,,,,
FING-180,Intro Eng (pass),2014/1,False,True,False,yes,2018,2,,,,,,,,,,,,,,,,,
FING-180,Std Methods (pass),2014/1,False,True,False,yes,2018,2,,,,,,,,,,,,,,,,,
FING-180,Phy 1 (pass),2014/1,False,True,False,yes,2018,2,,,,,,,,,,,,,,,,,
FING-180,Cal 1 (fail),2014/1,False,True,False,yes,2018,2,,,,,,,,,,,,,,,,,
FING-180,Alg 1 (pass),2014/1,False,True,False,yes,2018,2,,,,,,,,,,,,,,,,,
FING-180,IPD Workshop (pass),2014/1,False,True,False,yes,2018,2,,,,,,,,,,,,,,,,,
FING-180,Cal 1 (pass),2014/2,False,True,False,yes,2018,2,,,,,,,,,,,,,,,,,
FING-180,Alg 2 (pass),2014/2,False,True,False,yes,2018,2,,,,,,,,,,,,,,,,,
FING-180,Phy 2 (pass),2014/2,False,True,False,yes,2018,2,,,,,,,,,,,,,,,,,
FING-180,Fund Progr (pass),2014/2,False,True,False,yes,2018,2,,,,,,,,,,,,,,,,,
FING-180,Alg 2 (pass),2014/2,False,True,False,yes,2018,2,,,,,,,,,,,,,,,,,
FING-180,Chemistry (fail),2014/2,False,True,False,yes,2018,2,,,,,,,,,,,,,,,,,
FING-180,Phy 2 (pass),2014/2,False,True,False,yes,2018,2,,,,,,,,,,,,,,,,,
FING-180,Cal 1 (pass),2014/2,False,True,False,yes,2018,2,,,,,,,,,,,,,,,,,
FING-180,Fund Progr (pass),2014/2,False,True,False,yes,2018,2,,,,,,,,,,,,,,,,,
FING-180,Cal 2 (pass),2015/1,False,True,False,yes,2018,2,,,,,,,,,,,,,,,,,
FING-180,Chemistry (pass),2015/1,False,True,False,yes,2018,2,,,,,,,,,,,,,,,,,
FING-180,Eng 1 (pass),2015/1,False,True,False,yes,2018,2,,,,,,,,,,,,,,,,,
FING-180,Progr Methd (fail),2015/1,False,True,False,yes,2018,2,,,,,,,,,,,,,,,,,
FING-180,Fund Econ (fail),2015/1,False,True,False,yes,2018,2,,,,,,,,,,,,,,,,,
FING-180,Eng 1 (pass),2015/1,False,True,False,yes,2018,2,,,,,,,,,,,,,,,,,
FING-180,Cal 2 (pass),2015/1,False,True,False,yes,2018,2,,,,,,,,,,,,,,,,,
FING-180,Chemistry (pass),2015/1,False,True,False,yes,2018,2,,,,,,,,,,,,,,,,,
FING-180,Eff Comm (pass),2015/2,False,True,False,yes,2018,2,,,,,,,,,,,,,,,,,
FING-180,Eng 2 (pass),2015/2,False,True,False,yes,2018,2,,,,,,,,,,,,,,,,,
FING-180,Eff Comm (pass),2015/2,False,True,False,yes,2018,2,,,,,,,,,,,,,,,,,
FING-180,Fund Econ (fail),2015/2,False,True,False,yes,2018,2,,,,,,,,,,,,,,,,,
FING-180,Eng 2 (pass),2015/2,False,True,False,yes,2018,2,,,,,,,,,,,,,,,,,
FING-180,Progr Methd (fail),2015/2,False,True,False,yes,2018,2,,,,,,,,,,,,,,,,,
FING-180,Diff Ec & Num Meth (fail),2015/2,False,True,False,yes,2018,2,,,,,,,,,,,,,,,,,
FING-180,Stat Analys (pass),2016/1,False,True,False,yes,2018,2,,,,,,,,,,,,,,,,,
FING-180,Elect & Mag (pass),2016/1,False,True,False,yes,2018,2,,,,,,,,,,,,,,,,,
FING-180,Progr Methd (pass),2016/1,False,True,False,yes,2018,2,,,,,,,,,,,,,,,,,
FING-180,Fund Econ (pass),2016/1,False,True,False,yes,2018,2,,,,,,,,,,,,,,,,,
FING-180,Progr Methd (pass),2016/1,False,True,False,yes,2018,2,,,,,,,,,,,,,,,,,
FING-180,Diff Ec & Num Meth (pass),2016/1,False,True,False,yes,2018,2,,,,,,,,,,,,,,,,,
FING-180,Elect & Mag (pass),2016/1,False,True,False,yes,2018,2,,,,,,,,,,,,,,,,,
FING-180,Fund Econ (pass),2016/1,False,True,False,yes,2018,2,,,,,,,,,,,,,,,,,
FING-180,Stat Analys (pass),2016/1,False,True,False,yes,2018,2,,,,,,,,,,,,,,,,,
FING-180,Eng 3 (pass),2016/2,False,True,False,yes,2018,2,,,,,,,,,,,,,,,,,
FING-180,Comp Struc (fail),2016/2,False,True,False,yes,2018,2,,,,,,,,,,,,,,,,,
FING-180,Eng 3 (pass),2016/2,False,True,False,yes,2018,2,,,,,,,,,,,,,,,,,
FING-180,Algorithms (fail),2016/2,False,True,False,yes,2018,2,,,,,,,,,,,,,,,,,
FING-180,Algorithms (pass),2017/1,False,True,False,yes,2018,2,,,,,,,,,,,,,,,,,
FING-180,Comp Struc (pass),2017/1,False,True,False,yes,2018,2,,,,,,,,,,,,,,,,,
FING-180,Eng 4 (pass),2017/1,False,True,False,yes,2018,2,,,,,,,,,,,,,,,,,
FING-180,Algorithms (pass),2017/1,False,True,False,yes,2018,2,,,,,,,,,,,,,,,,,
FING-180,Eng 4 (pass),2017/1,False,True,False,yes,2018,2,,,,,,,,,,,,,,,,,
FING-180,Comp Struc (pass),2017/1,False,True,False,yes,2018,2,,,,,,,,,,,,,,,,,
FING-180,Syst Eng (pass),2017/2,False,True,False,yes,2018,2,,,,,,,,,,,,,,,,,
FING-180,Progr Parad (fail),2017/2,False,True,False,yes,2018,2,,,,,,,,,,,,,,,,,
FING-180,Syst Eng (pass),2017/2,False,True,False,yes,2018,2,,,,,,,,,,,,,,,,,
FING-180,Comp Org (fail),2017/2,False,True,False,yes,2018,2,,,,,,,,,,,,,,,,,
FING-180,Comp Org (pass),2018/1,False,True,False,yes,2018,2,,,,,,,,,,,,,,,,,
FING-180,Progr Parad (fail),2018/1,False,True,False,yes,2018,2,,,,,,,,,,,,,,,,,
FING-180,Comp Org (pass),2018/1,False,True,False,yes,2018,2,,,,,,,,,,,,,,,,,
FING-180,Progr Parad (pass),2018/2,False,True,False,yes,2018,2,,,,,,,,,,,,,,,,,
FING-180,Inf Sys (pass),2018/2,False,True,False,yes,2018,2,,,,,,,,,,,,,,,,,
FING-180,Op Sys (fail),2018/2,False,True,False,yes,2018,2,,,,,,,,,,,,,,,,,
FING-180,Proj Eval&Manag (pass),2018/2,False,True,False,yes,2018,2,,,,,,,,,,,,,,,,,
FING-180,DB Design (fail),2019/1,False,True,False,yes,2018,2,,,,,,,,,,,,,,,,,
FING-180,Op Sys (pass),2019/1,False,True,False,yes,2018,2,,,,,,,,,,,,,,,,,
FING-180,SoftEng Fund (pass),2019/1,False,True,False,yes,2018,2,,,,,,,,,,,,,,,,,
FING-180,Inf & Soc (fail),2019/1,False,True,False,yes,2018,2,,,,,,,,,,,,,,,,,
FING-180,Elective (pass),2019/2,False,True,False,yes,2018,2,,,,,,,,,,,,,,,,,
FING-180,Comp Net (pass),2019/2,False,True,False,yes,2018,2,,,,,,,,,,,,,,,,,
FING-180,Inf & Soc (pass),2019/2,False,True,False,yes,2018,2,,,,,,,,,,,,,,,,,
FING-180,DB Design (pass),2019/2,False,True,False,yes,2018,2,,,,,,,,,,,,,,,,,
FING-180,SoftEng Technq (pass),2020/1,False,True,False,yes,2018,2,,,,,,,,,,,,,,,,,
FING-180,Elective (pass),2020/1,False,True,False,yes,2018,2,,,,,,,,,,,,,,,,,
FING-180,DB Workshop (pass),2020/1,False,True,False,yes,2018,2,,,,,,,,,,,,,,,,,
FING-180,Inf Adm & Manag (pass),2020/1,False,True,False,yes,2018,2,,,,,,,,,,,,,,,,,
FING-180,SoftEng Proj (pass),2020/2,False,True,False,yes,2018,2,,,,,,,,,,,,,,,,,
FING-180,Seminar (pass),2020/2,False,True,False,yes,2018,2,,,,,,,,,,,,,,,,,
FING-180,Elective (pass),2020/2,False,True,False,yes,2018,2,,,,,,,,,,,,,,,,,
FING-180,Deg Work (pass),2021/2,False,True,False,yes,2018,2,,,,,,,,,,,,,,,,,
FING-1800,Intro Eng (pass),2013/1,False,True,False,no,2014,2,,,,,,,,,,,,,,,,,
FING-1800,Cal 1 (pass),2013/1,False,True,False,no,2014,2,,,,,,,,,,,,,,,,,
FING-1800,Phy 1 (pass),2013/1,False,True,False,no,2014,2,,,,,,,,,,,,,,,,,
FING-1800,IPD Workshop (pass),2013/1,False,True,False,no,2014,2,,,,,,,,,,,,,,,,,
FING-1800,Alg 1 (pass),2013/1,False,True,False,no,2014,2,,,,,,,,,,,,,,,,,
FING-1800,Std Methods (pass),2013/1,False,True,False,no,2014,2,,,,,,,,,,,,,,,,,
FING-1800,Alg 2 (pass),2013/2,False,True,False,no,2014,2,,,,,,,,,,,,,,,,,
FING-1800,Fund Progr (pass),2013/2,False,True,False,no,2014,2,,,,,,,,,,,,,,,,,
FING-1800,Phy 2 (pass),2013/2,False,True,False,no,2014,2,,,,,,,,,,,,,,,,,
FING-1800,Cal 2 (pass),2013/2,False,True,False,no,2014,2,,,,,,,,,,,,,,,,,
FING-1800,Chemistry (pass),2013/2,False,True,False,no,2014,2,,,,,,,,,,,,,,,,,
FING-1800,Diff Ec & Num Meth (pass),2014/1,False,True,False,no,2014,2,,,,,,,,,,,,,,,,,
FING-1800,Eng 1 (pass),2014/1,False,True,False,no,2014,2,,,,,,,,,,,,,,,,,
FING-1800,Eng 2 (pass),2014/2,False,True,False,no,2014,2,,,,,,,,,,,,,,,,,
FING-1800,Elect & Mag (pass),2014/2,False,True,False,no,2014,2,,,,,,,,,,,,,,,,,
FING-1800,Progr Methd (fail),2014/2,False,True,False,no,2014,2,,,,,,,,,,,,,,,,,
FING-1800,Stat Analys (pass),2014/2,False,True,False,no,2014,2,,,,,,,,,,,,,,,,,
FING-1800,Eff Comm (pass),2014/2,False,True,False,no,2014,2,,,,,,,,,,,,,,,,,
FING-1800,Eng 3 (pass),2015/1,False,True,False,no,2014,2,,,,,,,,,,,,,,,,,
FING-1800,Progr Methd (pass),2015/1,False,True,False,no,2014,2,,,,,,,,,,,,,,,,,
FING-1800,Fund Econ (fail),2015/2,False,True,False,no,2014,2,,,,,,,,,,,,,,,,,
FING-1800,Algorithms (fail),2015/2,False,True,False,no,2014,2,,,,,,,,,,,,,,,,,
FING-1800,Comp Struc (pass),2015/2,False,True,False,no,2014,2,,,,,,,,,,,,,,,,,
FING-1800,Syst Eng (pass),2016/1,False,True,False,no,2014,2,,,,,,,,,,,,,,,,,
FING-1800,Algorithms (pass),2016/1,False,True,False,no,2014,2,,,,,,,,,,,,,,,,,
FING-1800,Progr Parad (fail),2016/1,False,True,False,no,2014,2,,,,,,,,,,,,,,,,,
FING-1800,Fund Econ (pass),2016/1,False,True,False,no,2014,2,,,,,,,,,,,,,,,,,
FING-1800,Progr Parad (pass),2016/2,False,True,False,no,2014,2,,,,,,,,,,,,,,,,,
FING-1800,Inf Sys (pass),2016/2,False,True,False,no,2014,2,,,,,,,,,,,,,,,,,
FING-1800,DB Design (pass),2016/2,False,True,False,no,2014,2,,,,,,,,,,,,,,,,,
FING-1800,SoftEng Fund (pass),2017/1,False,True,False,no,2014,2,,,,,,,,,,,,,,,,,
FING-1800,Proj Eval&Manag (pass),2017/1,False,True,False,no,2014,2,,,,,,,,,,,,,,,,,
FING-1800,Comp Org (pass),2017/1,False,True,False,no,2014,2,,,,,,,,,,,,,,,,,
FING-1800,Eng 4 (pass),2017/1,False,True,False,no,2014,2,,,,,,,,,,,,,,,,,
FING-1800,Inf Adm & Manag (pass),2017/2,False,True,False,no,2014,2,,,,,,,,,,,,,,,,,
FING-1800,SoftEng Technq (pass),2017/2,False,True,False,no,2014,2,,,,,,,,,,,,,,,,,
FING-1800,DB Workshop (pass),2017/2,False,True,False,no,2014,2,,,,,,,,,,,,,,,,,
FING-1800,Comp Net (pass),2017/2,False,True,False,no,2014,2,,,,,,,,,,,,,,,,,
FING-1800,Op Sys (pass),2018/1,False,True,False,no,2014,2,,,,,,,,,,,,,,,,,
FING-1800,Elective (pass),2018/1,False,True,False,no,2014,2,,,,,,,,,,,,,,,,,
FING-1800,Elective (pass),2018/1,False,True,False,no,2014,2,,,,,,,,,,,,,,,,,
FING-1800,SoftEng Proj (pass),2018/2,False,True,False,no,2014,2,,,,,,,,,,,,,,,,,
FING-1800,Elective (pass),2018/2,False,True,False,no,2014,2,,,,,,,,,,,,,,,,,
FING-1800,Seminar (pass),2018/2,False,True,False,no,2014,2,,,,,,,,,,,,,,,,,
FING-1800,Inf & Soc (pass),2018/2,False,True,False,no,2014,2,,,,,,,,,,,,,,,,,
FING-1800,Deg Work (pass),2019/2,False,True,False,no,2014,2,,,,,,,,,,,,,,,,,
FING-1803,Std Methods (pass),2012/1,False,True,False,no,2014,2,,,,,,,,,,,,,,,,,
FING-1803,IPD Workshop (pass),2012/1,False,True,False,no,2014,2,,,,,,,,,,,,,,,,,
FING-1803,Alg 1 (pass),2012/1,False,True,False,no,2014,2,,,,,,,,,,,,,,,,,
FING-1803,Cal 1 (pass),2012/1,False,True,False,no,2014,2,,,,,,,,,,,,,,,,,
FING-1803,Phy 1 (pass),2012/1,False,True,False,no,2014,2,,,,,,,,,,,,,,,,,
FING-1803,Intro Eng (pass),2012/1,False,True,False,no,2014,2,,,,,,,,,,,,,,,,,
FING-1803,Chemistry (pass),2012/2,False,True,False,no,2014,2,,,,,,,,,,,,,,,,,
FING-1803,Cal 2 (pass),2012/2,False,True,False,no,2014,2,,,,,,,,,,,,,,,,,
FING-1803,Phy 2 (pass),2012/2,False,True,False,no,2014,2,,,,,,,,,,,,,,,,,
FING-1803,Alg 2 (pass),2012/2,False,True,False,no,2014,2,,,,,,,,,,,,,,,,,
FING-1803,Fund Progr (pass),2012/2,False,True,False,no,2014,2,,,,,,,,,,,,,,,,,
FING-1803,Eng 1 (pass),2013/1,False,True,False,no,2014,2,,,,,,,,,,,,,,,,,
FING-1803,Stat Analys (pass),2013/2,False,True,False,no,2014,2,,,,,,,,,,,,,,,,,
FING-1803,Elect & Mag (pass),2013/2,False,True,False,no,2014,2,,,,,,,,,,,,,,,,,
FING-1803,Eff Comm (pass),2013/2,False,True,False,no,2014,2,,,,,,,,,,,,,,,,,
FING-1803,Eng 2 (pass),2013/2,False,True,False,no,2014,2,,,,,,,,,,,,,,,,,
FING-1803,Fund Econ (pass),2013/2,False,True,False,no,2014,2,,,,,,,,,,,,,,,,,
FING-1803,Proj Eval&Manag (pass),2014/2,False,True,False,no,2014,2,,,,,,,,,,,,,,,,,
FING-1803,Progr Methd (pass),2014/2,False,True,False,no,2014,2,,,,,,,,,,,,,,,,,
FING-1803,Comp Struc (pass),2014/2,False,True,False,no,2014,2,,,,,,,,,,,,,,,,,
FING-1803,Syst Eng (pass),2014/2,False,True,False,no,2014,2,,,,,,,,,,,,,,,,,
FING-1803,Comp Org (pass),2015/1,False,True,False,no,2014,2,,,,,,,,,,,,,,,,,
FING-1803,Eng 3 (pass),2015/1,False,True,False,no,2014,2,,,,,,,,,,,,,,,,,
FING-1803,Progr Parad (pass),2015/1,False,True,False,no,2014,2,,,,,,,,,,,,,,,,,
FING-1803,Algorithms (pass),2015/1,False,True,False,no,2014,2,,,,,,,,,,,,,,,,,
FING-1803,Inf & Soc (pass),2015/1,False,True,False,no,2014,2,,,,,,,,,,,,,,,,,
FING-1803,Inf Sys (fail),2015/1,False,True,False,no,2014,2,,,,,,,,,,,,,,,,,
FING-1803,Inf Adm & Manag (pass),2015/1,False,True,False,no,2014,2,,,,,,,,,,,,,,,,,
FING-1803,SoftEng Fund (pass),2015/2,False,True,False,no,2014,2,,,,,,,,,,,,,,,,,
FING-1803,Op Sys (pass),2015/2,False,True,False,no,2014,2,,,,,,,,,,,,,,,,,
FING-1803,Eng 4 (pass),2015/2,False,True,False,no,2014,2,,,,,,,,,,,,,,,,,
FING-1803,Comp Net (pass),2015/2,False,True,False,no,2014,2,,,,,,,,,,,,,,,,,
FING-1803,DB Design (pass),2015/2,False,True,False,no,2014,2,,,,,,,,,,,,,,,,,
FING-1803,DB Workshop (pass),2016/1,False,True,False,no,2014,2,,,,,,,,,,,,,,,,,
FING-1803,Elective (pass),2016/1,False,True,False,no,2014,2,,,,,,,,,,,,,,,,,
FING-1803,Inf Sys (pass),2016/1,False,True,False,no,2014,2,,,,,,,,,,,,,,,,,
FING-1803,Elective (pass),2016/2,False,True,False,no,2014,2,,,,,,,,,,,,,,,,,
FING-1803,Seminar (fail),2016/2,False,True,False,no,2014,2,,,,,,,,,,,,,,,,,
FING-1803,Elective (pass),2016/2,False,True,False,no,2014,2,,,,,,,,,,,,,,,,,
FING-1803,SoftEng Technq (pass),2016/2,False,True,False,no,2014,2,,,,,,,,,,,,,,,,,
FING-1803,SoftEng Proj (fail),2017/1,False,True,False,no,2014,2,,,,,,,,,,,,,,,,,
FING-1803,Seminar (pass),2017/1,False,True,False,no,2014,2,,,,,,,,,,,,,,,,,
FING-1803,Deg Work (pass),2017/2,False,True,False,no,2014,2,,,,,,,,,,,,,,,,,
FING-1803,SoftEng Proj (pass),2017/2,False,True,False,no,2014,2,,,,,,,,,,,,,,,,,
FING-184,Alg 1 (pass),2014/1,False,True,False,yes,2018,1,,,,,,,,,,,,,,,,,
FING-184,Phy 1 (pass),2014/1,False,True,False,yes,2018,1,,,,,,,,,,,,,,,,,
FING-184,IPD Workshop (pass),2014/1,False,True,False,yes,2018,1,,,,,,,,,,,,,,,,,
FING-184,Intro Eng (pass),2014/1,False,True,False,yes,2018,1,,,,,,,,,,,,,,,,,
FING-184,Std Methods (pass),2014/1,False,True,False,yes,2018,1,,,,,,,,,,,,,,,,,
FING-184,Intro Eng (pass),2014/1,False,True,False,yes,2018,1,,,,,,,,,,,,,,,,,
FING-184,Std Methods (pass),2014/1,False,True,False,yes,2018,1,,,,,,,,,,,,,,,,,
FING-184,Phy 1 (pass),2014/1,False,True,False,yes,2018,1,,,,,,,,,,,,,,,,,
FING-184,Cal 1 (fail),2014/1,False,True,False,yes,2018,1,,,,,,,,,,,,,,,,,
FING-184,Alg 1 (pass),2014/1,False,True,False,yes,2018,1,,,,,,,,,,,,,,,,,
FING-184,IPD Workshop (pass),2014/1,False,True,False,yes,2018,1,,,,,,,,,,,,,,,,,
FING-184,Cal 1 (pass),2014/2,False,True,False,yes,2018,1,,,,,,,,,,,,,,,,,
FING-184,Alg 2 (pass),2014/2,False,True,False,yes,2018,1,,,,,,,,,,,,,,,,,
FING-184,Phy 2 (pass),2014/2,False,True,False,yes,2018,1,,,,,,,,,,,,,,,,,
FING-184,Fund Progr (fail),2014/2,False,True,False,yes,2018,1,,,,,,,,,,,,,,,,,
FING-184,Alg 2 (pass),2014/2,False,True,False,yes,2018,1,,,,,,,,,,,,,,,,,
FING-184,Chemistry (fail),2014/2,False,True,False,yes,2018,1,,,,,,,,,,,,,,,,,
FING-184,Phy 2 (pass),2014/2,False,True,False,yes,2018,1,,,,,,,,,,,,,,,,,
FING-184,Cal 1 (pass),2014/2,False,True,False,yes,2018,1,,,,,,,,,,,,,,,,,
FING-184,Cal 2 (pass),2015/1,False,True,False,yes,2018,1,,,,,,,,,,,,,,,,,
FING-184,Fund Progr (pass),2015/1,False,True,False,yes,2018,1,,,,,,,,,,,,,,,,,
FING-184,Chemistry (pass),2015/1,False,True,False,yes,2018,1,,,,,,,,,,,,,,,,,
FING-184,Eng 1 (pass),2015/1,False,True,False,yes,2018,1,,,,,,,,,,,,,,,,,
FING-184,Fund Econ (pass),2015/1,False,True,False,yes,2018,1,,,,,,,,,,,,,,,,,
FING-184,Fund Progr (pass),2015/1,False,True,False,yes,2018,1,,,,,,,,,,,,,,,,,
FING-184,Fund Econ (pass),2015/1,False,True,False,yes,2018,1,,,,,,,,,,,,,,,,,
FING-184,Eng 1 (pass),2015/1,False,True,False,yes,2018,1,,,,,,,,,,,,,,,,,
FING-184,Cal 2 (pass),2015/1,False,True,False,yes,2018,1,,,,,,,,,,,,,,,,,
FING-184,Chemistry (pass),2015/1,False,True,False,yes,2018,1,,,,,,,,,,,,,,,,,
FING-184,Eff Comm (pass),2015/2,False,True,False,yes,2018,1,,,,,,,,,,,,,,,,,
FING-184,Eng 2 (pass),2015/2,False,True,False,yes,2018,1,,,,,,,,,,,,,,,,,
FING-184,Eff Comm (pass),2015/2,False,True,False,yes,2018,1,,,,,,,,,,,,,,,,,
FING-184,Eng 2 (pass),2015/2,False,True,False,yes,2018,1,,,,,,,,,,,,,,,,,
FING-184,Progr Methd (fail),2015/2,False,True,False,yes,2018,1,,,,,,,,,,,,,,,,,
FING-184,Diff Ec & Num Meth (pass),2015/2,False,True,False,yes,2018,1,,,,,,,,,,,,,,,,,
FING-184,Stat Analys (pass),2016/1,False,True,False,yes,2018,1,,,,,,,,,,,,,,,,,
FING-184,Elect & Mag (pass),2016/1,False,True,False,yes,2018,1,,,,,,,,,,,,,,,,,
FING-184,Progr Methd (pass),2016/1,False,True,False,yes,2018,1,,,,,,,,,,,,,,,,,
FING-184,Progr Methd (pass),2016/1,False,True,False,yes,2018,1,,,,,,,,,,,,,,,,,
FING-184,Stat Analys (pass),2016/1,False,True,False,yes,2018,1,,,,,,,,,,,,,,,,,
FING-184,Elect & Mag (pass),2016/1,False,True,False,yes,2018,1,,,,,,,,,,,,,,,,,
FING-184,Algorithms (pass),2016/2,False,True,False,yes,2018,1,,,,,,,,,,,,,,,,,
FING-184,Syst Eng (pass),2016/2,False,True,False,yes,2018,1,,,,,,,,,,,,,,,,,
FING-184,Comp Struc (pass),2016/2,False,True,False,yes,2018,1,,,,,,,,,,,,,,,,,
FING-184,Eng 3 (pass),2016/2,False,True,False,yes,2018,1,,,,,,,,,,,,,,,,,
FING-184,Algorithms (pass),2016/2,False,True,False,yes,2018,1,,,,,,,,,,,,,,,,,
FING-184,Comp Struc (pass),2016/2,False,True,False,yes,2018,1,,,,,,,,,,,,,,,,,
FING-184,Syst Eng (pass),2016/2,False,True,False,yes,2018,1,,,,,,,,,,,,,,,,,
FING-184,Eng 3 (pass),2016/2,False,True,False,yes,2018,1,,,,,,,,,,,,,,,,,
FING-184,Eng 4 (pass),2017/1,False,True,False,yes,2018,1,,,,,,,,,,,,,,,,,
FING-184,Progr Parad (fail),2017/1,False,True,False,yes,2018,1,,,,,,,,,,,,,,,,,
FING-184,Eng 4 (pass),2017/1,False,True,False,yes,2018,1,,,,,,,,,,,,,,,,,
FING-184,Elective (pass),2017/2,False,True,False,yes,2018,1,,,,,,,,,,,,,,,,,
FING-184,Progr Parad (pass),2017/2,False,True,False,yes,2018,1,,,,,,,,,,,,,,,,,
FING-184,Comp Org (pass),2017/2,False,True,False,yes,2018,1,,,,,,,,,,,,,,,,,
FING-184,Progr Parad (pass),2017/2,False,True,False,yes,2018,1,,,,,,,,,,,,,,,,,
FING-184,Comp Org (pass),2017/2,False,True,False,yes,2018,1,,,,,,,,,,,,,,,,,
FING-184,Inf & Soc (pass),2018/1,False,True,False,yes,2018,1,,,,,,,,,,,,,,,,,
FING-184,SoftEng Fund (pass),2018/1,False,True,False,yes,2018,1,,,,,,,,,,,,,,,,,
FING-184,DB Design (pass),2018/1,False,True,False,yes,2018,1,,,,,,,,,,,,,,,,,
FING-184,Op Sys (pass),2018/1,False,True,False,yes,2018,1,,,,,,,,,,,,,,,,,
FING-184,Op Sys (pass),2018/1,False,True,False,yes,2018,1,,,,,,,,,,,,,,,,,
FING-184,DB Design (pass),2018/1,False,True,False,yes,2018,1,,,,,,,,,,,,,,,,,
FING-184,SoftEng Fund (pass),2018/1,False,True,False,yes,2018,1,,,,,,,,,,,,,,,,,
FING-184,Inf Sys (pass),2018/2,False,True,False,yes,2018,1,,,,,,,,,,,,,,,,,
FING-184,Comp Net (pass),2018/2,False,True,False,yes,2018,1,,,,,,,,,,,,,,,,,
FING-184,DB Workshop (pass),2018/2,False,True,False,yes,2018,1,,,,,,,,,,,,,,,,,
FING-184,Elective (pass),2019/1,False,True,False,yes,2018,1,,,,,,,,,,,,,,,,,
FING-184,Elective (pass),2019/1,False,True,False,yes,2018,1,,,,,,,,,,,,,,,,,
FING-184,SoftEng Technq (pass),2019/1,False,True,False,yes,2018,1,,,,,,,,,,,,,,,,,
FING-184,Proj Eval&Manag (pass),2019/1,False,True,False,yes,2018,1,,,,,,,,,,,,,,,,,
FING-184,Seminar (pass),2019/2,False,True,False,yes,2018,1,,,,,,,,,,,,,,,,,
FING-184,Inf Adm & Manag (pass),2019/2,False,True,False,yes,2018,1,,,,,,,,,,,,,,,,,
FING-184,SoftEng Proj (pass),2019/2,False,True,False,yes,2018,1,,,,,,,,,,,,,,,,,
FING-184,Deg Work (pass),2020/1,False,True,False,yes,2018,1,,,,,,,,,,,,,,,,,
FING-186,Cal 1 (pass),2014/1,False,True,False,yes,2017,2,,,,,,,,,,,,,,,,,
FING-186,Alg 1 (pass),2014/1,False,True,False,yes,2017,2,,,,,,,,,,,,,,,,,
FING-186,Std Methods (pass),2014/1,False,True,False,yes,2017,2,,,,,,,,,,,,,,,,,
FING-186,Intro Eng (pass),2014/1,False,True,False,yes,2017,2,,,,,,,,,,,,,,,,,
FING-186,Phy 1 (pass),2014/1,False,True,False,yes,2017,2,,,,,,,,,,,,,,,,,
FING-186,IPD Workshop (pass),2014/1,False,True,False,yes,2017,2,,,,,,,,,,,,,,,,,
FING-186,Intro Eng (pass),2014/1,False,True,False,yes,2017,2,,,,,,,,,,,,,,,,,
FING-186,Std Methods (pass),2014/1,False,True,False,yes,2017,2,,,,,,,,,,,,,,,,,
FING-186,Phy 1 (pass),2014/1,False,True,False,yes,2017,2,,,,,,,,,,,,,,,,,
FING-186,Cal 1 (pass),2014/1,False,True,False,yes,2017,2,,,,,,,,,,,,,,,,,
FING-186,Alg 1 (pass),2014/1,False,True,False,yes,2017,2,,,,,,,,,,,,,,,,,
FING-186,IPD Workshop (pass),2014/1,False,True,False,yes,2017,2,,,,,,,,,,,,,,,,,
FING-186,Fund Progr (pass),2014/2,False,True,False,yes,2017,2,,,,,,,,,,,,,,,,,
FING-186,Alg 2 (pass),2014/2,False,True,False,yes,2017,2,,,,,,,,,,,,,,,,,
FING-186,Cal 2 (pass),2014/2,False,True,False,yes,2017,2,,,,,,,,,,,,,,,,,
FING-186,Phy 2 (pass),2014/2,False,True,False,yes,2017,2,,,,,,,,,,,,,,,,,
FING-186,Chemistry (pass),2014/2,False,True,False,yes,2017,2,,,,,,,,,,,,,,,,,
FING-186,Fund Progr (pass),2014/2,False,True,False,yes,2017,2,,,,,,,,,,,,,,,,,
FING-186,Alg 2 (pass),2014/2,False,True,False,yes,2017,2,,,,,,,,,,,,,,,,,
FING-186,Chemistry (pass),2014/2,False,True,False,yes,2017,2,,,,,,,,,,,,,,,,,
FING-186,Phy 2 (pass),2014/2,False,True,False,yes,2017,2,,,,,,,,,,,,,,,,,
FING-186,Cal 2 (pass),2014/2,False,True,False,yes,2017,2,,,,,,,,,,,,,,,,,
FING-186,Eff Comm (pass),2015/1,False,True,False,yes,2017,2,,,,,,,,,,,,,,,,,
FING-186,Eng 1 (pass),2015/1,False,True,False,yes,2017,2,,,,,,,,,,,,,,,,,
FING-186,Eff Comm (pass),2015/1,False,True,False,yes,2017,2,,,,,,,,,,,,,,,,,
FING-186,Progr Methd (fail),2015/1,False,True,False,yes,2017,2,,,,,,,,,,,,,,,,,
FING-186,Fund Econ (fail),2015/1,False,True,False,yes,2017,2,,,,,,,,,,,,,,,,,
FING-186,Eng 1 (pass),2015/1,False,True,False,yes,2017,2,,,,,,,,,,,,,,,,,
FING-186,Elect & Mag (fail),2015/1,False,True,False,yes,2017,2,,,,,,,,,,,,,,,,,
FING-186,Diff Ec & Num Meth (pass),2015/1,False,True,False,yes,2017,2,,,,,,,,,,,,,,,,,
FING-186,Eng 2 (pass),2015/2,False,True,False,yes,2017,2,,,,,,,,,,,,,,,,,
FING-186,Elect & Mag (pass),2015/2,False,True,False,yes,2017,2,,,,,,,,,,,,,,,,,
FING-186,Progr Methd (pass),2015/2,False,True,False,yes,2017,2,,,,,,,,,,,,,,,,,
FING-186,Stat Analys (fail),2015/2,False,True,False,yes,2017,2,,,,,,,,,,,,,,,,,
FING-186,Eng 2 (pass),2015/2,False,True,False,yes,2017,2,,,,,,,,,,,,,,,,,
FING-186,Fund Econ (fail),2015/2,False,True,False,yes,2017,2,,,,,,,,,,,,,,,,,
FING-186,Progr Methd (pass),2015/2,False,True,False,yes,2017,2,,,,,,,,,,,,,,,,,
FING-186,Elect & Mag (pass),2015/2,False,True,False,yes,2017,2,,,,,,,,,,,,,,,,,
FING-186,Fund Econ (pass),2016/1,False,True,False,yes,2017,2,,,,,,,,,,,,,,,,,
FING-186,Algorithms (fail),2016/1,False,True,False,yes,2017,2,,,,,,,,,,,,,,,,,
FING-186,Fund Econ (pass),2016/1,False,True,False,yes,2017,2,,,,,,,,,,,,,,,,,
FING-186,Stat Analys (pass),2016/2,False,True,False,yes,2017,2,,,,,,,,,,,,,,,,,
FING-186,Eng 3 (pass),2016/2,False,True,False,yes,2017,2,,,,,,,,,,,,,,,,,
FING-186,Comp Struc (fail),2016/2,False,True,False,yes,2017,2,,,,,,,,,,,,,,,,,
FING-186,Eng 3 (pass),2016/2,False,True,False,yes,2017,2,,,,,,,,,,,,,,,,,
FING-186,Algorithms (fail),2016/2,False,True,False,yes,2017,2,,,,,,,,,,,,,,,,,
FING-186,Stat Analys (pass),2016/2,False,True,False,yes,2017,2,,,,,,,,,,,,,,,,,
FING-186,Eng 4 (pass),2017/1,False,True,False,yes,2017,2,,,,,,,,,,,,,,,,,
FING-186,Algorithms (fail),2017/1,False,True,False,yes,2017,2,,,,,,,,,,,,,,,,,
FING-186,Eng 4 (pass),2017/1,False,True,False,yes,2017,2,,,,,,,,,,,,,,,,,
FING-186,Comp Struc (fail),2017/1,False,True,False,yes,2017,2,,,,,,,,,,,,,,,,,
FING-186,Progr Parad (fail),2017/1,False,True,False,yes,2017,2,,,,,,,,,,,,,,,,,
FING-186,Comp Struc (pass),2017/2,False,True,False,yes,2017,2,,,,,,,,,,,,,,,,,
FING-186,Progr Parad (fail),2017/2,False,True,False,yes,2017,2,,,,,,,,,,,,,,,,,
FING-186,Algorithms (fail),2017/2,False,True,False,yes,2017,2,,,,,,,,,,,,,,,,,
FING-186,Syst Eng (pass),2017/2,False,True,False,yes,2017,2,,,,,,,,,,,,,,,,,
FING-186,Progr Parad (fail),2018/1,False,True,False,yes,2017,2,,,,,,,,,,,,,,,,,
FING-186,Inf Sys (pass),2018/1,False,True,False,yes,2017,2,,,,,,,,,,,,,,,,,
FING-186,Algorithms (pass),2018/1,False,True,False,yes,2017,2,,,,,,,,,,,,,,,,,
FING-186,Proj Eval&Manag (pass),2018/1,False,True,False,yes,2017,2,,,,,,,,,,,,,,,,,
FING-186,Inf & Soc (pass),2018/1,False,True,False,yes,2017,2,,,,,,,,,,,,,,,,,
FING-186,Progr Parad (pass),2018/2,False,True,False,yes,2017,2,,,,,,,,,,,,,,,,,
FING-186,SoftEng Fund (pass),2018/2,False,True,False,yes,2017,2,,,,,,,,,,,,,,,,,
FING-186,DB Design (pass),2018/2,False,True,False,yes,2017,2,,,,,,,,,,,,,,,,,
FING-186,Comp Org (fail),2018/2,False,True,False,yes,2017,2,,,,,,,,,,,,,,,,,
FING-186,DB Workshop (pass),2019/1,False,True,False,yes,2017,2,,,,,,,,,,,,,,,,,
FING-186,Comp Org (pass),2019/1,False,True,False,yes,2017,2,,,,,,,,,,,,,,,,,
FING-186,Comp Net (pass),2019/2,False,True,False,yes,2017,2,,,,,,,,,,,,,,,,,
FING-186,Op Sys (pass),2019/2,False,True,False,yes,2017,2,,,,,,,,,,,,,,,,,
FING-186,Inf Adm & Manag (pass),2019/2,False,True,False,yes,2017,2,,,,,,,,,,,,,,,,,
FING-186,SoftEng Technq (pass),2019/2,False,True,False,yes,2017,2,,,,,,,,,,,,,,,,,
FING-186,SoftEng Proj (pass),2020/1,False,True,False,yes,2017,2,,,,,,,,,,,,,,,,,
FING-186,Elective (pass),2020/1,False,True,False,yes,2017,2,,,,,,,,,,,,,,,,,
FING-186,Elective (pass),2020/1,False,True,False,yes,2017,2,,,,,,,,,,,,,,,,,
FING-186,Seminar (pass),2020/1,False,True,False,yes,2017,2,,,,,,,,,,,,,,,,,
FING-186,Elective (pass),2020/1,False,True,False,yes,2017,2,,,,,,,,,,,,,,,,,
FING-186,Deg Work (pass),2021/1,False,True,False,yes,2017,2,,,,,,,,,,,,,,,,,
FING-18676,Phy 1 (pass),2013/1,False,True,False,no,2016,2,,,,,,,,,,,,,,,,,
FING-18676,Cal 1 (pass),2013/1,False,True,False,no,2016,2,,,,,,,,,,,,,,,,,
FING-18676,IPD Workshop (pass),2013/1,False,True,False,no,2016,2,,,,,,,,,,,,,,,,,
FING-18676,Std Methods (pass),2013/1,False,True,False,no,2016,2,,,,,,,,,,,,,,,,,
FING-18676,Intro Eng (pass),2013/1,False,True,False,no,2016,2,,,,,,,,,,,,,,,,,
FING-18676,Alg 1 (pass),2013/1,False,True,False,no,2016,2,,,,,,,,,,,,,,,,,
FING-18676,Fund Progr (pass),2013/2,False,True,False,no,2016,2,,,,,,,,,,,,,,,,,
FING-18676,Alg 2 (pass),2013/2,False,True,False,no,2016,2,,,,,,,,,,,,,,,,,
FING-18676,Chemistry (pass),2013/2,False,True,False,no,2016,2,,,,,,,,,,,,,,,,,
FING-18676,Phy 2 (pass),2014/1,False,True,False,no,2016,2,,,,,,,,,,,,,,,,,
FING-18676,Cal 2 (pass),2014/1,False,True,False,no,2016,2,,,,,,,,,,,,,,,,,
FING-18676,Eng 1 (pass),2014/1,False,True,False,no,2016,2,,,,,,,,,,,,,,,,,
FING-18676,Fund Econ (pass),2014/2,False,True,False,no,2016,2,,,,,,,,,,,,,,,,,
FING-18676,Eng 2 (pass),2014/2,False,True,False,no,2016,2,,,,,,,,,,,,,,,,,
FING-18676,Eff Comm (pass),2014/2,False,True,False,no,2016,2,,,,,,,,,,,,,,,,,
FING-18676,Progr Methd (pass),2014/2,False,True,False,no,2016,2,,,,,,,,,,,,,,,,,
FING-18676,Eng 3 (pass),2015/1,False,True,False,no,2016,2,,,,,,,,,,,,,,,,,
FING-18676,Elect & Mag (pass),2016/1,False,True,False,no,2016,2,,,,,,,,,,,,,,,,,
FING-18676,Stat Analys (fail),2016/1,False,True,False,no,2016,2,,,,,,,,,,,,,,,,,
FING-18676,Diff Ec & Num Meth (pass),2016/1,False,True,False,no,2016,2,,,,,,,,,,,,,,,,,
FING-18676,Comp Struc (fail),2016/2,False,True,False,no,2016,2,,,,,,,,,,,,,,,,,
FING-18676,Progr Parad (pass),2016/2,False,True,False,no,2016,2,,,,,,,,,,,,,,,,,
FING-18676,Eng 4 (pass),2016/2,False,True,False,no,2016,2,,,,,,,,,,,,,,,,,
FING-18676,Algorithms (pass),2016/2,False,True,False,no,2016,2,,,,,,,,,,,,,,,,,
FING-18676,Stat Analys (pass),2016/2,False,True,False,no,2016,2,,,,,,,,,,,,,,,,,
FING-18676,Proj Eval&Manag (pass),2017/1,False,True,False,no,2016,2,,,,,,,,,,,,,,,,,
FING-18676,DB Design (pass),2017/1,False,True,False,no,2016,2,,,,,,,,,,,,,,,,,
FING-18676,Syst Eng (pass),2017/1,False,True,False,no,2016,2,,,,,,,,,,,,,,,,,
FING-18676,Comp Struc (pass),2017/1,False,True,False,no,2016,2,,,,,,,,,,,,,,,,,
FING-18676,Inf & Soc (pass),2017/1,False,True,False,no,2016,2,,,,,,,,,,,,,,,,,
FING-18676,Comp Org (pass),2017/2,False,True,False,no,2016,2,,,,,,,,,,,,,,,,,
FING-18676,SoftEng Fund (pass),2017/2,False,True,False,no,2016,2,,,,,,,,,,,,,,,,,
FING-18676,Inf Adm & Manag (pass),2017/2,False,True,False,no,2016,2,,,,,,,,,,,,,,,,,
FING-18676,Inf Sys (pass),2017/2,False,True,False,no,2016,2,,,,,,,,,,,,,,,,,
FING-18676,Op Sys (pass),2018/1,False,True,False,no,2016,2,,,,,,,,,,,,,,,,,
FING-18676,DB Workshop (pass),2018/1,False,True,False,no,2016,2,,,,,,,,,,,,,,,,,
FING-18676,Comp Net (pass),2018/1,False,True,False,no,2016,2,,,,,,,,,,,,,,,,,
FING-18676,SoftEng Technq (pass),2018/1,False,True,False,no,2016,2,,,,,,,,,,,,,,,,,
FING-18676,Elective (pass),2018/2,False,True,False,no,2016,2,,,,,,,,,,,,,,,,,
FING-18676,SoftEng Proj (pass),2018/2,False,True,False,no,2016,2,,,,,,,,,,,,,,,,,
FING-18676,Elective (pass),2018/2,False,True,False,no,2016,2,,,,,,,,,,,,,,,,,
FING-18676,Seminar (pass),2018/2,False,True,False,no,2016,2,,,,,,,,,,,,,,,,,
FING-18676,Elective (pass),2019/1,False,True,False,no,2016,2,,,,,,,,,,,,,,,,,
FING-18676,Deg Work (pass),2019/2,False,True,False,no,2016,2,,,,,,,,,,,,,,,,,
FING-19613,IPD Workshop (pass),2013/1,False,True,False,no,2013,1,chilean,1,academic excellence,1,2012,medium,high,medium,medium,,low,,0,3,13,100,105
FING-19613,Phy 1 (pass),2013/1,False,True,False,no,2013,1,chilean,1,academic excellence,1,2012,medium,high,medium,medium,,low,,0,3,13,100,105
FING-19613,Alg 1 (pass),2013/1,False,True,False,no,2013,1,chilean,1,academic excellence,1,2012,medium,high,medium,medium,,low,,0,3,13,100,105
FING-19613,Cal 1 (fail),2013/1,False,True,False,no,2013,1,chilean,1,academic excellence,1,2012,medium,high,medium,medium,,low,,0,3,13,100,105
FING-19613,Intro Eng (pass),2013/1,False,True,False,no,2013,1,chilean,1,academic excellence,1,2012,medium,high,medium,medium,,low,,0,3,13,100,105
FING-19613,Std Methods (pass),2013/1,False,True,False,no,2013,1,chilean,1,academic excellence,1,2012,medium,high,medium,medium,,low,,0,3,13,100,105
FING-19613,Fund Progr (fail),2013/2,False,True,False,no,2013,1,chilean,1,academic excellence,1,2012,medium,high,medium,medium,,low,,0,3,13,100,105
FING-19613,Alg 2 (pass),2013/2,False,True,False,no,2013,1,chilean,1,academic excellence,1,2012,medium,high,medium,medium,,low,,0,3,13,100,105
FING-19613,Phy 2 (pass),2013/2,False,True,False,no,2013,1,chilean,1,academic excellence,1,2012,medium,high,medium,medium,,low,,0,3,13,100,105
FING-19613,Chemistry (fail),2013/2,False,True,False,no,2013,1,chilean,1,academic excellence,1,2012,medium,high,medium,medium,,low,,0,3,13,100,105
FING-19613,Cal 1 (pass),2013/2,False,True,False,no,2013,1,chilean,1,academic excellence,1,2012,medium,high,medium,medium,,low,,0,3,13,100,105
FING-19613,Eng 1 (pass),2014/1,False,True,False,no,2013,1,chilean,1,academic excellence,1,2012,medium,high,medium,medium,,low,,0,3,13,100,105
FING-19613,Cal 2 (pass),2014/1,False,True,False,no,2013,1,chilean,1,academic excellence,1,2012,medium,high,medium,medium,,low,,0,3,13,100,105
FING-19613,Fund Progr (pass),2014/1,False,True,False,no,2013,1,chilean,1,academic excellence,1,2012,medium,high,medium,medium,,low,,0,3,13,100,105
FING-19613,Chemistry (pass),2014/1,False,True,False,no,2013,1,chilean,1,academic excellence,1,2012,medium,high,medium,medium,,low,,0,3,13,100,105
FING-19613,Eng 2 (pass),2014/2,False,True,False,no,2013,1,chilean,1,academic excellence,1,2012,medium,high,medium,medium,,low,,0,3,13,100,105
FING-19613,Elect & Mag (fail),2014/2,False,True,False,no,2013,1,chilean,1,academic excellence,1,2012,medium,high,medium,medium,,low,,0,3,13,100,105
FING-19613,Progr Methd (pass),2014/2,False,True,False,no,2013,1,chilean,1,academic excellence,1,2012,medium,high,medium,medium,,low,,0,3,13,100,105
FING-19613,Diff Ec & Num Meth (pass),2014/2,False,True,False,no,2013,1,chilean,1,academic excellence,1,2012,medium,high,medium,medium,,low,,0,3,13,100,105
FING-19613,Eff Comm (pass),2014/2,False,True,False,no,2013,1,chilean,1,academic excellence,1,2012,medium,high,medium,medium,,low,,0,3,13,100,105
FING-19613,Elect & Mag (fail),2015/1,False,True,False,no,2013,1,chilean,1,academic excellence,1,2012,medium,high,medium,medium,,low,,0,3,13,100,105
FING-19613,Eng 3 (pass),2015/1,False,True,False,no,2013,1,chilean,1,academic excellence,1,2012,medium,high,medium,medium,,low,,0,3,13,100,105
FING-19613,Stat Analys (fail),2015/1,False,True,False,no,2013,1,chilean,1,academic excellence,1,2012,medium,high,medium,medium,,low,,0,3,13,100,105
FING-19613,Fund Econ (pass),2015/1,False,True,False,no,2013,1,chilean,1,academic excellence,1,2012,medium,high,medium,medium,,low,,0,3,13,100,105
FING-19613,Inf & Soc (pass),2015/2,False,True,False,no,2013,1,chilean,1,academic excellence,1,2012,medium,high,medium,medium,,low,,0,3,13,100,105
FING-19613,Algorithms (fail),2015/2,False,True,False,no,2013,1,chilean,1,academic excellence,1,2012,medium,high,medium,medium,,low,,0,3,13,100,105
FING-19613,Stat Analys (fail),2015/2,False,True,False,no,2013,1,chilean,1,academic excellence,1,2012,medium,high,medium,medium,,low,,0,3,13,100,105
FING-19613,Elect & Mag (pass),2015/2,False,True,False,no,2013,1,chilean,1,academic excellence,1,2012,medium,high,medium,medium,,low,,0,3,13,100,105
FING-19613,Proj Eval&Manag (pass),2016/1,False,True,False,no,2013,1,chilean,1,academic excellence,1,2012,medium,high,medium,medium,,low,,0,3,13,100,105
FING-19613,Comp Struc (pass),2016/1,False,True,False,no,2013,1,chilean,1,academic excellence,1,2012,medium,high,medium,medium,,low,,0,3,13,100,105
FING-19613,Algorithms (pass),2016/1,False,True,False,no,2013,1,chilean,1,academic excellence,1,2012,medium,high,medium,medium,,low,,0,3,13,100,105
FING-19613,Stat Analys (pass),2016/1,False,True,False,no,2013,1,chilean,1,academic excellence,1,2012,medium,high,medium,medium,,low,,0,3,13,100,105
FING-19613,Progr Parad (fail),2016/2,False,True,False,no,2013,1,chilean,1,academic excellence,1,2012,medium,high,medium,medium,,low,,0,3,13,100,105
FING-19613,Syst Eng (pass),2016/2,False,True,False,no,2013,1,chilean,1,academic excellence,1,2012,medium,high,medium,medium,,low,,0,3,13,100,105
FING-19613,Inf Adm & Manag (pass),2016/2,False,True,False,no,2013,1,chilean,1,academic excellence,1,2012,medium,high,medium,medium,,low,,0,3,13,100,105
FING-19613,Inf Sys (pass),2017/1,False,True,False,no,2013,1,chilean,1,academic excellence,1,2012,medium,high,medium,medium,,low,,0,3,13,100,105
FING-19613,Eng 4 (pass),2017/1,False,True,False,no,2013,1,chilean,1,academic excellence,1,2012,medium,high,medium,medium,,low,,0,3,13,100,105
FING-19613,Progr Parad (pass),2017/1,False,True,False,no,2013,1,chilean,1,academic excellence,1,2012,medium,high,medium,medium,,low,,0,3,13,100,105
FING-19613,Elective (pass),2017/2,False,True,False,no,2013,1,chilean,1,academic excellence,1,2012,medium,high,medium,medium,,low,,0,3,13,100,105
FING-19613,SoftEng Fund (pass),2017/2,False,True,False,no,2013,1,chilean,1,academic excellence,1,2012,medium,high,medium,medium,,low,,0,3,13,100,105
FING-19613,DB Design (pass),2017/2,False,True,False,no,2013,1,chilean,1,academic excellence,1,2012,medium,high,medium,medium,,low,,0,3,13,100,105
FING-19613,Comp Org (pass),2017/2,False,True,False,no,2013,1,chilean,1,academic excellence,1,2012,medium,high,medium,medium,,low,,0,3,13,100,105
FING-19613,Op Sys (pass),2018/1,False,True,False,no,2013,1,chilean,1,academic excellence,1,2012,medium,high,medium,medium,,low,,0,3,13,100,105
FING-19613,DB Workshop (pass),2018/1,False,True,False,no,2013,1,chilean,1,academic excellence,1,2012,medium,high,medium,medium,,low,,0,3,13,100,105
FING-19613,Comp Net (pass),2018/1,False,True,False,no,2013,1,chilean,1,academic excellence,1,2012,medium,high,medium,medium,,low,,0,3,13,100,105
FING-19613,SoftEng Technq (pass),2018/1,False,True,False,no,2013,1,chilean,1,academic excellence,1,2012,medium,high,medium,medium,,low,,0,3,13,100,105
FING-19613,Elective (pass),2018/2,False,True,False,no,2013,1,chilean,1,academic excellence,1,2012,medium,high,medium,medium,,low,,0,3,13,100,105
FING-19613,SoftEng Proj (pass),2018/2,False,True,False,no,2013,1,chilean,1,academic excellence,1,2012,medium,high,medium,medium,,low,,0,3,13,100,105
FING-19613,Seminar (pass),2018/2,False,True,False,no,2013,1,chilean,1,academic excellence,1,2012,medium,high,medium,medium,,low,,0,3,13,100,105
FING-19613,Elective (pass),2018/2,False,True,False,no,2013,1,chilean,1,academic excellence,1,2012,medium,high,medium,medium,,low,,0,3,13,100,105
FING-19613,Deg Work (pass),2020/2,False,True,False,no,2013,1,chilean,1,academic excellence,1,2012,medium,high,medium,medium,,low,,0,3,13,100,105
FING-20103,Intro Eng (pass),2013/1,False,True,False,no,2017,2,,,,,,,,,,,,,,,,,
FING-20103,IPD Workshop (pass),2013/1,False,True,False,no,2017,2,,,,,,,,,,,,,,,,,
FING-20103,Std Methods (pass),2013/1,False,True,False,no,2017,2,,,,,,,,,,,,,,,,,
FING-20103,Phy 1 (pass),2013/2,False,True,False,no,2017,2,,,,,,,,,,,,,,,,,
FING-20103,Cal 1 (pass),2013/2,False,True,False,no,2017,2,,,,,,,,,,,,,,,,,
FING-20103,Chemistry (pass),2013/2,False,True,False,no,2017,2,,,,,,,,,,,,,,,,,
FING-20103,Alg 1 (pass),2013/2,False,True,False,no,2017,2,,,,,,,,,,,,,,,,,
FING-20103,Fund Progr (pass),2014/1,False,True,False,no,2017,2,,,,,,,,,,,,,,,,,
FING-20103,Alg 2 (pass),2014/1,False,True,False,no,2017,2,,,,,,,,,,,,,,,,,
FING-20103,Cal 2 (pass),2014/1,False,True,False,no,2017,2,,,,,,,,,,,,,,,,,
FING-20103,Phy 2 (pass),2014/1,False,True,False,no,2017,2,,,,,,,,,,,,,,,,,
FING-20103,Eff Comm (pass),2014/2,False,True,False,no,2017,2,,,,,,,,,,,,,,,,,
FING-20103,Elect & Mag (pass),2014/2,False,True,False,no,2017,2,,,,,,,,,,,,,,,,,
FING-20103,Eng 1 (pass),2014/2,False,True,False,no,2017,2,,,,,,,,,,,,,,,,,
FING-20103,Progr Methd (pass),2014/2,False,True,False,no,2017,2,,,,,,,,,,,,,,,,,
FING-20103,Fund Econ (pass),2015/1,False,True,False,no,2017,2,,,,,,,,,,,,,,,,,
FING-20103,Eng 2 (pass),2015/1,False,True,False,no,2017,2,,,,,,,,,,,,,,,,,
FING-20103,Stat Analys (pass),2015/2,False,True,False,no,2017,2,,,,,,,,,,,,,,,,,
FING-20103,Eng 3 (pass),2016/1,False,True,False,no,2017,2,,,,,,,,,,,,,,,,,
FING-20103,Syst Eng (pass),2016/1,False,True,False,no,2017,2,,,,,,,,,,,,,,,,,
FING-20103,Algorithms (pass),2016/1,False,True,False,no,2017,2,,,,,,,,,,,,,,,,,
FING-20103,Comp Struc (pass),2016/1,False,True,False,no,2017,2,,,,,,,,,,,,,,,,,
FING-20103,SoftEng Fund (pass),2016/2,False,True,False,no,2017,2,,,,,,,,,,,,,,,,,
FING-20103,Progr Parad (pass),2016/2,False,True,False,no,2017,2,,,,,,,,,,,,,,,,,
FING-20103,Proj Eval&Manag (pass),2017/1,False,True,False,no,2017,2,,,,,,,,,,,,,,,,,
FING-20103,Inf Sys (pass),2017/1,False,True,False,no,2017,2,,,,,,,,,,,,,,,,,
FING-20103,DB Design (pass),2017/1,False,True,False,no,2017,2,,,,,,,,,,,,,,,,,
FING-20103,Comp Org (pass),2017/1,False,True,False,no,2017,2,,,,,,,,,,,,,,,,,
FING-20103,Eng 4 (pass),2017/1,False,True,False,no,2017,2,,,,,,,,,,,,,,,,,
FING-20103,Inf Adm & Manag (pass),2017/2,False,True,False,no,2017,2,,,,,,,,,,,,,,,,,
FING-20103,SoftEng Technq (pass),2017/2,False,True,False,no,2017,2,,,,,,,,,,,,,,,,,
FING-20103,Op Sys (fail),2017/2,False,True,False,no,2017,2,,,,,,,,,,,,,,,,,
FING-20103,DB Workshop (pass),2017/2,False,True,False,no,2017,2,,,,,,,,,,,,,,,,,
FING-20103,Inf & Soc (pass),2017/2,False,True,False,no,2017,2,,,,,,,,,,,,,,,,,
FING-20103,Comp Net (pass),2017/2,False,True,False,no,2017,2,,,,,,,,,,,,,,,,,
FING-20103,Elective (pass),2018/1,False,True,False,no,2017,2,,,,,,,,,,,,,,,,,
FING-20103,Op Sys (pass),2018/1,False,True,False,no,2017,2,,,,,,,,,,,,,,,,,
FING-20103,SoftEng Proj (pass),2018/1,False,True,False,no,2017,2,,,,,,,,,,,,,,,,,
FING-20103,Elective (pass),2018/1,False,True,False,no,2017,2,,,,,,,,,,,,,,,,,
FING-20103,Elective (pass),2018/1,False,True,False,no,2017,2,,,,,,,,,,,,,,,,,
FING-20103,Seminar (pass),2018/1,False,True,False,no,2017,2,,,,,,,,,,,,,,,,,
FING-20103,Deg Work (pass),2019/1,False,True,False,no,2017,2,,,,,,,,,,,,,,,,,
FING-20186,IPD Workshop (pass),2012/1,False,True,False,no,2012,2,,,,,,,,,,,,,,,,,
FING-20186,Cal 1 (fail),2012/1,False,True,False,no,2012,2,,,,,,,,,,,,,,,,,
FING-20186,Alg 1 (pass),2012/1,False,True,False,no,2012,2,,,,,,,,,,,,,,,,,
FING-20186,Phy 1 (pass),2012/1,False,True,False,no,2012,2,,,,,,,,,,,,,,,,,
FING-20186,Intro Eng (pass),2012/1,False,True,False,no,2012,2,,,,,,,,,,,,,,,,,
FING-20186,Std Methods (pass),2012/1,False,True,False,no,2012,2,,,,,,,,,,,,,,,,,
FING-20186,Phy 2 (pass),2012/2,False,True,False,no,2012,2,,,,,,,,,,,,,,,,,
FING-20186,Chemistry (fail),2012/2,False,True,False,no,2012,2,,,,,,,,,,,,,,,,,
FING-20186,Fund Progr (fail),2012/2,False,True,False,no,2012,2,,,,,,,,,,,,,,,,,
FING-20186,Cal 1 (pass),2012/2,False,True,False,no,2012,2,,,,,,,,,,,,,,,,,
FING-20186,Alg 2 (pass),2012/2,False,True,False,no,2012,2,,,,,,,,,,,,,,,,,
FING-20186,Chemistry (pass),2013/1,False,True,False,no,2012,2,,,,,,,,,,,,,,,,,
FING-20186,Cal 2 (pass),2013/1,False,True,False,no,2012,2,,,,,,,,,,,,,,,,,
FING-20186,Eng 1 (pass),2013/1,False,True,False,no,2012,2,,,,,,,,,,,,,,,,,
FING-20186,Eff Comm (pass),2013/1,False,True,False,no,2012,2,,,,,,,,,,,,,,,,,
FING-20186,Fund Progr (pass),2013/1,False,True,False,no,2012,2,,,,,,,,,,,,,,,,,
FING-20186,Elect & Mag (fail),2013/2,False,True,False,no,2012,2,,,,,,,,,,,,,,,,,
FING-20186,Diff Ec & Num Meth (pass),2013/2,False,True,False,no,2012,2,,,,,,,,,,,,,,,,,
FING-20186,Stat Analys (fail),2013/2,False,True,False,no,2012,2,,,,,,,,,,,,,,,,,
FING-20186,Eng 2 (pass),2013/2,False,True,False,no,2012,2,,,,,,,,,,,,,,,,,
FING-20186,Progr Methd (pass),2013/2,False,True,False,no,2012,2,,,,,,,,,,,,,,,,,
FING-20186,Eng 3 (pass),2014/1,False,True,False,no,2012,2,,,,,,,,,,,,,,,,,
FING-20186,Progr Parad (pass),2014/1,False,True,False,no,2012,2,,,,,,,,,,,,,,,,,
FING-20186,Elect & Mag (pass),2014/1,False,True,False,no,2012,2,,,,,,,,,,,,,,,,,
FING-20186,Inf & Soc (pass),2014/1,False,True,False,no,2012,2,,,,,,,,,,,,,,,,,
FING-20186,Stat Analys (pass),2014/1,False,True,False,no,2012,2,,,,,,,,,,,,,,,,,
FING-20186,Eng 4 (pass),2014/2,False,True,False,no,2012,2,,,,,,,,,,,,,,,,,
FING-20186,Syst Eng (fail),2014/2,False,True,False,no,2012,2,,,,,,,,,,,,,,,,,
FING-20186,DB Design (pass),2014/2,False,True,False,no,2012,2,,,,,,,,,,,,,,,,,
FING-20186,Algorithms (pass),2014/2,False,True,False,no,2012,2,,,,,,,,,,,,,,,,,
FING-20186,Comp Struc (pass),2014/2,False,True,False,no,2012,2,,,,,,,,,,,,,,,,,
FING-20186,Fund Econ (pass),2014/2,False,True,False,no,2012,2,,,,,,,,,,,,,,,,,
FING-20186,Syst Eng (pass),2015/1,False,True,False,no,2012,2,,,,,,,,,,,,,,,,,
FING-20186,Comp Org (pass),2015/1,False,True,False,no,2012,2,,,,,,,,,,,,,,,,,
FING-20186,SoftEng Fund (pass),2015/1,False,True,False,no,2012,2,,,,,,,,,,,,,,,,,
FING-20186,Proj Eval&Manag (pass),2015/1,False,True,False,no,2012,2,,,,,,,,,,,,,,,,,
FING-20186,Inf Sys (pass),2015/1,False,True,False,no,2012,2,,,,,,,,,,,,,,,,,
FING-20186,Op Sys (pass),2015/2,False,True,False,no,2012,2,,,,,,,,,,,,,,,,,
FING-20186,Inf Adm & Manag (pass),2015/2,False,True,False,no,2012,2,,,,,,,,,,,,,,,,,
FING-20186,SoftEng Technq (pass),2015/2,False,True,False,no,2012,2,,,,,,,,,,,,,,,,,
FING-20186,DB Workshop (pass),2015/2,False,True,False,no,2012,2,,,,,,,,,,,,,,,,,
FING-20186,Seminar (pass),2016/1,False,True,False,no,2012,2,,,,,,,,,,,,,,,,,
FING-20186,Elective (pass),2016/1,False,True,False,no,2012,2,,,,,,,,,,,,,,,,,
FING-20186,Comp Net (pass),2016/1,False,True,False,no,2012,2,,,,,,,,,,,,,,,,,
FING-20186,SoftEng Proj (pass),2016/1,False,True,False,no,2012,2,,,,,,,,,,,,,,,,,
FING-20186,Elective (pass),2016/2,False,True,False,no,2012,2,,,,,,,,,,,,,,,,,
FING-20186,Elective (pass),2016/2,False,True,False,no,2012,2,,,,,,,,,,,,,,,,,
FING-20186,Deg Work (pass),2016/2,False,True,False,no,2012,2,,,,,,,,,,,,,,,,,
FING-205,Alg 1 (pass),2014/1,False,True,False,yes,2018,2,,,,,,,,,,,,,,,,,
FING-205,Std Methods (pass),2014/1,False,True,False,yes,2018,2,,,,,,,,,,,,,,,,,
FING-205,Phy 1 (pass),2014/1,False,True,False,yes,2018,2,,,,,,,,,,,,,,,,,
FING-205,Cal 1 (pass),2014/1,False,True,False,yes,2018,2,,,,,,,,,,,,,,,,,
FING-205,Intro Eng (pass),2014/1,False,True,False,yes,2018,2,,,,,,,,,,,,,,,,,
FING-205,IPD Workshop (pass),2014/1,False,True,False,yes,2018,2,,,,,,,,,,,,,,,,,
FING-205,Alg 1 (pass),2014/1,False,True,False,yes,2018,2,,,,,,,,,,,,,,,,,
FING-205,Std Methods (pass),2014/1,False,True,False,yes,2018,2,,,,,,,,,,,,,,,,,
FING-205,Cal 1 (pass),2014/1,False,True,False,yes,2018,2,,,,,,,,,,,,,,,,,
FING-205,IPD Workshop (pass),2014/1,False,True,False,yes,2018,2,,,,,,,,,,,,,,,,,
FING-205,Phy 1 (pass),2014/1,False,True,False,yes,2018,2,,,,,,,,,,,,,,,,,
FING-205,Intro Eng (pass),2014/1,False,True,False,yes,2018,2,,,,,,,,,,,,,,,,,
FING-205,Fund Progr (pass),2014/2,False,True,False,yes,2018,2,,,,,,,,,,,,,,,,,
FING-205,Chemistry (pass),2014/2,False,True,False,yes,2018,2,,,,,,,,,,,,,,,,,
FING-205,Phy 2 (pass),2014/2,False,True,False,yes,2018,2,,,,,,,,,,,,,,,,,
FING-205,Alg 2 (pass),2014/2,False,True,False,yes,2018,2,,,,,,,,,,,,,,,,,
FING-205,Fund Progr (pass),2014/2,False,True,False,yes,2018,2,,,,,,,,,,,,,,,,,
FING-205,Cal 2 (fail),2014/2,False,True,False,yes,2018,2,,,,,,,,,,,,,,,,,
FING-205,Alg 2 (pass),2014/2,False,True,False,yes,2018,2,,,,,,,,,,,,,,,,,
FING-205,Chemistry (pass),2014/2,False,True,False,yes,2018,2,,,,,,,,,,,,,,,,,
FING-205,Phy 2 (pass),2014/2,False,True,False,yes,2018,2,,,,,,,,,,,,,,,,,
FING-205,Cal 2 (pass),2015/1,False,True,False,yes,2018,2,,,,,,,,,,,,,,,,,
FING-205,Progr Methd (pass),2015/1,False,True,False,yes,2018,2,,,,,,,,,,,,,,,,,
FING-205,Fund Econ (pass),2015/1,False,True,False,yes,2018,2,,,,,,,,,,,,,,,,,
FING-205,Eng 1 (pass),2015/1,False,True,False,yes,2018,2,,,,,,,,,,,,,,,,,
FING-205,Progr Methd (pass),2015/1,False,True,False,yes,2018,2,,,,,,,,,,,,,,,,,
FING-205,Fund Econ (pass),2015/1,False,True,False,yes,2018,2,,,,,,,,,,,,,,,,,
FING-205,Eng 1 (pass),2015/1,False,True,False,yes,2018,2,,,,,,,,,,,,,,,,,
FING-205,Cal 2 (pass),2015/1,False,True,False,yes,2018,2,,,,,,,,,,,,,,,,,
FING-205,Eng 2 (pass),2015/2,False,True,False,yes,2018,2,,,,,,,,,,,,,,,,,
FING-205,Stat Analys (fail),2015/2,False,True,False,yes,2018,2,,,,,,,,,,,,,,,,,
FING-205,Eng 2 (pass),2015/2,False,True,False,yes,2018,2,,,,,,,,,,,,,,,,,
FING-205,Elect & Mag (fail),2015/2,False,True,False,yes,2018,2,,,,,,,,,,,,,,,,,
FING-205,Diff Ec & Num Meth (fail),2015/2,False,True,False,yes,2018,2,,,,,,,,,,,,,,,,,
FING-205,Eng 3 (pass),2017/1,False,True,False,yes,2018,2,,,,,,,,,,,,,,,,,
FING-205,Eff Comm (pass),2017/1,False,True,False,yes,2018,2,,,,,,,,,,,,,,,,,
FING-205,Eff Comm (pass),2017/1,False,True,False,yes,2018,2,,,,,,,,,,,,,,,,,
FING-205,Eng 3 (pass),2017/1,False,True,False,yes,2018,2,,,,,,,,,,,,,,,,,
FING-205,Stat Analys (fail),2017/1,False,True,False,yes,2018,2,,,,,,,,,,,,,,,,,
FING-205,Elect & Mag (fail),2017/1,False,True,False,yes,2018,2,,,,,,,,,,,,,,,,,
FING-205,Elect & Mag (pass),2017/2,False,True,False,yes,2018,2,,,,,,,,,,,,,,,,,
FING-205,Stat Analys (pass),2017/2,False,True,False,yes,2018,2,,,,,,,,,,,,,,,,,
FING-205,Eng 4 (pass),2017/2,False,True,False,yes,2018,2,,,,,,,,,,,,,,,,,
FING-205,Eng 4 (pass),2017/2,False,True,False,yes,2018,2,,,,,,,,,,,,,,,,,
FING-205,Stat Analys (pass),2017/2,False,True,False,yes,2018,2,,,,,,,,,,,,,,,,,
FING-205,Diff Ec & Num Meth (fail),2017/2,False,True,False,yes,2018,2,,,,,,,,,,,,,,,,,
FING-205,Elect & Mag (pass),2017/2,False,True,False,yes,2018,2,,,,,,,,,,,,,,,,,
FING-205,Diff Ec & Num Meth (fail),2018/1,False,True,False,yes,2018,2,,,,,,,,,,,,,,,,,
FING-205,Progr Parad (fail),2018/1,False,True,False,yes,2018,2,,,,,,,,,,,,,,,,,
FING-205,Comp Struc (pass),2018/1,False,True,False,yes,2018,2,,,,,,,,,,,,,,,,,
FING-205,Progr Parad (pass),2018/2,False,True,False,yes,2018,2,,,,,,,,,,,,,,,,,
FING-205,Proj Eval&Manag (pass),2018/2,False,True,False,yes,2018,2,,,,,,,,,,,,,,,,,
FING-205,Syst Eng (pass),2018/2,False,True,False,yes,2018,2,,,,,,,,,,,,,,,,,
FING-205,Diff Ec & Num Meth (pass),2018/2,False,True,False,yes,2018,2,,,,,,,,,,,,,,,,,
FING-205,Comp Org (fail),2019/1,False,True,False,yes,2018,2,,,,,,,,,,,,,,,,,
FING-205,Algorithms (pass),2019/1,False,True,False,yes,2018,2,,,,,,,,,,,,,,,,,
FING-205,Inf & Soc (pass),2019/1,False,True,False,yes,2018,2,,,,,,,,,,,,,,,,,
FING-205,SoftEng Fund (pass),2019/2,False,True,False,yes,2018,2,,,,,,,,,,,,,,,,,
FING-205,Inf Sys (pass),2019/2,False,True,False,yes,2018,2,,,,,,,,,,,,,,,,,
FING-205,DB Design (pass),2019/2,False,True,False,yes,2018,2,,,,,,,,,,,,,,,,,
FING-205,Comp Org (pass),2019/2,False,True,False,yes,2018,2,,,,,,,,,,,,,,,,,
FING-205,Op Sys (pass),2020/1,False,True,False,yes,2018,2,,,,,,,,,,,,,,,,,
FING-205,SoftEng Technq (pass),2020/1,False,True,False,yes,2018,2,,,,,,,,,,,,,,,,,
FING-205,Comp Net (pass),2020/1,False,True,False,yes,2018,2,,,,,,,,,,,,,,,,,
FING-205,DB Workshop (pass),2020/1,False,True,False,yes,2018,2,,,,,,,,,,,,,,,,,
FING-205,Inf Adm & Manag (pass),2020/1,False,True,False,yes,2018,2,,,,,,,,,,,,,,,,,
FING-205,Elective (pass),2020/2,False,True,False,yes,2018,2,,,,,,,,,,,,,,,,,
FING-205,SoftEng Proj (pass),2020/2,False,True,False,yes,2018,2,,,,,,,,,,,,,,,,,
FING-205,Seminar (pass),2020/2,False,True,False,yes,2018,2,,,,,,,,,,,,,,,,,
FING-205,Elective (pass),2020/2,False,True,False,yes,2018,2,,,,,,,,,,,,,,,,,
FING-205,Elective (pass),2020/2,False,True,False,yes,2018,2,,,,,,,,,,,,,,,,,
FING-205,Deg Work (pass),2021/1,False,True,False,yes,2018,2,,,,,,,,,,,,,,,,,
FING-214,Intro Eng (pass),2014/1,False,True,False,yes,2017,2,,,,,,,,,,,,,,,,,
FING-214,Cal 1 (pass),2014/1,False,True,False,yes,2017,2,,,,,,,,,,,,,,,,,
FING-214,Phy 1 (pass),2014/1,False,True,False,yes,2017,2,,,,,,,,,,,,,,,,,
FING-214,Alg 1 (pass),2014/1,False,True,False,yes,2017,2,,,,,,,,,,,,,,,,,
FING-214,IPD Workshop (pass),2014/1,False,True,False,yes,2017,2,,,,,,,,,,,,,,,,,
FING-214,Std Methods (pass),2014/1,False,True,False,yes,2017,2,,,,,,,,,,,,,,,,,
FING-214,Alg 1 (pass),2014/1,False,True,False,yes,2017,2,,,,,,,,,,,,,,,,,
FING-214,Std Methods (pass),2014/1,False,True,False,yes,2017,2,,,,,,,,,,,,,,,,,
FING-214,Intro Eng (pass),2014/1,False,True,False,yes,2017,2,,,,,,,,,,,,,,,,,
FING-214,Cal 1 (pass),2014/1,False,True,False,yes,2017,2,,,,,,,,,,,,,,,,,
FING-214,Phy 1 (pass),2014/1,False,True,False,yes,2017,2,,,,,,,,,,,,,,,,,
FING-214,IPD Workshop (pass),2014/1,False,True,False,yes,2017,2,,,,,,,,,,,,,,,,,
FING-214,Cal 2 (pass),2014/2,False,True,False,yes,2017,2,,,,,,,,,,,,,,,,,
FING-214,Alg 2 (pass),2014/2,False,True,False,yes,2017,2,,,,,,,,,,,,,,,,,
FING-214,Fund Progr (pass),2014/2,False,True,False,yes,2017,2,,,,,,,,,,,,,,,,,
FING-214,Chemistry (pass),2014/2,False,True,False,yes,2017,2,,,,,,,,,,,,,,,,,
FING-214,Fund Progr (pass),2014/2,False,True,False,yes,2017,2,,,,,,,,,,,,,,,,,
FING-214,Cal 2 (pass),2014/2,False,True,False,yes,2017,2,,,,,,,,,,,,,,,,,
FING-214,Alg 2 (pass),2014/2,False,True,False,yes,2017,2,,,,,,,,,,,,,,,,,
FING-214,Phy 2 (fail),2014/2,False,True,False,yes,2017,2,,,,,,,,,,,,,,,,,
FING-214,Chemistry (pass),2014/2,False,True,False,yes,2017,2,,,,,,,,,,,,,,,,,
FING-214,Progr Methd (pass),2015/1,False,True,False,yes,2017,2,,,,,,,,,,,,,,,,,
FING-214,Phy 2 (pass),2015/1,False,True,False,yes,2017,2,,,,,,,,,,,,,,,,,
FING-214,Eng 1 (pass),2015/1,False,True,False,yes,2017,2,,,,,,,,,,,,,,,,,
FING-214,Phy 2 (pass),2015/1,False,True,False,yes,2017,2,,,,,,,,,,,,,,,,,
FING-214,Eng 1 (pass),2015/1,False,True,False,yes,2017,2,,,,,,,,,,,,,,,,,
FING-214,Diff Ec & Num Meth (pass),2015/1,False,True,False,yes,2017,2,,,,,,,,,,,,,,,,,
FING-214,Progr Methd (pass),2015/1,False,True,False,yes,2017,2,,,,,,,,,,,,,,,,,
FING-214,Elect & Mag (pass),2015/2,False,True,False,yes,2017,2,,,,,,,,,,,,,,,,,
FING-214,Eff Comm (pass),2015/2,False,True,False,yes,2017,2,,,,,,,,,,,,,,,,,
FING-214,Eng 2 (pass),2015/2,False,True,False,yes,2017,2,,,,,,,,,,,,,,,,,
FING-214,Fund Econ (pass),2015/2,False,True,False,yes,2017,2,,,,,,,,,,,,,,,,,
FING-214,Eng 2 (pass),2015/2,False,True,False,yes,2017,2,,,,,,,,,,,,,,,,,
FING-214,Fund Econ (pass),2015/2,False,True,False,yes,2017,2,,,,,,,,,,,,,,,,,
FING-214,Stat Analys (fail),2015/2,False,True,False,yes,2017,2,,,,,,,,,,,,,,,,,
FING-214,Elect & Mag (pass),2015/2,False,True,False,yes,2017,2,,,,,,,,,,,,,,,,,
FING-214,Eff Comm (pass),2015/2,False,True,False,yes,2017,2,,,,,,,,,,,,,,,,,
FING-214,Eng 3 (pass),2016/1,False,True,False,yes,2017,2,,,,,,,,,,,,,,,,,
FING-214,Stat Analys (pass),2016/1,False,True,False,yes,2017,2,,,,,,,,,,,,,,,,,
FING-214,Algorithms (fail),2016/1,False,True,False,yes,2017,2,,,,,,,,,,,,,,,,,
FING-214,Progr Parad (fail),2016/1,False,True,False,yes,2017,2,,,,,,,,,,,,,,,,,
FING-214,Eng 3 (pass),2016/1,False,True,False,yes,2017,2,,,,,,,,,,,,,,,,,
FING-214,Stat Analys (pass),2016/1,False,True,False,yes,2017,2,,,,,,,,,,,,,,,,,
FING-214,Progr Parad (pass),2016/2,False,True,False,yes,2017,2,,,,,,,,,,,,,,,,,
FING-214,Comp Struc (pass),2016/2,False,True,False,yes,2017,2,,,,,,,,,,,,,,,,,
FING-214,Algorithms (pass),2016/2,False,True,False,yes,2017,2,,,,,,,,,,,,,,,,,
FING-214,Eng 4 (pass),2016/2,False,True,False,yes,2017,2,,,,,,,,,,,,,,,,,
FING-214,Comp Struc (pass),2016/2,False,True,False,yes,2017,2,,,,,,,,,,,,,,,,,
FING-214,Progr Parad (pass),2016/2,False,True,False,yes,2017,2,,,,,,,,,,,,,,,,,
FING-214,Eng 4 (pass),2016/2,False,True,False,yes,2017,2,,,,,,,,,,,,,,,,,
FING-214,Algorithms (pass),2016/2,False,True,False,yes,2017,2,,,,,,,,,,,,,,,,,
FING-214,Comp Org (pass),2017/1,False,True,False,yes,2017,2,,,,,,,,,,,,,,,,,
FING-214,Diff Ec & Num Meth (pass),2017/1,False,True,False,yes,2017,2,,,,,,,,,,,,,,,,,
FING-214,DB Design (pass),2017/1,False,True,False,yes,2017,2,,,,,,,,,,,,,,,,,
FING-214,Syst Eng (pass),2017/1,False,True,False,yes,2017,2,,,,,,,,,,,,,,,,,
FING-214,SoftEng Fund (pass),2017/1,False,True,False,yes,2017,2,,,,,,,,,,,,,,,,,
FING-214,Op Sys (fail),2017/2,False,True,False,yes,2017,2,,,,,,,,,,,,,,,,,
FING-214,DB Workshop (pass),2017/2,False,True,False,yes,2017,2,,,,,,,,,,,,,,,,,
FING-214,Proj Eval&Manag (pass),2017/2,False,True,False,yes,2017,2,,,,,,,,,,,,,,,,,
FING-214,Inf & Soc (pass),2017/2,False,True,False,yes,2017,2,,,,,,,,,,,,,,,,,
FING-214,Inf Sys (pass),2017/2,False,True,False,yes,2017,2,,,,,,,,,,,,,,,,,
FING-214,Elective (pass),2018/1,False,True,False,yes,2017,2,,,,,,,,,,,,,,,,,
FING-214,Comp Net (pass),2018/1,False,True,False,yes,2017,2,,,,,,,,,,,,,,,,,
FING-214,Inf Adm & Manag (pass),2018/1,False,True,False,yes,2017,2,,,,,,,,,,,,,,,,,
FING-214,SoftEng Technq (pass),2018/1,False,True,False,yes,2017,2,,,,,,,,,,,,,,,,,
FING-214,Elective (fail),2018/2,False,True,False,yes,2017,2,,,,,,,,,,,,,,,,,
FING-214,Op Sys (pass),2018/2,False,True,False,yes,2017,2,,,,,,,,,,,,,,,,,
FING-214,Seminar (pass),2018/2,False,True,False,yes,2017,2,,,,,,,,,,,,,,,,,
FING-214,Elective (pass),2019/1,False,True,False,yes,2017,2,,,,,,,,,,,,,,,,,
FING-214,Elective (pass),2019/1,False,True,False,yes,2017,2,,,,,,,,,,,,,,,,,
FING-214,SoftEng Proj (pass),2019/1,False,True,False,yes,2017,2,,,,,,,,,,,,,,,,,
FING-214,Deg Work (pass),2020/1,False,True,False,yes,2017,2,,,,,,,,,,,,,,,,,
FING-21449,Phy 1 (pass),2012/2,False,True,False,no,2017,2,,,,,,,,,,,,,,,,,
FING-21449,Intro Eng (pass),2012/2,False,True,False,no,2017,2,,,,,,,,,,,,,,,,,
FING-21449,Std Methods (pass),2012/2,False,True,False,no,2017,2,,,,,,,,,,,,,,,,,
FING-21449,Alg 1 (pass),2012/2,False,True,False,no,2017,2,,,,,,,,,,,,,,,,,
FING-21449,IPD Workshop (pass),2012/2,False,True,False,no,2017,2,,,,,,,,,,,,,,,,,
FING-21449,Alg 2 (pass),2013/1,False,True,False,no,2017,2,,,,,,,,,,,,,,,,,
FING-21449,Fund Progr (pass),2013/1,False,True,False,no,2017,2,,,,,,,,,,,,,,,,,
FING-21449,Chemistry (pass),2013/1,False,True,False,no,2017,2,,,,,,,,,,,,,,,,,
FING-21449,Cal 1 (pass),2013/1,False,True,False,no,2017,2,,,,,,,,,,,,,,,,,
FING-21449,Phy 2 (pass),2013/1,False,True,False,no,2017,2,,,,,,,,,,,,,,,,,
FING-21449,Eff Comm (pass),2013/2,False,True,False,no,2017,2,,,,,,,,,,,,,,,,,
FING-21449,Elect & Mag (pass),2013/2,False,True,False,no,2017,2,,,,,,,,,,,,,,,,,
FING-21449,Cal 2 (pass),2013/2,False,True,False,no,2017,2,,,,,,,,,,,,,,,,,
FING-21449,Progr Methd (pass),2014/1,False,True,False,no,2017,2,,,,,,,,,,,,,,,,,
FING-21449,Eng 1 (pass),2014/1,False,True,False,no,2017,2,,,,,,,,,,,,,,,,,
FING-21449,Fund Econ (pass),2014/1,False,True,False,no,2017,2,,,,,,,,,,,,,,,,,
FING-21449,Eng 2 (pass),2014/2,False,True,False,no,2017,2,,,,,,,,,,,,,,,,,
FING-21449,Comp Struc (pass),2014/2,False,True,False,no,2017,2,,,,,,,,,,,,,,,,,
FING-21449,Stat Analys (pass),2014/2,False,True,False,no,2017,2,,,,,,,,,,,,,,,,,
FING-21449,Eng 3 (pass),2015/1,False,True,False,no,2017,2,,,,,,,,,,,,,,,,,
FING-21449,Syst Eng (pass),2015/1,False,True,False,no,2017,2,,,,,,,,,,,,,,,,,
FING-21449,Algorithms (pass),2015/1,False,True,False,no,2017,2,,,,,,,,,,,,,,,,,
FING-21449,SoftEng Fund (pass),2016/1,False,True,False,no,2017,2,,,,,,,,,,,,,,,,,
FING-21449,Progr Parad (pass),2016/1,False,True,False,no,2017,2,,,,,,,,,,,,,,,,,
FING-21449,Eng 4 (pass),2016/1,False,True,False,no,2017,2,,,,,,,,,,,,,,,,,
FING-21449,Comp Org (pass),2016/2,False,True,False,no,2017,2,,,,,,,,,,,,,,,,,
FING-21449,DB Design (pass),2016/2,False,True,False,no,2017,2,,,,,,,,,,,,,,,,,
FING-21449,SoftEng Technq (pass),2016/2,False,True,False,no,2017,2,,,,,,,,,,,,,,,,,
FING-21449,Op Sys (pass),2017/1,False,True,False,no,2017,2,,,,,,,,,,,,,,,,,
FING-21449,DB Workshop (pass),2017/1,False,True,False,no,2017,2,,,,,,,,,,,,,,,,,
FING-21449,Proj Eval&Manag (pass),2017/1,False,True,False,no,2017,2,,,,,,,,,,,,,,,,,
FING-21449,Inf Sys (pass),2017/1,False,True,False,no,2017,2,,,,,,,,,,,,,,,,,
FING-21449,Comp Net (pass),2017/1,False,True,False,no,2017,2,,,,,,,,,,,,,,,,,
FING-21449,Elective (pass),2017/2,False,True,False,no,2017,2,,,,,,,,,,,,,,,,,
FING-21449,Seminar (fail),2017/2,False,True,False,no,2017,2,,,,,,,,,,,,,,,,,
FING-21449,Inf Adm & Manag (pass),2017/2,False,True,False,no,2017,2,,,,,,,,,,,,,,,,,
FING-21449,SoftEng Proj (pass),2017/2,False,True,False,no,2017,2,,,,,,,,,,,,,,,,,
FING-21449,Inf & Soc (pass),2017/2,False,True,False,no,2017,2,,,,,,,,,,,,,,,,,
FING-21449,Elective (pass),2017/2,False,True,False,no,2017,2,,,,,,,,,,,,,,,,,
FING-21449,Elective (pass),2018/1,False,True,False,no,2017,2,,,,,,,,,,,,,,,,,
FING-21449,Seminar (pass),2018/1,False,True,False,no,2017,2,,,,,,,,,,,,,,,,,
FING-21449,Deg Work (pass),2019/1,False,True,False,no,2017,2,,,,,,,,,,,,,,,,,
FING-21509,Cal 1 (pass),2013/1,False,True,False,no,2013,2,,,,,,,,,,,,,,,,,
FING-21509,Phy 1 (pass),2013/1,False,True,False,no,2013,2,,,,,,,,,,,,,,,,,
FING-21509,Alg 1 (pass),2013/1,False,True,False,no,2013,2,,,,,,,,,,,,,,,,,
FING-21509,Intro Eng (pass),2013/1,False,True,False,no,2013,2,,,,,,,,,,,,,,,,,
FING-21509,Std Methods (pass),2013/1,False,True,False,no,2013,2,,,,,,,,,,,,,,,,,
FING-21509,IPD Workshop (pass),2013/1,False,True,False,no,2013,2,,,,,,,,,,,,,,,,,
FING-21509,Eff Comm (pass),2013/2,False,True,False,no,2013,2,,,,,,,,,,,,,,,,,
FING-21509,Chemistry (fail),2013/2,False,True,False,no,2013,2,,,,,,,,,,,,,,,,,
FING-21509,Fund Progr (pass),2013/2,False,True,False,no,2013,2,,,,,,,,,,,,,,,,,
FING-21509,Cal 2 (pass),2013/2,False,True,False,no,2013,2,,,,,,,,,,,,,,,,,
FING-21509,Phy 2 (pass),2013/2,False,True,False,no,2013,2,,,,,,,,,,,,,,,,,
FING-21509,Alg 2 (pass),2013/2,False,True,False,no,2013,2,,,,,,,,,,,,,,,,,
FING-21509,Diff Ec & Num Meth (pass),2014/1,False,True,False,no,2013,2,,,,,,,,,,,,,,,,,
FING-21509,Eng 1 (pass),2014/1,False,True,False,no,2013,2,,,,,,,,,,,,,,,,,
FING-21509,Progr Methd (fail),2014/1,False,True,False,no,2013,2,,,,,,,,,,,,,,,,,
FING-21509,Elect & Mag (fail),2014/1,False,True,False,no,2013,2,,,,,,,,,,,,,,,,,
FING-21509,Chemistry (pass),2014/1,False,True,False,no,2013,2,,,,,,,,,,,,,,,,,
FING-21509,Elect & Mag (pass),2014/2,False,True,False,no,2013,2,,,,,,,,,,,,,,,,,
FING-21509,Eng 2 (pass),2014/2,False,True,False,no,2013,2,,,,,,,,,,,,,,,,,
FING-21509,Progr Methd (pass),2014/2,False,True,False,no,2013,2,,,,,,,,,,,,,,,,,
FING-21509,Fund Econ (pass),2014/2,False,True,False,no,2013,2,,,,,,,,,,,,,,,,,
FING-21509,Stat Analys (pass),2014/2,False,True,False,no,2013,2,,,,,,,,,,,,,,,,,
FING-21509,Eng 3 (pass),2015/1,False,True,False,no,2013,2,,,,,,,,,,,,,,,,,
FING-21509,Syst Eng (fail),2015/1,False,True,False,no,2013,2,,,,,,,,,,,,,,,,,
FING-21509,Progr Parad (fail),2015/1,False,True,False,no,2013,2,,,,,,,,,,,,,,,,,
FING-21509,Algorithms (fail),2015/1,False,True,False,no,2013,2,,,,,,,,,,,,,,,,,
FING-21509,Inf & Soc (pass),2015/1,False,True,False,no,2013,2,,,,,,,,,,,,,,,,,
FING-21509,Progr Parad (pass),2015/2,False,True,False,no,2013,2,,,,,,,,,,,,,,,,,
FING-21509,Algorithms (fail),2015/2,False,True,False,no,2013,2,,,,,,,,,,,,,,,,,
FING-21509,Syst Eng (pass),2015/2,False,True,False,no,2013,2,,,,,,,,,,,,,,,,,
FING-21509,Comp Struc (pass),2015/2,False,True,False,no,2013,2,,,,,,,,,,,,,,,,,
FING-21509,Algorithms (pass),2016/1,False,True,False,no,2013,2,,,,,,,,,,,,,,,,,
FING-21509,Proj Eval&Manag (pass),2016/1,False,True,False,no,2013,2,,,,,,,,,,,,,,,,,
FING-21509,Inf Sys (pass),2016/1,False,True,False,no,2013,2,,,,,,,,,,,,,,,,,
FING-21509,DB Design (pass),2016/1,False,True,False,no,2013,2,,,,,,,,,,,,,,,,,
FING-21509,Comp Org (fail),2016/1,False,True,False,no,2013,2,,,,,,,,,,,,,,,,,
FING-21509,SoftEng Fund (pass),2016/1,False,True,False,no,2013,2,,,,,,,,,,,,,,,,,
FING-21509,Op Sys (fail),2016/2,False,True,False,no,2013,2,,,,,,,,,,,,,,,,,
FING-21509,SoftEng Technq (pass),2016/2,False,True,False,no,2013,2,,,,,,,,,,,,,,,,,
FING-21509,Eng 4 (pass),2016/2,False,True,False,no,2013,2,,,,,,,,,,,,,,,,,
FING-21509,DB Workshop (pass),2016/2,False,True,False,no,2013,2,,,,,,,,,,,,,,,,,
FING-21509,Inf Adm & Manag (pass),2016/2,False,True,False,no,2013,2,,,,,,,,,,,,,,,,,
FING-21509,Comp Org (pass),2016/2,False,True,False,no,2013,2,,,,,,,,,,,,,,,,,
FING-21509,Comp Net (pass),2017/1,False,True,False,no,2013,2,,,,,,,,,,,,,,,,,
FING-21509,Op Sys (pass),2017/1,False,True,False,no,2013,2,,,,,,,,,,,,,,,,,
FING-21509,SoftEng Proj (pass),2017/1,False,True,False,no,2013,2,,,,,,,,,,,,,,,,,
FING-21509,Seminar (pass),2017/2,False,True,False,no,2013,2,,,,,,,,,,,,,,,,,
FING-21509,Elective (pass),2017/2,False,True,False,no,2013,2,,,,,,,,,,,,,,,,,
FING-21509,Elective (pass),2017/2,False,True,False,no,2013,2,,,,,,,,,,,,,,,,,
FING-21509,Deg Work (pass),2018/1,False,True,False,no,2013,2,,,,,,,,,,,,,,,,,
FING-21509,Elective (pass),2018/1,False,True,False,no,2013,2,,,,,,,,,,,,,,,,,
FING-217,Cal 1 (pass),2014/1,False,True,False,yes,2016,2,,,,,,,,,,,,,,,,,
FING-217,Std Methods (pass),2014/1,False,True,False,yes,2016,2,,,,,,,,,,,,,,,,,
FING-217,IPD Workshop (pass),2014/1,False,True,False,yes,2016,2,,,,,,,,,,,,,,,,,
FING-217,Phy 1 (pass),2014/1,False,True,False,yes,2016,2,,,,,,,,,,,,,,,,,
FING-217,Alg 1 (pass),2014/1,False,True,False,yes,2016,2,,,,,,,,,,,,,,,,,
FING-217,Intro Eng (pass),2014/1,False,True,False,yes,2016,2,,,,,,,,,,,,,,,,,
FING-217,Alg 1 (pass),2014/1,False,True,False,yes,2016,2,,,,,,,,,,,,,,,,,
FING-217,Std Methods (pass),2014/1,False,True,False,yes,2016,2,,,,,,,,,,,,,,,,,
FING-217,Intro Eng (pass),2014/1,False,True,False,yes,2016,2,,,,,,,,,,,,,,,,,
FING-217,Cal 1 (pass),2014/1,False,True,False,yes,2016,2,,,,,,,,,,,,,,,,,
FING-217,Phy 1 (pass),2014/1,False,True,False,yes,2016,2,,,,,,,,,,,,,,,,,
FING-217,IPD Workshop (pass),2014/1,False,True,False,yes,2016,2,,,,,,,,,,,,,,,,,
FING-217,Alg 2 (pass),2014/2,False,True,False,yes,2016,2,,,,,,,,,,,,,,,,,
FING-217,Chemistry (pass),2014/2,False,True,False,yes,2016,2,,,,,,,,,,,,,,,,,
FING-217,Phy 2 (pass),2014/2,False,True,False,yes,2016,2,,,,,,,,,,,,,,,,,
FING-217,Fund Progr (pass),2014/2,False,True,False,yes,2016,2,,,,,,,,,,,,,,,,,
FING-217,Cal 2 (pass),2014/2,False,True,False,yes,2016,2,,,,,,,,,,,,,,,,,
FING-217,Fund Progr (pass),2014/2,False,True,False,yes,2016,2,,,,,,,,,,,,,,,,,
FING-217,Cal 2 (pass),2014/2,False,True,False,yes,2016,2,,,,,,,,,,,,,,,,,
FING-217,Alg 2 (pass),2014/2,False,True,False,yes,2016,2,,,,,,,,,,,,,,,,,
FING-217,Chemistry (pass),2014/2,False,True,False,yes,2016,2,,,,,,,,,,,,,,,,,
FING-217,Phy 2 (pass),2014/2,False,True,False,yes,2016,2,,,,,,,,,,,,,,,,,
FING-217,Fund Econ (pass),2015/1,False,True,False,yes,2016,2,,,,,,,,,,,,,,,,,
FING-217,Progr Methd (pass),2015/1,False,True,False,yes,2016,2,,,,,,,,,,,,,,,,,
FING-217,Eff Comm (pass),2015/1,False,True,False,yes,2016,2,,,,,,,,,,,,,,,,,
FING-217,Eng 1 (pass),2015/1,False,True,False,yes,2016,2,,,,,,,,,,,,,,,,,
FING-217,Eff Comm (pass),2015/1,False,True,False,yes,2016,2,,,,,,,,,,,,,,,,,
FING-217,Progr Methd (pass),2015/1,False,True,False,yes,2016,2,,,,,,,,,,,,,,,,,
FING-217,Fund Econ (pass),2015/1,False,True,False,yes,2016,2,,,,,,,,,,,,,,,,,
FING-217,Eng 1 (pass),2015/1,False,True,False,yes,2016,2,,,,,,,,,,,,,,,,,
FING-217,Elect & Mag (fail),2015/1,False,True,False,yes,2016,2,,,,,,,,,,,,,,,,,
FING-217,Diff Ec & Num Meth (fail),2015/1,False,True,False,yes,2016,2,,,,,,,,,,,,,,,,,
FING-217,Elect & Mag (pass),2015/2,False,True,False,yes,2016,2,,,,,,,,,,,,,,,,,
FING-217,Eng 2 (pass),2015/2,False,True,False,yes,2016,2,,,,,,,,,,,,,,,,,
FING-217,Diff Ec & Num Meth (fail),2015/2,False,True,False,yes,2016,2,,,,,,,,,,,,,,,,,
FING-217,Progr Parad (fail),2015/2,False,True,False,yes,2016,2,,,,,,,,,,,,,,,,,
FING-217,Stat Analys (fail),2015/2,False,True,False,yes,2016,2,,,,,,,,,,,,,,,,,
FING-217,Elect & Mag (pass),2015/2,False,True,False,yes,2016,2,,,,,,,,,,,,,,,,,
FING-217,Eng 2 (pass),2015/2,False,True,False,yes,2016,2,,,,,,,,,,,,,,,,,
FING-217,Stat Analys (pass),2016/1,False,True,False,yes,2016,2,,,,,,,,,,,,,,,,,
FING-217,Eng 3 (pass),2016/1,False,True,False,yes,2016,2,,,,,,,,,,,,,,,,,
FING-217,Progr Parad (fail),2016/1,False,True,False,yes,2016,2,,,,,,,,,,,,,,,,,
FING-217,Stat Analys (pass),2016/1,False,True,False,yes,2016,2,,,,,,,,,,,,,,,,,
FING-217,Diff Ec & Num Meth (pass),2016/1,False,True,False,yes,2016,2,,,,,,,,,,,,,,,,,
FING-217,Eng 3 (pass),2016/1,False,True,False,yes,2016,2,,,,,,,,,,,,,,,,,
FING-217,Comp Struc (pass),2016/2,False,True,False,yes,2016,2,,,,,,,,,,,,,,,,,
FING-217,Progr Parad (pass),2016/2,False,True,False,yes,2016,2,,,,,,,,,,,,,,,,,
FING-217,Eng 4 (pass),2016/2,False,True,False,yes,2016,2,,,,,,,,,,,,,,,,,
FING-217,Diff Ec & Num Meth (pass),2016/2,False,True,False,yes,2016,2,,,,,,,,,,,,,,,,,
FING-217,Algorithms (pass),2017/1,False,True,False,yes,2016,2,,,,,,,,,,,,,,,,,
FING-217,SoftEng Fund (pass),2017/1,False,True,False,yes,2016,2,,,,,,,,,,,,,,,,,
FING-217,Proj Eval&Manag (pass),2017/1,False,True,False,yes,2016,2,,,,,,,,,,,,,,,,,
FING-217,Comp Org (fail),2017/1,False,True,False,yes,2016,2,,,,,,,,,,,,,,,,,
FING-217,Syst Eng (pass),2017/1,False,True,False,yes,2016,2,,,,,,,,,,,,,,,,,
FING-217,Inf Adm & Manag (pass),2017/2,False,True,False,yes,2016,2,,,,,,,,,,,,,,,,,
FING-217,SoftEng Technq (pass),2017/2,False,True,False,yes,2016,2,,,,,,,,,,,,,,,,,
FING-217,Inf Sys (pass),2017/2,False,True,False,yes,2016,2,,,,,,,,,,,,,,,,,
FING-217,DB Design (pass),2017/2,False,True,False,yes,2016,2,,,,,,,,,,,,,,,,,
FING-217,Comp Org (pass),2017/2,False,True,False,yes,2016,2,,,,,,,,,,,,,,,,,
FING-217,Op Sys (pass),2018/1,False,True,False,yes,2016,2,,,,,,,,,,,,,,,,,
FING-217,Comp Net (pass),2018/1,False,True,False,yes,2016,2,,,,,,,,,,,,,,,,,
FING-217,Elective (pass),2018/1,False,True,False,yes,2016,2,,,,,,,,,,,,,,,,,
FING-217,DB Workshop (pass),2018/1,False,True,False,yes,2016,2,,,,,,,,,,,,,,,,,
FING-217,Inf & Soc (pass),2018/1,False,True,False,yes,2016,2,,,,,,,,,,,,,,,,,
FING-217,SoftEng Proj (pass),2018/2,False,True,False,yes,2016,2,,,,,,,,,,,,,,,,,
FING-217,Elective (pass),2018/2,False,True,False,yes,2016,2,,,,,,,,,,,,,,,,,
FING-217,Seminar (pass),2018/2,False,True,False,yes,2016,2,,,,,,,,,,,,,,,,,
FING-217,Elective (pass),2018/2,False,True,False,yes,2016,2,,,,,,,,,,,,,,,,,
FING-217,Deg Work (pass),2019/1,False,True,False,yes,2016,2,,,,,,,,,,,,,,,,,
FING-219,Alg 1 (pass),2014/1,False,True,False,yes,2016,2,,,,,,,,,,,,,,,,,
FING-219,IPD Workshop (pass),2014/1,False,True,False,yes,2016,2,,,,,,,,,,,,,,,,,
FING-219,Intro Eng (pass),2014/1,False,True,False,yes,2016,2,,,,,,,,,,,,,,,,,
FING-219,Phy 1 (pass),2014/1,False,True,False,yes,2016,2,,,,,,,,,,,,,,,,,
FING-219,Cal 1 (pass),2014/1,False,True,False,yes,2016,2,,,,,,,,,,,,,,,,,
FING-219,Std Methods (pass),2014/1,False,True,False,yes,2016,2,,,,,,,,,,,,,,,,,
FING-219,Cal 1 (pass),2014/1,False,True,False,yes,2016,2,,,,,,,,,,,,,,,,,
FING-219,Std Methods (pass),2014/1,False,True,False,yes,2016,2,,,,,,,,,,,,,,,,,
FING-219,Alg 1 (pass),2014/1,False,True,False,yes,2016,2,,,,,,,,,,,,,,,,,
FING-219,Intro Eng (pass),2014/1,False,True,False,yes,2016,2,,,,,,,,,,,,,,,,,
FING-219,IPD Workshop (pass),2014/1,False,True,False,yes,2016,2,,,,,,,,,,,,,,,,,
FING-219,Phy 1 (pass),2014/1,False,True,False,yes,2016,2,,,,,,,,,,,,,,,,,
FING-219,Fund Progr (pass),2014/2,False,True,False,yes,2016,2,,,,,,,,,,,,,,,,,
FING-219,Cal 2 (pass),2014/2,False,True,False,yes,2016,2,,,,,,,,,,,,,,,,,
FING-219,Alg 2 (pass),2014/2,False,True,False,yes,2016,2,,,,,,,,,,,,,,,,,
FING-219,Phy 2 (pass),2014/2,False,True,False,yes,2016,2,,,,,,,,,,,,,,,,,
FING-219,Alg 2 (pass),2014/2,False,True,False,yes,2016,2,,,,,,,,,,,,,,,,,
FING-219,Fund Progr (pass),2014/2,False,True,False,yes,2016,2,,,,,,,,,,,,,,,,,
FING-219,Cal 2 (pass),2014/2,False,True,False,yes,2016,2,,,,,,,,,,,,,,,,,
FING-219,Chemistry (fail),2014/2,False,True,False,yes,2016,2,,,,,,,,,,,,,,,,,
FING-219,Phy 2 (pass),2014/2,False,True,False,yes,2016,2,,,,,,,,,,,,,,,,,
FING-219,Chemistry (pass),2015/1,False,True,False,yes,2016,2,,,,,,,,,,,,,,,,,
FING-219,Progr Methd (pass),2015/1,False,True,False,yes,2016,2,,,,,,,,,,,,,,,,,
FING-219,Diff Ec & Num Meth (fail),2015/1,False,True,False,yes,2016,2,,,,,,,,,,,,,,,,,
FING-219,Chemistry (pass),2015/1,False,True,False,yes,2016,2,,,,,,,,,,,,,,,,,
FING-219,Progr Methd (pass),2015/1,False,True,False,yes,2016,2,,,,,,,,,,,,,,,,,
FING-219,Eff Comm (pass),2015/2,False,True,False,yes,2016,2,,,,,,,,,,,,,,,,,
FING-219,Eng 1 (pass),2015/2,False,True,False,yes,2016,2,,,,,,,,,,,,,,,,,
FING-219,Fund Econ (fail),2015/2,False,True,False,yes,2016,2,,,,,,,,,,,,,,,,,
FING-219,Elect & Mag (fail),2015/2,False,True,False,yes,2016,2,,,,,,,,,,,,,,,,,
FING-219,Eng 1 (pass),2015/2,False,True,False,yes,2016,2,,,,,,,,,,,,,,,,,
FING-219,Eff Comm (pass),2015/2,False,True,False,yes,2016,2,,,,,,,,,,,,,,,,,
FING-219,Diff Ec & Num Meth (fail),2015/2,False,True,False,yes,2016,2,,,,,,,,,,,,,,,,,
FING-219,Eng 2 (pass),2016/1,False,True,False,yes,2016,2,,,,,,,,,,,,,,,,,
FING-219,Stat Analys (fail),2016/1,False,True,False,yes,2016,2,,,,,,,,,,,,,,,,,
FING-219,Fund Econ (pass),2016/1,False,True,False,yes,2016,2,,,,,,,,,,,,,,,,,
FING-219,Elect & Mag (pass),2016/1,False,True,False,yes,2016,2,,,,,,,,,,,,,,,,,
FING-219,Comp Struc (pass),2016/2,False,True,False,yes,2016,2,,,,,,,,,,,,,,,,,
FING-219,Algorithms (fail),2016/2,False,True,False,yes,2016,2,,,,,,,,,,,,,,,,,
FING-219,Stat Analys (pass),2016/2,False,True,False,yes,2016,2,,,,,,,,,,,,,,,,,
FING-219,Diff Ec & Num Meth (fail),2016/2,False,True,False,yes,2016,2,,,,,,,,,,,,,,,,,
FING-219,Algorithms (pass),2017/1,False,True,False,yes,2016,2,,,,,,,,,,,,,,,,,
FING-219,Eng 3 (pass),2017/1,False,True,False,yes,2016,2,,,,,,,,,,,,,,,,,
FING-219,Diff Ec & Num Meth (pass),2017/1,False,True,False,yes,2016,2,,,,,,,,,,,,,,,,,
FING-219,Syst Eng (pass),2017/1,False,True,False,yes,2016,2,,,,,,,,,,,,,,,,,
FING-219,Eng 4 (pass),2017/2,False,True,False,yes,2016,2,,,,,,,,,,,,,,,,,
FING-219,Progr Parad (pass),2017/2,False,True,False,yes,2016,2,,,,,,,,,,,,,,,,,
FING-219,Proj Eval&Manag (pass),2017/2,False,True,False,yes,2016,2,,,,,,,,,,,,,,,,,
FING-219,Inf Sys (pass),2017/2,False,True,False,yes,2016,2,,,,,,,,,,,,,,,,,
FING-219,SoftEng Fund (pass),2018/1,False,True,False,yes,2016,2,,,,,,,,,,,,,,,,,
FING-219,DB Design (pass),2018/1,False,True,False,yes,2016,2,,,,,,,,,,,,,,,,,
FING-219,Inf Adm & Manag (pass),2018/1,False,True,False,yes,2016,2,,,,,,,,,,,,,,,,,
FING-219,Inf & Soc (pass),2018/1,False,True,False,yes,2016,2,,,,,,,,,,,,,,,,,
FING-219,Comp Org (pass),2018/1,False,True,False,yes,2016,2,,,,,,,,,,,,,,,,,
FING-219,DB Workshop (pass),2018/2,False,True,False,yes,2016,2,,,,,,,,,,,,,,,,,
FING-219,SoftEng Technq (pass),2018/2,False,True,False,yes,2016,2,,,,,,,,,,,,,,,,,
FING-219,Comp Net (pass),2018/2,False,True,False,yes,2016,2,,,,,,,,,,,,,,,,,
FING-219,SoftEng Proj (pass),2019/1,False,True,False,yes,2016,2,,,,,,,,,,,,,,,,,
FING-219,Op Sys (pass),2019/1,False,True,False,yes,2016,2,,,,,,,,,,,,,,,,,
FING-219,Elective (pass),2019/1,False,True,False,yes,2016,2,,,,,,,,,,,,,,,,,
FING-219,Elective (pass),2019/1,False,True,False,yes,2016,2,,,,,,,,,,,,,,,,,
FING-219,Elective (pass),2019/2,False,True,False,yes,2016,2,,,,,,,,,,,,,,,,,
FING-219,Seminar (pass),2019/2,False,True,False,yes,2016,2,,,,,,,,,,,,,,,,,
FING-219,Deg Work (pass),2020/1,False,True,False,yes,2016,2,,,,,,,,,,,,,,,,,
FING-222,IPD Workshop (pass),2014/1,False,True,False,yes,2017,2,,,,,,,,,,,,,,,,,
FING-222,Intro Eng (pass),2014/1,False,True,False,yes,2017,2,,,,,,,,,,,,,,,,,
FING-222,Cal 1 (pass),2014/1,False,True,False,yes,2017,2,,,,,,,,,,,,,,,,,
FING-222,Std Methods (pass),2014/1,False,True,False,yes,2017,2,,,,,,,,,,,,,,,,,
FING-222,Alg 1 (fail),2014/1,False,True,False,yes,2017,2,,,,,,,,,,,,,,,,,
FING-222,Std Methods (pass),2014/1,False,True,False,yes,2017,2,,,,,,,,,,,,,,,,,
FING-222,Cal 1 (pass),2014/1,False,True,False,yes,2017,2,,,,,,,,,,,,,,,,,
FING-222,Phy 1 (fail),2014/1,False,True,False,yes,2017,2,,,,,,,,,,,,,,,,,
FING-222,Intro Eng (pass),2014/1,False,True,False,yes,2017,2,,,,,,,,,,,,,,,,,
FING-222,IPD Workshop (pass),2014/1,False,True,False,yes,2017,2,,,,,,,,,,,,,,,,,
FING-222,Alg 1 (pass),2014/2,False,True,False,yes,2017,2,,,,,,,,,,,,,,,,,
FING-222,Phy 1 (pass),2014/2,False,True,False,yes,2017,2,,,,,,,,,,,,,,,,,
FING-222,Eff Comm (pass),2014/2,False,True,False,yes,2017,2,,,,,,,,,,,,,,,,,
FING-222,Eng 1 (pass),2014/2,False,True,False,yes,2017,2,,,,,,,,,,,,,,,,,
FING-222,Eng 1 (pass),2014/2,False,True,False,yes,2017,2,,,,,,,,,,,,,,,,,
FING-222,Phy 1 (pass),2014/2,False,True,False,yes,2017,2,,,,,,,,,,,,,,,,,
FING-222,Cal 2 (fail),2014/2,False,True,False,yes,2017,2,,,,,,,,,,,,,,,,,
FING-222,Chemistry (fail),2014/2,False,True,False,yes,2017,2,,,,,,,,,,,,,,,,,
FING-222,Alg 1 (pass),2014/2,False,True,False,yes,2017,2,,,,,,,,,,,,,,,,,
FING-222,Eff Comm (pass),2014/2,False,True,False,yes,2017,2,,,,,,,,,,,,,,,,,
FING-222,Alg 2 (pass),2015/1,False,True,False,yes,2017,2,,,,,,,,,,,,,,,,,
FING-222,Cal 2 (pass),2015/1,False,True,False,yes,2017,2,,,,,,,,,,,,,,,,,
FING-222,Chemistry (pass),2015/1,False,True,False,yes,2017,2,,,,,,,,,,,,,,,,,
FING-222,Phy 2 (fail),2015/1,False,True,False,yes,2017,2,,,,,,,,,,,,,,,,,
FING-222,Fund Progr (fail),2015/1,False,True,False,yes,2017,2,,,,,,,,,,,,,,,,,
FING-222,Cal 2 (pass),2015/1,False,True,False,yes,2017,2,,,,,,,,,,,,,,,,,
FING-222,Chemistry (pass),2015/1,False,True,False,yes,2017,2,,,,,,,,,,,,,,,,,
FING-222,Alg 2 (pass),2015/1,False,True,False,yes,2017,2,,,,,,,,,,,,,,,,,
FING-222,Fund Progr (pass),2015/2,False,True,False,yes,2017,2,,,,,,,,,,,,,,,,,
FING-222,Eng 2 (pass),2015/2,False,True,False,yes,2017,2,,,,,,,,,,,,,,,,,
FING-222,Phy 2 (pass),2015/2,False,True,False,yes,2017,2,,,,,,,,,,,,,,,,,
FING-222,Fund Econ (pass),2015/2,False,True,False,yes,2017,2,,,,,,,,,,,,,,,,,
FING-222,Fund Progr (pass),2015/2,False,True,False,yes,2017,2,,,,,,,,,,,,,,,,,
FING-222,Fund Econ (pass),2015/2,False,True,False,yes,2017,2,,,,,,,,,,,,,,,,,
FING-222,Diff Ec & Num Meth (fail),2015/2,False,True,False,yes,2017,2,,,,,,,,,,,,,,,,,
FING-222,Eng 2 (pass),2015/2,False,True,False,yes,2017,2,,,,,,,,,,,,,,,,,
FING-222,Phy 2 (pass),2015/2,False,True,False,yes,2017,2,,,,,,,,,,,,,,,,,
FING-222,Eng 3 (pass),2016/1,False,True,False,yes,2017,2,,,,,,,,,,,,,,,,,
FING-222,Progr Methd (pass),2016/1,False,True,False,yes,2017,2,,,,,,,,,,,,,,,,,
FING-222,Progr Methd (pass),2016/1,False,True,False,yes,2017,2,,,,,,,,,,,,,,,,,
FING-222,Elect & Mag (fail),2016/1,False,True,False,yes,2017,2,,,,,,,,,,,,,,,,,
FING-222,Eng 3 (pass),2016/1,False,True,False,yes,2017,2,,,,,,,,,,,,,,,,,
FING-222,Diff Ec & Num Meth (pass),2016/1,False,True,False,yes,2017,2,,,,,,,,,,,,,,,,,
FING-222,Eng 4 (pass),2016/2,False,True,False,yes,2017,2,,,,,,,,,,,,,,,,,
FING-222,Elect & Mag (pass),2016/2,False,True,False,yes,2017,2,,,,,,,,,,,,,,,,,
FING-222,Algorithms (pass),2016/2,False,True,False,yes,2017,2,,,,,,,,,,,,,,,,,
FING-222,Algorithms (pass),2016/2,False,True,False,yes,2017,2,,,,,,,,,,,,,,,,,
FING-222,Elect & Mag (pass),2016/2,False,True,False,yes,2017,2,,,,,,,,,,,,,,,,,
FING-222,Eng 4 (pass),2016/2,False,True,False,yes,2017,2,,,,,,,,,,,,,,,,,
FING-222,Stat Analys (fail),2016/2,False,True,False,yes,2017,2,,,,,,,,,,,,,,,,,
FING-222,Progr Parad (fail),2017/1,False,True,False,yes,2017,2,,,,,,,,,,,,,,,,,
FING-222,Diff Ec & Num Meth (pass),2017/1,False,True,False,yes,2017,2,,,,,,,,,,,,,,,,,
FING-222,Stat Analys (pass),2017/1,False,True,False,yes,2017,2,,,,,,,,,,,,,,,,,
FING-222,Comp Struc (pass),2017/1,False,True,False,yes,2017,2,,,,,,,,,,,,,,,,,
FING-222,Progr Parad (pass),2018/1,False,True,False,yes,2017,2,,,,,,,,,,,,,,,,,
FING-222,Syst Eng (pass),2018/1,False,True,False,yes,2017,2,,,,,,,,,,,,,,,,,
FING-222,Proj Eval&Manag (pass),2018/1,False,True,False,yes,2017,2,,,,,,,,,,,,,,,,,
FING-222,Inf & Soc (pass),2018/1,False,True,False,yes,2017,2,,,,,,,,,,,,,,,,,
FING-222,Inf Adm & Manag (pass),2018/2,False,True,False,yes,2017,2,,,,,,,,,,,,,,,,,
FING-222,DB Design (pass),2018/2,False,True,False,yes,2017,2,,,,,,,,,,,,,,,,,
FING-222,Comp Org (pass),2018/2,False,True,False,yes,2017,2,,,,,,,,,,,,,,,,,
FING-222,SoftEng Fund (pass),2018/2,False,True,False,yes,2017,2,,,,,,,,,,,,,,,,,
FING-222,DB Workshop (pass),2019/1,False,True,False,yes,2017,2,,,,,,,,,,,,,,,,,
FING-222,Op Sys (pass),2019/1,False,True,False,yes,2017,2,,,,,,,,,,,,,,,,,
FING-222,Inf Sys (pass),2019/1,False,True,False,yes,2017,2,,,,,,,,,,,,,,,,,
FING-222,Comp Net (pass),2019/1,False,True,False,yes,2017,2,,,,,,,,,,,,,,,,,
FING-222,SoftEng Technq (pass),2019/1,False,True,False,yes,2017,2,,,,,,,,,,,,,,,,,
FING-222,Elective (pass),2019/2,False,True,False,yes,2017,2,,,,,,,,,,,,,,,,,
FING-222,Elective (pass),2019/2,False,True,False,yes,2017,2,,,,,,,,,,,,,,,,,
FING-222,Elective (pass),2019/2,False,True,False,yes,2017,2,,,,,,,,,,,,,,,,,
FING-222,Seminar (pass),2019/2,False,True,False,yes,2017,2,,,,,,,,,,,,,,,,,
FING-222,SoftEng Proj (pass),2019/2,False,True,False,yes,2017,2,,,,,,,,,,,,,,,,,
FING-222,Deg Work (pass),2020/1,False,True,False,yes,2017,2,,,,,,,,,,,,,,,,,
FING-22200,IPD Workshop (pass),2013/1,False,True,False,no,2013,2,chilean,2,,1,2011,low,medium,high,low,medium,low,,5,3,13,85,95
FING-22200,Phy 1 (fail),2013/1,False,True,False,no,2013,2,chilean,2,,1,2011,low,medium,high,low,medium,low,,5,3,13,85,95
FING-22200,Alg 1 (fail),2013/1,False,True,False,no,2013,2,chilean,2,,1,2011,low,medium,high,low,medium,low,,5,3,13,85,95
FING-22200,Cal 1 (fail),2013/1,False,True,False,no,2013,2,chilean,2,,1,2011,low,medium,high,low,medium,low,,5,3,13,85,95
FING-22200,Intro Eng (pass),2013/1,False,True,False,no,2013,2,chilean,2,,1,2011,low,medium,high,low,medium,low,,5,3,13,85,95
FING-22200,Std Methods (pass),2013/1,False,True,False,no,2013,2,chilean,2,,1,2011,low,medium,high,low,medium,low,,5,3,13,85,95
FING-22200,Fund Progr (pass),2013/2,False,True,False,no,2013,2,chilean,2,,1,2011,low,medium,high,low,medium,low,,5,3,13,85,95
FING-22200,Chemistry (pass),2013/2,False,True,False,no,2013,2,chilean,2,,1,2011,low,medium,high,low,medium,low,,5,3,13,85,95
FING-22200,Alg 1 (pass),2013/2,False,True,False,no,2013,2,chilean,2,,1,2011,low,medium,high,low,medium,low,,5,3,13,85,95
FING-22200,Cal 1 (pass),2013/2,False,True,False,no,2013,2,chilean,2,,1,2011,low,medium,high,low,medium,low,,5,3,13,85,95
FING-22200,Phy 1 (pass),2013/2,False,True,False,no,2013,2,chilean,2,,1,2011,low,medium,high,low,medium,low,,5,3,13,85,95
FING-22200,Alg 2 (pass),2014/1,False,True,False,no,2013,2,chilean,2,,1,2011,low,medium,high,low,medium,low,,5,3,13,85,95
FING-22200,Eng 1 (pass),2014/1,False,True,False,no,2013,2,chilean,2,,1,2011,low,medium,high,low,medium,low,,5,3,13,85,95
FING-22200,Cal 2 (pass),2014/1,False,True,False,no,2013,2,chilean,2,,1,2011,low,medium,high,low,medium,low,,5,3,13,85,95
FING-22200,Progr Methd (fail),2014/1,False,True,False,no,2013,2,chilean,2,,1,2011,low,medium,high,low,medium,low,,5,3,13,85,95
FING-22200,Phy 2 (pass),2014/1,False,True,False,no,2013,2,chilean,2,,1,2011,low,medium,high,low,medium,low,,5,3,13,85,95
FING-22200,Eng 2 (pass),2014/2,False,True,False,no,2013,2,chilean,2,,1,2011,low,medium,high,low,medium,low,,5,3,13,85,95
FING-22200,Elect & Mag (pass),2014/2,False,True,False,no,2013,2,chilean,2,,1,2011,low,medium,high,low,medium,low,,5,3,13,85,95
FING-22200,Progr Methd (pass),2014/2,False,True,False,no,2013,2,chilean,2,,1,2011,low,medium,high,low,medium,low,,5,3,13,85,95
FING-22200,Stat Analys (pass),2014/2,False,True,False,no,2013,2,chilean,2,,1,2011,low,medium,high,low,medium,low,,5,3,13,85,95
FING-22200,Diff Ec & Num Meth (pass),2014/2,False,True,False,no,2013,2,chilean,2,,1,2011,low,medium,high,low,medium,low,,5,3,13,85,95
FING-22200,Eff Comm (pass),2014/2,False,True,False,no,2013,2,chilean,2,,1,2011,low,medium,high,low,medium,low,,5,3,13,85,95
FING-22200,Syst Eng (pass),2015/1,False,True,False,no,2013,2,chilean,2,,1,2011,low,medium,high,low,medium,low,,5,3,13,85,95
FING-22200,Eng 3 (pass),2015/1,False,True,False,no,2013,2,chilean,2,,1,2011,low,medium,high,low,medium,low,,5,3,13,85,95
FING-22200,Fund Econ (pass),2015/1,False,True,False,no,2013,2,chilean,2,,1,2011,low,medium,high,low,medium,low,,5,3,13,85,95
FING-22200,Progr Parad (pass),2015/1,False,True,False,no,2013,2,chilean,2,,1,2011,low,medium,high,low,medium,low,,5,3,13,85,95
FING-22200,Algorithms (pass),2015/1,False,True,False,no,2013,2,chilean,2,,1,2011,low,medium,high,low,medium,low,,5,3,13,85,95
FING-22200,Comp Struc (pass),2015/1,False,True,False,no,2013,2,chilean,2,,1,2011,low,medium,high,low,medium,low,,5,3,13,85,95
FING-22200,Inf & Soc (pass),2015/2,False,True,False,no,2013,2,chilean,2,,1,2011,low,medium,high,low,medium,low,,5,3,13,85,95
FING-22200,SoftEng Fund (pass),2015/2,False,True,False,no,2013,2,chilean,2,,1,2011,low,medium,high,low,medium,low,,5,3,13,85,95
FING-22200,Comp Org (pass),2015/2,False,True,False,no,2013,2,chilean,2,,1,2011,low,medium,high,low,medium,low,,5,3,13,85,95
FING-22200,Eng 4 (pass),2015/2,False,True,False,no,2013,2,chilean,2,,1,2011,low,medium,high,low,medium,low,,5,3,13,85,95
FING-22200,Proj Eval&Manag (pass),2015/2,False,True,False,no,2013,2,chilean,2,,1,2011,low,medium,high,low,medium,low,,5,3,13,85,95
FING-22200,Inf Sys (pass),2015/2,False,True,False,no,2013,2,chilean,2,,1,2011,low,medium,high,low,medium,low,,5,3,13,85,95
FING-22200,DB Design (pass),2015/2,False,True,False,no,2013,2,chilean,2,,1,2011,low,medium,high,low,medium,low,,5,3,13,85,95
FING-22200,Op Sys (fail),2016/1,False,True,False,no,2013,2,chilean,2,,1,2011,low,medium,high,low,medium,low,,5,3,13,85,95
FING-22200,DB Workshop (pass),2016/1,False,True,False,no,2013,2,chilean,2,,1,2011,low,medium,high,low,medium,low,,5,3,13,85,95
FING-22200,Inf Adm & Manag (pass),2016/1,False,True,False,no,2013,2,chilean,2,,1,2011,low,medium,high,low,medium,low,,5,3,13,85,95
FING-22200,SoftEng Technq (pass),2016/1,False,True,False,no,2013,2,chilean,2,,1,2011,low,medium,high,low,medium,low,,5,3,13,85,95
FING-22200,Comp Net (pass),2016/1,False,True,False,no,2013,2,chilean,2,,1,2011,low,medium,high,low,medium,low,,5,3,13,85,95
FING-22200,Op Sys (pass),2016/2,False,True,False,no,2013,2,chilean,2,,1,2011,low,medium,high,low,medium,low,,5,3,13,85,95
FING-22200,Elective (pass),2016/2,False,True,False,no,2013,2,chilean,2,,1,2011,low,medium,high,low,medium,low,,5,3,13,85,95
FING-22200,Seminar (pass),2016/2,False,True,False,no,2013,2,chilean,2,,1,2011,low,medium,high,low,medium,low,,5,3,13,85,95
FING-22200,Elective (pass),2016/2,False,True,False,no,2013,2,chilean,2,,1,2011,low,medium,high,low,medium,low,,5,3,13,85,95
FING-22200,SoftEng Proj (fail),2017/1,False,True,False,no,2013,2,chilean,2,,1,2011,low,medium,high,low,medium,low,,5,3,13,85,95
FING-22200,Elective (pass),2017/1,False,True,False,no,2013,2,chilean,2,,1,2011,low,medium,high,low,medium,low,,5,3,13,85,95
FING-22200,SoftEng Proj (pass),2017/2,False,True,False,no,2013,2,chilean,2,,1,2011,low,medium,high,low,medium,low,,5,3,13,85,95
FING-22200,Deg Work (pass),2018/1,False,True,False,no,2013,2,chilean,2,,1,2011,low,medium,high,low,medium,low,,5,3,13,85,95
FING-23802,Std Methods (pass),2013/1,False,True,False,no,2016,1,,,,,,,,,,,,,,,,,
FING-23802,IPD Workshop (pass),2013/1,False,True,False,no,2016,1,,,,,,,,,,,,,,,,,
FING-23802,Alg 1 (pass),2013/1,False,True,False,no,2016,1,,,,,,,,,,,,,,,,,
FING-23802,Intro Eng (pass),2013/1,False,True,False,no,2016,1,,,,,,,,,,,,,,,,,
FING-23802,Cal 1 (pass),2013/2,False,True,False,no,2016,1,,,,,,,,,,,,,,,,,
FING-23802,Phy 1 (pass),2013/2,False,True,False,no,2016,1,,,,,,,,,,,,,,,,,
FING-23802,Fund Progr (pass),2014/1,False,True,False,no,2016,1,,,,,,,,,,,,,,,,,
FING-23802,Eng 1 (pass),2014/1,False,True,False,no,2016,1,,,,,,,,,,,,,,,,,
FING-23802,Alg 2 (pass),2014/1,False,True,False,no,2016,1,,,,,,,,,,,,,,,,,
FING-23802,Eng 2 (pass),2014/2,False,True,False,no,2016,1,,,,,,,,,,,,,,,,,
FING-23802,Progr Methd (pass),2014/2,False,True,False,no,2016,1,,,,,,,,,,,,,,,,,
FING-23802,Phy 2 (pass),2014/2,False,True,False,no,2016,1,,,,,,,,,,,,,,,,,
FING-23802,Eff Comm (pass),2014/2,False,True,False,no,2016,1,,,,,,,,,,,,,,,,,
FING-23802,Chemistry (pass),2015/1,False,True,False,no,2016,1,,,,,,,,,,,,,,,,,
FING-23802,Eng 3 (pass),2015/1,False,True,False,no,2016,1,,,,,,,,,,,,,,,,,
FING-23802,Cal 2 (pass),2015/1,False,True,False,no,2016,1,,,,,,,,,,,,,,,,,
FING-23802,Algorithms (pass),2015/1,False,True,False,no,2016,1,,,,,,,,,,,,,,,,,
FING-23802,Eng 4 (pass),2015/2,False,True,False,no,2016,1,,,,,,,,,,,,,,,,,
FING-23802,Elect & Mag (pass),2016/2,False,True,False,no,2016,1,,,,,,,,,,,,,,,,,
FING-23802,Stat Analys (fail),2016/2,False,True,False,no,2016,1,,,,,,,,,,,,,,,,,
FING-23802,Fund Econ (pass),2016/2,False,True,False,no,2016,1,,,,,,,,,,,,,,,,,
FING-23802,Progr Parad (pass),2017/1,False,True,False,no,2016,1,,,,,,,,,,,,,,,,,
FING-23802,Diff Ec & Num Meth (fail),2017/1,False,True,False,no,2016,1,,,,,,,,,,,,,,,,,
FING-23802,Stat Analys (pass),2017/1,False,True,False,no,2016,1,,,,,,,,,,,,,,,,,
FING-23802,Comp Struc (fail),2017/1,False,True,False,no,2016,1,,,,,,,,,,,,,,,,,
FING-23802,Inf & Soc (pass),2017/1,False,True,False,no,2016,1,,,,,,,,,,,,,,,,,
FING-23802,Comp Struc (pass),2017/2,False,True,False,no,2016,1,,,,,,,,,,,,,,,,,
FING-23802,SoftEng Fund (pass),2017/2,False,True,False,no,2016,1,,,,,,,,,,,,,,,,,
FING-23802,Syst Eng (pass),2017/2,False,True,False,no,2016,1,,,,,,,,,,,,,,,,,
FING-23802,DB Design (pass),2017/2,False,True,False,no,2016,1,,,,,,,,,,,,,,,,,
FING-23802,Diff Ec & Num Meth (pass),2017/2,False,True,False,no,2016,1,,,,,,,,,,,,,,,,,
FING-23802,DB Workshop (pass),2018/1,False,True,False,no,2016,1,,,,,,,,,,,,,,,,,
FING-23802,Inf Sys (pass),2018/1,False,True,False,no,2016,1,,,,,,,,,,,,,,,,,
FING-23802,SoftEng Technq (pass),2018/1,False,True,False,no,2016,1,,,,,,,,,,,,,,,,,
FING-23802,Proj Eval&Manag (pass),2018/1,False,True,False,no,2016,1,,,,,,,,,,,,,,,,,
FING-23802,Comp Org (pass),2018/1,False,True,False,no,2016,1,,,,,,,,,,,,,,,,,
FING-23802,Inf Adm & Manag (pass),2018/2,False,True,False,no,2016,1,,,,,,,,,,,,,,,,,
FING-23802,Comp Net (pass),2018/2,False,True,False,no,2016,1,,,,,,,,,,,,,,,,,
FING-23802,Op Sys (fail),2018/2,False,True,False,no,2016,1,,,,,,,,,,,,,,,,,
FING-23802,Elective (pass),2018/2,False,True,False,no,2016,1,,,,,,,,,,,,,,,,,
FING-23802,SoftEng Proj (pass),2019/1,False,True,False,no,2016,1,,,,,,,,,,,,,,,,,
FING-23802,Op Sys (pass),2019/1,False,True,False,no,2016,1,,,,,,,,,,,,,,,,,
FING-23802,Elective (pass),2019/1,False,True,False,no,2016,1,,,,,,,,,,,,,,,,,
FING-23802,Elective (pass),2019/1,False,True,False,no,2016,1,,,,,,,,,,,,,,,,,
FING-23802,Seminar (pass),2019/1,False,True,False,no,2016,1,,,,,,,,,,,,,,,,,
FING-23802,Deg Work (pass),2019/2,False,True,False,no,2016,1,,,,,,,,,,,,,,,,,
FING-23879,Alg 1 (pass),2013/1,False,True,False,no,2016,2,,,,,,,,,,,,,,,,,
FING-23879,Intro Eng (pass),2013/1,False,True,False,no,2016,2,,,,,,,,,,,,,,,,,
FING-23879,Phy 1 (pass),2013/1,False,True,False,no,2016,2,,,,,,,,,,,,,,,,,
FING-23879,IPD Workshop (pass),2013/1,False,True,False,no,2016,2,,,,,,,,,,,,,,,,,
FING-23879,Std Methods (pass),2013/1,False,True,False,no,2016,2,,,,,,,,,,,,,,,,,
FING-23879,Chemistry (pass),2014/1,False,True,False,no,2016,2,,,,,,,,,,,,,,,,,
FING-23879,Fund Progr (pass),2014/1,False,True,False,no,2016,2,,,,,,,,,,,,,,,,,
FING-23879,Alg 2 (pass),2014/1,False,True,False,no,2016,2,,,,,,,,,,,,,,,,,
FING-23879,Eng 1 (pass),2014/1,False,True,False,no,2016,2,,,,,,,,,,,,,,,,,
FING-23879,Cal 1 (pass),2014/1,False,True,False,no,2016,2,,,,,,,,,,,,,,,,,
FING-23879,Cal 2 (pass),2014/2,False,True,False,no,2016,2,,,,,,,,,,,,,,,,,
FING-23879,Phy 2 (pass),2014/2,False,True,False,no,2016,2,,,,,,,,,,,,,,,,,
FING-23879,Progr Methd (pass),2014/2,False,True,False,no,2016,2,,,,,,,,,,,,,,,,,
FING-23879,Eng 2 (pass),2014/2,False,True,False,no,2016,2,,,,,,,,,,,,,,,,,
FING-23879,Eng 3 (pass),2015/1,False,True,False,no,2016,2,,,,,,,,,,,,,,,,,
FING-23879,Eff Comm (pass),2015/1,False,True,False,no,2016,2,,,,,,,,,,,,,,,,,
FING-23879,Fund Econ (pass),2015/2,False,True,False,no,2016,2,,,,,,,,,,,,,,,,,
FING-23879,Eng 4 (pass),2015/2,False,True,False,no,2016,2,,,,,,,,,,,,,,,,,
FING-23879,Stat Analys (pass),2015/2,False,True,False,no,2016,2,,,,,,,,,,,,,,,,,
FING-23879,Elect & Mag (pass),2015/2,False,True,False,no,2016,2,,,,,,,,,,,,,,,,,
FING-23879,Algorithms (fail),2016/1,False,True,False,no,2016,2,,,,,,,,,,,,,,,,,
FING-23879,Inf & Soc (pass),2016/1,False,True,False,no,2016,2,,,,,,,,,,,,,,,,,
FING-23879,Diff Ec & Num Meth (pass),2016/1,False,True,False,no,2016,2,,,,,,,,,,,,,,,,,
FING-23879,Progr Parad (pass),2016/2,False,True,False,no,2016,2,,,,,,,,,,,,,,,,,
FING-23879,Comp Struc (fail),2016/2,False,True,False,no,2016,2,,,,,,,,,,,,,,,,,
FING-23879,Syst Eng (pass),2016/2,False,True,False,no,2016,2,,,,,,,,,,,,,,,,,
FING-23879,Algorithms (pass),2016/2,False,True,False,no,2016,2,,,,,,,,,,,,,,,,,
FING-23879,SoftEng Fund (pass),2017/1,False,True,False,no,2016,2,,,,,,,,,,,,,,,,,
FING-23879,Inf Sys (pass),2017/1,False,True,False,no,2016,2,,,,,,,,,,,,,,,,,
FING-23879,DB Design (pass),2017/1,False,True,False,no,2016,2,,,,,,,,,,,,,,,,,
FING-23879,Comp Struc (pass),2017/1,False,True,False,no,2016,2,,,,,,,,,,,,,,,,,
FING-23879,DB Workshop (pass),2017/2,False,True,False,no,2016,2,,,,,,,,,,,,,,,,,
FING-23879,Proj Eval&Manag (pass),2017/2,False,True,False,no,2016,2,,,,,,,,,,,,,,,,,
FING-23879,Elective (pass),2017/2,False,True,False,no,2016,2,,,,,,,,,,,,,,,,,
FING-23879,Comp Org (pass),2017/2,False,True,False,no,2016,2,,,,,,,,,,,,,,,,,
FING-23879,Op Sys (pass),2018/1,False,True,False,no,2016,2,,,,,,,,,,,,,,,,,
FING-23879,Comp Net (pass),2018/1,False,True,False,no,2016,2,,,,,,,,,,,,,,,,,
FING-23879,Elective (pass),2018/1,False,True,False,no,2016,2,,,,,,,,,,,,,,,,,
FING-23879,Inf Adm & Manag (pass),2018/1,False,True,False,no,2016,2,,,,,,,,,,,,,,,,,
FING-23879,SoftEng Technq (pass),2018/1,False,True,False,no,2016,2,,,,,,,,,,,,,,,,,
FING-23879,Elective (pass),2018/2,False,True,False,no,2016,2,,,,,,,,,,,,,,,,,
FING-23879,SoftEng Proj (pass),2018/2,False,True,False,no,2016,2,,,,,,,,,,,,,,,,,
FING-23879,Seminar (fail),2018/2,False,True,False,no,2016,2,,,,,,,,,,,,,,,,,
FING-23879,Seminar (pass),2019/1,False,True,False,no,2016,2,,,,,,,,,,,,,,,,,
FING-23879,Deg Work (pass),2019/2,False,True,False,no,2016,2,,,,,,,,,,,,,,,,,
FING-24277,IPD Workshop (pass),2013/1,False,True,False,no,2013,2,chilean,1,,7,2011,high,high,high,medium,,medium,,0,3,13,114,102
FING-24277,Phy 1 (pass),2013/1,False,True,False,no,2013,2,chilean,1,,7,2011,high,high,high,medium,,medium,,0,3,13,114,102
FING-24277,Alg 1 (pass),2013/1,False,True,False,no,2013,2,chilean,1,,7,2011,high,high,high,medium,,medium,,0,3,13,114,102
FING-24277,Cal 1 (fail),2013/1,False,True,False,no,2013,2,chilean,1,,7,2011,high,high,high,medium,,medium,,0,3,13,114,102
FING-24277,Intro Eng (pass),2013/1,False,True,False,no,2013,2,chilean,1,,7,2011,high,high,high,medium,,medium,,0,3,13,114,102
FING-24277,Std Methods (pass),2013/1,False,True,False,no,2013,2,chilean,1,,7,2011,high,high,high,medium,,medium,,0,3,13,114,102
FING-24277,Fund Progr (pass),2013/2,False,True,False,no,2013,2,chilean,1,,7,2011,high,high,high,medium,,medium,,0,3,13,114,102
FING-24277,Phy 2 (pass),2013/2,False,True,False,no,2013,2,chilean,1,,7,2011,high,high,high,medium,,medium,,0,3,13,114,102
FING-24277,Chemistry (fail),2013/2,False,True,False,no,2013,2,chilean,1,,7,2011,high,high,high,medium,,medium,,0,3,13,114,102
FING-24277,Cal 1 (pass),2013/2,False,True,False,no,2013,2,chilean,1,,7,2011,high,high,high,medium,,medium,,0,3,13,114,102
FING-24277,Eff Comm (pass),2013/2,False,True,False,no,2013,2,chilean,1,,7,2011,high,high,high,medium,,medium,,0,3,13,114,102
FING-24277,Alg 2 (pass),2013/2,False,True,False,no,2013,2,chilean,1,,7,2011,high,high,high,medium,,medium,,0,3,13,114,102
FING-24277,Eng 1 (pass),2014/1,False,True,False,no,2013,2,chilean,1,,7,2011,high,high,high,medium,,medium,,0,3,13,114,102
FING-24277,Progr Methd (pass),2014/1,False,True,False,no,2013,2,chilean,1,,7,2011,high,high,high,medium,,medium,,0,3,13,114,102
FING-24277,Inf & Soc (pass),2014/1,False,True,False,no,2013,2,chilean,1,,7,2011,high,high,high,medium,,medium,,0,3,13,114,102
FING-24277,Cal 2 (pass),2014/1,False,True,False,no,2013,2,chilean,1,,7,2011,high,high,high,medium,,medium,,0,3,13,114,102
FING-24277,Chemistry (pass),2014/1,False,True,False,no,2013,2,chilean,1,,7,2011,high,high,high,medium,,medium,,0,3,13,114,102
FING-24277,Eng 2 (pass),2014/2,False,True,False,no,2013,2,chilean,1,,7,2011,high,high,high,medium,,medium,,0,3,13,114,102
FING-24277,Progr Parad (pass),2014/2,False,True,False,no,2013,2,chilean,1,,7,2011,high,high,high,medium,,medium,,0,3,13,114,102
FING-24277,Algorithms (fail),2014/2,False,True,False,no,2013,2,chilean,1,,7,2011,high,high,high,medium,,medium,,0,3,13,114,102
FING-24277,Stat Analys (fail),2014/2,False,True,False,no,2013,2,chilean,1,,7,2011,high,high,high,medium,,medium,,0,3,13,114,102
FING-24277,Diff Ec & Num Meth (fail),2014/2,False,True,False,no,2013,2,chilean,1,,7,2011,high,high,high,medium,,medium,,0,3,13,114,102
FING-24277,Elect & Mag (pass),2014/2,False,True,False,no,2013,2,chilean,1,,7,2011,high,high,high,medium,,medium,,0,3,13,114,102
FING-24277,Eng 3 (pass),2015/1,False,True,False,no,2013,2,chilean,1,,7,2011,high,high,high,medium,,medium,,0,3,13,114,102
FING-24277,Stat Analys (pass),2015/1,False,True,False,no,2013,2,chilean,1,,7,2011,high,high,high,medium,,medium,,0,3,13,114,102
FING-24277,Fund Econ (pass),2015/1,False,True,False,no,2013,2,chilean,1,,7,2011,high,high,high,medium,,medium,,0,3,13,114,102
FING-24277,Algorithms (pass),2015/1,False,True,False,no,2013,2,chilean,1,,7,2011,high,high,high,medium,,medium,,0,3,13,114,102
FING-24277,Diff Ec & Num Meth (pass),2015/1,False,True,False,no,2013,2,chilean,1,,7,2011,high,high,high,medium,,medium,,0,3,13,114,102
FING-24277,SoftEng Fund (pass),2015/2,False,True,False,no,2013,2,chilean,1,,7,2011,high,high,high,medium,,medium,,0,3,13,114,102
FING-24277,Syst Eng (pass),2015/2,False,True,False,no,2013,2,chilean,1,,7,2011,high,high,high,medium,,medium,,0,3,13,114,102
FING-24277,Eng 4 (pass),2015/2,False,True,False,no,2013,2,chilean,1,,7,2011,high,high,high,medium,,medium,,0,3,13,114,102
FING-24277,Proj Eval&Manag (pass),2015/2,False,True,False,no,2013,2,chilean,1,,7,2011,high,high,high,medium,,medium,,0,3,13,114,102
FING-24277,Comp Struc (pass),2015/2,False,True,False,no,2013,2,chilean,1,,7,2011,high,high,high,medium,,medium,,0,3,13,114,102
FING-24277,DB Design (pass),2015/2,False,True,False,no,2013,2,chilean,1,,7,2011,high,high,high,medium,,medium,,0,3,13,114,102
FING-24277,DB Workshop (pass),2016/1,False,True,False,no,2013,2,chilean,1,,7,2011,high,high,high,medium,,medium,,0,3,13,114,102
FING-24277,Inf Adm & Manag (pass),2016/1,False,True,False,no,2013,2,chilean,1,,7,2011,high,high,high,medium,,medium,,0,3,13,114,102
FING-24277,Inf Sys (pass),2016/1,False,True,False,no,2013,2,chilean,1,,7,2011,high,high,high,medium,,medium,,0,3,13,114,102
FING-24277,Comp Org (pass),2016/1,False,True,False,no,2013,2,chilean,1,,7,2011,high,high,high,medium,,medium,,0,3,13,114,102
FING-24277,Elective (pass),2016/1,False,True,False,no,2013,2,chilean,1,,7,2011,high,high,high,medium,,medium,,0,3,13,114,102
FING-24277,Op Sys (pass),2016/2,False,True,False,no,2013,2,chilean,1,,7,2011,high,high,high,medium,,medium,,0,3,13,114,102
FING-24277,Comp Net (pass),2016/2,False,True,False,no,2013,2,chilean,1,,7,2011,high,high,high,medium,,medium,,0,3,13,114,102
FING-24277,SoftEng Technq (pass),2016/2,False,True,False,no,2013,2,chilean,1,,7,2011,high,high,high,medium,,medium,,0,3,13,114,102
FING-24277,Elective (pass),2017/1,False,True,False,no,2013,2,chilean,1,,7,2011,high,high,high,medium,,medium,,0,3,13,114,102
FING-24277,Elective (pass),2017/1,False,True,False,no,2013,2,chilean,1,,7,2011,high,high,high,medium,,medium,,0,3,13,114,102
FING-24277,SoftEng Proj (pass),2017/1,False,True,False,no,2013,2,chilean,1,,7,2011,high,high,high,medium,,medium,,0,3,13,114,102
FING-24277,Seminar (pass),2017/1,False,True,False,no,2013,2,chilean,1,,7,2011,high,high,high,medium,,medium,,0,3,13,114,102
FING-24277,Deg Work (pass),2017/2,False,True,False,no,2013,2,chilean,1,,7,2011,high,high,high,medium,,medium,,0,3,13,114,102
FING-24583,Alg 1 (pass),2013/1,False,True,False,no,2013,2,chilean,1,,1,2011,medium,medium,medium,medium,,medium,,0,3,13,79,113
FING-24583,Phy 1 (pass),2013/1,False,True,False,no,2013,2,chilean,1,,1,2011,medium,medium,medium,medium,,medium,,0,3,13,79,113
FING-24583,Cal 1 (pass),2013/1,False,True,False,no,2013,2,chilean,1,,1,2011,medium,medium,medium,medium,,medium,,0,3,13,79,113
FING-24583,Intro Eng (pass),2013/1,False,True,False,no,2013,2,chilean,1,,1,2011,medium,medium,medium,medium,,medium,,0,3,13,79,113
FING-24583,Std Methods (pass),2013/1,False,True,False,no,2013,2,chilean,1,,1,2011,medium,medium,medium,medium,,medium,,0,3,13,79,113
FING-24583,IPD Workshop (pass),2013/1,False,True,False,no,2013,2,chilean,1,,1,2011,medium,medium,medium,medium,,medium,,0,3,13,79,113
FING-24583,Fund Progr (pass),2013/2,False,True,False,no,2013,2,chilean,1,,1,2011,medium,medium,medium,medium,,medium,,0,3,13,79,113
FING-24583,Chemistry (pass),2013/2,False,True,False,no,2013,2,chilean,1,,1,2011,medium,medium,medium,medium,,medium,,0,3,13,79,113
FING-24583,Cal 2 (pass),2013/2,False,True,False,no,2013,2,chilean,1,,1,2011,medium,medium,medium,medium,,medium,,0,3,13,79,113
FING-24583,Phy 2 (pass),2013/2,False,True,False,no,2013,2,chilean,1,,1,2011,medium,medium,medium,medium,,medium,,0,3,13,79,113
FING-24583,Alg 2 (pass),2013/2,False,True,False,no,2013,2,chilean,1,,1,2011,medium,medium,medium,medium,,medium,,0,3,13,79,113
FING-24583,Elect & Mag (fail),2014/1,False,True,False,no,2013,2,chilean,1,,1,2011,medium,medium,medium,medium,,medium,,0,3,13,79,113
FING-24583,Stat Analys (fail),2014/1,False,True,False,no,2013,2,chilean,1,,1,2011,medium,medium,medium,medium,,medium,,0,3,13,79,113
FING-24583,Diff Ec & Num Meth (pass),2014/1,False,True,False,no,2013,2,chilean,1,,1,2011,medium,medium,medium,medium,,medium,,0,3,13,79,113
FING-24583,Eff Comm (pass),2014/1,False,True,False,no,2013,2,chilean,1,,1,2011,medium,medium,medium,medium,,medium,,0,3,13,79,113
FING-24583,Eng 1 (pass),2014/1,False,True,False,no,2013,2,chilean,1,,1,2011,medium,medium,medium,medium,,medium,,0,3,13,79,113
FING-24583,Progr Methd (fail),2014/1,False,True,False,no,2013,2,chilean,1,,1,2011,medium,medium,medium,medium,,medium,,0,3,13,79,113
FING-24583,Eng 2 (pass),2014/2,False,True,False,no,2013,2,chilean,1,,1,2011,medium,medium,medium,medium,,medium,,0,3,13,79,113
FING-24583,Progr Methd (pass),2014/2,False,True,False,no,2013,2,chilean,1,,1,2011,medium,medium,medium,medium,,medium,,0,3,13,79,113
FING-24583,Fund Econ (pass),2014/2,False,True,False,no,2013,2,chilean,1,,1,2011,medium,medium,medium,medium,,medium,,0,3,13,79,113
FING-24583,Inf & Soc (pass),2014/2,False,True,False,no,2013,2,chilean,1,,1,2011,medium,medium,medium,medium,,medium,,0,3,13,79,113
FING-24583,Stat Analys (pass),2014/2,False,True,False,no,2013,2,chilean,1,,1,2011,medium,medium,medium,medium,,medium,,0,3,13,79,113
FING-24583,Elect & Mag (pass),2014/2,False,True,False,no,2013,2,chilean,1,,1,2011,medium,medium,medium,medium,,medium,,0,3,13,79,113
FING-24583,Syst Eng (pass),2015/1,False,True,False,no,2013,2,chilean,1,,1,2011,medium,medium,medium,medium,,medium,,0,3,13,79,113
FING-24583,Eng 3 (pass),2015/1,False,True,False,no,2013,2,chilean,1,,1,2011,medium,medium,medium,medium,,medium,,0,3,13,79,113
FING-24583,Algorithms (fail),2015/1,False,True,False,no,2013,2,chilean,1,,1,2011,medium,medium,medium,medium,,medium,,0,3,13,79,113
FING-24583,Proj Eval&Manag (pass),2015/1,False,True,False,no,2013,2,chilean,1,,1,2011,medium,medium,medium,medium,,medium,,0,3,13,79,113
FING-24583,Comp Struc (fail),2015/1,False,True,False,no,2013,2,chilean,1,,1,2011,medium,medium,medium,medium,,medium,,0,3,13,79,113
FING-24583,Progr Parad (pass),2015/2,False,True,False,no,2013,2,chilean,1,,1,2011,medium,medium,medium,medium,,medium,,0,3,13,79,113
FING-24583,Algorithms (pass),2015/2,False,True,False,no,2013,2,chilean,1,,1,2011,medium,medium,medium,medium,,medium,,0,3,13,79,113
FING-24583,Inf Adm & Manag (pass),2015/2,False,True,False,no,2013,2,chilean,1,,1,2011,medium,medium,medium,medium,,medium,,0,3,13,79,113
FING-24583,Comp Struc (pass),2015/2,False,True,False,no,2013,2,chilean,1,,1,2011,medium,medium,medium,medium,,medium,,0,3,13,79,113
FING-24583,Inf Sys (pass),2015/2,False,True,False,no,2013,2,chilean,1,,1,2011,medium,medium,medium,medium,,medium,,0,3,13,79,113
FING-24583,DB Design (pass),2016/1,False,True,False,no,2013,2,chilean,1,,1,2011,medium,medium,medium,medium,,medium,,0,3,13,79,113
FING-24583,Comp Org (fail),2016/1,False,True,False,no,2013,2,chilean,1,,1,2011,medium,medium,medium,medium,,medium,,0,3,13,79,113
FING-24583,SoftEng Fund (pass),2016/1,False,True,False,no,2013,2,chilean,1,,1,2011,medium,medium,medium,medium,,medium,,0,3,13,79,113
FING-24583,Eng 4 (pass),2016/1,False,True,False,no,2013,2,chilean,1,,1,2011,medium,medium,medium,medium,,medium,,0,3,13,79,113
FING-24583,Op Sys (fail),2016/2,False,True,False,no,2013,2,chilean,1,,1,2011,medium,medium,medium,medium,,medium,,0,3,13,79,113
FING-24583,SoftEng Technq (pass),2016/2,False,True,False,no,2013,2,chilean,1,,1,2011,medium,medium,medium,medium,,medium,,0,3,13,79,113
FING-24583,Comp Org (pass),2016/2,False,True,False,no,2013,2,chilean,1,,1,2011,medium,medium,medium,medium,,medium,,0,3,13,79,113
FING-24583,DB Workshop (pass),2016/2,False,True,False,no,2013,2,chilean,1,,1,2011,medium,medium,medium,medium,,medium,,0,3,13,79,113
FING-24583,Comp Net (pass),2017/1,False,True,False,no,2013,2,chilean,1,,1,2011,medium,medium,medium,medium,,medium,,0,3,13,79,113
FING-24583,Elective (pass),2017/1,False,True,False,no,2013,2,chilean,1,,1,2011,medium,medium,medium,medium,,medium,,0,3,13,79,113
FING-24583,Op Sys (pass),2017/1,False,True,False,no,2013,2,chilean,1,,1,2011,medium,medium,medium,medium,,medium,,0,3,13,79,113
FING-24583,SoftEng Proj (pass),2017/1,False,True,False,no,2013,2,chilean,1,,1,2011,medium,medium,medium,medium,,medium,,0,3,13,79,113
FING-24583,Seminar (pass),2017/1,False,True,False,no,2013,2,chilean,1,,1,2011,medium,medium,medium,medium,,medium,,0,3,13,79,113
FING-24583,Elective (pass),2017/2,False,True,False,no,2013,2,chilean,1,,1,2011,medium,medium,medium,medium,,medium,,0,3,13,79,113
FING-24583,Elective (pass),2017/2,False,True,False,no,2013,2,chilean,1,,1,2011,medium,medium,medium,medium,,medium,,0,3,13,79,113
FING-24583,Deg Work (pass),2017/2,False,True,False,no,2013,2,chilean,1,,1,2011,medium,medium,medium,medium,,medium,,0,3,13,79,113
FING-24989,IPD Workshop (pass),2012/1,False,True,False,no,2016,1,,,,,,,,,,,,,,,,,
FING-24989,Alg 1 (pass),2012/1,False,True,False,no,2016,1,,,,,,,,,,,,,,,,,
FING-24989,Intro Eng (pass),2012/1,False,True,False,no,2016,1,,,,,,,,,,,,,,,,,
FING-24989,Phy 1 (pass),2012/1,False,True,False,no,2016,1,,,,,,,,,,,,,,,,,
FING-24989,Std Methods (pass),2012/1,False,True,False,no,2016,1,,,,,,,,,,,,,,,,,
FING-24989,Phy 2 (pass),2012/2,False,True,False,no,2016,1,,,,,,,,,,,,,,,,,
FING-24989,Alg 2 (pass),2012/2,False,True,False,no,2016,1,,,,,,,,,,,,,,,,,
FING-24989,Cal 1 (pass),2012/2,False,True,False,no,2016,1,,,,,,,,,,,,,,,,,
FING-24989,Fund Progr (pass),2012/2,False,True,False,no,2016,1,,,,,,,,,,,,,,,,,
FING-24989,Chemistry (pass),2013/1,False,True,False,no,2016,1,,,,,,,,,,,,,,,,,
FING-24989,Eng 1 (pass),2013/1,False,True,False,no,2016,1,,,,,,,,,,,,,,,,,
FING-24989,Progr Methd (pass),2013/1,False,True,False,no,2016,1,,,,,,,,,,,,,,,,,
FING-24989,Eff Comm (pass),2013/1,False,True,False,no,2016,1,,,,,,,,,,,,,,,,,
FING-24989,Cal 2 (pass),2013/2,False,True,False,no,2016,1,,,,,,,,,,,,,,,,,
FING-24989,Eng 2 (pass),2013/2,False,True,False,no,2016,1,,,,,,,,,,,,,,,,,
FING-24989,Elect & Mag (pass),2013/2,False,True,False,no,2016,1,,,,,,,,,,,,,,,,,
FING-24989,Progr Parad (pass),2013/2,False,True,False,no,2016,1,,,,,,,,,,,,,,,,,
FING-24989,Fund Econ (pass),2014/1,False,True,False,no,2016,1,,,,,,,,,,,,,,,,,
FING-24989,Comp Struc (pass),2014/1,False,True,False,no,2016,1,,,,,,,,,,,,,,,,,
FING-24989,Algorithms (pass),2014/1,False,True,False,no,2016,1,,,,,,,,,,,,,,,,,
FING-24989,Eng 3 (pass),2014/1,False,True,False,no,2016,1,,,,,,,,,,,,,,,,,
FING-24989,DB Design (pass),2014/2,False,True,False,no,2016,1,,,,,,,,,,,,,,,,,
FING-24989,Eng 4 (pass),2014/2,False,True,False,no,2016,1,,,,,,,,,,,,,,,,,
FING-24989,Stat Analys (pass),2014/2,False,True,False,no,2016,1,,,,,,,,,,,,,,,,,
FING-24989,Syst Eng (pass),2015/2,False,True,False,no,2016,1,,,,,,,,,,,,,,,,,
FING-24989,SoftEng Fund (pass),2015/2,False,True,False,no,2016,1,,,,,,,,,,,,,,,,,
FING-24989,Proj Eval&Manag (pass),2016/1,False,True,False,no,2016,1,,,,,,,,,,,,,,,,,
FING-24989,Inf Sys (pass),2016/1,False,True,False,no,2016,1,,,,,,,,,,,,,,,,,
FING-24989,Comp Org (pass),2016/1,False,True,False,no,2016,1,,,,,,,,,,,,,,,,,
FING-24989,Inf & Soc (pass),2016/1,False,True,False,no,2016,1,,,,,,,,,,,,,,,,,
FING-24989,Comp Net (pass),2016/2,False,True,False,no,2016,1,,,,,,,,,,,,,,,,,
FING-24989,SoftEng Technq (pass),2016/2,False,True,False,no,2016,1,,,,,,,,,,,,,,,,,
FING-24989,DB Workshop (pass),2016/2,False,True,False,no,2016,1,,,,,,,,,,,,,,,,,
FING-24989,Inf Adm & Manag (pass),2016/2,False,True,False,no,2016,1,,,,,,,,,,,,,,,,,
FING-24989,Elective (pass),2017/1,False,True,False,no,2016,1,,,,,,,,,,,,,,,,,
FING-24989,Elective (pass),2017/1,False,True,False,no,2016,1,,,,,,,,,,,,,,,,,
FING-24989,Op Sys (fail),2017/1,False,True,False,no,2016,1,,,,,,,,,,,,,,,,,
FING-24989,Elective (pass),2017/1,False,True,False,no,2016,1,,,,,,,,,,,,,,,,,
FING-24989,Seminar (pass),2017/2,False,True,False,no,2016,1,,,,,,,,,,,,,,,,,
FING-24989,SoftEng Proj (pass),2017/2,False,True,False,no,2016,1,,,,,,,,,,,,,,,,,
FING-24989,Op Sys (pass),2017/2,False,True,False,no,2016,1,,,,,,,,,,,,,,,,,
FING-24989,Deg Work (pass),2018/2,False,True,False,no,2016,1,,,,,,,,,,,,,,,,,
FING-25021,Cal 1 (fail),2012/1,False,True,False,no,2012,2,,,,,,,,,,,,,,,,,
FING-25021,IPD Workshop (pass),2012/1,False,True,False,no,2012,2,,,,,,,,,,,,,,,,,
FING-25021,Alg 1 (pass),2012/1,False,True,False,no,2012,2,,,,,,,,,,,,,,,,,
FING-25021,Phy 1 (pass),2012/1,False,True,False,no,2012,2,,,,,,,,,,,,,,,,,
FING-25021,Std Methods (pass),2012/1,False,True,False,no,2012,2,,,,,,,,,,,,,,,,,
FING-25021,Intro Eng (pass),2012/1,False,True,False,no,2012,2,,,,,,,,,,,,,,,,,
FING-25021,Chemistry (fail),2012/2,False,True,False,no,2012,2,,,,,,,,,,,,,,,,,
FING-25021,Cal 1 (pass),2012/2,False,True,False,no,2012,2,,,,,,,,,,,,,,,,,
FING-25021,Alg 2 (pass),2012/2,False,True,False,no,2012,2,,,,,,,,,,,,,,,,,
FING-25021,Fund Progr (pass),2012/2,False,True,False,no,2012,2,,,,,,,,,,,,,,,,,
FING-25021,Phy 2 (pass),2012/2,False,True,False,no,2012,2,,,,,,,,,,,,,,,,,
FING-25021,Cal 2 (pass),2013/1,False,True,False,no,2012,2,,,,,,,,,,,,,,,,,
FING-25021,Progr Methd (pass),2013/1,False,True,False,no,2012,2,,,,,,,,,,,,,,,,,
FING-25021,Eff Comm (pass),2013/1,False,True,False,no,2012,2,,,,,,,,,,,,,,,,,
FING-25021,Eng 1 (pass),2013/1,False,True,False,no,2012,2,,,,,,,,,,,,,,,,,
FING-25021,Chemistry (pass),2013/1,False,True,False,no,2012,2,,,,,,,,,,,,,,,,,
FING-25021,Eng 2 (pass),2013/2,False,True,False,no,2012,2,,,,,,,,,,,,,,,,,
FING-25021,Stat Analys (fail),2013/2,False,True,False,no,2012,2,,,,,,,,,,,,,,,,,
FING-25021,Diff Ec & Num Meth (pass),2013/2,False,True,False,no,2012,2,,,,,,,,,,,,,,,,,
FING-25021,Fund Econ (fail),2013/2,False,True,False,no,2012,2,,,,,,,,,,,,,,,,,
FING-25021,Elect & Mag (fail),2013/2,False,True,False,no,2012,2,,,,,,,,,,,,,,,,,
FING-25021,Progr Parad (fail),2013/2,False,True,False,no,2012,2,,,,,,,,,,,,,,,,,
FING-25021,Eng 3 (pass),2014/1,False,True,False,no,2012,2,,,,,,,,,,,,,,,,,
FING-25021,Elect & Mag (pass),2014/1,False,True,False,no,2012,2,,,,,,,,,,,,,,,,,
FING-25021,Progr Parad (fail),2014/1,False,True,False,no,2012,2,,,,,,,,,,,,,,,,,
FING-25021,Inf & Soc (pass),2014/1,False,True,False,no,2012,2,,,,,,,,,,,,,,,,,
FING-25021,Stat Analys (pass),2014/1,False,True,False,no,2012,2,,,,,,,,,,,,,,,,,
FING-25021,Eng 4 (pass),2014/2,False,True,False,no,2012,2,,,,,,,,,,,,,,,,,
FING-25021,Progr Parad (pass),2014/2,False,True,False,no,2012,2,,,,,,,,,,,,,,,,,
FING-25021,Fund Econ (pass),2014/2,False,True,False,no,2012,2,,,,,,,,,,,,,,,,,
FING-25021,Syst Eng (pass),2014/2,False,True,False,no,2012,2,,,,,,,,,,,,,,,,,
FING-25021,Comp Struc (pass),2014/2,False,True,False,no,2012,2,,,,,,,,,,,,,,,,,
FING-25021,Algorithms (fail),2014/2,False,True,False,no,2012,2,,,,,,,,,,,,,,,,,
FING-25021,Comp Org (fail),2015/1,False,True,False,no,2012,2,,,,,,,,,,,,,,,,,
FING-25021,SoftEng Fund (pass),2015/1,False,True,False,no,2012,2,,,,,,,,,,,,,,,,,
FING-25021,Algorithms (pass),2015/1,False,True,False,no,2012,2,,,,,,,,,,,,,,,,,
FING-25021,Proj Eval&Manag (pass),2015/1,False,True,False,no,2012,2,,,,,,,,,,,,,,,,,
FING-25021,Inf Sys (pass),2015/1,False,True,False,no,2012,2,,,,,,,,,,,,,,,,,
FING-25021,DB Design (pass),2015/1,False,True,False,no,2012,2,,,,,,,,,,,,,,,,,
FING-25021,Elective (pass),2015/2,False,True,False,no,2012,2,,,,,,,,,,,,,,,,,
FING-25021,Comp Org (pass),2015/2,False,True,False,no,2012,2,,,,,,,,,,,,,,,,,
FING-25021,Inf Adm & Manag (pass),2015/2,False,True,False,no,2012,2,,,,,,,,,,,,,,,,,
FING-25021,SoftEng Technq (pass),2015/2,False,True,False,no,2012,2,,,,,,,,,,,,,,,,,
FING-25021,DB Workshop (pass),2015/2,False,True,False,no,2012,2,,,,,,,,,,,,,,,,,
FING-25021,Op Sys (pass),2016/1,False,True,False,no,2012,2,,,,,,,,,,,,,,,,,
FING-25021,Seminar (pass),2016/1,False,True,False,no,2012,2,,,,,,,,,,,,,,,,,
FING-25021,Comp Net (pass),2016/1,False,True,False,no,2012,2,,,,,,,,,,,,,,,,,
FING-25021,SoftEng Proj (fail),2016/1,False,True,False,no,2012,2,,,,,,,,,,,,,,,,,
FING-25021,Elective (pass),2016/2,False,True,False,no,2012,2,,,,,,,,,,,,,,,,,
FING-25021,Elective (pass),2016/2,False,True,False,no,2012,2,,,,,,,,,,,,,,,,,
FING-25021,SoftEng Proj (pass),2016/2,False,True,False,no,2012,2,,,,,,,,,,,,,,,,,
FING-25021,Deg Work (pass),2017/1,False,True,False,no,2012,2,,,,,,,,,,,,,,,,,
FING-25074,Phy 1 (fail),2013/1,False,True,False,no,2013,2,chilean,1,,1,2012,low,low,low,medium,,medium,,0,2,13,126,107
FING-25074,Alg 1 (pass),2013/1,False,True,False,no,2013,2,chilean,1,,1,2012,low,low,low,medium,,medium,,0,2,13,126,107
FING-25074,Cal 1 (pass),2013/1,False,True,False,no,2013,2,chilean,1,,1,2012,low,low,low,medium,,medium,,0,2,13,126,107
FING-25074,Std Methods (pass),2013/1,False,True,False,no,2013,2,chilean,1,,1,2012,low,low,low,medium,,medium,,0,2,13,126,107
FING-25074,Intro Eng (pass),2013/1,False,True,False,no,2013,2,chilean,1,,1,2012,low,low,low,medium,,medium,,0,2,13,126,107
FING-25074,IPD Workshop (pass),2013/1,False,True,False,no,2013,2,chilean,1,,1,2012,low,low,low,medium,,medium,,0,2,13,126,107
FING-25074,Chemistry (pass),2013/2,False,True,False,no,2013,2,chilean,1,,1,2012,low,low,low,medium,,medium,,0,2,13,126,107
FING-25074,Fund Progr (pass),2013/2,False,True,False,no,2013,2,chilean,1,,1,2012,low,low,low,medium,,medium,,0,2,13,126,107
FING-25074,Alg 2 (pass),2013/2,False,True,False,no,2013,2,chilean,1,,1,2012,low,low,low,medium,,medium,,0,2,13,126,107
FING-25074,Phy 1 (pass),2013/2,False,True,False,no,2013,2,chilean,1,,1,2012,low,low,low,medium,,medium,,0,2,13,126,107
FING-25074,Cal 2 (fail),2013/2,False,True,False,no,2013,2,chilean,1,,1,2012,low,low,low,medium,,medium,,0,2,13,126,107
FING-25074,Eng 1 (pass),2014/1,False,True,False,no,2013,2,chilean,1,,1,2012,low,low,low,medium,,medium,,0,2,13,126,107
FING-25074,Progr Methd (pass),2014/1,False,True,False,no,2013,2,chilean,1,,1,2012,low,low,low,medium,,medium,,0,2,13,126,107
FING-25074,Phy 2 (fail),2014/1,False,True,False,no,2013,2,chilean,1,,1,2012,low,low,low,medium,,medium,,0,2,13,126,107
FING-25074,Cal 2 (pass),2014/1,False,True,False,no,2013,2,chilean,1,,1,2012,low,low,low,medium,,medium,,0,2,13,126,107
FING-25074,Progr Parad (fail),2014/2,False,True,False,no,2013,2,chilean,1,,1,2012,low,low,low,medium,,medium,,0,2,13,126,107
FING-25074,Diff Ec & Num Meth (pass),2014/2,False,True,False,no,2013,2,chilean,1,,1,2012,low,low,low,medium,,medium,,0,2,13,126,107
FING-25074,Phy 2 (pass),2014/2,False,True,False,no,2013,2,chilean,1,,1,2012,low,low,low,medium,,medium,,0,2,13,126,107
FING-25074,Eff Comm (pass),2014/2,False,True,False,no,2013,2,chilean,1,,1,2012,low,low,low,medium,,medium,,0,2,13,126,107
FING-25074,Stat Analys (fail),2015/1,False,True,False,no,2013,2,chilean,1,,1,2012,low,low,low,medium,,medium,,0,2,13,126,107
FING-25074,Fund Econ (fail),2015/1,False,True,False,no,2013,2,chilean,1,,1,2012,low,low,low,medium,,medium,,0,2,13,126,107
FING-25074,Eng 2 (pass),2015/1,False,True,False,no,2013,2,chilean,1,,1,2012,low,low,low,medium,,medium,,0,2,13,126,107
FING-25074,Inf & Soc (pass),2015/2,False,True,False,no,2013,2,chilean,1,,1,2012,low,low,low,medium,,medium,,0,2,13,126,107
FING-25074,Algorithms (fail),2015/2,False,True,False,no,2013,2,chilean,1,,1,2012,low,low,low,medium,,medium,,0,2,13,126,107
FING-25074,Fund Econ (fail),2015/2,False,True,False,no,2013,2,chilean,1,,1,2012,low,low,low,medium,,medium,,0,2,13,126,107
FING-25074,Eng 3 (fail),2015/2,False,True,False,no,2013,2,chilean,1,,1,2012,low,low,low,medium,,medium,,0,2,13,126,107
FING-25074,Stat Analys (pass),2015/2,False,True,False,no,2013,2,chilean,1,,1,2012,low,low,low,medium,,medium,,0,2,13,126,107
FING-25074,Elect & Mag (fail),2015/2,False,True,False,no,2013,2,chilean,1,,1,2012,low,low,low,medium,,medium,,0,2,13,126,107
FING-25074,Fund Econ (pass),2016/1,False,True,False,no,2013,2,chilean,1,,1,2012,low,low,low,medium,,medium,,0,2,13,126,107
FING-25074,Algorithms (pass),2016/1,False,True,False,no,2013,2,chilean,1,,1,2012,low,low,low,medium,,medium,,0,2,13,126,107
FING-25074,Eng 3 (pass),2016/1,False,True,False,no,2013,2,chilean,1,,1,2012,low,low,low,medium,,medium,,0,2,13,126,107
FING-25074,Elect & Mag (pass),2016/1,False,True,False,no,2013,2,chilean,1,,1,2012,low,low,low,medium,,medium,,0,2,13,126,107
FING-25074,Progr Parad (pass),2016/2,False,True,False,no,2013,2,chilean,1,,1,2012,low,low,low,medium,,medium,,0,2,13,126,107
FING-25074,Comp Struc (fail),2016/2,False,True,False,no,2013,2,chilean,1,,1,2012,low,low,low,medium,,medium,,0,2,13,126,107
FING-25074,Syst Eng (pass),2016/2,False,True,False,no,2013,2,chilean,1,,1,2012,low,low,low,medium,,medium,,0,2,13,126,107
FING-25074,Eng 4 (pass),2016/2,False,True,False,no,2013,2,chilean,1,,1,2012,low,low,low,medium,,medium,,0,2,13,126,107
FING-25074,SoftEng Fund (pass),2017/1,False,True,False,no,2013,2,chilean,1,,1,2012,low,low,low,medium,,medium,,0,2,13,126,107
FING-25074,Inf Sys (pass),2017/1,False,True,False,no,2013,2,chilean,1,,1,2012,low,low,low,medium,,medium,,0,2,13,126,107
FING-25074,Comp Org (pass),2017/1,False,True,False,no,2013,2,chilean,1,,1,2012,low,low,low,medium,,medium,,0,2,13,126,107
FING-25074,DB Design (pass),2017/1,False,True,False,no,2013,2,chilean,1,,1,2012,low,low,low,medium,,medium,,0,2,13,126,107
FING-25074,Comp Struc (pass),2017/1,False,True,False,no,2013,2,chilean,1,,1,2012,low,low,low,medium,,medium,,0,2,13,126,107
FING-25074,Op Sys (pass),2017/2,False,True,False,no,2013,2,chilean,1,,1,2012,low,low,low,medium,,medium,,0,2,13,126,107
FING-25074,DB Workshop (pass),2017/2,False,True,False,no,2013,2,chilean,1,,1,2012,low,low,low,medium,,medium,,0,2,13,126,107
FING-25074,Proj Eval&Manag (pass),2017/2,False,True,False,no,2013,2,chilean,1,,1,2012,low,low,low,medium,,medium,,0,2,13,126,107
FING-25074,Elective (pass),2017/2,False,True,False,no,2013,2,chilean,1,,1,2012,low,low,low,medium,,medium,,0,2,13,126,107
FING-25074,Comp Net (pass),2018/1,False,True,False,no,2013,2,chilean,1,,1,2012,low,low,low,medium,,medium,,0,2,13,126,107
FING-25074,Elective (pass),2018/1,False,True,False,no,2013,2,chilean,1,,1,2012,low,low,low,medium,,medium,,0,2,13,126,107
FING-25074,Seminar (pass),2018/1,False,True,False,no,2013,2,chilean,1,,1,2012,low,low,low,medium,,medium,,0,2,13,126,107
FING-25074,Inf Adm & Manag (pass),2018/1,False,True,False,no,2013,2,chilean,1,,1,2012,low,low,low,medium,,medium,,0,2,13,126,107
FING-25074,SoftEng Technq (pass),2018/1,False,True,False,no,2013,2,chilean,1,,1,2012,low,low,low,medium,,medium,,0,2,13,126,107
FING-25074,Elective (pass),2018/2,False,True,False,no,2013,2,chilean,1,,1,2012,low,low,low,medium,,medium,,0,2,13,126,107
FING-25074,SoftEng Proj (pass),2018/2,False,True,False,no,2013,2,chilean,1,,1,2012,low,low,low,medium,,medium,,0,2,13,126,107
FING-25074,Deg Work (pass),2019/1,False,True,False,no,2013,2,chilean,1,,1,2012,low,low,low,medium,,medium,,0,2,13,126,107
FING-25262,Phy 1 (fail),2013/1,False,True,False,no,2013,2,chilean,3,,1,2012,low,low,medium,high,,medium,,0,3,13,114,80
FING-25262,Cal 1 (fail),2013/1,False,True,False,no,2013,2,chilean,3,,1,2012,low,low,medium,high,,medium,,0,3,13,114,80
FING-25262,Std Methods (pass),2013/1,False,True,False,no,2013,2,chilean,3,,1,2012,low,low,medium,high,,medium,,0,3,13,114,80
FING-25262,Intro Eng (pass),2013/1,False,True,False,no,2013,2,chilean,3,,1,2012,low,low,medium,high,,medium,,0,3,13,114,80
FING-25262,IPD Workshop (pass),2013/1,False,True,False,no,2013,2,chilean,3,,1,2012,low,low,medium,high,,medium,,0,3,13,114,80
FING-25262,Alg 1 (fail),2013/1,False,True,False,no,2013,2,chilean,3,,1,2012,low,low,medium,high,,medium,,0,3,13,114,80
FING-25262,Chemistry (pass),2013/2,False,True,False,no,2013,2,chilean,3,,1,2012,low,low,medium,high,,medium,,0,3,13,114,80
FING-25262,Fund Progr (fail),2013/2,False,True,False,no,2013,2,chilean,3,,1,2012,low,low,medium,high,,medium,,0,3,13,114,80
FING-25262,Cal 1 (pass),2013/2,False,True,False,no,2013,2,chilean,3,,1,2012,low,low,medium,high,,medium,,0,3,13,114,80
FING-25262,Alg 1 (pass),2013/2,False,True,False,no,2013,2,chilean,3,,1,2012,low,low,medium,high,,medium,,0,3,13,114,80
FING-25262,Phy 1 (pass),2013/2,False,True,False,no,2013,2,chilean,3,,1,2012,low,low,medium,high,,medium,,0,3,13,114,80
FING-25262,Alg 2 (pass),2014/1,False,True,False,no,2013,2,chilean,3,,1,2012,low,low,medium,high,,medium,,0,3,13,114,80
FING-25262,Eng 1 (pass),2014/1,False,True,False,no,2013,2,chilean,3,,1,2012,low,low,medium,high,,medium,,0,3,13,114,80
FING-25262,Cal 2 (pass),2014/1,False,True,False,no,2013,2,chilean,3,,1,2012,low,low,medium,high,,medium,,0,3,13,114,80
FING-25262,Phy 2 (pass),2014/1,False,True,False,no,2013,2,chilean,3,,1,2012,low,low,medium,high,,medium,,0,3,13,114,80
FING-25262,Fund Progr (pass),2014/1,False,True,False,no,2013,2,chilean,3,,1,2012,low,low,medium,high,,medium,,0,3,13,114,80
FING-25262,Eng 2 (pass),2014/2,False,True,False,no,2013,2,chilean,3,,1,2012,low,low,medium,high,,medium,,0,3,13,114,80
FING-25262,Elect & Mag (pass),2014/2,False,True,False,no,2013,2,chilean,3,,1,2012,low,low,medium,high,,medium,,0,3,13,114,80
FING-25262,Stat Analys (pass),2014/2,False,True,False,no,2013,2,chilean,3,,1,2012,low,low,medium,high,,medium,,0,3,13,114,80
FING-25262,Diff Ec & Num Meth (fail),2014/2,False,True,False,no,2013,2,chilean,3,,1,2012,low,low,medium,high,,medium,,0,3,13,114,80
FING-25262,Eff Comm (pass),2014/2,False,True,False,no,2013,2,chilean,3,,1,2012,low,low,medium,high,,medium,,0,3,13,114,80
FING-25262,Comp Struc (fail),2015/1,False,True,False,no,2013,2,chilean,3,,1,2012,low,low,medium,high,,medium,,0,3,13,114,80
FING-25262,Diff Ec & Num Meth (pass),2015/1,False,True,False,no,2013,2,chilean,3,,1,2012,low,low,medium,high,,medium,,0,3,13,114,80
FING-25262,Fund Econ (pass),2015/2,False,True,False,no,2013,2,chilean,3,,1,2012,low,low,medium,high,,medium,,0,3,13,114,80
FING-25262,Progr Methd (pass),2015/2,False,True,False,no,2013,2,chilean,3,,1,2012,low,low,medium,high,,medium,,0,3,13,114,80
FING-25262,Eng 3 (fail),2015/2,False,True,False,no,2013,2,chilean,3,,1,2012,low,low,medium,high,,medium,,0,3,13,114,80
FING-25262,Comp Struc (pass),2015/2,False,True,False,no,2013,2,chilean,3,,1,2012,low,low,medium,high,,medium,,0,3,13,114,80
FING-25262,Syst Eng (pass),2016/1,False,True,False,no,2013,2,chilean,3,,1,2012,low,low,medium,high,,medium,,0,3,13,114,80
FING-25262,Comp Org (fail),2016/1,False,True,False,no,2013,2,chilean,3,,1,2012,low,low,medium,high,,medium,,0,3,13,114,80
FING-25262,Proj Eval&Manag (pass),2016/1,False,True,False,no,2013,2,chilean,3,,1,2012,low,low,medium,high,,medium,,0,3,13,114,80
FING-25262,Progr Parad (pass),2016/2,False,True,False,no,2013,2,chilean,3,,1,2012,low,low,medium,high,,medium,,0,3,13,114,80
FING-25262,Algorithms (fail),2016/2,False,True,False,no,2013,2,chilean,3,,1,2012,low,low,medium,high,,medium,,0,3,13,114,80
FING-25262,Inf Sys (pass),2016/2,False,True,False,no,2013,2,chilean,3,,1,2012,low,low,medium,high,,medium,,0,3,13,114,80
FING-25262,Algorithms (fail),2017/1,False,True,False,no,2013,2,chilean,3,,1,2012,low,low,medium,high,,medium,,0,3,13,114,80
FING-25262,SoftEng Fund (pass),2017/1,False,True,False,no,2013,2,chilean,3,,1,2012,low,low,medium,high,,medium,,0,3,13,114,80
FING-25262,Comp Org (pass),2017/1,False,True,False,no,2013,2,chilean,3,,1,2012,low,low,medium,high,,medium,,0,3,13,114,80
FING-25262,Eng 3 (pass),2017/1,False,True,False,no,2013,2,chilean,3,,1,2012,low,low,medium,high,,medium,,0,3,13,114,80
FING-25262,Inf Adm & Manag (pass),2017/1,False,True,False,no,2013,2,chilean,3,,1,2012,low,low,medium,high,,medium,,0,3,13,114,80
FING-25262,SoftEng Technq (pass),2017/2,False,True,False,no,2013,2,chilean,3,,1,2012,low,low,medium,high,,medium,,0,3,13,114,80
FING-25262,Eng 4 (pass),2017/2,False,True,False,no,2013,2,chilean,3,,1,2012,low,low,medium,high,,medium,,0,3,13,114,80
FING-25262,Algorithms (pass),2017/2,False,True,False,no,2013,2,chilean,3,,1,2012,low,low,medium,high,,medium,,0,3,13,114,80
FING-25262,Comp Net (pass),2017/2,False,True,False,no,2013,2,chilean,3,,1,2012,low,low,medium,high,,medium,,0,3,13,114,80
FING-25262,DB Design (pass),2017/2,False,True,False,no,2013,2,chilean,3,,1,2012,low,low,medium,high,,medium,,0,3,13,114,80
FING-25262,Op Sys (fail),2018/1,False,True,False,no,2013,2,chilean,3,,1,2012,low,low,medium,high,,medium,,0,3,13,114,80
FING-25262,Elective (pass),2018/1,False,True,False,no,2013,2,chilean,3,,1,2012,low,low,medium,high,,medium,,0,3,13,114,80
FING-25262,DB Workshop (pass),2018/1,False,True,False,no,2013,2,chilean,3,,1,2012,low,low,medium,high,,medium,,0,3,13,114,80
FING-25262,Elective (pass),2018/1,False,True,False,no,2013,2,chilean,3,,1,2012,low,low,medium,high,,medium,,0,3,13,114,80
FING-25262,Op Sys (pass),2018/2,False,True,False,no,2013,2,chilean,3,,1,2012,low,low,medium,high,,medium,,0,3,13,114,80
FING-25262,Elective (pass),2018/2,False,True,False,no,2013,2,chilean,3,,1,2012,low,low,medium,high,,medium,,0,3,13,114,80
FING-25262,SoftEng Proj (pass),2018/2,False,True,False,no,2013,2,chilean,3,,1,2012,low,low,medium,high,,medium,,0,3,13,114,80
FING-25262,Seminar (pass),2018/2,False,True,False,no,2013,2,chilean,3,,1,2012,low,low,medium,high,,medium,,0,3,13,114,80
FING-25262,Inf & Soc (pass),2018/2,False,True,False,no,2013,2,chilean,3,,1,2012,low,low,medium,high,,medium,,0,3,13,114,80
FING-25262,Deg Work (pass),2019/2,False,True,False,no,2013,2,chilean,3,,1,2012,low,low,medium,high,,medium,,0,3,13,114,80
FING-25361,Cal 1 (fail),2012/1,False,True,False,no,2012,2,,,,,,,,,,,,,,,,,
FING-25361,IPD Workshop (pass),2012/1,False,True,False,no,2012,2,,,,,,,,,,,,,,,,,
FING-25361,Std Methods (pass),2012/1,False,True,False,no,2012,2,,,,,,,,,,,,,,,,,
FING-25361,Alg 1 (pass),2012/1,False,True,False,no,2012,2,,,,,,,,,,,,,,,,,
FING-25361,Phy 1 (pass),2012/1,False,True,False,no,2012,2,,,,,,,,,,,,,,,,,
FING-25361,Intro Eng (pass),2012/1,False,True,False,no,2012,2,,,,,,,,,,,,,,,,,
FING-25361,Fund Progr (pass),2012/2,False,True,False,no,2012,2,,,,,,,,,,,,,,,,,
FING-25361,Phy 2 (pass),2012/2,False,True,False,no,2012,2,,,,,,,,,,,,,,,,,
FING-25361,Chemistry (fail),2012/2,False,True,False,no,2012,2,,,,,,,,,,,,,,,,,
FING-25361,Cal 1 (pass),2012/2,False,True,False,no,2012,2,,,,,,,,,,,,,,,,,
FING-25361,Alg 2 (fail),2012/2,False,True,False,no,2012,2,,,,,,,,,,,,,,,,,
FING-25361,Chemistry (fail),2013/1,False,True,False,no,2012,2,,,,,,,,,,,,,,,,,
FING-25361,Alg 2 (pass),2013/1,False,True,False,no,2012,2,,,,,,,,,,,,,,,,,
FING-25361,Cal 2 (fail),2013/1,False,True,False,no,2012,2,,,,,,,,,,,,,,,,,
FING-25361,Progr Methd (pass),2013/1,False,True,False,no,2012,2,,,,,,,,,,,,,,,,,
FING-25361,Diff Ec & Num Meth (fail),2013/1,False,True,False,no,2012,2,,,,,,,,,,,,,,,,,
FING-25361,Diff Ec & Num Meth (pass),2013/2,False,True,False,no,2012,2,,,,,,,,,,,,,,,,,
FING-25361,Chemistry (pass),2013/2,False,True,False,no,2012,2,,,,,,,,,,,,,,,,,
FING-25361,Elect & Mag (pass),2013/2,False,True,False,no,2012,2,,,,,,,,,,,,,,,,,
FING-25361,Cal 2 (pass),2013/2,False,True,False,no,2012,2,,,,,,,,,,,,,,,,,
FING-25361,Eff Comm (pass),2013/2,False,True,False,no,2012,2,,,,,,,,,,,,,,,,,
FING-25361,Eng 1 (pass),2014/1,False,True,False,no,2012,2,,,,,,,,,,,,,,,,,
FING-25361,Comp Struc (pass),2014/1,False,True,False,no,2012,2,,,,,,,,,,,,,,,,,
FING-25361,Stat Analys (fail),2014/1,False,True,False,no,2012,2,,,,,,,,,,,,,,,,,
FING-25361,Progr Parad (fail),2014/1,False,True,False,no,2012,2,,,,,,,,,,,,,,,,,
FING-25361,Algorithms (pass),2014/1,False,True,False,no,2012,2,,,,,,,,,,,,,,,,,
FING-25361,Inf & Soc (pass),2014/1,False,True,False,no,2012,2,,,,,,,,,,,,,,,,,
FING-25361,Eng 2 (pass),2014/2,False,True,False,no,2012,2,,,,,,,,,,,,,,,,,
FING-25361,Progr Parad (fail),2014/2,False,True,False,no,2012,2,,,,,,,,,,,,,,,,,
FING-25361,Stat Analys (pass),2014/2,False,True,False,no,2012,2,,,,,,,,,,,,,,,,,
FING-25361,Comp Org (fail),2014/2,False,True,False,no,2012,2,,,,,,,,,,,,,,,,,
FING-25361,Fund Econ (pass),2014/2,False,True,False,no,2012,2,,,,,,,,,,,,,,,,,
FING-25361,Syst Eng (pass),2015/1,False,True,False,no,2012,2,,,,,,,,,,,,,,,,,
FING-25361,Comp Org (pass),2015/1,False,True,False,no,2012,2,,,,,,,,,,,,,,,,,
FING-25361,Eng 3 (pass),2015/1,False,True,False,no,2012,2,,,,,,,,,,,,,,,,,
FING-25361,Progr Parad (pass),2015/1,False,True,False,no,2012,2,,,,,,,,,,,,,,,,,
FING-25361,Proj Eval&Manag (pass),2015/1,False,True,False,no,2012,2,,,,,,,,,,,,,,,,,
FING-25361,Op Sys (fail),2015/2,False,True,False,no,2012,2,,,,,,,,,,,,,,,,,
FING-25361,Inf Adm & Manag (pass),2015/2,False,True,False,no,2012,2,,,,,,,,,,,,,,,,,
FING-25361,Eng 4 (pass),2015/2,False,True,False,no,2012,2,,,,,,,,,,,,,,,,,
FING-25361,SoftEng Fund (pass),2015/2,False,True,False,no,2012,2,,,,,,,,,,,,,,,,,
FING-25361,Inf Sys (pass),2015/2,False,True,False,no,2012,2,,,,,,,,,,,,,,,,,
FING-25361,DB Design (fail),2015/2,False,True,False,no,2012,2,,,,,,,,,,,,,,,,,
FING-25361,DB Design (pass),2016/1,False,True,False,no,2012,2,,,,,,,,,,,,,,,,,
FING-25361,Op Sys (pass),2016/1,False,True,False,no,2012,2,,,,,,,,,,,,,,,,,
FING-25361,SoftEng Technq (pass),2016/1,False,True,False,no,2012,2,,,,,,,,,,,,,,,,,
FING-25361,Comp Net (pass),2016/1,False,True,False,no,2012,2,,,,,,,,,,,,,,,,,
FING-25361,Elective (pass),2016/2,False,True,False,no,2012,2,,,,,,,,,,,,,,,,,
FING-25361,Elective (pass),2016/2,False,True,False,no,2012,2,,,,,,,,,,,,,,,,,
FING-25361,Elective (pass),2016/2,False,True,False,no,2012,2,,,,,,,,,,,,,,,,,
FING-25361,DB Workshop (pass),2016/2,False,True,False,no,2012,2,,,,,,,,,,,,,,,,,
FING-25361,SoftEng Proj (pass),2017/1,False,True,False,no,2012,2,,,,,,,,,,,,,,,,,
FING-25361,Seminar (pass),2017/1,False,True,False,no,2012,2,,,,,,,,,,,,,,,,,
FING-25361,Deg Work (pass),2017/2,False,True,False,no,2012,2,,,,,,,,,,,,,,,,,
FING-25448,Intro Eng (pass),2012/1,False,True,False,no,2016,2,,,,,,,,,,,,,,,,,
FING-25448,IPD Workshop (pass),2012/1,False,True,False,no,2016,2,,,,,,,,,,,,,,,,,
FING-25448,Std Methods (pass),2012/1,False,True,False,no,2016,2,,,,,,,,,,,,,,,,,
FING-25448,Cal 1 (pass),2012/2,False,True,False,no,2016,2,,,,,,,,,,,,,,,,,
FING-25448,Phy 1 (pass),2012/2,False,True,False,no,2016,2,,,,,,,,,,,,,,,,,
FING-25448,Fund Progr (pass),2012/2,False,True,False,no,2016,2,,,,,,,,,,,,,,,,,
FING-25448,Alg 1 (pass),2012/2,False,True,False,no,2016,2,,,,,,,,,,,,,,,,,
FING-25448,Phy 2 (pass),2013/1,False,True,False,no,2016,2,,,,,,,,,,,,,,,,,
FING-25448,Eff Comm (pass),2013/1,False,True,False,no,2016,2,,,,,,,,,,,,,,,,,
FING-25448,Alg 2 (pass),2013/1,False,True,False,no,2016,2,,,,,,,,,,,,,,,,,
FING-25448,Chemistry (pass),2013/1,False,True,False,no,2016,2,,,,,,,,,,,,,,,,,
FING-25448,Cal 2 (pass),2013/2,False,True,False,no,2016,2,,,,,,,,,,,,,,,,,
FING-25448,Progr Methd (pass),2013/2,False,True,False,no,2016,2,,,,,,,,,,,,,,,,,
FING-25448,Elect & Mag (pass),2013/2,False,True,False,no,2016,2,,,,,,,,,,,,,,,,,
FING-25448,Comp Struc (pass),2014/1,False,True,False,no,2016,2,,,,,,,,,,,,,,,,,
FING-25448,Progr Parad (pass),2014/1,False,True,False,no,2016,2,,,,,,,,,,,,,,,,,
FING-25448,Eng 1 (pass),2014/1,False,True,False,no,2016,2,,,,,,,,,,,,,,,,,
FING-25448,Fund Econ (pass),2014/1,False,True,False,no,2016,2,,,,,,,,,,,,,,,,,
FING-25448,Algorithms (pass),2014/1,False,True,False,no,2016,2,,,,,,,,,,,,,,,,,
FING-25448,Stat Analys (pass),2015/2,False,True,False,no,2016,2,,,,,,,,,,,,,,,,,
FING-25448,DB Design (pass),2015/2,False,True,False,no,2016,2,,,,,,,,,,,,,,,,,
FING-25448,Eng 2 (pass),2015/2,False,True,False,no,2016,2,,,,,,,,,,,,,,,,,
FING-25448,Proj Eval&Manag (pass),2016/1,False,True,False,no,2016,2,,,,,,,,,,,,,,,,,
FING-25448,Syst Eng (pass),2016/1,False,True,False,no,2016,2,,,,,,,,,,,,,,,,,
FING-25448,Eng 3 (pass),2016/1,False,True,False,no,2016,2,,,,,,,,,,,,,,,,,
FING-25448,Diff Ec & Num Meth (pass),2016/1,False,True,False,no,2016,2,,,,,,,,,,,,,,,,,
FING-25448,SoftEng Fund (pass),2016/2,False,True,False,no,2016,2,,,,,,,,,,,,,,,,,
FING-25448,Comp Org (pass),2016/2,False,True,False,no,2016,2,,,,,,,,,,,,,,,,,
FING-25448,Inf & Soc (pass),2016/2,False,True,False,no,2016,2,,,,,,,,,,,,,,,,,
FING-25448,Inf Sys (pass),2016/2,False,True,False,no,2016,2,,,,,,,,,,,,,,,,,
FING-25448,Op Sys (fail),2017/1,False,True,False,no,2016,2,,,,,,,,,,,,,,,,,
FING-25448,DB Workshop (pass),2017/1,False,True,False,no,2016,2,,,,,,,,,,,,,,,,,
FING-25448,Comp Net (pass),2017/1,False,True,False,no,2016,2,,,,,,,,,,,,,,,,,
FING-25448,SoftEng Technq (pass),2017/1,False,True,False,no,2016,2,,,,,,,,,,,,,,,,,
FING-25448,Inf Adm & Manag (pass),2017/1,False,True,False,no,2016,2,,,,,,,,,,,,,,,,,
FING-25448,Elective (fail),2017/2,False,True,False,no,2016,2,,,,,,,,,,,,,,,,,
FING-25448,Op Sys (pass),2017/2,False,True,False,no,2016,2,,,,,,,,,,,,,,,,,
FING-25448,Eng 4 (pass),2017/2,False,True,False,no,2016,2,,,,,,,,,,,,,,,,,
FING-25448,Elective (pass),2017/2,False,True,False,no,2016,2,,,,,,,,,,,,,,,,,
FING-25448,Elective (pass),2018/1,False,True,False,no,2016,2,,,,,,,,,,,,,,,,,
FING-25448,SoftEng Proj (pass),2018/1,False,True,False,no,2016,2,,,,,,,,,,,,,,,,,
FING-25448,Seminar (pass),2018/1,False,True,False,no,2016,2,,,,,,,,,,,,,,,,,
FING-25448,Deg Work (pass),2018/2,False,True,False,no,2016,2,,,,,,,,,,,,,,,,,
FING-25448,Elective (pass),2018/2,False,True,False,no,2016,2,,,,,,,,,,,,,,,,,
FING-25569,Intro Eng (pass),2012/1,False,True,False,no,2016,2,,,,,,,,,,,,,,,,,
FING-25569,Cal 1 (pass),2012/1,False,True,False,no,2016,2,,,,,,,,,,,,,,,,,
FING-25569,Alg 1 (pass),2012/1,False,True,False,no,2016,2,,,,,,,,,,,,,,,,,
FING-25569,IPD Workshop (pass),2012/1,False,True,False,no,2016,2,,,,,,,,,,,,,,,,,
FING-25569,Phy 1 (pass),2012/1,False,True,False,no,2016,2,,,,,,,,,,,,,,,,,
FING-25569,Std Methods (pass),2012/1,False,True,False,no,2016,2,,,,,,,,,,,,,,,,,
FING-25569,Cal 2 (pass),2012/2,False,True,False,no,2016,2,,,,,,,,,,,,,,,,,
FING-25569,Phy 2 (pass),2012/2,False,True,False,no,2016,2,,,,,,,,,,,,,,,,,
FING-25569,Fund Progr (pass),2012/2,False,True,False,no,2016,2,,,,,,,,,,,,,,,,,
FING-25569,Chemistry (pass),2012/2,False,True,False,no,2016,2,,,,,,,,,,,,,,,,,
FING-25569,Alg 2 (pass),2012/2,False,True,False,no,2016,2,,,,,,,,,,,,,,,,,
FING-25569,Eff Comm (pass),2013/1,False,True,False,no,2016,2,,,,,,,,,,,,,,,,,
FING-25569,Fund Econ (pass),2013/1,False,True,False,no,2016,2,,,,,,,,,,,,,,,,,
FING-25569,Eng 1 (pass),2013/1,False,True,False,no,2016,2,,,,,,,,,,,,,,,,,
FING-25569,Progr Methd (pass),2013/1,False,True,False,no,2016,2,,,,,,,,,,,,,,,,,
FING-25569,Eng 2 (pass),2013/2,False,True,False,no,2016,2,,,,,,,,,,,,,,,,,
FING-25569,Progr Parad (pass),2013/2,False,True,False,no,2016,2,,,,,,,,,,,,,,,,,
FING-25569,Eng 3 (pass),2014/1,False,True,False,no,2016,2,,,,,,,,,,,,,,,,,
FING-25569,Elect & Mag (pass),2014/1,False,True,False,no,2016,2,,,,,,,,,,,,,,,,,
FING-25569,Algorithms (pass),2014/1,False,True,False,no,2016,2,,,,,,,,,,,,,,,,,
FING-25569,Stat Analys (pass),2014/2,False,True,False,no,2016,2,,,,,,,,,,,,,,,,,
FING-25569,Eng 4 (pass),2014/2,False,True,False,no,2016,2,,,,,,,,,,,,,,,,,
FING-25569,SoftEng Fund (pass),2015/1,False,True,False,no,2016,2,,,,,,,,,,,,,,,,,
FING-25569,Elective (pass),2015/1,False,True,False,no,2016,2,,,,,,,,,,,,,,,,,
FING-25569,Comp Struc (pass),2015/1,False,True,False,no,2016,2,,,,,,,,,,,,,,,,,
FING-25569,DB Design (pass),2015/1,False,True,False,no,2016,2,,,,,,,,,,,,,,,,,
FING-25569,Syst Eng (pass),2015/2,False,True,False,no,2016,2,,,,,,,,,,,,,,,,,
FING-25569,DB Workshop (pass),2015/2,False,True,False,no,2016,2,,,,,,,,,,,,,,,,,
FING-25569,SoftEng Technq (pass),2016/1,False,True,False,no,2016,2,,,,,,,,,,,,,,,,,
FING-25569,Proj Eval&Manag (pass),2016/2,False,True,False,no,2016,2,,,,,,,,,,,,,,,,,
FING-25569,Comp Org (pass),2016/2,False,True,False,no,2016,2,,,,,,,,,,,,,,,,,
FING-25569,Inf Sys (pass),2016/2,False,True,False,no,2016,2,,,,,,,,,,,,,,,,,
FING-25569,Inf Adm & Manag (pass),2016/2,False,True,False,no,2016,2,,,,,,,,,,,,,,,,,
FING-25569,Comp Net (pass),2017/1,False,True,False,no,2016,2,,,,,,,,,,,,,,,,,
FING-25569,Op Sys (pass),2017/1,False,True,False,no,2016,2,,,,,,,,,,,,,,,,,
FING-25569,Elective (pass),2017/1,False,True,False,no,2016,2,,,,,,,,,,,,,,,,,
FING-25569,Inf & Soc (pass),2017/1,False,True,False,no,2016,2,,,,,,,,,,,,,,,,,
FING-25569,Seminar (pass),2017/1,False,True,False,no,2016,2,,,,,,,,,,,,,,,,,
FING-25569,SoftEng Proj (pass),2017/2,False,True,False,no,2016,2,,,,,,,,,,,,,,,,,
FING-25569,Elective (pass),2017/2,False,True,False,no,2016,2,,,,,,,,,,,,,,,,,
FING-25569,Deg Work (pass),2018/1,False,True,False,no,2016,2,,,,,,,,,,,,,,,,,
FING-25742,Std Methods (pass),2012/1,False,True,False,no,2016,2,,,,,,,,,,,,,,,,,
FING-25742,Alg 1 (pass),2012/1,False,True,False,no,2016,2,,,,,,,,,,,,,,,,,
FING-25742,Intro Eng (pass),2012/1,False,True,False,no,2016,2,,,,,,,,,,,,,,,,,
FING-25742,Phy 1 (pass),2012/1,False,True,False,no,2016,2,,,,,,,,,,,,,,,,,
FING-25742,IPD Workshop (pass),2012/1,False,True,False,no,2016,2,,,,,,,,,,,,,,,,,
FING-25742,Alg 2 (pass),2012/2,False,True,False,no,2016,2,,,,,,,,,,,,,,,,,
FING-25742,Cal 1 (pass),2012/2,False,True,False,no,2016,2,,,,,,,,,,,,,,,,,
FING-25742,Fund Progr (pass),2013/1,False,True,False,no,2016,2,,,,,,,,,,,,,,,,,
FING-25742,Cal 2 (pass),2013/1,False,True,False,no,2016,2,,,,,,,,,,,,,,,,,
FING-25742,Eng 1 (pass),2013/1,False,True,False,no,2016,2,,,,,,,,,,,,,,,,,
FING-25742,Phy 2 (pass),2013/1,False,True,False,no,2016,2,,,,,,,,,,,,,,,,,
FING-25742,Eff Comm (pass),2013/1,False,True,False,no,2016,2,,,,,,,,,,,,,,,,,
FING-25742,Chemistry (pass),2013/2,False,True,False,no,2016,2,,,,,,,,,,,,,,,,,
FING-25742,Progr Methd (pass),2013/2,False,True,False,no,2016,2,,,,,,,,,,,,,,,,,
FING-25742,Fund Econ (pass),2014/1,False,True,False,no,2016,2,,,,,,,,,,,,,,,,,
FING-25742,Eng 2 (pass),2014/1,False,True,False,no,2016,2,,,,,,,,,,,,,,,,,
FING-25742,Elect & Mag (pass),2014/1,False,True,False,no,2016,2,,,,,,,,,,,,,,,,,
FING-25742,Stat Analys (pass),2014/1,False,True,False,no,2016,2,,,,,,,,,,,,,,,,,
FING-25742,Eng 3 (pass),2014/2,False,True,False,no,2016,2,,,,,,,,,,,,,,,,,
FING-25742,Algorithms (pass),2015/2,False,True,False,no,2016,2,,,,,,,,,,,,,,,,,
FING-25742,Comp Struc (pass),2015/2,False,True,False,no,2016,2,,,,,,,,,,,,,,,,,
FING-25742,Progr Parad (pass),2016/2,False,True,False,no,2016,2,,,,,,,,,,,,,,,,,
FING-25742,Syst Eng (pass),2016/2,False,True,False,no,2016,2,,,,,,,,,,,,,,,,,
FING-25742,Diff Ec & Num Meth (pass),2016/2,False,True,False,no,2016,2,,,,,,,,,,,,,,,,,
FING-25742,SoftEng Fund (pass),2017/1,False,True,False,no,2016,2,,,,,,,,,,,,,,,,,
FING-25742,Proj Eval&Manag (pass),2017/1,False,True,False,no,2016,2,,,,,,,,,,,,,,,,,
FING-25742,Inf Sys (pass),2017/1,False,True,False,no,2016,2,,,,,,,,,,,,,,,,,
FING-25742,Comp Org (pass),2017/1,False,True,False,no,2016,2,,,,,,,,,,,,,,,,,
FING-25742,DB Design (fail),2017/1,False,True,False,no,2016,2,,,,,,,,,,,,,,,,,
FING-25742,Eng 4 (pass),2017/1,False,True,False,no,2016,2,,,,,,,,,,,,,,,,,
FING-25742,Inf & Soc (pass),2017/1,False,True,False,no,2016,2,,,,,,,,,,,,,,,,,
FING-25742,Inf Adm & Manag (pass),2017/2,False,True,False,no,2016,2,,,,,,,,,,,,,,,,,
FING-25742,SoftEng Technq (fail),2017/2,False,True,False,no,2016,2,,,,,,,,,,,,,,,,,
FING-25742,Op Sys (fail),2017/2,False,True,False,no,2016,2,,,,,,,,,,,,,,,,,
FING-25742,Comp Net (pass),2017/2,False,True,False,no,2016,2,,,,,,,,,,,,,,,,,
FING-25742,DB Design (pass),2017/2,False,True,False,no,2016,2,,,,,,,,,,,,,,,,,
FING-25742,DB Workshop (pass),2018/1,False,True,False,no,2016,2,,,,,,,,,,,,,,,,,
FING-25742,Elective (pass),2018/1,False,True,False,no,2016,2,,,,,,,,,,,,,,,,,
FING-25742,SoftEng Technq (pass),2018/1,False,True,False,no,2016,2,,,,,,,,,,,,,,,,,
FING-25742,Elective (pass),2018/2,False,True,False,no,2016,2,,,,,,,,,,,,,,,,,
FING-25742,Elective (pass),2018/2,False,True,False,no,2016,2,,,,,,,,,,,,,,,,,
FING-25742,Seminar (pass),2018/2,False,True,False,no,2016,2,,,,,,,,,,,,,,,,,
FING-25742,Op Sys (pass),2018/2,False,True,False,no,2016,2,,,,,,,,,,,,,,,,,
FING-25742,Deg Work (pass),2019/1,False,True,False,no,2016,2,,,,,,,,,,,,,,,,,
FING-25742,SoftEng Proj (pass),2019/1,False,True,False,no,2016,2,,,,,,,,,,,,,,,,,
FING-25875,Phy 1 (pass),2013/1,False,True,False,no,2016,1,,,,,,,,,,,,,,,,,
FING-25875,Std Methods (pass),2013/1,False,True,False,no,2016,1,,,,,,,,,,,,,,,,,
FING-25875,Cal 1 (pass),2013/1,False,True,False,no,2016,1,,,,,,,,,,,,,,,,,
FING-25875,Alg 1 (pass),2013/1,False,True,False,no,2016,1,,,,,,,,,,,,,,,,,
FING-25875,IPD Workshop (pass),2013/1,False,True,False,no,2016,1,,,,,,,,,,,,,,,,,
FING-25875,Intro Eng (pass),2013/1,False,True,False,no,2016,1,,,,,,,,,,,,,,,,,
FING-25875,Cal 2 (pass),2013/2,False,True,False,no,2016,1,,,,,,,,,,,,,,,,,
FING-25875,Phy 2 (pass),2013/2,False,True,False,no,2016,1,,,,,,,,,,,,,,,,,
FING-25875,Alg 2 (pass),2013/2,False,True,False,no,2016,1,,,,,,,,,,,,,,,,,
FING-25875,Fund Progr (pass),2013/2,False,True,False,no,2016,1,,,,,,,,,,,,,,,,,
FING-25875,Eng 1 (pass),2014/1,False,True,False,no,2016,1,,,,,,,,,,,,,,,,,
FING-25875,Chemistry (pass),2014/1,False,True,False,no,2016,1,,,,,,,,,,,,,,,,,
FING-25875,Eng 2 (pass),2014/2,False,True,False,no,2016,1,,,,,,,,,,,,,,,,,
FING-25875,Eff Comm (pass),2014/2,False,True,False,no,2016,1,,,,,,,,,,,,,,,,,
FING-25875,Progr Methd (pass),2014/2,False,True,False,no,2016,1,,,,,,,,,,,,,,,,,
FING-25875,Elect & Mag (pass),2014/2,False,True,False,no,2016,1,,,,,,,,,,,,,,,,,
FING-25875,Fund Econ (pass),2015/1,False,True,False,no,2016,1,,,,,,,,,,,,,,,,,
FING-25875,Stat Analys (pass),2016/1,False,True,False,no,2016,1,,,,,,,,,,,,,,,,,
FING-25875,Comp Struc (pass),2016/1,False,True,False,no,2016,1,,,,,,,,,,,,,,,,,
FING-25875,Algorithms (pass),2016/2,False,True,False,no,2016,1,,,,,,,,,,,,,,,,,
FING-25875,Progr Parad (fail),2016/2,False,True,False,no,2016,1,,,,,,,,,,,,,,,,,
FING-25875,Diff Ec & Num Meth (pass),2016/2,False,True,False,no,2016,1,,,,,,,,,,,,,,,,,
FING-25875,Proj Eval&Manag (pass),2017/1,False,True,False,no,2016,1,,,,,,,,,,,,,,,,,
FING-25875,Eng 3 (pass),2017/1,False,True,False,no,2016,1,,,,,,,,,,,,,,,,,
FING-25875,Progr Parad (pass),2017/1,False,True,False,no,2016,1,,,,,,,,,,,,,,,,,
FING-25875,Syst Eng (pass),2017/1,False,True,False,no,2016,1,,,,,,,,,,,,,,,,,
FING-25875,Inf & Soc (pass),2017/1,False,True,False,no,2016,1,,,,,,,,,,,,,,,,,
FING-25875,SoftEng Fund (pass),2017/2,False,True,False,no,2016,1,,,,,,,,,,,,,,,,,
FING-25875,Inf Adm & Manag (pass),2017/2,False,True,False,no,2016,1,,,,,,,,,,,,,,,,,
FING-25875,Eng 4 (pass),2017/2,False,True,False,no,2016,1,,,,,,,,,,,,,,,,,
FING-25875,Inf Sys (pass),2017/2,False,True,False,no,2016,1,,,,,,,,,,,,,,,,,
FING-25875,DB Design (pass),2017/2,False,True,False,no,2016,1,,,,,,,,,,,,,,,,,
FING-25875,Comp Org (pass),2017/2,False,True,False,no,2016,1,,,,,,,,,,,,,,,,,
FING-25875,Op Sys (pass),2018/1,False,True,False,no,2016,1,,,,,,,,,,,,,,,,,
FING-25875,Comp Net (pass),2018/1,False,True,False,no,2016,1,,,,,,,,,,,,,,,,,
FING-25875,DB Workshop (pass),2018/1,False,True,False,no,2016,1,,,,,,,,,,,,,,,,,
FING-25875,SoftEng Technq (pass),2018/1,False,True,False,no,2016,1,,,,,,,,,,,,,,,,,
FING-25875,Elective (fail),2018/2,False,True,False,no,2016,1,,,,,,,,,,,,,,,,,
FING-25875,Elective (pass),2018/2,False,True,False,no,2016,1,,,,,,,,,,,,,,,,,
FING-25875,SoftEng Proj (pass),2018/2,False,True,False,no,2016,1,,,,,,,,,,,,,,,,,
FING-25875,Seminar (pass),2018/2,False,True,False,no,2016,1,,,,,,,,,,,,,,,,,
FING-25875,Elective (pass),2018/2,False,True,False,no,2016,1,,,,,,,,,,,,,,,,,
FING-25875,Elective (fail),2019/1,False,True,False,no,2016,1,,,,,,,,,,,,,,,,,
FING-25875,Elective (fail),2019/2,False,True,False,no,2016,1,,,,,,,,,,,,,,,,,
FING-25875,Deg Work (pass),2020/1,False,True,False,no,2016,1,,,,,,,,,,,,,,,,,
FING-25875,Elective (pass),2020/1,False,True,False,no,2016,1,,,,,,,,,,,,,,,,,
FING-25964,Cal 1 (pass),2012/1,False,True,False,no,2015,2,,,,,,,,,,,,,,,,,
FING-25964,Alg 1 (pass),2012/1,False,True,False,no,2015,2,,,,,,,,,,,,,,,,,
FING-25964,Std Methods (pass),2012/1,False,True,False,no,2015,2,,,,,,,,,,,,,,,,,
FING-25964,Intro Eng (pass),2012/1,False,True,False,no,2015,2,,,,,,,,,,,,,,,,,
FING-25964,IPD Workshop (pass),2012/1,False,True,False,no,2015,2,,,,,,,,,,,,,,,,,
FING-25964,Phy 1 (pass),2012/1,False,True,False,no,2015,2,,,,,,,,,,,,,,,,,
FING-25964,Cal 2 (pass),2012/2,False,True,False,no,2015,2,,,,,,,,,,,,,,,,,
FING-25964,Chemistry (pass),2012/2,False,True,False,no,2015,2,,,,,,,,,,,,,,,,,
FING-25964,Phy 2 (pass),2012/2,False,True,False,no,2015,2,,,,,,,,,,,,,,,,,
FING-25964,Alg 2 (pass),2012/2,False,True,False,no,2015,2,,,,,,,,,,,,,,,,,
FING-25964,Eff Comm (pass),2013/1,False,True,False,no,2015,2,,,,,,,,,,,,,,,,,
FING-25964,Fund Progr (pass),2013/1,False,True,False,no,2015,2,,,,,,,,,,,,,,,,,
FING-25964,Progr Methd (pass),2013/2,False,True,False,no,2015,2,,,,,,,,,,,,,,,,,
FING-25964,Elect & Mag (pass),2014/1,False,True,False,no,2015,2,,,,,,,,,,,,,,,,,
FING-25964,Eng 1 (pass),2014/1,False,True,False,no,2015,2,,,,,,,,,,,,,,,,,
FING-25964,Eng 2 (pass),2014/2,False,True,False,no,2015,2,,,,,,,,,,,,,,,,,
FING-25964,Comp Struc (pass),2014/2,False,True,False,no,2015,2,,,,,,,,,,,,,,,,,
FING-25964,Fund Econ (pass),2014/2,False,True,False,no,2015,2,,,,,,,,,,,,,,,,,
FING-25964,Stat Analys (pass),2014/2,False,True,False,no,2015,2,,,,,,,,,,,,,,,,,
FING-25964,Syst Eng (pass),2015/1,False,True,False,no,2015,2,,,,,,,,,,,,,,,,,
FING-25964,Eng 3 (pass),2015/1,False,True,False,no,2015,2,,,,,,,,,,,,,,,,,
FING-25964,Progr Parad (pass),2015/2,False,True,False,no,2015,2,,,,,,,,,,,,,,,,,
FING-25964,Algorithms (fail),2015/2,False,True,False,no,2015,2,,,,,,,,,,,,,,,,,
FING-25964,Diff Ec & Num Meth (pass),2015/2,False,True,False,no,2015,2,,,,,,,,,,,,,,,,,
FING-25964,DB Design (pass),2016/1,False,True,False,no,2015,2,,,,,,,,,,,,,,,,,
FING-25964,Algorithms (pass),2016/1,False,True,False,no,2015,2,,,,,,,,,,,,,,,,,
FING-25964,Eng 4 (pass),2016/1,False,True,False,no,2015,2,,,,,,,,,,,,,,,,,
FING-25964,Proj Eval&Manag (pass),2016/1,False,True,False,no,2015,2,,,,,,,,,,,,,,,,,
FING-25964,Inf Sys (pass),2016/1,False,True,False,no,2015,2,,,,,,,,,,,,,,,,,
FING-25964,SoftEng Fund (pass),2016/1,False,True,False,no,2015,2,,,,,,,,,,,,,,,,,
FING-25964,Comp Org (pass),2016/2,False,True,False,no,2015,2,,,,,,,,,,,,,,,,,
FING-25964,DB Workshop (pass),2016/2,False,True,False,no,2015,2,,,,,,,,,,,,,,,,,
FING-25964,Inf & Soc (pass),2016/2,False,True,False,no,2015,2,,,,,,,,,,,,,,,,,
FING-25964,Comp Net (pass),2017/1,False,True,False,no,2015,2,,,,,,,,,,,,,,,,,
FING-25964,SoftEng Technq (pass),2017/1,False,True,False,no,2015,2,,,,,,,,,,,,,,,,,
FING-25964,Inf Adm & Manag (pass),2017/1,False,True,False,no,2015,2,,,,,,,,,,,,,,,,,
FING-25964,Elective (pass),2017/2,False,True,False,no,2015,2,,,,,,,,,,,,,,,,,
FING-25964,Op Sys (pass),2017/2,False,True,False,no,2015,2,,,,,,,,,,,,,,,,,
FING-25964,Elective (pass),2017/2,False,True,False,no,2015,2,,,,,,,,,,,,,,,,,
FING-25964,SoftEng Proj (pass),2018/1,False,True,False,no,2015,2,,,,,,,,,,,,,,,,,
FING-25964,Elective (fail),2018/1,False,True,False,no,2015,2,,,,,,,,,,,,,,,,,
FING-25964,Elective (pass),2018/2,False,True,False,no,2015,2,,,,,,,,,,,,,,,,,
FING-25964,Seminar (pass),2018/2,False,True,False,no,2015,2,,,,,,,,,,,,,,,,,
FING-25964,Deg Work (pass),2019/2,False,True,False,no,2015,2,,,,,,,,,,,,,,,,,
FING-25965,Std Methods (pass),2012/1,False,True,False,no,2013,2,,,,,,,,,,,,,,,,,
FING-25965,IPD Workshop (pass),2012/1,False,True,False,no,2013,2,,,,,,,,,,,,,,,,,
FING-25965,Phy 1 (pass),2012/1,False,True,False,no,2013,2,,,,,,,,,,,,,,,,,
FING-25965,Cal 1 (pass),2012/1,False,True,False,no,2013,2,,,,,,,,,,,,,,,,,
FING-25965,Intro Eng (pass),2012/1,False,True,False,no,2013,2,,,,,,,,,,,,,,,,,
FING-25965,Alg 1 (pass),2012/1,False,True,False,no,2013,2,,,,,,,,,,,,,,,,,
FING-25965,Phy 2 (pass),2012/2,False,True,False,no,2013,2,,,,,,,,,,,,,,,,,
FING-25965,Cal 2 (pass),2012/2,False,True,False,no,2013,2,,,,,,,,,,,,,,,,,
FING-25965,Chemistry (pass),2012/2,False,True,False,no,2013,2,,,,,,,,,,,,,,,,,
FING-25965,Alg 2 (pass),2012/2,False,True,False,no,2013,2,,,,,,,,,,,,,,,,,
FING-25965,Eff Comm (pass),2013/1,False,True,False,no,2013,2,,,,,,,,,,,,,,,,,
FING-25965,Fund Progr (pass),2013/1,False,True,False,no,2013,2,,,,,,,,,,,,,,,,,
FING-25965,Fund Econ (pass),2013/1,False,True,False,no,2013,2,,,,,,,,,,,,,,,,,
FING-25965,Progr Methd (fail),2013/2,False,True,False,no,2013,2,,,,,,,,,,,,,,,,,
FING-25965,Diff Ec & Num Meth (pass),2013/2,False,True,False,no,2013,2,,,,,,,,,,,,,,,,,
FING-25965,Stat Analys (fail),2013/2,False,True,False,no,2013,2,,,,,,,,,,,,,,,,,
FING-25965,Elect & Mag (pass),2013/2,False,True,False,no,2013,2,,,,,,,,,,,,,,,,,
FING-25965,Proj Eval&Manag (pass),2014/1,False,True,False,no,2013,2,,,,,,,,,,,,,,,,,
FING-25965,Eng 1 (pass),2014/1,False,True,False,no,2013,2,,,,,,,,,,,,,,,,,
FING-25965,Comp Struc (pass),2014/1,False,True,False,no,2013,2,,,,,,,,,,,,,,,,,
FING-25965,Progr Methd (pass),2014/1,False,True,False,no,2013,2,,,,,,,,,,,,,,,,,
FING-25965,Algorithms (fail),2014/1,False,True,False,no,2013,2,,,,,,,,,,,,,,,,,
FING-25965,Inf & Soc (pass),2014/1,False,True,False,no,2013,2,,,,,,,,,,,,,,,,,
FING-25965,Stat Analys (fail),2014/1,False,True,False,no,2013,2,,,,,,,,,,,,,,,,,
FING-25965,Stat Analys (pass),2015/1,False,True,False,no,2013,2,,,,,,,,,,,,,,,,,
FING-25965,Eng 2 (pass),2015/1,False,True,False,no,2013,2,,,,,,,,,,,,,,,,,
FING-25965,Progr Parad (fail),2015/1,False,True,False,no,2013,2,,,,,,,,,,,,,,,,,
FING-25965,Inf Adm & Manag (pass),2015/1,False,True,False,no,2013,2,,,,,,,,,,,,,,,,,
FING-25965,Syst Eng (pass),2015/2,False,True,False,no,2013,2,,,,,,,,,,,,,,,,,
FING-25965,Comp Org (fail),2015/2,False,True,False,no,2013,2,,,,,,,,,,,,,,,,,
FING-25965,Progr Parad (pass),2015/2,False,True,False,no,2013,2,,,,,,,,,,,,,,,,,
FING-25965,Algorithms (pass),2015/2,False,True,False,no,2013,2,,,,,,,,,,,,,,,,,
FING-25965,Eng 3 (fail),2015/2,False,True,False,no,2013,2,,,,,,,,,,,,,,,,,
FING-25965,Inf Sys (pass),2016/1,False,True,False,no,2013,2,,,,,,,,,,,,,,,,,
FING-25965,DB Design (pass),2016/1,False,True,False,no,2013,2,,,,,,,,,,,,,,,,,
FING-25965,Comp Org (pass),2016/1,False,True,False,no,2013,2,,,,,,,,,,,,,,,,,
FING-25965,SoftEng Fund (pass),2016/1,False,True,False,no,2013,2,,,,,,,,,,,,,,,,,
FING-25965,Eng 3 (pass),2016/1,False,True,False,no,2013,2,,,,,,,,,,,,,,,,,
FING-25965,Op Sys (fail),2016/2,False,True,False,no,2013,2,,,,,,,,,,,,,,,,,
FING-25965,Comp Net (pass),2016/2,False,True,False,no,2013,2,,,,,,,,,,,,,,,,,
FING-25965,SoftEng Technq (pass),2016/2,False,True,False,no,2013,2,,,,,,,,,,,,,,,,,
FING-25965,Eng 4 (pass),2016/2,False,True,False,no,2013,2,,,,,,,,,,,,,,,,,
FING-25965,DB Workshop (pass),2016/2,False,True,False,no,2013,2,,,,,,,,,,,,,,,,,
FING-25965,Elective (fail),2017/1,False,True,False,no,2013,2,,,,,,,,,,,,,,,,,
FING-25965,Elective (pass),2017/1,False,True,False,no,2013,2,,,,,,,,,,,,,,,,,
FING-25965,Elective (pass),2017/1,False,True,False,no,2013,2,,,,,,,,,,,,,,,,,
FING-25965,Op Sys (pass),2017/1,False,True,False,no,2013,2,,,,,,,,,,,,,,,,,
FING-25965,Seminar (pass),2017/1,False,True,False,no,2013,2,,,,,,,,,,,,,,,,,
FING-25965,SoftEng Proj (pass),2017/2,False,True,False,no,2013,2,,,,,,,,,,,,,,,,,
FING-25965,Elective (pass),2017/2,False,True,False,no,2013,2,,,,,,,,,,,,,,,,,
FING-25965,Deg Work (pass),2017/2,False,True,False,no,2013,2,,,,,,,,,,,,,,,,,
FING-26327,Alg 1 (pass),2012/1,False,True,False,no,2015,1,,,,,,,,,,,,,,,,,
FING-26327,IPD Workshop (pass),2012/1,False,True,False,no,2015,1,,,,,,,,,,,,,,,,,
FING-26327,Phy 1 (pass),2012/1,False,True,False,no,2015,1,,,,,,,,,,,,,,,,,
FING-26327,Intro Eng (pass),2012/1,False,True,False,no,2015,1,,,,,,,,,,,,,,,,,
FING-26327,Std Methods (pass),2012/1,False,True,False,no,2015,1,,,,,,,,,,,,,,,,,
FING-26327,Phy 2 (pass),2012/2,False,True,False,no,2015,1,,,,,,,,,,,,,,,,,
FING-26327,Chemistry (pass),2012/2,False,True,False,no,2015,1,,,,,,,,,,,,,,,,,
FING-26327,Alg 2 (pass),2012/2,False,True,False,no,2015,1,,,,,,,,,,,,,,,,,
FING-26327,Cal 1 (pass),2013/1,False,True,False,no,2015,1,,,,,,,,,,,,,,,,,
FING-26327,Fund Progr (pass),2013/1,False,True,False,no,2015,1,,,,,,,,,,,,,,,,,
FING-26327,Eng 1 (pass),2013/1,False,True,False,no,2015,1,,,,,,,,,,,,,,,,,
FING-26327,Eff Comm (pass),2013/1,False,True,False,no,2015,1,,,,,,,,,,,,,,,,,
FING-26327,Elect & Mag (pass),2013/2,False,True,False,no,2015,1,,,,,,,,,,,,,,,,,
FING-26327,Eng 2 (pass),2013/2,False,True,False,no,2015,1,,,,,,,,,,,,,,,,,
FING-26327,Progr Methd (pass),2013/2,False,True,False,no,2015,1,,,,,,,,,,,,,,,,,
FING-26327,Cal 2 (pass),2014/1,False,True,False,no,2015,1,,,,,,,,,,,,,,,,,
FING-26327,Eng 3 (pass),2014/1,False,True,False,no,2015,1,,,,,,,,,,,,,,,,,
FING-26327,Stat Analys (pass),2014/2,False,True,False,no,2015,1,,,,,,,,,,,,,,,,,
FING-26327,Fund Econ (pass),2014/2,False,True,False,no,2015,1,,,,,,,,,,,,,,,,,
FING-26327,Eng 4 (pass),2014/2,False,True,False,no,2015,1,,,,,,,,,,,,,,,,,
FING-26327,Comp Struc (pass),2014/2,False,True,False,no,2015,1,,,,,,,,,,,,,,,,,
FING-26327,Syst Eng (pass),2015/2,False,True,False,no,2015,1,,,,,,,,,,,,,,,,,
FING-26327,Progr Parad (fail),2015/2,False,True,False,no,2015,1,,,,,,,,,,,,,,,,,
FING-26327,Algorithms (fail),2015/2,False,True,False,no,2015,1,,,,,,,,,,,,,,,,,
FING-26327,Diff Ec & Num Meth (fail),2015/2,False,True,False,no,2015,1,,,,,,,,,,,,,,,,,
FING-26327,Progr Parad (fail),2016/1,False,True,False,no,2015,1,,,,,,,,,,,,,,,,,
FING-26327,Proj Eval&Manag (pass),2016/1,False,True,False,no,2015,1,,,,,,,,,,,,,,,,,
FING-26327,Inf Sys (pass),2016/1,False,True,False,no,2015,1,,,,,,,,,,,,,,,,,
FING-26327,Comp Org (fail),2016/1,False,True,False,no,2015,1,,,,,,,,,,,,,,,,,
FING-26327,Diff Ec & Num Meth (pass),2016/1,False,True,False,no,2015,1,,,,,,,,,,,,,,,,,
FING-26327,Algorithms (pass),2016/2,False,True,False,no,2015,1,,,,,,,,,,,,,,,,,
FING-26327,Progr Parad (pass),2016/2,False,True,False,no,2015,1,,,,,,,,,,,,,,,,,
FING-26327,Inf & Soc (pass),2016/2,False,True,False,no,2015,1,,,,,,,,,,,,,,,,,
FING-26327,Inf Adm & Manag (pass),2016/2,False,True,False,no,2015,1,,,,,,,,,,,,,,,,,
FING-26327,Comp Org (pass),2017/1,False,True,False,no,2015,1,,,,,,,,,,,,,,,,,
FING-26327,DB Design (pass),2017/1,False,True,False,no,2015,1,,,,,,,,,,,,,,,,,
FING-26327,SoftEng Fund (pass),2017/1,False,True,False,no,2015,1,,,,,,,,,,,,,,,,,
FING-26327,Op Sys (pass),2017/2,False,True,False,no,2015,1,,,,,,,,,,,,,,,,,
FING-26327,SoftEng Technq (pass),2017/2,False,True,False,no,2015,1,,,,,,,,,,,,,,,,,
FING-26327,DB Workshop (pass),2017/2,False,True,False,no,2015,1,,,,,,,,,,,,,,,,,
FING-26327,Comp Net (pass),2017/2,False,True,False,no,2015,1,,,,,,,,,,,,,,,,,
FING-26327,SoftEng Proj (pass),2018/1,False,True,False,no,2015,1,,,,,,,,,,,,,,,,,
FING-26327,Elective (pass),2018/1,False,True,False,no,2015,1,,,,,,,,,,,,,,,,,
FING-26327,Elective (pass),2018/1,False,True,False,no,2015,1,,,,,,,,,,,,,,,,,
FING-26327,Elective (pass),2018/1,False,True,False,no,2015,1,,,,,,,,,,,,,,,,,
FING-26327,Seminar (pass),2018/1,False,True,False,no,2015,1,,,,,,,,,,,,,,,,,
FING-26327,Deg Work (pass),2022/2,False,True,False,no,2015,1,,,,,,,,,,,,,,,,,
FING-26483,Phy 1 (pass),2012/1,False,True,False,no,2015,2,,,,,,,,,,,,,,,,,
FING-26483,Intro Eng (pass),2012/1,False,True,False,no,2015,2,,,,,,,,,,,,,,,,,
FING-26483,Std Methods (pass),2012/1,False,True,False,no,2015,2,,,,,,,,,,,,,,,,,
FING-26483,Alg 1 (pass),2012/1,False,True,False,no,2015,2,,,,,,,,,,,,,,,,,
FING-26483,IPD Workshop (pass),2012/1,False,True,False,no,2015,2,,,,,,,,,,,,,,,,,
FING-26483,Alg 2 (pass),2012/2,False,True,False,no,2015,2,,,,,,,,,,,,,,,,,
FING-26483,Cal 1 (pass),2012/2,False,True,False,no,2015,2,,,,,,,,,,,,,,,,,
FING-26483,Phy 2 (pass),2013/1,False,True,False,no,2015,2,,,,,,,,,,,,,,,,,
FING-26483,Eff Comm (pass),2013/1,False,True,False,no,2015,2,,,,,,,,,,,,,,,,,
FING-26483,Chemistry (pass),2013/1,False,True,False,no,2015,2,,,,,,,,,,,,,,,,,
FING-26483,Fund Progr (pass),2013/1,False,True,False,no,2015,2,,,,,,,,,,,,,,,,,
FING-26483,Cal 2 (pass),2013/1,False,True,False,no,2015,2,,,,,,,,,,,,,,,,,
FING-26483,Fund Econ (pass),2013/2,False,True,False,no,2015,2,,,,,,,,,,,,,,,,,
FING-26483,Progr Methd (pass),2013/2,False,True,False,no,2015,2,,,,,,,,,,,,,,,,,
FING-26483,Comp Struc (pass),2014/1,False,True,False,no,2015,2,,,,,,,,,,,,,,,,,
FING-26483,Eng 1 (pass),2014/1,False,True,False,no,2015,2,,,,,,,,,,,,,,,,,
FING-26483,Eng 2 (pass),2014/2,False,True,False,no,2015,2,,,,,,,,,,,,,,,,,
FING-26483,Elect & Mag (pass),2014/2,False,True,False,no,2015,2,,,,,,,,,,,,,,,,,
FING-26483,Stat Analys (pass),2014/2,False,True,False,no,2015,2,,,,,,,,,,,,,,,,,
FING-26483,Algorithms (pass),2015/1,False,True,False,no,2015,2,,,,,,,,,,,,,,,,,
FING-26483,Eng 3 (pass),2015/1,False,True,False,no,2015,2,,,,,,,,,,,,,,,,,
FING-26483,Progr Parad (fail),2015/2,False,True,False,no,2015,2,,,,,,,,,,,,,,,,,
FING-26483,Syst Eng (pass),2015/2,False,True,False,no,2015,2,,,,,,,,,,,,,,,,,
FING-26483,Eng 4 (pass),2015/2,False,True,False,no,2015,2,,,,,,,,,,,,,,,,,
FING-26483,Diff Ec & Num Meth (fail),2015/2,False,True,False,no,2015,2,,,,,,,,,,,,,,,,,
FING-26483,Progr Parad (fail),2016/1,False,True,False,no,2015,2,,,,,,,,,,,,,,,,,
FING-26483,Proj Eval&Manag (pass),2016/1,False,True,False,no,2015,2,,,,,,,,,,,,,,,,,
FING-26483,Inf Sys (pass),2016/1,False,True,False,no,2015,2,,,,,,,,,,,,,,,,,
FING-26483,Diff Ec & Num Meth (pass),2016/1,False,True,False,no,2015,2,,,,,,,,,,,,,,,,,
FING-26483,Progr Parad (pass),2016/2,False,True,False,no,2015,2,,,,,,,,,,,,,,,,,
FING-26483,Comp Org (fail),2016/2,False,True,False,no,2015,2,,,,,,,,,,,,,,,,,
FING-26483,Inf & Soc (pass),2016/2,False,True,False,no,2015,2,,,,,,,,,,,,,,,,,
FING-26483,Inf Adm & Manag (fail),2016/2,False,True,False,no,2015,2,,,,,,,,,,,,,,,,,
FING-26483,SoftEng Fund (pass),2017/1,False,True,False,no,2015,2,,,,,,,,,,,,,,,,,
FING-26483,Comp Org (pass),2017/1,False,True,False,no,2015,2,,,,,,,,,,,,,,,,,
FING-26483,DB Design (pass),2017/1,False,True,False,no,2015,2,,,,,,,,,,,,,,,,,
FING-26483,Inf Adm & Manag (pass),2017/1,False,True,False,no,2015,2,,,,,,,,,,,,,,,,,
FING-26483,Op Sys (pass),2017/2,False,True,False,no,2015,2,,,,,,,,,,,,,,,,,
FING-26483,SoftEng Technq (pass),2017/2,False,True,False,no,2015,2,,,,,,,,,,,,,,,,,
FING-26483,DB Workshop (pass),2017/2,False,True,False,no,2015,2,,,,,,,,,,,,,,,,,
FING-26483,Comp Net (pass),2017/2,False,True,False,no,2015,2,,,,,,,,,,,,,,,,,
FING-26483,SoftEng Proj (pass),2018/1,False,True,False,no,2015,2,,,,,,,,,,,,,,,,,
FING-26483,Elective (pass),2018/1,False,True,False,no,2015,2,,,,,,,,,,,,,,,,,
FING-26483,Elective (pass),2018/1,False,True,False,no,2015,2,,,,,,,,,,,,,,,,,
FING-26483,Elective (pass),2018/1,False,True,False,no,2015,2,,,,,,,,,,,,,,,,,
FING-26483,Seminar (pass),2018/1,False,True,False,no,2015,2,,,,,,,,,,,,,,,,,
FING-26483,Deg Work (pass),2019/1,False,True,False,no,2015,2,,,,,,,,,,,,,,,,,
FING-27748,Intro Eng (pass),2012/1,False,True,False,no,2016,2,,,,,,,,,,,,,,,,,
FING-27748,Std Methods (pass),2012/1,False,True,False,no,2016,2,,,,,,,,,,,,,,,,,
FING-27748,Cal 1 (pass),2012/1,False,True,False,no,2016,2,,,,,,,,,,,,,,,,,
FING-27748,Alg 1 (pass),2012/1,False,True,False,no,2016,2,,,,,,,,,,,,,,,,,
FING-27748,Phy 1 (pass),2012/1,False,True,False,no,2016,2,,,,,,,,,,,,,,,,,
FING-27748,Chemistry (pass),2012/1,False,True,False,no,2016,2,,,,,,,,,,,,,,,,,
FING-27748,IPD Workshop (pass),2012/2,False,True,False,no,2016,2,,,,,,,,,,,,,,,,,
FING-27748,Phy 2 (pass),2012/2,False,True,False,no,2016,2,,,,,,,,,,,,,,,,,
FING-27748,Alg 2 (pass),2012/2,False,True,False,no,2016,2,,,,,,,,,,,,,,,,,
FING-27748,Fund Progr (pass),2012/2,False,True,False,no,2016,2,,,,,,,,,,,,,,,,,
FING-27748,Cal 2 (pass),2012/2,False,True,False,no,2016,2,,,,,,,,,,,,,,,,,
FING-27748,Eng 1 (pass),2013/1,False,True,False,no,2016,2,,,,,,,,,,,,,,,,,
FING-27748,Eff Comm (pass),2013/1,False,True,False,no,2016,2,,,,,,,,,,,,,,,,,
FING-27748,Elect & Mag (pass),2013/2,False,True,False,no,2016,2,,,,,,,,,,,,,,,,,
FING-27748,Progr Methd (pass),2013/2,False,True,False,no,2016,2,,,,,,,,,,,,,,,,,
FING-27748,Fund Econ (pass),2013/2,False,True,False,no,2016,2,,,,,,,,,,,,,,,,,
FING-27748,Stat Analys (pass),2014/2,False,True,False,no,2016,2,,,,,,,,,,,,,,,,,
FING-27748,Eng 2 (pass),2014/2,False,True,False,no,2016,2,,,,,,,,,,,,,,,,,
FING-27748,Comp Struc (pass),2014/2,False,True,False,no,2016,2,,,,,,,,,,,,,,,,,
FING-27748,Eng 3 (pass),2015/1,False,True,False,no,2016,2,,,,,,,,,,,,,,,,,
FING-27748,Syst Eng (fail),2016/2,False,True,False,no,2016,2,,,,,,,,,,,,,,,,,
FING-27748,Progr Parad (pass),2016/2,False,True,False,no,2016,2,,,,,,,,,,,,,,,,,
FING-27748,Eng 4 (pass),2016/2,False,True,False,no,2016,2,,,,,,,,,,,,,,,,,
FING-27748,Algorithms (pass),2016/2,False,True,False,no,2016,2,,,,,,,,,,,,,,,,,
FING-27748,Diff Ec & Num Meth (fail),2016/2,False,True,False,no,2016,2,,,,,,,,,,,,,,,,,
FING-27748,Proj Eval&Manag (pass),2017/1,False,True,False,no,2016,2,,,,,,,,,,,,,,,,,
FING-27748,Diff Ec & Num Meth (fail),2017/1,False,True,False,no,2016,2,,,,,,,,,,,,,,,,,
FING-27748,DB Design (fail),2017/1,False,True,False,no,2016,2,,,,,,,,,,,,,,,,,
FING-27748,Syst Eng (pass),2017/1,False,True,False,no,2016,2,,,,,,,,,,,,,,,,,
FING-27748,Inf & Soc (fail),2017/1,False,True,False,no,2016,2,,,,,,,,,,,,,,,,,
FING-27748,Inf Adm & Manag (pass),2017/2,False,True,False,no,2016,2,,,,,,,,,,,,,,,,,
FING-27748,DB Design (pass),2017/2,False,True,False,no,2016,2,,,,,,,,,,,,,,,,,
FING-27748,Comp Org (pass),2017/2,False,True,False,no,2016,2,,,,,,,,,,,,,,,,,
FING-27748,Diff Ec & Num Meth (pass),2017/2,False,True,False,no,2016,2,,,,,,,,,,,,,,,,,
FING-27748,SoftEng Fund (pass),2018/1,False,True,False,no,2016,2,,,,,,,,,,,,,,,,,
FING-27748,Op Sys (pass),2018/1,False,True,False,no,2016,2,,,,,,,,,,,,,,,,,
FING-27748,Comp Net (pass),2018/1,False,True,False,no,2016,2,,,,,,,,,,,,,,,,,
FING-27748,Inf Sys (pass),2018/1,False,True,False,no,2016,2,,,,,,,,,,,,,,,,,
FING-27748,Inf & Soc (pass),2018/1,False,True,False,no,2016,2,,,,,,,,,,,,,,,,,
FING-27748,Elective (pass),2018/2,False,True,False,no,2016,2,,,,,,,,,,,,,,,,,
FING-27748,Elective (pass),2018/2,False,True,False,no,2016,2,,,,,,,,,,,,,,,,,
FING-27748,SoftEng Technq (pass),2018/2,False,True,False,no,2016,2,,,,,,,,,,,,,,,,,
FING-27748,DB Workshop (pass),2018/2,False,True,False,no,2016,2,,,,,,,,,,,,,,,,,
FING-27748,SoftEng Proj (pass),2019/1,False,True,False,no,2016,2,,,,,,,,,,,,,,,,,
FING-27748,Elective (pass),2019/1,False,True,False,no,2016,2,,,,,,,,,,,,,,,,,
FING-27748,Seminar (pass),2019/1,False,True,False,no,2016,2,,,,,,,,,,,,,,,,,
FING-27748,Deg Work (pass),2020/1,False,True,False,no,2016,2,,,,,,,,,,,,,,,,,
FING-2908,Std Methods (pass),2015/1,False,True,False,yes,2017,1,,,,,,,,,,,,,,,,,
FING-2908,Intro Eng (pass),2015/1,False,True,False,yes,2017,1,,,,,,,,,,,,,,,,,
FING-2908,IPD Workshop (pass),2015/1,False,True,False,yes,2017,1,,,,,,,,,,,,,,,,,
FING-2908,Alg 1 (pass),2015/1,False,True,False,yes,2017,1,,,,,,,,,,,,,,,,,
FING-2908,Std Methods (pass),2015/1,False,True,False,yes,2017,1,,,,,,,,,,,,,,,,,
FING-2908,Intro Eng (pass),2015/1,False,True,False,yes,2017,1,,,,,,,,,,,,,,,,,
FING-2908,IPD Workshop (pass),2015/1,False,True,False,yes,2017,1,,,,,,,,,,,,,,,,,
FING-2908,Alg 1 (pass),2015/1,False,True,False,yes,2017,1,,,,,,,,,,,,,,,,,
FING-2908,Phy 1 (fail),2015/1,False,True,False,yes,2017,1,,,,,,,,,,,,,,,,,
FING-2908,Cal 1 (fail),2015/1,False,True,False,yes,2017,1,,,,,,,,,,,,,,,,,
FING-2908,Phy 1 (pass),2015/2,False,True,False,yes,2017,1,,,,,,,,,,,,,,,,,
FING-2908,Alg 2 (pass),2015/2,False,True,False,yes,2017,1,,,,,,,,,,,,,,,,,
FING-2908,Fund Progr (pass),2015/2,False,True,False,yes,2017,1,,,,,,,,,,,,,,,,,
FING-2908,Eff Comm (pass),2015/2,False,True,False,yes,2017,1,,,,,,,,,,,,,,,,,
FING-2908,Fund Progr (pass),2015/2,False,True,False,yes,2017,1,,,,,,,,,,,,,,,,,
FING-2908,Cal 1 (fail),2015/2,False,True,False,yes,2017,1,,,,,,,,,,,,,,,,,
FING-2908,Alg 2 (pass),2015/2,False,True,False,yes,2017,1,,,,,,,,,,,,,,,,,
FING-2908,Phy 1 (pass),2015/2,False,True,False,yes,2017,1,,,,,,,,,,,,,,,,,
FING-2908,Chemistry (fail),2015/2,False,True,False,yes,2017,1,,,,,,,,,,,,,,,,,
FING-2908,Eff Comm (pass),2015/2,False,True,False,yes,2017,1,,,,,,,,,,,,,,,,,
FING-2908,Eng 1 (pass),2016/1,False,True,False,yes,2017,1,,,,,,,,,,,,,,,,,
FING-2908,Chemistry (pass),2016/1,False,True,False,yes,2017,1,,,,,,,,,,,,,,,,,
FING-2908,Cal 1 (pass),2016/1,False,True,False,yes,2017,1,,,,,,,,,,,,,,,,,
FING-2908,Progr Methd (pass),2016/1,False,True,False,yes,2017,1,,,,,,,,,,,,,,,,,
FING-2908,Progr Methd (pass),2016/1,False,True,False,yes,2017,1,,,,,,,,,,,,,,,,,
FING-2908,Eng 1 (pass),2016/1,False,True,False,yes,2017,1,,,,,,,,,,,,,,,,,
FING-2908,Chemistry (pass),2016/1,False,True,False,yes,2017,1,,,,,,,,,,,,,,,,,
FING-2908,Phy 2 (fail),2016/1,False,True,False,yes,2017,1,,,,,,,,,,,,,,,,,
FING-2908,Cal 1 (pass),2016/1,False,True,False,yes,2017,1,,,,,,,,,,,,,,,,,
FING-2908,Phy 2 (pass),2016/2,False,True,False,yes,2017,1,,,,,,,,,,,,,,,,,
FING-2908,Fund Econ (pass),2016/2,False,True,False,yes,2017,1,,,,,,,,,,,,,,,,,
FING-2908,Cal 2 (fail),2016/2,False,True,False,yes,2017,1,,,,,,,,,,,,,,,,,
FING-2908,Phy 2 (pass),2016/2,False,True,False,yes,2017,1,,,,,,,,,,,,,,,,,
FING-2908,Fund Econ (pass),2016/2,False,True,False,yes,2017,1,,,,,,,,,,,,,,,,,
FING-2908,Algorithms (pass),2017/1,False,True,False,yes,2017,1,,,,,,,,,,,,,,,,,
FING-2908,Progr Parad (pass),2017/1,False,True,False,yes,2017,1,,,,,,,,,,,,,,,,,
FING-2908,Eng 2 (pass),2017/1,False,True,False,yes,2017,1,,,,,,,,,,,,,,,,,
FING-2908,Algorithms (pass),2017/1,False,True,False,yes,2017,1,,,,,,,,,,,,,,,,,
FING-2908,Progr Parad (pass),2017/1,False,True,False,yes,2017,1,,,,,,,,,,,,,,,,,
FING-2908,Cal 2 (fail),2017/1,False,True,False,yes,2017,1,,,,,,,,,,,,,,,,,
FING-2908,Eng 2 (pass),2017/1,False,True,False,yes,2017,1,,,,,,,,,,,,,,,,,
FING-2908,Cal 2 (pass),2017/2,False,True,False,yes,2017,1,,,,,,,,,,,,,,,,,
FING-2908,Eng 3 (pass),2017/2,False,True,False,yes,2017,1,,,,,,,,,,,,,,,,,
FING-2908,SoftEng Fund (pass),2017/2,False,True,False,yes,2017,1,,,,,,,,,,,,,,,,,
FING-2908,DB Design (pass),2017/2,False,True,False,yes,2017,1,,,,,,,,,,,,,,,,,
FING-2908,Elect & Mag (fail),2018/1,False,True,False,yes,2017,1,,,,,,,,,,,,,,,,,
FING-2908,Eng 4 (pass),2018/1,False,True,False,yes,2017,1,,,,,,,,,,,,,,,,,
FING-2908,DB Workshop (pass),2018/1,False,True,False,yes,2017,1,,,,,,,,,,,,,,,,,
FING-2908,Stat Analys (fail),2018/1,False,True,False,yes,2017,1,,,,,,,,,,,,,,,,,
FING-2908,Elect & Mag (pass),2018/2,False,True,False,yes,2017,1,,,,,,,,,,,,,,,,,
FING-2908,Proj Eval&Manag (pass),2018/2,False,True,False,yes,2017,1,,,,,,,,,,,,,,,,,
FING-2908,Inf & Soc (pass),2018/2,False,True,False,yes,2017,1,,,,,,,,,,,,,,,,,
FING-2908,Stat Analys (pass),2018/2,False,True,False,yes,2017,1,,,,,,,,,,,,,,,,,
FING-2908,Diff Ec & Num Meth (fail),2019/1,False,True,False,yes,2017,1,,,,,,,,,,,,,,,,,
FING-2908,Elective (pass),2019/1,False,True,False,yes,2017,1,,,,,,,,,,,,,,,,,
FING-2908,Syst Eng (pass),2019/1,False,True,False,yes,2017,1,,,,,,,,,,,,,,,,,
FING-2908,Comp Struc (pass),2019/1,False,True,False,yes,2017,1,,,,,,,,,,,,,,,,,
FING-2908,Inf Adm & Manag (pass),2019/1,False,True,False,yes,2017,1,,,,,,,,,,,,,,,,,
FING-2908,Diff Ec & Num Meth (pass),2019/2,False,True,False,yes,2017,1,,,,,,,,,,,,,,,,,
FING-2908,Inf Sys (pass),2019/2,False,True,False,yes,2017,1,,,,,,,,,,,,,,,,,
FING-2908,SoftEng Technq (pass),2019/2,False,True,False,yes,2017,1,,,,,,,,,,,,,,,,,
FING-2908,Comp Org (pass),2019/2,False,True,False,yes,2017,1,,,,,,,,,,,,,,,,,
FING-2908,Op Sys (pass),2020/1,False,True,False,yes,2017,1,,,,,,,,,,,,,,,,,
FING-2908,Comp Net (pass),2020/1,False,True,False,yes,2017,1,,,,,,,,,,,,,,,,,
FING-2908,Elective (pass),2020/1,False,True,False,yes,2017,1,,,,,,,,,,,,,,,,,
FING-2908,Seminar (pass),2020/1,False,True,False,yes,2017,1,,,,,,,,,,,,,,,,,
FING-2908,SoftEng Proj (pass),2020/2,False,True,False,yes,2017,1,,,,,,,,,,,,,,,,,
FING-2908,Elective (pass),2020/2,False,True,False,yes,2017,1,,,,,,,,,,,,,,,,,
FING-2908,Deg Work (pass),2020/2,False,True,False,yes,2017,1,,,,,,,,,,,,,,,,,
FING-2918,IPD Workshop (pass),2015/1,False,True,False,yes,2018,2,,,,,,,,,,,,,,,,,
FING-2918,Intro Eng (pass),2015/1,False,True,False,yes,2018,2,,,,,,,,,,,,,,,,,
FING-2918,Alg 1 (pass),2015/1,False,True,False,yes,2018,2,,,,,,,,,,,,,,,,,
FING-2918,Phy 1 (pass),2015/1,False,True,False,yes,2018,2,,,,,,,,,,,,,,,,,
FING-2918,Cal 1 (pass),2015/1,False,True,False,yes,2018,2,,,,,,,,,,,,,,,,,
FING-2918,Std Methods (pass),2015/1,False,True,False,yes,2018,2,,,,,,,,,,,,,,,,,
FING-2918,Intro Eng (pass),2015/1,False,True,False,yes,2018,2,,,,,,,,,,,,,,,,,
FING-2918,IPD Workshop (pass),2015/1,False,True,False,yes,2018,2,,,,,,,,,,,,,,,,,
FING-2918,Std Methods (pass),2015/1,False,True,False,yes,2018,2,,,,,,,,,,,,,,,,,
FING-2918,Phy 1 (pass),2015/1,False,True,False,yes,2018,2,,,,,,,,,,,,,,,,,
FING-2918,Cal 1 (pass),2015/1,False,True,False,yes,2018,2,,,,,,,,,,,,,,,,,
FING-2918,Alg 1 (pass),2015/1,False,True,False,yes,2018,2,,,,,,,,,,,,,,,,,
FING-2918,Alg 2 (pass),2015/2,False,True,False,yes,2018,2,,,,,,,,,,,,,,,,,
FING-2918,Phy 2 (pass),2015/2,False,True,False,yes,2018,2,,,,,,,,,,,,,,,,,
FING-2918,Fund Progr (pass),2015/2,False,True,False,yes,2018,2,,,,,,,,,,,,,,,,,
FING-2918,Chemistry (pass),2015/2,False,True,False,yes,2018,2,,,,,,,,,,,,,,,,,
FING-2918,Fund Progr (pass),2015/2,False,True,False,yes,2018,2,,,,,,,,,,,,,,,,,
FING-2918,Alg 2 (pass),2015/2,False,True,False,yes,2018,2,,,,,,,,,,,,,,,,,
FING-2918,Cal 2 (fail),2015/2,False,True,False,yes,2018,2,,,,,,,,,,,,,,,,,
FING-2918,Phy 2 (pass),2015/2,False,True,False,yes,2018,2,,,,,,,,,,,,,,,,,
FING-2918,Chemistry (pass),2015/2,False,True,False,yes,2018,2,,,,,,,,,,,,,,,,,
FING-2918,Cal 2 (pass),2016/1,False,True,False,yes,2018,2,,,,,,,,,,,,,,,,,
FING-2918,Fund Econ (pass),2016/1,False,True,False,yes,2018,2,,,,,,,,,,,,,,,,,
FING-2918,Eng 1 (pass),2016/1,False,True,False,yes,2018,2,,,,,,,,,,,,,,,,,
FING-2918,Eff Comm (pass),2016/1,False,True,False,yes,2018,2,,,,,,,,,,,,,,,,,
FING-2918,Progr Methd (pass),2016/1,False,True,False,yes,2018,2,,,,,,,,,,,,,,,,,
FING-2918,Progr Methd (pass),2016/1,False,True,False,yes,2018,2,,,,,,,,,,,,,,,,,
FING-2918,Eff Comm (pass),2016/1,False,True,False,yes,2018,2,,,,,,,,,,,,,,,,,
FING-2918,Fund Econ (pass),2016/1,False,True,False,yes,2018,2,,,,,,,,,,,,,,,,,
FING-2918,Eng 1 (pass),2016/1,False,True,False,yes,2018,2,,,,,,,,,,,,,,,,,
FING-2918,Cal 2 (pass),2016/1,False,True,False,yes,2018,2,,,,,,,,,,,,,,,,,
FING-2918,Elect & Mag (pass),2016/2,False,True,False,yes,2018,2,,,,,,,,,,,,,,,,,
FING-2918,Eng 2 (pass),2016/2,False,True,False,yes,2018,2,,,,,,,,,,,,,,,,,
FING-2918,Stat Analys (pass),2016/2,False,True,False,yes,2018,2,,,,,,,,,,,,,,,,,
FING-2918,Elect & Mag (pass),2016/2,False,True,False,yes,2018,2,,,,,,,,,,,,,,,,,
FING-2918,Eng 2 (pass),2016/2,False,True,False,yes,2018,2,,,,,,,,,,,,,,,,,
FING-2918,Stat Analys (pass),2016/2,False,True,False,yes,2018,2,,,,,,,,,,,,,,,,,
FING-2918,Diff Ec & Num Meth (pass),2016/2,False,True,False,yes,2018,2,,,,,,,,,,,,,,,,,
FING-2918,Eng 3 (pass),2017/1,False,True,False,yes,2018,2,,,,,,,,,,,,,,,,,
FING-2918,Algorithms (pass),2017/1,False,True,False,yes,2018,2,,,,,,,,,,,,,,,,,
FING-2918,Syst Eng (pass),2017/1,False,True,False,yes,2018,2,,,,,,,,,,,,,,,,,
FING-2918,Algorithms (pass),2017/1,False,True,False,yes,2018,2,,,,,,,,,,,,,,,,,
FING-2918,Eng 3 (pass),2017/1,False,True,False,yes,2018,2,,,,,,,,,,,,,,,,,
FING-2918,Comp Struc (fail),2017/1,False,True,False,yes,2018,2,,,,,,,,,,,,,,,,,
FING-2918,Syst Eng (pass),2017/1,False,True,False,yes,2018,2,,,,,,,,,,,,,,,,,
FING-2918,Diff Ec & Num Meth (pass),2018/1,False,True,False,yes,2018,2,,,,,,,,,,,,,,,,,
FING-2918,Progr Parad (pass),2018/1,False,True,False,yes,2018,2,,,,,,,,,,,,,,,,,
FING-2918,Comp Struc (pass),2018/1,False,True,False,yes,2018,2,,,,,,,,,,,,,,,,,
FING-2918,Inf Sys (pass),2018/2,False,True,False,yes,2018,2,,,,,,,,,,,,,,,,,
FING-2918,SoftEng Fund (pass),2018/2,False,True,False,yes,2018,2,,,,,,,,,,,,,,,,,
FING-2918,DB Design (pass),2018/2,False,True,False,yes,2018,2,,,,,,,,,,,,,,,,,
FING-2918,Comp Org (pass),2018/2,False,True,False,yes,2018,2,,,,,,,,,,,,,,,,,
FING-2918,Proj Eval&Manag (pass),2018/2,False,True,False,yes,2018,2,,,,,,,,,,,,,,,,,
FING-2918,Inf & Soc (pass),2018/2,False,True,False,yes,2018,2,,,,,,,,,,,,,,,,,
FING-2918,DB Workshop (pass),2019/2,False,True,False,yes,2018,2,,,,,,,,,,,,,,,,,
FING-2918,Comp Net (pass),2019/2,False,True,False,yes,2018,2,,,,,,,,,,,,,,,,,
FING-2918,Op Sys (pass),2019/2,False,True,False,yes,2018,2,,,,,,,,,,,,,,,,,
FING-2918,Inf Adm & Manag (pass),2019/2,False,True,False,yes,2018,2,,,,,,,,,,,,,,,,,
FING-2918,Eng 4 (pass),2019/2,False,True,False,yes,2018,2,,,,,,,,,,,,,,,,,
FING-2918,SoftEng Technq (pass),2020/1,False,True,False,yes,2018,2,,,,,,,,,,,,,,,,,
FING-2918,Elective (pass),2020/1,False,True,False,yes,2018,2,,,,,,,,,,,,,,,,,
FING-2918,Elective (pass),2020/1,False,True,False,yes,2018,2,,,,,,,,,,,,,,,,,
FING-2918,Seminar (pass),2020/1,False,True,False,yes,2018,2,,,,,,,,,,,,,,,,,
FING-2918,Elective (pass),2020/1,False,True,False,yes,2018,2,,,,,,,,,,,,,,,,,
FING-2918,SoftEng Proj (pass),2020/2,False,True,False,yes,2018,2,,,,,,,,,,,,,,,,,
FING-2918,Deg Work (pass),2021/1,False,True,False,yes,2018,2,,,,,,,,,,,,,,,,,
FING-2920,Intro Eng (pass),2015/1,False,True,False,yes,2018,2,,,,,,,,,,,,,,,,,
FING-2920,IPD Workshop (pass),2015/1,False,True,False,yes,2018,2,,,,,,,,,,,,,,,,,
FING-2920,Std Methods (pass),2015/1,False,True,False,yes,2018,2,,,,,,,,,,,,,,,,,
FING-2920,Phy 1 (pass),2015/1,False,True,False,yes,2018,2,,,,,,,,,,,,,,,,,
FING-2920,Std Methods (pass),2015/1,False,True,False,yes,2018,2,,,,,,,,,,,,,,,,,
FING-2920,Intro Eng (pass),2015/1,False,True,False,yes,2018,2,,,,,,,,,,,,,,,,,
FING-2920,IPD Workshop (pass),2015/1,False,True,False,yes,2018,2,,,,,,,,,,,,,,,,,
FING-2920,Phy 1 (pass),2015/1,False,True,False,yes,2018,2,,,,,,,,,,,,,,,,,
FING-2920,Cal 1 (fail),2015/1,False,True,False,yes,2018,2,,,,,,,,,,,,,,,,,
FING-2920,Chemistry (pass),2015/2,False,True,False,yes,2018,2,,,,,,,,,,,,,,,,,
FING-2920,Eff Comm (pass),2015/2,False,True,False,yes,2018,2,,,,,,,,,,,,,,,,,
FING-2920,Alg 1 (pass),2015/2,False,True,False,yes,2018,2,,,,,,,,,,,,,,,,,
FING-2920,Phy 2 (pass),2015/2,False,True,False,yes,2018,2,,,,,,,,,,,,,,,,,
FING-2920,Cal 1 (fail),2015/2,False,True,False,yes,2018,2,,,,,,,,,,,,,,,,,
FING-2920,Chemistry (pass),2015/2,False,True,False,yes,2018,2,,,,,,,,,,,,,,,,,
FING-2920,Alg 1 (pass),2015/2,False,True,False,yes,2018,2,,,,,,,,,,,,,,,,,
FING-2920,Phy 2 (pass),2015/2,False,True,False,yes,2018,2,,,,,,,,,,,,,,,,,
FING-2920,Eff Comm (pass),2015/2,False,True,False,yes,2018,2,,,,,,,,,,,,,,,,,
FING-2920,Alg 2 (pass),2016/1,False,True,False,yes,2018,2,,,,,,,,,,,,,,,,,
FING-2920,Cal 1 (pass),2016/1,False,True,False,yes,2018,2,,,,,,,,,,,,,,,,,
FING-2920,Eng 1 (pass),2016/1,False,True,False,yes,2018,2,,,,,,,,,,,,,,,,,
FING-2920,Eng 1 (pass),2016/1,False,True,False,yes,2018,2,,,,,,,,,,,,,,,,,
FING-2920,Fund Progr (fail),2016/1,False,True,False,yes,2018,2,,,,,,,,,,,,,,,,,
FING-2920,Cal 1 (pass),2016/1,False,True,False,yes,2018,2,,,,,,,,,,,,,,,,,
FING-2920,Alg 2 (pass),2016/1,False,True,False,yes,2018,2,,,,,,,,,,,,,,,,,
FING-2920,Eng 2 (pass),2016/2,False,True,False,yes,2018,2,,,,,,,,,,,,,,,,,
FING-2920,Fund Progr (pass),2016/2,False,True,False,yes,2018,2,,,,,,,,,,,,,,,,,
FING-2920,Cal 2 (pass),2016/2,False,True,False,yes,2018,2,,,,,,,,,,,,,,,,,
FING-2920,Fund Progr (pass),2016/2,False,True,False,yes,2018,2,,,,,,,,,,,,,,,,,
FING-2920,Eng 2 (pass),2016/2,False,True,False,yes,2018,2,,,,,,,,,,,,,,,,,
FING-2920,Cal 2 (pass),2016/2,False,True,False,yes,2018,2,,,,,,,,,,,,,,,,,
FING-2920,Fund Econ (fail),2016/2,False,True,False,yes,2018,2,,,,,,,,,,,,,,,,,
FING-2920,Elect & Mag (pass),2017/1,False,True,False,yes,2018,2,,,,,,,,,,,,,,,,,
FING-2920,Progr Methd (fail),2017/1,False,True,False,yes,2018,2,,,,,,,,,,,,,,,,,
FING-2920,Fund Econ (fail),2017/1,False,True,False,yes,2018,2,,,,,,,,,,,,,,,,,
FING-2920,Stat Analys (fail),2017/1,False,True,False,yes,2018,2,,,,,,,,,,,,,,,,,
FING-2920,Elect & Mag (pass),2017/1,False,True,False,yes,2018,2,,,,,,,,,,,,,,,,,
FING-2920,Fund Econ (pass),2017/2,False,True,False,yes,2018,2,,,,,,,,,,,,,,,,,
FING-2920,Progr Methd (fail),2017/2,False,True,False,yes,2018,2,,,,,,,,,,,,,,,,,
FING-2920,Fund Econ (pass),2017/2,False,True,False,yes,2018,2,,,,,,,,,,,,,,,,,
FING-2920,Stat Analys (fail),2017/2,False,True,False,yes,2018,2,,,,,,,,,,,,,,,,,
FING-2920,Diff Ec & Num Meth (fail),2017/2,False,True,False,yes,2018,2,,,,,,,,,,,,,,,,,
FING-2920,Diff Ec & Num Meth (pass),2018/1,False,True,False,yes,2018,2,,,,,,,,,,,,,,,,,
FING-2920,Eng 3 (pass),2018/1,False,True,False,yes,2018,2,,,,,,,,,,,,,,,,,
FING-2920,Progr Methd (pass),2018/1,False,True,False,yes,2018,2,,,,,,,,,,,,,,,,,
FING-2920,Comp Struc (fail),2018/1,False,True,False,yes,2018,2,,,,,,,,,,,,,,,,,
FING-2920,Stat Analys (pass),2018/1,False,True,False,yes,2018,2,,,,,,,,,,,,,,,,,
FING-2920,Syst Eng (fail),2018/2,False,True,False,yes,2018,2,,,,,,,,,,,,,,,,,
FING-2920,Comp Struc (pass),2018/2,False,True,False,yes,2018,2,,,,,,,,,,,,,,,,,
FING-2920,Algorithms (fail),2018/2,False,True,False,yes,2018,2,,,,,,,,,,,,,,,,,
FING-2920,Syst Eng (pass),2019/1,False,True,False,yes,2018,2,,,,,,,,,,,,,,,,,
FING-2920,Eng 4 (pass),2019/1,False,True,False,yes,2018,2,,,,,,,,,,,,,,,,,
FING-2920,Algorithms (fail),2019/1,False,True,False,yes,2018,2,,,,,,,,,,,,,,,,,
FING-2920,Inf & Soc (pass),2019/1,False,True,False,yes,2018,2,,,,,,,,,,,,,,,,,
FING-2920,Algorithms (pass),2019/2,False,True,False,yes,2018,2,,,,,,,,,,,,,,,,,
FING-2920,Proj Eval&Manag (pass),2019/2,False,True,False,yes,2018,2,,,,,,,,,,,,,,,,,
FING-2920,Inf Sys (pass),2019/2,False,True,False,yes,2018,2,,,,,,,,,,,,,,,,,
FING-2920,Progr Parad (pass),2020/1,False,True,False,yes,2018,2,,,,,,,,,,,,,,,,,
FING-2920,Comp Org (pass),2020/1,False,True,False,yes,2018,2,,,,,,,,,,,,,,,,,
FING-2920,Op Sys (fail),2020/2,False,True,False,yes,2018,2,,,,,,,,,,,,,,,,,
FING-2920,Comp Net (pass),2020/2,False,True,False,yes,2018,2,,,,,,,,,,,,,,,,,
FING-2920,DB Design (pass),2020/2,False,True,False,yes,2018,2,,,,,,,,,,,,,,,,,
FING-2920,SoftEng Fund (pass),2020/2,False,True,False,yes,2018,2,,,,,,,,,,,,,,,,,
FING-2920,Inf Adm & Manag (pass),2020/2,False,True,False,yes,2018,2,,,,,,,,,,,,,,,,,
FING-2920,Op Sys (pass),2021/1,False,True,False,yes,2018,2,,,,,,,,,,,,,,,,,
FING-2920,DB Workshop (pass),2021/1,False,True,False,yes,2018,2,,,,,,,,,,,,,,,,,
FING-2920,SoftEng Technq (pass),2021/1,False,True,False,yes,2018,2,,,,,,,,,,,,,,,,,
FING-2920,Elective (pass),2021/1,False,True,False,yes,2018,2,,,,,,,,,,,,,,,,,
FING-2920,Elective (pass),2021/1,False,True,False,yes,2018,2,,,,,,,,,,,,,,,,,
FING-2920,Seminar (pass),2021/2,False,True,False,yes,2018,2,,,,,,,,,,,,,,,,,
FING-2920,SoftEng Proj (pass),2021/2,False,True,False,yes,2018,2,,,,,,,,,,,,,,,,,
FING-2920,Elective (pass),2022/1,False,True,False,yes,2018,2,,,,,,,,,,,,,,,,,
FING-2920,Deg Work (pass),2022/1,False,True,False,yes,2018,2,,,,,,,,,,,,,,,,,
FING-2933,Cal 1 (pass),2015/1,False,True,False,yes,2019,2,,,,,,,,,,,,,,,,,
FING-2933,Alg 1 (pass),2015/1,False,True,False,yes,2019,2,,,,,,,,,,,,,,,,,
FING-2933,Phy 1 (pass),2015/1,False,True,False,yes,2019,2,,,,,,,,,,,,,,,,,
FING-2933,IPD Workshop (pass),2015/1,False,True,False,yes,2019,2,,,,,,,,,,,,,,,,,
FING-2933,Intro Eng (pass),2015/1,False,True,False,yes,2019,2,,,,,,,,,,,,,,,,,
FING-2933,Std Methods (pass),2015/1,False,True,False,yes,2019,2,,,,,,,,,,,,,,,,,
FING-2933,Intro Eng (pass),2015/1,False,True,False,yes,2019,2,,,,,,,,,,,,,,,,,
FING-2933,IPD Workshop (pass),2015/1,False,True,False,yes,2019,2,,,,,,,,,,,,,,,,,
FING-2933,Std Methods (pass),2015/1,False,True,False,yes,2019,2,,,,,,,,,,,,,,,,,
FING-2933,Phy 1 (pass),2015/1,False,True,False,yes,2019,2,,,,,,,,,,,,,,,,,
FING-2933,Cal 1 (pass),2015/1,False,True,False,yes,2019,2,,,,,,,,,,,,,,,,,
FING-2933,Alg 1 (pass),2015/1,False,True,False,yes,2019,2,,,,,,,,,,,,,,,,,
FING-2933,Cal 2 (pass),2015/2,False,True,False,yes,2019,2,,,,,,,,,,,,,,,,,
FING-2933,Alg 2 (pass),2015/2,False,True,False,yes,2019,2,,,,,,,,,,,,,,,,,
FING-2933,Phy 2 (pass),2015/2,False,True,False,yes,2019,2,,,,,,,,,,,,,,,,,
FING-2933,Chemistry (pass),2015/2,False,True,False,yes,2019,2,,,,,,,,,,,,,,,,,
FING-2933,Alg 2 (pass),2015/2,False,True,False,yes,2019,2,,,,,,,,,,,,,,,,,
FING-2933,Fund Progr (fail),2015/2,False,True,False,yes,2019,2,,,,,,,,,,,,,,,,,
FING-2933,Cal 2 (pass),2015/2,False,True,False,yes,2019,2,,,,,,,,,,,,,,,,,
FING-2933,Chemistry (pass),2015/2,False,True,False,yes,2019,2,,,,,,,,,,,,,,,,,
FING-2933,Phy 2 (pass),2015/2,False,True,False,yes,2019,2,,,,,,,,,,,,,,,,,
FING-2933,Fund Progr (pass),2016/1,False,True,False,yes,2019,2,,,,,,,,,,,,,,,,,
FING-2933,Elect & Mag (pass),2016/1,False,True,False,yes,2019,2,,,,,,,,,,,,,,,,,
FING-2933,Eff Comm (pass),2016/1,False,True,False,yes,2019,2,,,,,,,,,,,,,,,,,
FING-2933,Eff Comm (pass),2016/1,False,True,False,yes,2019,2,,,,,,,,,,,,,,,,,
FING-2933,Diff Ec & Num Meth (pass),2016/1,False,True,False,yes,2019,2,,,,,,,,,,,,,,,,,
FING-2933,Fund Progr (pass),2016/1,False,True,False,yes,2019,2,,,,,,,,,,,,,,,,,
FING-2933,Elect & Mag (pass),2016/1,False,True,False,yes,2019,2,,,,,,,,,,,,,,,,,
FING-2933,Eng 1 (pass),2016/2,False,True,False,yes,2019,2,,,,,,,,,,,,,,,,,
FING-2933,Fund Econ (pass),2016/2,False,True,False,yes,2019,2,,,,,,,,,,,,,,,,,
FING-2933,Progr Methd (fail),2016/2,False,True,False,yes,2019,2,,,,,,,,,,,,,,,,,
FING-2933,Fund Econ (pass),2016/2,False,True,False,yes,2019,2,,,,,,,,,,,,,,,,,
FING-2933,Eng 1 (pass),2016/2,False,True,False,yes,2019,2,,,,,,,,,,,,,,,,,
FING-2933,Progr Methd (pass),2017/1,False,True,False,yes,2019,2,,,,,,,,,,,,,,,,,
FING-2933,Eng 2 (pass),2017/1,False,True,False,yes,2019,2,,,,,,,,,,,,,,,,,
FING-2933,Progr Methd (pass),2017/1,False,True,False,yes,2019,2,,,,,,,,,,,,,,,,,
FING-2933,Eng 2 (pass),2017/1,False,True,False,yes,2019,2,,,,,,,,,,,,,,,,,
FING-2933,Algorithms (pass),2017/2,False,True,False,yes,2019,2,,,,,,,,,,,,,,,,,
FING-2933,Comp Struc (pass),2017/2,False,True,False,yes,2019,2,,,,,,,,,,,,,,,,,
FING-2933,Eng 3 (pass),2017/2,False,True,False,yes,2019,2,,,,,,,,,,,,,,,,,
FING-2933,Comp Struc (pass),2017/2,False,True,False,yes,2019,2,,,,,,,,,,,,,,,,,
FING-2933,Eng 3 (pass),2017/2,False,True,False,yes,2019,2,,,,,,,,,,,,,,,,,
FING-2933,Algorithms (pass),2017/2,False,True,False,yes,2019,2,,,,,,,,,,,,,,,,,
FING-2933,Stat Analys (fail),2017/2,False,True,False,yes,2019,2,,,,,,,,,,,,,,,,,
FING-2933,Stat Analys (pass),2018/1,False,True,False,yes,2019,2,,,,,,,,,,,,,,,,,
FING-2933,Eng 4 (pass),2018/1,False,True,False,yes,2019,2,,,,,,,,,,,,,,,,,
FING-2933,Stat Analys (pass),2018/1,False,True,False,yes,2019,2,,,,,,,,,,,,,,,,,
FING-2933,Eng 4 (pass),2018/1,False,True,False,yes,2019,2,,,,,,,,,,,,,,,,,
FING-2933,Progr Parad (fail),2018/1,False,True,False,yes,2019,2,,,,,,,,,,,,,,,,,
FING-2933,Comp Org (pass),2018/2,False,True,False,yes,2019,2,,,,,,,,,,,,,,,,,
FING-2933,Progr Parad (fail),2018/2,False,True,False,yes,2019,2,,,,,,,,,,,,,,,,,
FING-2933,Comp Org (pass),2018/2,False,True,False,yes,2019,2,,,,,,,,,,,,,,,,,
FING-2933,Syst Eng (pass),2019/2,False,True,False,yes,2019,2,,,,,,,,,,,,,,,,,
FING-2933,Progr Parad (pass),2019/2,False,True,False,yes,2019,2,,,,,,,,,,,,,,,,,
FING-2933,Inf & Soc (pass),2019/2,False,True,False,yes,2019,2,,,,,,,,,,,,,,,,,
FING-2933,Op Sys (pass),2020/1,False,True,False,yes,2019,2,,,,,,,,,,,,,,,,,
FING-2933,DB Design (pass),2020/1,False,True,False,yes,2019,2,,,,,,,,,,,,,,,,,
FING-2933,SoftEng Fund (pass),2020/1,False,True,False,yes,2019,2,,,,,,,,,,,,,,,,,
FING-2933,Proj Eval&Manag (pass),2020/1,False,True,False,yes,2019,2,,,,,,,,,,,,,,,,,
FING-2933,Inf Sys (pass),2020/1,False,True,False,yes,2019,2,,,,,,,,,,,,,,,,,
FING-2933,Elective (pass),2020/1,False,True,False,yes,2019,2,,,,,,,,,,,,,,,,,
FING-2933,DB Workshop (pass),2020/2,False,True,False,yes,2019,2,,,,,,,,,,,,,,,,,
FING-2933,Comp Net (pass),2020/2,False,True,False,yes,2019,2,,,,,,,,,,,,,,,,,
FING-2933,Elective (pass),2020/2,False,True,False,yes,2019,2,,,,,,,,,,,,,,,,,
FING-2933,SoftEng Technq (pass),2020/2,False,True,False,yes,2019,2,,,,,,,,,,,,,,,,,
FING-2933,Inf Adm & Manag (pass),2020/2,False,True,False,yes,2019,2,,,,,,,,,,,,,,,,,
FING-2933,Seminar (pass),2021/1,False,True,False,yes,2019,2,,,,,,,,,,,,,,,,,
FING-2933,SoftEng Proj (pass),2021/1,False,True,False,yes,2019,2,,,,,,,,,,,,,,,,,
FING-2933,Elective (pass),2021/1,False,True,False,yes,2019,2,,,,,,,,,,,,,,,,,
FING-2933,Deg Work (pass),2021/2,False,True,False,yes,2019,2,,,,,,,,,,,,,,,,,
FING-2945,Cal 1 (pass),2015/1,False,True,False,yes,2018,2,,,,,,,,,,,,,,,,,
FING-2945,IPD Workshop (pass),2015/1,False,True,False,yes,2018,2,,,,,,,,,,,,,,,,,
FING-2945,Std Methods (pass),2015/1,False,True,False,yes,2018,2,,,,,,,,,,,,,,,,,
FING-2945,Intro Eng (pass),2015/1,False,True,False,yes,2018,2,,,,,,,,,,,,,,,,,
FING-2945,Phy 1 (pass),2015/1,False,True,False,yes,2018,2,,,,,,,,,,,,,,,,,
FING-2945,Alg 1 (pass),2015/1,False,True,False,yes,2018,2,,,,,,,,,,,,,,,,,
FING-2945,Intro Eng (pass),2015/1,False,True,False,yes,2018,2,,,,,,,,,,,,,,,,,
FING-2945,IPD Workshop (pass),2015/1,False,True,False,yes,2018,2,,,,,,,,,,,,,,,,,
FING-2945,Std Methods (pass),2015/1,False,True,False,yes,2018,2,,,,,,,,,,,,,,,,,
FING-2945,Phy 1 (pass),2015/1,False,True,False,yes,2018,2,,,,,,,,,,,,,,,,,
FING-2945,Cal 1 (pass),2015/1,False,True,False,yes,2018,2,,,,,,,,,,,,,,,,,
FING-2945,Alg 1 (pass),2015/1,False,True,False,yes,2018,2,,,,,,,,,,,,,,,,,
FING-2945,Alg 2 (pass),2015/2,False,True,False,yes,2018,2,,,,,,,,,,,,,,,,,
FING-2945,Chemistry (pass),2015/2,False,True,False,yes,2018,2,,,,,,,,,,,,,,,,,
FING-2945,Fund Progr (pass),2015/2,False,True,False,yes,2018,2,,,,,,,,,,,,,,,,,
FING-2945,Phy 2 (pass),2015/2,False,True,False,yes,2018,2,,,,,,,,,,,,,,,,,
FING-2945,Cal 2 (pass),2015/2,False,True,False,yes,2018,2,,,,,,,,,,,,,,,,,
FING-2945,Fund Progr (pass),2015/2,False,True,False,yes,2018,2,,,,,,,,,,,,,,,,,
FING-2945,Chemistry (pass),2015/2,False,True,False,yes,2018,2,,,,,,,,,,,,,,,,,
FING-2945,Cal 2 (pass),2015/2,False,True,False,yes,2018,2,,,,,,,,,,,,,,,,,
FING-2945,Alg 2 (pass),2015/2,False,True,False,yes,2018,2,,,,,,,,,,,,,,,,,
FING-2945,Phy 2 (pass),2015/2,False,True,False,yes,2018,2,,,,,,,,,,,,,,,,,
FING-2945,Eff Comm (pass),2016/1,False,True,False,yes,2018,2,,,,,,,,,,,,,,,,,
FING-2945,Eng 1 (pass),2016/1,False,True,False,yes,2018,2,,,,,,,,,,,,,,,,,
FING-2945,Eff Comm (pass),2016/1,False,True,False,yes,2018,2,,,,,,,,,,,,,,,,,
FING-2945,Progr Methd (fail),2016/1,False,True,False,yes,2018,2,,,,,,,,,,,,,,,,,
FING-2945,Elect & Mag (fail),2016/1,False,True,False,yes,2018,2,,,,,,,,,,,,,,,,,
FING-2945,Fund Econ (fail),2016/1,False,True,False,yes,2018,2,,,,,,,,,,,,,,,,,
FING-2945,Eng 1 (pass),2016/1,False,True,False,yes,2018,2,,,,,,,,,,,,,,,,,
FING-2945,Diff Ec & Num Meth (fail),2016/1,False,True,False,yes,2018,2,,,,,,,,,,,,,,,,,
FING-2945,Fund Econ (pass),2016/2,False,True,False,yes,2018,2,,,,,,,,,,,,,,,,,
FING-2945,Progr Methd (pass),2016/2,False,True,False,yes,2018,2,,,,,,,,,,,,,,,,,
FING-2945,Elect & Mag (pass),2016/2,False,True,False,yes,2018,2,,,,,,,,,,,,,,,,,
FING-2945,Diff Ec & Num Meth (pass),2016/2,False,True,False,yes,2018,2,,,,,,,,,,,,,,,,,
FING-2945,Progr Methd (pass),2016/2,False,True,False,yes,2018,2,,,,,,,,,,,,,,,,,
FING-2945,Elect & Mag (pass),2016/2,False,True,False,yes,2018,2,,,,,,,,,,,,,,,,,
FING-2945,Fund Econ (pass),2016/2,False,True,False,yes,2018,2,,,,,,,,,,,,,,,,,
FING-2945,Eng 2 (pass),2017/1,False,True,False,yes,2018,2,,,,,,,,,,,,,,,,,
FING-2945,Comp Struc (pass),2017/1,False,True,False,yes,2018,2,,,,,,,,,,,,,,,,,
FING-2945,Algorithms (pass),2017/1,False,True,False,yes,2018,2,,,,,,,,,,,,,,,,,
FING-2945,Algorithms (pass),2017/1,False,True,False,yes,2018,2,,,,,,,,,,,,,,,,,
FING-2945,Eng 2 (pass),2017/1,False,True,False,yes,2018,2,,,,,,,,,,,,,,,,,
FING-2945,Stat Analys (fail),2017/1,False,True,False,yes,2018,2,,,,,,,,,,,,,,,,,
FING-2945,Comp Struc (pass),2017/1,False,True,False,yes,2018,2,,,,,,,,,,,,,,,,,
FING-2945,Stat Analys (pass),2017/2,False,True,False,yes,2018,2,,,,,,,,,,,,,,,,,
FING-2945,Progr Parad (pass),2017/2,False,True,False,yes,2018,2,,,,,,,,,,,,,,,,,
FING-2945,Eng 3 (pass),2017/2,False,True,False,yes,2018,2,,,,,,,,,,,,,,,,,
FING-2945,Stat Analys (pass),2017/2,False,True,False,yes,2018,2,,,,,,,,,,,,,,,,,
FING-2945,Eng 3 (pass),2017/2,False,True,False,yes,2018,2,,,,,,,,,,,,,,,,,
FING-2945,Progr Parad (pass),2017/2,False,True,False,yes,2018,2,,,,,,,,,,,,,,,,,
FING-2945,Comp Org (fail),2017/2,False,True,False,yes,2018,2,,,,,,,,,,,,,,,,,
FING-2945,Diff Ec & Num Meth (fail),2018/1,False,True,False,yes,2018,2,,,,,,,,,,,,,,,,,
FING-2945,Syst Eng (pass),2018/1,False,True,False,yes,2018,2,,,,,,,,,,,,,,,,,
FING-2945,Eng 4 (pass),2018/1,False,True,False,yes,2018,2,,,,,,,,,,,,,,,,,
FING-2945,DB Design (pass),2018/1,False,True,False,yes,2018,2,,,,,,,,,,,,,,,,,
FING-2945,SoftEng Fund (pass),2018/1,False,True,False,yes,2018,2,,,,,,,,,,,,,,,,,
FING-2945,SoftEng Technq (pass),2018/2,False,True,False,yes,2018,2,,,,,,,,,,,,,,,,,
FING-2945,Proj Eval&Manag (pass),2018/2,False,True,False,yes,2018,2,,,,,,,,,,,,,,,,,
FING-2945,Inf & Soc (pass),2018/2,False,True,False,yes,2018,2,,,,,,,,,,,,,,,,,
FING-2945,Diff Ec & Num Meth (pass),2018/2,False,True,False,yes,2018,2,,,,,,,,,,,,,,,,,
FING-2945,Comp Org (pass),2019/1,False,True,False,yes,2018,2,,,,,,,,,,,,,,,,,
FING-2945,Inf Sys (pass),2019/1,False,True,False,yes,2018,2,,,,,,,,,,,,,,,,,
FING-2945,Elective (pass),2019/1,False,True,False,yes,2018,2,,,,,,,,,,,,,,,,,
FING-2945,Elective (pass),2019/1,False,True,False,yes,2018,2,,,,,,,,,,,,,,,,,
FING-2945,DB Workshop (pass),2019/2,False,True,False,yes,2018,2,,,,,,,,,,,,,,,,,
FING-2945,Comp Net (pass),2019/2,False,True,False,yes,2018,2,,,,,,,,,,,,,,,,,
FING-2945,Op Sys (pass),2019/2,False,True,False,yes,2018,2,,,,,,,,,,,,,,,,,
FING-2945,Inf Adm & Manag (pass),2019/2,False,True,False,yes,2018,2,,,,,,,,,,,,,,,,,
FING-2945,SoftEng Proj (pass),2020/1,False,True,False,yes,2018,2,,,,,,,,,,,,,,,,,
FING-2945,Elective (pass),2020/1,False,True,False,yes,2018,2,,,,,,,,,,,,,,,,,
FING-2945,Seminar (pass),2020/1,False,True,False,yes,2018,2,,,,,,,,,,,,,,,,,
FING-2945,Deg Work (pass),2021/2,False,True,False,yes,2018,2,,,,,,,,,,,,,,,,,
FING-2946,Alg 1 (pass),2015/1,False,True,False,yes,2018,2,,,,,,,,,,,,,,,,,
FING-2946,Std Methods (pass),2015/1,False,True,False,yes,2018,2,,,,,,,,,,,,,,,,,
FING-2946,Cal 1 (pass),2015/1,False,True,False,yes,2018,2,,,,,,,,,,,,,,,,,
FING-2946,Intro Eng (pass),2015/1,False,True,False,yes,2018,2,,,,,,,,,,,,,,,,,
FING-2946,IPD Workshop (pass),2015/1,False,True,False,yes,2018,2,,,,,,,,,,,,,,,,,
FING-2946,Phy 1 (pass),2015/1,False,True,False,yes,2018,2,,,,,,,,,,,,,,,,,
FING-2946,Intro Eng (pass),2015/1,False,True,False,yes,2018,2,,,,,,,,,,,,,,,,,
FING-2946,IPD Workshop (pass),2015/1,False,True,False,yes,2018,2,,,,,,,,,,,,,,,,,
FING-2946,Std Methods (pass),2015/1,False,True,False,yes,2018,2,,,,,,,,,,,,,,,,,
FING-2946,Phy 1 (pass),2015/1,False,True,False,yes,2018,2,,,,,,,,,,,,,,,,,
FING-2946,Cal 1 (pass),2015/1,False,True,False,yes,2018,2,,,,,,,,,,,,,,,,,
FING-2946,Alg 1 (pass),2015/1,False,True,False,yes,2018,2,,,,,,,,,,,,,,,,,
FING-2946,Cal 2 (pass),2015/2,False,True,False,yes,2018,2,,,,,,,,,,,,,,,,,
FING-2946,Fund Progr (pass),2015/2,False,True,False,yes,2018,2,,,,,,,,,,,,,,,,,
FING-2946,Chemistry (pass),2015/2,False,True,False,yes,2018,2,,,,,,,,,,,,,,,,,
FING-2946,Phy 2 (pass),2015/2,False,True,False,yes,2018,2,,,,,,,,,,,,,,,,,
FING-2946,Alg 2 (pass),2015/2,False,True,False,yes,2018,2,,,,,,,,,,,,,,,,,
FING-2946,Fund Progr (pass),2015/2,False,True,False,yes,2018,2,,,,,,,,,,,,,,,,,
FING-2946,Chemistry (pass),2015/2,False,True,False,yes,2018,2,,,,,,,,,,,,,,,,,
FING-2946,Cal 2 (pass),2015/2,False,True,False,yes,2018,2,,,,,,,,,,,,,,,,,
FING-2946,Alg 2 (pass),2015/2,False,True,False,yes,2018,2,,,,,,,,,,,,,,,,,
FING-2946,Phy 2 (pass),2015/2,False,True,False,yes,2018,2,,,,,,,,,,,,,,,,,
FING-2946,Eng 1 (pass),2016/1,False,True,False,yes,2018,2,,,,,,,,,,,,,,,,,
FING-2946,Fund Econ (pass),2016/1,False,True,False,yes,2018,2,,,,,,,,,,,,,,,,,
FING-2946,Progr Methd (pass),2016/1,False,True,False,yes,2018,2,,,,,,,,,,,,,,,,,
FING-2946,Eff Comm (pass),2016/1,False,True,False,yes,2018,2,,,,,,,,,,,,,,,,,
FING-2946,Elect & Mag (pass),2016/1,False,True,False,yes,2018,2,,,,,,,,,,,,,,,,,
FING-2946,Eff Comm (pass),2016/1,False,True,False,yes,2018,2,,,,,,,,,,,,,,,,,
FING-2946,Eng 1 (pass),2016/1,False,True,False,yes,2018,2,,,,,,,,,,,,,,,,,
FING-2946,Progr Methd (pass),2016/1,False,True,False,yes,2018,2,,,,,,,,,,,,,,,,,
FING-2946,Fund Econ (pass),2016/1,False,True,False,yes,2018,2,,,,,,,,,,,,,,,,,
FING-2946,Diff Ec & Num Meth (pass),2016/1,False,True,False,yes,2018,2,,,,,,,,,,,,,,,,,
FING-2946,Elect & Mag (pass),2016/1,False,True,False,yes,2018,2,,,,,,,,,,,,,,,,,
FING-2946,Progr Parad (pass),2016/2,False,True,False,yes,2018,2,,,,,,,,,,,,,,,,,
FING-2946,Comp Struc (pass),2016/2,False,True,False,yes,2018,2,,,,,,,,,,,,,,,,,
FING-2946,Algorithms (pass),2016/2,False,True,False,yes,2018,2,,,,,,,,,,,,,,,,,
FING-2946,Eng 2 (pass),2016/2,False,True,False,yes,2018,2,,,,,,,,,,,,,,,,,
FING-2946,Stat Analys (pass),2016/2,False,True,False,yes,2018,2,,,,,,,,,,,,,,,,,
FING-2946,Comp Struc (pass),2016/2,False,True,False,yes,2018,2,,,,,,,,,,,,,,,,,
FING-2946,Progr Parad (pass),2016/2,False,True,False,yes,2018,2,,,,,,,,,,,,,,,,,
FING-2946,Algorithms (pass),2016/2,False,True,False,yes,2018,2,,,,,,,,,,,,,,,,,
FING-2946,Stat Analys (pass),2016/2,False,True,False,yes,2018,2,,,,,,,,,,,,,,,,,
FING-2946,Eng 2 (pass),2016/2,False,True,False,yes,2018,2,,,,,,,,,,,,,,,,,
FING-2946,DB Design (pass),2017/1,False,True,False,yes,2018,2,,,,,,,,,,,,,,,,,
FING-2946,Comp Org (pass),2017/1,False,True,False,yes,2018,2,,,,,,,,,,,,,,,,,
FING-2946,SoftEng Fund (pass),2017/1,False,True,False,yes,2018,2,,,,,,,,,,,,,,,,,
FING-2946,Syst Eng (pass),2017/1,False,True,False,yes,2018,2,,,,,,,,,,,,,,,,,
FING-2946,SoftEng Fund (pass),2017/1,False,True,False,yes,2018,2,,,,,,,,,,,,,,,,,
FING-2946,DB Design (pass),2017/1,False,True,False,yes,2018,2,,,,,,,,,,,,,,,,,
FING-2946,Comp Org (pass),2017/1,False,True,False,yes,2018,2,,,,,,,,,,,,,,,,,
FING-2946,Syst Eng (pass),2017/1,False,True,False,yes,2018,2,,,,,,,,,,,,,,,,,
FING-2946,Op Sys (pass),2017/2,False,True,False,yes,2018,2,,,,,,,,,,,,,,,,,
FING-2946,DB Workshop (pass),2017/2,False,True,False,yes,2018,2,,,,,,,,,,,,,,,,,
FING-2946,Eng 3 (pass),2017/2,False,True,False,yes,2018,2,,,,,,,,,,,,,,,,,
FING-2946,Op Sys (pass),2017/2,False,True,False,yes,2018,2,,,,,,,,,,,,,,,,,
FING-2946,Eng 3 (pass),2017/2,False,True,False,yes,2018,2,,,,,,,,,,,,,,,,,
FING-2946,DB Workshop (pass),2017/2,False,True,False,yes,2018,2,,,,,,,,,,,,,,,,,
FING-2946,Eng 4 (pass),2018/1,False,True,False,yes,2018,2,,,,,,,,,,,,,,,,,
FING-2946,Inf Sys (pass),2018/1,False,True,False,yes,2018,2,,,,,,,,,,,,,,,,,
FING-2946,SoftEng Technq (pass),2018/1,False,True,False,yes,2018,2,,,,,,,,,,,,,,,,,
FING-2946,Proj Eval&Manag (pass),2018/1,False,True,False,yes,2018,2,,,,,,,,,,,,,,,,,
FING-2946,Inf & Soc (pass),2018/1,False,True,False,yes,2018,2,,,,,,,,,,,,,,,,,
FING-2946,Inf Adm & Manag (pass),2018/2,False,True,False,yes,2018,2,,,,,,,,,,,,,,,,,
FING-2946,Seminar (pass),2018/2,False,True,False,yes,2018,2,,,,,,,,,,,,,,,,,
FING-2946,Comp Net (pass),2018/2,False,True,False,yes,2018,2,,,,,,,,,,,,,,,,,
FING-2946,SoftEng Proj (pass),2019/1,False,True,False,yes,2018,2,,,,,,,,,,,,,,,,,
FING-2946,Elective (pass),2019/1,False,True,False,yes,2018,2,,,,,,,,,,,,,,,,,
FING-2946,Elective (pass),2019/1,False,True,False,yes,2018,2,,,,,,,,,,,,,,,,,
FING-2946,Deg Work (pass),2019/2,False,True,False,yes,2018,2,,,,,,,,,,,,,,,,,
FING-2946,Elective (pass),2019/2,False,True,False,yes,2018,2,,,,,,,,,,,,,,,,,
FING-2989,Cal 1 (pass),2016/1,False,True,False,yes,2019,2,,,,,,,,,,,,,,,,,
FING-2989,Alg 1 (pass),2016/1,False,True,False,yes,2019,2,,,,,,,,,,,,,,,,,
FING-2989,Phy 1 (pass),2016/1,False,True,False,yes,2019,2,,,,,,,,,,,,,,,,,
FING-2989,IPD Workshop (pass),2016/1,False,True,False,yes,2019,2,,,,,,,,,,,,,,,,,
FING-2989,Intro Eng (pass),2016/1,False,True,False,yes,2019,2,,,,,,,,,,,,,,,,,
FING-2989,Std Methods (pass),2016/1,False,True,False,yes,2019,2,,,,,,,,,,,,,,,,,
FING-2989,Intro Eng (pass),2016/1,False,True,False,yes,2019,2,,,,,,,,,,,,,,,,,
FING-2989,Std Methods (pass),2016/1,False,True,False,yes,2019,2,,,,,,,,,,,,,,,,,
FING-2989,Cal 1 (pass),2016/1,False,True,False,yes,2019,2,,,,,,,,,,,,,,,,,
FING-2989,Phy 1 (pass),2016/1,False,True,False,yes,2019,2,,,,,,,,,,,,,,,,,
FING-2989,IPD Workshop (pass),2016/1,False,True,False,yes,2019,2,,,,,,,,,,,,,,,,,
FING-2989,Alg 1 (pass),2016/1,False,True,False,yes,2019,2,,,,,,,,,,,,,,,,,
FING-2989,Alg 2 (pass),2016/2,False,True,False,yes,2019,2,,,,,,,,,,,,,,,,,
FING-2989,Fund Progr (pass),2016/2,False,True,False,yes,2019,2,,,,,,,,,,,,,,,,,
FING-2989,Chemistry (pass),2016/2,False,True,False,yes,2019,2,,,,,,,,,,,,,,,,,
FING-2989,Fund Progr (pass),2016/2,False,True,False,yes,2019,2,,,,,,,,,,,,,,,,,
FING-2989,Alg 2 (pass),2016/2,False,True,False,yes,2019,2,,,,,,,,,,,,,,,,,
FING-2989,Phy 2 (fail),2016/2,False,True,False,yes,2019,2,,,,,,,,,,,,,,,,,
FING-2989,Cal 2 (fail),2016/2,False,True,False,yes,2019,2,,,,,,,,,,,,,,,,,
FING-2989,Chemistry (pass),2016/2,False,True,False,yes,2019,2,,,,,,,,,,,,,,,,,
FING-2989,Cal 2 (pass),2017/1,False,True,False,yes,2019,2,,,,,,,,,,,,,,,,,
FING-2989,Phy 2 (pass),2017/1,False,True,False,yes,2019,2,,,,,,,,,,,,,,,,,
FING-2989,Eff Comm (pass),2017/1,False,True,False,yes,2019,2,,,,,,,,,,,,,,,,,
FING-2989,Progr Methd (pass),2017/1,False,True,False,yes,2019,2,,,,,,,,,,,,,,,,,
FING-2989,Fund Econ (pass),2017/1,False,True,False,yes,2019,2,,,,,,,,,,,,,,,,,
FING-2989,Fund Econ (pass),2017/1,False,True,False,yes,2019,2,,,,,,,,,,,,,,,,,
FING-2989,Eff Comm (pass),2017/1,False,True,False,yes,2019,2,,,,,,,,,,,,,,,,,
FING-2989,Cal 2 (pass),2017/1,False,True,False,yes,2019,2,,,,,,,,,,,,,,,,,
FING-2989,Phy 2 (pass),2017/1,False,True,False,yes,2019,2,,,,,,,,,,,,,,,,,
FING-2989,Progr Methd (pass),2017/1,False,True,False,yes,2019,2,,,,,,,,,,,,,,,,,
FING-2989,Stat Analys (pass),2017/2,False,True,False,yes,2019,2,,,,,,,,,,,,,,,,,
FING-2989,Elect & Mag (pass),2017/2,False,True,False,yes,2019,2,,,,,,,,,,,,,,,,,
FING-2989,Eng 1 (pass),2017/2,False,True,False,yes,2019,2,,,,,,,,,,,,,,,,,
FING-2989,Eng 1 (pass),2017/2,False,True,False,yes,2019,2,,,,,,,,,,,,,,,,,
FING-2989,Algorithms (fail),2017/2,False,True,False,yes,2019,2,,,,,,,,,,,,,,,,,
FING-2989,Stat Analys (pass),2017/2,False,True,False,yes,2019,2,,,,,,,,,,,,,,,,,
FING-2989,Diff Ec & Num Meth (fail),2017/2,False,True,False,yes,2019,2,,,,,,,,,,,,,,,,,
FING-2989,Elect & Mag (pass),2017/2,False,True,False,yes,2019,2,,,,,,,,,,,,,,,,,
FING-2989,Eng 2 (pass),2018/1,False,True,False,yes,2019,2,,,,,,,,,,,,,,,,,
FING-2989,Progr Parad (pass),2018/1,False,True,False,yes,2019,2,,,,,,,,,,,,,,,,,
FING-2989,Algorithms (pass),2018/1,False,True,False,yes,2019,2,,,,,,,,,,,,,,,,,
FING-2989,Comp Struc (pass),2018/1,False,True,False,yes,2019,2,,,,,,,,,,,,,,,,,
FING-2989,Diff Ec & Num Meth (fail),2018/1,False,True,False,yes,2019,2,,,,,,,,,,,,,,,,,
FING-2989,Eng 2 (pass),2018/1,False,True,False,yes,2019,2,,,,,,,,,,,,,,,,,
FING-2989,Progr Parad (pass),2018/1,False,True,False,yes,2019,2,,,,,,,,,,,,,,,,,
FING-2989,Algorithms (pass),2018/1,False,True,False,yes,2019,2,,,,,,,,,,,,,,,,,
FING-2989,Comp Struc (pass),2018/1,False,True,False,yes,2019,2,,,,,,,,,,,,,,,,,
FING-2989,Eng 3 (pass),2018/2,False,True,False,yes,2019,2,,,,,,,,,,,,,,,,,
FING-2989,DB Design (pass),2018/2,False,True,False,yes,2019,2,,,,,,,,,,,,,,,,,
FING-2989,Comp Org (pass),2018/2,False,True,False,yes,2019,2,,,,,,,,,,,,,,,,,
FING-2989,Syst Eng (fail),2018/2,False,True,False,yes,2019,2,,,,,,,,,,,,,,,,,
FING-2989,DB Design (pass),2018/2,False,True,False,yes,2019,2,,,,,,,,,,,,,,,,,
FING-2989,Comp Org (pass),2018/2,False,True,False,yes,2019,2,,,,,,,,,,,,,,,,,
FING-2989,Eng 3 (pass),2018/2,False,True,False,yes,2019,2,,,,,,,,,,,,,,,,,
FING-2989,Diff Ec & Num Meth (pass),2018/2,False,True,False,yes,2019,2,,,,,,,,,,,,,,,,,
FING-2989,Diff Ec & Num Meth (pass),2019/1,False,True,False,yes,2019,2,,,,,,,,,,,,,,,,,
FING-2989,SoftEng Fund (pass),2019/1,False,True,False,yes,2019,2,,,,,,,,,,,,,,,,,
FING-2989,Eng 4 (pass),2019/1,False,True,False,yes,2019,2,,,,,,,,,,,,,,,,,
FING-2989,Proj Eval&Manag (pass),2019/1,False,True,False,yes,2019,2,,,,,,,,,,,,,,,,,
FING-2989,Inf & Soc (pass),2019/1,False,True,False,yes,2019,2,,,,,,,,,,,,,,,,,
FING-2989,DB Workshop (pass),2019/2,False,True,False,yes,2019,2,,,,,,,,,,,,,,,,,
FING-2989,Syst Eng (pass),2019/2,False,True,False,yes,2019,2,,,,,,,,,,,,,,,,,
FING-2989,Inf Sys (pass),2019/2,False,True,False,yes,2019,2,,,,,,,,,,,,,,,,,
FING-2989,Inf Adm & Manag (pass),2019/2,False,True,False,yes,2019,2,,,,,,,,,,,,,,,,,
FING-2989,SoftEng Technq (pass),2019/2,False,True,False,yes,2019,2,,,,,,,,,,,,,,,,,
FING-2989,Op Sys (pass),2020/1,False,True,False,yes,2019,2,,,,,,,,,,,,,,,,,
FING-2989,Comp Net (pass),2020/1,False,True,False,yes,2019,2,,,,,,,,,,,,,,,,,
FING-2989,SoftEng Proj (pass),2020/1,False,True,False,yes,2019,2,,,,,,,,,,,,,,,,,
FING-2989,Elective (pass),2020/1,False,True,False,yes,2019,2,,,,,,,,,,,,,,,,,
FING-2989,Seminar (pass),2020/1,False,True,False,yes,2019,2,,,,,,,,,,,,,,,,,
FING-2989,Elective (pass),2020/2,False,True,False,yes,2019,2,,,,,,,,,,,,,,,,,
FING-2989,Elective (pass),2020/2,False,True,False,yes,2019,2,,,,,,,,,,,,,,,,,
FING-2989,Deg Work (pass),2020/2,False,True,False,yes,2019,2,,,,,,,,,,,,,,,,,
FING-3421,Phy 1 (fail),2013/1,False,True,False,yes,2015,2,,,,,,,,,,,,,,,,,
FING-3421,Alg 1 (pass),2013/1,False,True,False,yes,2015,2,,,,,,,,,,,,,,,,,
FING-3421,Cal 1 (fail),2013/1,False,True,False,yes,2015,2,,,,,,,,,,,,,,,,,
FING-3421,Intro Eng (pass),2013/1,False,True,False,yes,2015,2,,,,,,,,,,,,,,,,,
FING-3421,Std Methods (pass),2013/1,False,True,False,yes,2015,2,,,,,,,,,,,,,,,,,
FING-3421,IPD Workshop (pass),2013/1,False,True,False,yes,2015,2,,,,,,,,,,,,,,,,,
FING-3421,Fund Progr (fail),2013/2,False,True,False,yes,2015,2,,,,,,,,,,,,,,,,,
FING-3421,Chemistry (fail),2013/2,False,True,False,yes,2015,2,,,,,,,,,,,,,,,,,
FING-3421,Alg 2 (fail),2013/2,False,True,False,yes,2015,2,,,,,,,,,,,,,,,,,
FING-3421,Cal 1 (fail),2013/2,False,True,False,yes,2015,2,,,,,,,,,,,,,,,,,
FING-3421,Phy 1 (pass),2013/2,False,True,False,yes,2015,2,,,,,,,,,,,,,,,,,
FING-3421,Alg 2 (pass),2014/1,False,True,False,yes,2015,2,,,,,,,,,,,,,,,,,
FING-3421,Eng 1 (fail),2014/1,False,True,False,yes,2015,2,,,,,,,,,,,,,,,,,
FING-3421,Chemistry (fail),2014/1,False,True,False,yes,2015,2,,,,,,,,,,,,,,,,,
FING-3421,Phy 2 (fail),2014/1,False,True,False,yes,2015,2,,,,,,,,,,,,,,,,,
FING-3421,Cal 1 (fail),2014/1,False,True,False,yes,2015,2,,,,,,,,,,,,,,,,,
FING-3421,Fund Progr (fail),2014/1,False,True,False,yes,2015,2,,,,,,,,,,,,,,,,,
FING-3421,Intro Eng (pass),2015/1,False,True,False,yes,2015,2,,,,,,,,,,,,,,,,,
FING-3421,IPD Workshop (pass),2015/1,False,True,False,yes,2015,2,,,,,,,,,,,,,,,,,
FING-3421,Std Methods (pass),2015/1,False,True,False,yes,2015,2,,,,,,,,,,,,,,,,,
FING-3421,Phy 1 (pass),2015/1,False,True,False,yes,2015,2,,,,,,,,,,,,,,,,,
FING-3421,Cal 1 (pass),2015/1,False,True,False,yes,2015,2,,,,,,,,,,,,,,,,,
FING-3421,Alg 1 (pass),2015/1,False,True,False,yes,2015,2,,,,,,,,,,,,,,,,,
FING-3421,Fund Progr (pass),2015/2,False,True,False,yes,2015,2,,,,,,,,,,,,,,,,,
FING-3421,Chemistry (pass),2015/2,False,True,False,yes,2015,2,,,,,,,,,,,,,,,,,
FING-3421,Cal 2 (fail),2015/2,False,True,False,yes,2015,2,,,,,,,,,,,,,,,,,
FING-3421,Alg 2 (pass),2015/2,False,True,False,yes,2015,2,,,,,,,,,,,,,,,,,
FING-3421,Phy 2 (pass),2015/2,False,True,False,yes,2015,2,,,,,,,,,,,,,,,,,
FING-3421,Progr Methd (pass),2016/1,False,True,False,yes,2015,2,,,,,,,,,,,,,,,,,
FING-3421,Eff Comm (pass),2016/1,False,True,False,yes,2015,2,,,,,,,,,,,,,,,,,
FING-3421,Cal 2 (pass),2016/1,False,True,False,yes,2015,2,,,,,,,,,,,,,,,,,
FING-3421,Eng 1 (pass),2016/1,False,True,False,yes,2015,2,,,,,,,,,,,,,,,,,
FING-3421,Fund Econ (pass),2016/1,False,True,False,yes,2015,2,,,,,,,,,,,,,,,,,
FING-3421,Algorithms (pass),2016/2,False,True,False,yes,2015,2,,,,,,,,,,,,,,,,,
FING-3421,Progr Parad (fail),2016/2,False,True,False,yes,2015,2,,,,,,,,,,,,,,,,,
FING-3421,Elect & Mag (fail),2016/2,False,True,False,yes,2015,2,,,,,,,,,,,,,,,,,
FING-3421,Stat Analys (fail),2016/2,False,True,False,yes,2015,2,,,,,,,,,,,,,,,,,
FING-3421,Diff Ec & Num Meth (fail),2016/2,False,True,False,yes,2015,2,,,,,,,,,,,,,,,,,
FING-3421,Eng 2 (pass),2016/2,False,True,False,yes,2015,2,,,,,,,,,,,,,,,,,
FING-3421,Proj Eval&Manag (pass),2017/1,False,True,False,yes,2015,2,,,,,,,,,,,,,,,,,
FING-3421,Progr Parad (pass),2017/1,False,True,False,yes,2015,2,,,,,,,,,,,,,,,,,
FING-3421,Diff Ec & Num Meth (fail),2017/1,False,True,False,yes,2015,2,,,,,,,,,,,,,,,,,
FING-3421,Eng 3 (pass),2017/1,False,True,False,yes,2015,2,,,,,,,,,,,,,,,,,
FING-3421,Stat Analys (fail),2017/1,False,True,False,yes,2015,2,,,,,,,,,,,,,,,,,
FING-3421,Elect & Mag (fail),2017/1,False,True,False,yes,2015,2,,,,,,,,,,,,,,,,,
FING-3421,Elect & Mag (pass),2017/2,False,True,False,yes,2015,2,,,,,,,,,,,,,,,,,
FING-3421,Inf Adm & Manag (pass),2017/2,False,True,False,yes,2015,2,,,,,,,,,,,,,,,,,
FING-3421,Eng 4 (pass),2017/2,False,True,False,yes,2015,2,,,,,,,,,,,,,,,,,
FING-3421,DB Design (pass),2017/2,False,True,False,yes,2015,2,,,,,,,,,,,,,,,,,
FING-3421,Stat Analys (pass),2017/2,False,True,False,yes,2015,2,,,,,,,,,,,,,,,,,
FING-3421,Diff Ec & Num Meth (pass),2017/2,False,True,False,yes,2015,2,,,,,,,,,,,,,,,,,
FING-3421,SoftEng Fund (pass),2018/1,False,True,False,yes,2015,2,,,,,,,,,,,,,,,,,
FING-3421,Syst Eng (pass),2018/1,False,True,False,yes,2015,2,,,,,,,,,,,,,,,,,
FING-3421,Comp Struc (fail),2018/1,False,True,False,yes,2015,2,,,,,,,,,,,,,,,,,
FING-3421,Inf & Soc (pass),2018/1,False,True,False,yes,2015,2,,,,,,,,,,,,,,,,,
FING-3421,Elective (pass),2018/2,False,True,False,yes,2015,2,,,,,,,,,,,,,,,,,
FING-3421,SoftEng Technq (pass),2018/2,False,True,False,yes,2015,2,,,,,,,,,,,,,,,,,
FING-3421,Elective (pass),2018/2,False,True,False,yes,2015,2,,,,,,,,,,,,,,,,,
FING-3421,Comp Struc (pass),2018/2,False,True,False,yes,2015,2,,,,,,,,,,,,,,,,,
FING-3421,DB Workshop (pass),2018/2,False,True,False,yes,2015,2,,,,,,,,,,,,,,,,,
FING-3421,Comp Org (fail),2019/1,False,True,False,yes,2015,2,,,,,,,,,,,,,,,,,
FING-3421,Inf Sys (fail),2019/1,False,True,False,yes,2015,2,,,,,,,,,,,,,,,,,
FING-3421,Elective (fail),2019/1,False,True,False,yes,2015,2,,,,,,,,,,,,,,,,,
FING-3421,Comp Net (pass),2019/2,False,True,False,yes,2015,2,,,,,,,,,,,,,,,,,
FING-3421,Op Sys (fail),2019/2,False,True,False,yes,2015,2,,,,,,,,,,,,,,,,,
FING-3421,Inf Sys (pass),2019/2,False,True,False,yes,2015,2,,,,,,,,,,,,,,,,,
FING-3421,SoftEng Proj (pass),2019/2,False,True,False,yes,2015,2,,,,,,,,,,,,,,,,,
FING-3421,Comp Org (pass),2019/2,False,True,False,yes,2015,2,,,,,,,,,,,,,,,,,
FING-3421,Op Sys (pass),2020/1,False,True,False,yes,2015,2,,,,,,,,,,,,,,,,,
FING-3421,Elective (pass),2020/1,False,True,False,yes,2015,2,,,,,,,,,,,,,,,,,
FING-3421,Seminar (pass),2020/1,False,True,False,yes,2015,2,,,,,,,,,,,,,,,,,
FING-3421,Deg Work (pass),2020/2,False,True,False,yes,2015,2,,,,,,,,,,,,,,,,,
FING-3422,Intro Eng (pass),2015/1,False,True,False,no,2015,2,chilean,2,,1,2014,medium,medium,high,medium,,low,1,0,4,13,62,92
FING-3422,IPD Workshop (pass),2015/1,False,True,False,no,2015,2,chilean,2,,1,2014,medium,medium,high,medium,,low,1,0,4,13,62,92
FING-3422,Std Methods (pass),2015/1,False,True,False,no,2015,2,chilean,2,,1,2014,medium,medium,high,medium,,low,1,0,4,13,62,92
FING-3422,Phy 1 (pass),2015/1,False,True,False,no,2015,2,chilean,2,,1,2014,medium,medium,high,medium,,low,1,0,4,13,62,92
FING-3422,Cal 1 (fail),2015/1,False,True,False,no,2015,2,chilean,2,,1,2014,medium,medium,high,medium,,low,1,0,4,13,62,92
FING-3422,Alg 1 (pass),2015/1,False,True,False,no,2015,2,chilean,2,,1,2014,medium,medium,high,medium,,low,1,0,4,13,62,92
FING-3422,Cal 1 (pass),2015/2,False,True,False,no,2015,2,chilean,2,,1,2014,medium,medium,high,medium,,low,1,0,4,13,62,92
FING-3422,Fund Progr (pass),2015/2,False,True,False,no,2015,2,chilean,2,,1,2014,medium,medium,high,medium,,low,1,0,4,13,62,92
FING-3422,Alg 2 (pass),2015/2,False,True,False,no,2015,2,chilean,2,,1,2014,medium,medium,high,medium,,low,1,0,4,13,62,92
FING-3422,Phy 2 (pass),2015/2,False,True,False,no,2015,2,chilean,2,,1,2014,medium,medium,high,medium,,low,1,0,4,13,62,92
FING-3422,Chemistry (fail),2015/2,False,True,False,no,2015,2,chilean,2,,1,2014,medium,medium,high,medium,,low,1,0,4,13,62,92
FING-3422,Eff Comm (pass),2015/2,False,True,False,no,2015,2,chilean,2,,1,2014,medium,medium,high,medium,,low,1,0,4,13,62,92
FING-3422,Progr Methd (pass),2016/1,False,True,False,no,2015,2,chilean,2,,1,2014,medium,medium,high,medium,,low,1,0,4,13,62,92
FING-3422,Eng 1 (pass),2016/1,False,True,False,no,2015,2,chilean,2,,1,2014,medium,medium,high,medium,,low,1,0,4,13,62,92
FING-3422,Cal 2 (fail),2016/1,False,True,False,no,2015,2,chilean,2,,1,2014,medium,medium,high,medium,,low,1,0,4,13,62,92
FING-3422,Chemistry (pass),2016/1,False,True,False,no,2015,2,chilean,2,,1,2014,medium,medium,high,medium,,low,1,0,4,13,62,92
FING-3422,Cal 2 (pass),2016/2,False,True,False,no,2015,2,chilean,2,,1,2014,medium,medium,high,medium,,low,1,0,4,13,62,92
FING-3422,Fund Econ (pass),2016/2,False,True,False,no,2015,2,chilean,2,,1,2014,medium,medium,high,medium,,low,1,0,4,13,62,92
FING-3422,Eng 2 (pass),2016/2,False,True,False,no,2015,2,chilean,2,,1,2014,medium,medium,high,medium,,low,1,0,4,13,62,92
FING-3422,Eng 3 (pass),2017/1,False,True,False,no,2015,2,chilean,2,,1,2014,medium,medium,high,medium,,low,1,0,4,13,62,92
FING-3422,Stat Analys (fail),2017/1,False,True,False,no,2015,2,chilean,2,,1,2014,medium,medium,high,medium,,low,1,0,4,13,62,92
FING-3422,Inf & Soc (pass),2017/1,False,True,False,no,2015,2,chilean,2,,1,2014,medium,medium,high,medium,,low,1,0,4,13,62,92
FING-3422,Elect & Mag (fail),2017/1,False,True,False,no,2015,2,chilean,2,,1,2014,medium,medium,high,medium,,low,1,0,4,13,62,92
FING-3422,Eng 4 (pass),2017/2,False,True,False,no,2015,2,chilean,2,,1,2014,medium,medium,high,medium,,low,1,0,4,13,62,92
FING-3422,Algorithms (fail),2017/2,False,True,False,no,2015,2,chilean,2,,1,2014,medium,medium,high,medium,,low,1,0,4,13,62,92
FING-3422,Proj Eval&Manag (pass),2017/2,False,True,False,no,2015,2,chilean,2,,1,2014,medium,medium,high,medium,,low,1,0,4,13,62,92
FING-3422,Stat Analys (pass),2017/2,False,True,False,no,2015,2,chilean,2,,1,2014,medium,medium,high,medium,,low,1,0,4,13,62,92
FING-3422,Elect & Mag (pass),2017/2,False,True,False,no,2015,2,chilean,2,,1,2014,medium,medium,high,medium,,low,1,0,4,13,62,92
FING-3422,Diff Ec & Num Meth (pass),2018/1,False,True,False,no,2015,2,chilean,2,,1,2014,medium,medium,high,medium,,low,1,0,4,13,62,92
FING-3422,Syst Eng (pass),2018/1,False,True,False,no,2015,2,chilean,2,,1,2014,medium,medium,high,medium,,low,1,0,4,13,62,92
FING-3422,Progr Parad (pass),2018/1,False,True,False,no,2015,2,chilean,2,,1,2014,medium,medium,high,medium,,low,1,0,4,13,62,92
FING-3422,Algorithms (pass),2018/1,False,True,False,no,2015,2,chilean,2,,1,2014,medium,medium,high,medium,,low,1,0,4,13,62,92
FING-3422,Inf Sys (pass),2018/2,False,True,False,no,2015,2,chilean,2,,1,2014,medium,medium,high,medium,,low,1,0,4,13,62,92
FING-3422,SoftEng Fund (pass),2018/2,False,True,False,no,2015,2,chilean,2,,1,2014,medium,medium,high,medium,,low,1,0,4,13,62,92
FING-3422,Inf Adm & Manag (pass),2018/2,False,True,False,no,2015,2,chilean,2,,1,2014,medium,medium,high,medium,,low,1,0,4,13,62,92
FING-3422,DB Design (pass),2018/2,False,True,False,no,2015,2,chilean,2,,1,2014,medium,medium,high,medium,,low,1,0,4,13,62,92
FING-3422,Comp Struc (fail),2018/2,False,True,False,no,2015,2,chilean,2,,1,2014,medium,medium,high,medium,,low,1,0,4,13,62,92
FING-3422,Comp Struc (pass),2019/1,False,True,False,no,2015,2,chilean,2,,1,2014,medium,medium,high,medium,,low,1,0,4,13,62,92
FING-3422,Elective (pass),2019/1,False,True,False,no,2015,2,chilean,2,,1,2014,medium,medium,high,medium,,low,1,0,4,13,62,92
FING-3422,Elective (pass),2019/1,False,True,False,no,2015,2,chilean,2,,1,2014,medium,medium,high,medium,,low,1,0,4,13,62,92
FING-3422,SoftEng Technq (pass),2019/1,False,True,False,no,2015,2,chilean,2,,1,2014,medium,medium,high,medium,,low,1,0,4,13,62,92
FING-3422,DB Workshop (pass),2019/2,False,True,False,no,2015,2,chilean,2,,1,2014,medium,medium,high,medium,,low,1,0,4,13,62,92
FING-3422,Elective (pass),2019/2,False,True,False,no,2015,2,chilean,2,,1,2014,medium,medium,high,medium,,low,1,0,4,13,62,92
FING-3422,Comp Org (pass),2019/2,False,True,False,no,2015,2,chilean,2,,1,2014,medium,medium,high,medium,,low,1,0,4,13,62,92
FING-3422,Op Sys (pass),2020/1,False,True,False,no,2015,2,chilean,2,,1,2014,medium,medium,high,medium,,low,1,0,4,13,62,92
FING-3422,Comp Net (pass),2020/1,False,True,False,no,2015,2,chilean,2,,1,2014,medium,medium,high,medium,,low,1,0,4,13,62,92
FING-3422,SoftEng Proj (pass),2020/1,False,True,False,no,2015,2,chilean,2,,1,2014,medium,medium,high,medium,,low,1,0,4,13,62,92
FING-3422,Seminar (pass),2020/1,False,True,False,no,2015,2,chilean,2,,1,2014,medium,medium,high,medium,,low,1,0,4,13,62,92
FING-3422,Deg Work (pass),2020/2,False,True,False,no,2015,2,chilean,2,,1,2014,medium,medium,high,medium,,low,1,0,4,13,62,92
FING-3432,Intro Eng (pass),2015/1,False,True,False,no,2018,2,chilean,1,,1,2014,low,medium,high,high,,high,1,0,3,13,5,106
FING-3432,IPD Workshop (pass),2015/1,False,True,False,no,2018,2,chilean,1,,1,2014,low,medium,high,high,,high,1,0,3,13,5,106
FING-3432,Std Methods (pass),2015/1,False,True,False,no,2018,2,chilean,1,,1,2014,low,medium,high,high,,high,1,0,3,13,5,106
FING-3432,Phy 1 (pass),2015/1,False,True,False,no,2018,2,chilean,1,,1,2014,low,medium,high,high,,high,1,0,3,13,5,106
FING-3432,Cal 1 (pass),2015/1,False,True,False,no,2018,2,chilean,1,,1,2014,low,medium,high,high,,high,1,0,3,13,5,106
FING-3432,Alg 1 (pass),2015/1,False,True,False,no,2018,2,chilean,1,,1,2014,low,medium,high,high,,high,1,0,3,13,5,106
FING-3432,Fund Progr (fail),2015/2,False,True,False,no,2018,2,chilean,1,,1,2014,low,medium,high,high,,high,1,0,3,13,5,106
FING-3432,Cal 2 (fail),2015/2,False,True,False,no,2018,2,chilean,1,,1,2014,low,medium,high,high,,high,1,0,3,13,5,106
FING-3432,Chemistry (fail),2015/2,False,True,False,no,2018,2,chilean,1,,1,2014,low,medium,high,high,,high,1,0,3,13,5,106
FING-3432,Alg 2 (fail),2015/2,False,True,False,no,2018,2,chilean,1,,1,2014,low,medium,high,high,,high,1,0,3,13,5,106
FING-3432,Phy 2 (fail),2015/2,False,True,False,no,2018,2,chilean,1,,1,2014,low,medium,high,high,,high,1,0,3,13,5,106
FING-3432,Cal 2 (fail),2016/1,False,True,False,no,2018,2,chilean,1,,1,2014,low,medium,high,high,,high,1,0,3,13,5,106
FING-3432,Fund Progr (pass),2016/1,False,True,False,no,2018,2,chilean,1,,1,2014,low,medium,high,high,,high,1,0,3,13,5,106
FING-3432,Chemistry (pass),2016/1,False,True,False,no,2018,2,chilean,1,,1,2014,low,medium,high,high,,high,1,0,3,13,5,106
FING-3432,Alg 2 (pass),2016/1,False,True,False,no,2018,2,chilean,1,,1,2014,low,medium,high,high,,high,1,0,3,13,5,106
FING-3432,Phy 2 (fail),2016/1,False,True,False,no,2018,2,chilean,1,,1,2014,low,medium,high,high,,high,1,0,3,13,5,106
FING-3432,Cal 2 (pass),2016/2,False,True,False,no,2018,2,chilean,1,,1,2014,low,medium,high,high,,high,1,0,3,13,5,106
FING-3432,Progr Methd (pass),2016/2,False,True,False,no,2018,2,chilean,1,,1,2014,low,medium,high,high,,high,1,0,3,13,5,106
FING-3432,Phy 2 (fail),2016/2,False,True,False,no,2018,2,chilean,1,,1,2014,low,medium,high,high,,high,1,0,3,13,5,106
FING-3432,Eff Comm (pass),2016/2,False,True,False,no,2018,2,chilean,1,,1,2014,low,medium,high,high,,high,1,0,3,13,5,106
FING-3432,Eng 1 (pass),2016/2,False,True,False,no,2018,2,chilean,1,,1,2014,low,medium,high,high,,high,1,0,3,13,5,106
FING-3432,Std Methods (pass),2018/1,False,True,False,no,2018,2,chilean,1,,1,2014,low,medium,high,high,,high,1,0,3,13,5,106
FING-3432,Alg 1 (pass),2018/1,False,True,False,no,2018,2,chilean,1,,1,2014,low,medium,high,high,,high,1,0,3,13,5,106
FING-3432,Phy 1 (pass),2018/1,False,True,False,no,2018,2,chilean,1,,1,2014,low,medium,high,high,,high,1,0,3,13,5,106
FING-3432,Intro Eng (pass),2018/1,False,True,False,no,2018,2,chilean,1,,1,2014,low,medium,high,high,,high,1,0,3,13,5,106
FING-3432,Cal 1 (pass),2018/1,False,True,False,no,2018,2,chilean,1,,1,2014,low,medium,high,high,,high,1,0,3,13,5,106
FING-3432,IPD Workshop (pass),2018/1,False,True,False,no,2018,2,chilean,1,,1,2014,low,medium,high,high,,high,1,0,3,13,5,106
FING-3432,Fund Progr (pass),2018/2,False,True,False,no,2018,2,chilean,1,,1,2014,low,medium,high,high,,high,1,0,3,13,5,106
FING-3432,Phy 2 (pass),2018/2,False,True,False,no,2018,2,chilean,1,,1,2014,low,medium,high,high,,high,1,0,3,13,5,106
FING-3432,Cal 2 (pass),2018/2,False,True,False,no,2018,2,chilean,1,,1,2014,low,medium,high,high,,high,1,0,3,13,5,106
FING-3432,Chemistry (pass),2018/2,False,True,False,no,2018,2,chilean,1,,1,2014,low,medium,high,high,,high,1,0,3,13,5,106
FING-3432,Alg 2 (pass),2018/2,False,True,False,no,2018,2,chilean,1,,1,2014,low,medium,high,high,,high,1,0,3,13,5,106
FING-3432,Stat Analys (pass),2019/1,False,True,False,no,2018,2,chilean,1,,1,2014,low,medium,high,high,,high,1,0,3,13,5,106
FING-3432,Diff Ec & Num Meth (pass),2019/1,False,True,False,no,2018,2,chilean,1,,1,2014,low,medium,high,high,,high,1,0,3,13,5,106
FING-3432,Progr Methd (pass),2019/1,False,True,False,no,2018,2,chilean,1,,1,2014,low,medium,high,high,,high,1,0,3,13,5,106
FING-3432,Eng 1 (pass),2019/1,False,True,False,no,2018,2,chilean,1,,1,2014,low,medium,high,high,,high,1,0,3,13,5,106
FING-3432,Elect & Mag (pass),2019/1,False,True,False,no,2018,2,chilean,1,,1,2014,low,medium,high,high,,high,1,0,3,13,5,106
FING-3432,Eff Comm (pass),2019/1,False,True,False,no,2018,2,chilean,1,,1,2014,low,medium,high,high,,high,1,0,3,13,5,106
FING-3432,Fund Econ (pass),2019/2,False,True,False,no,2018,2,chilean,1,,1,2014,low,medium,high,high,,high,1,0,3,13,5,106
FING-3432,Progr Parad (pass),2019/2,False,True,False,no,2018,2,chilean,1,,1,2014,low,medium,high,high,,high,1,0,3,13,5,106
FING-3432,Algorithms (pass),2019/2,False,True,False,no,2018,2,chilean,1,,1,2014,low,medium,high,high,,high,1,0,3,13,5,106
FING-3432,Syst Eng (pass),2019/2,False,True,False,no,2018,2,chilean,1,,1,2014,low,medium,high,high,,high,1,0,3,13,5,106
FING-3432,Comp Struc (pass),2019/2,False,True,False,no,2018,2,chilean,1,,1,2014,low,medium,high,high,,high,1,0,3,13,5,106
FING-3432,Eng 2 (pass),2019/2,False,True,False,no,2018,2,chilean,1,,1,2014,low,medium,high,high,,high,1,0,3,13,5,106
FING-3432,DB Design (pass),2020/1,False,True,False,no,2018,2,chilean,1,,1,2014,low,medium,high,high,,high,1,0,3,13,5,106
FING-3432,Comp Org (pass),2020/1,False,True,False,no,2018,2,chilean,1,,1,2014,low,medium,high,high,,high,1,0,3,13,5,106
FING-3432,SoftEng Fund (pass),2020/1,False,True,False,no,2018,2,chilean,1,,1,2014,low,medium,high,high,,high,1,0,3,13,5,106
FING-3432,Proj Eval&Manag (pass),2020/1,False,True,False,no,2018,2,chilean,1,,1,2014,low,medium,high,high,,high,1,0,3,13,5,106
FING-3432,Inf & Soc (pass),2020/1,False,True,False,no,2018,2,chilean,1,,1,2014,low,medium,high,high,,high,1,0,3,13,5,106
FING-3432,Inf Sys (pass),2020/1,False,True,False,no,2018,2,chilean,1,,1,2014,low,medium,high,high,,high,1,0,3,13,5,106
FING-3432,Eng 3 (pass),2020/1,False,True,False,no,2018,2,chilean,1,,1,2014,low,medium,high,high,,high,1,0,3,13,5,106
FING-3432,DB Workshop (pass),2020/2,False,True,False,no,2018,2,chilean,1,,1,2014,low,medium,high,high,,high,1,0,3,13,5,106
FING-3432,Comp Net (pass),2020/2,False,True,False,no,2018,2,chilean,1,,1,2014,low,medium,high,high,,high,1,0,3,13,5,106
FING-3432,Eng 4 (pass),2020/2,False,True,False,no,2018,2,chilean,1,,1,2014,low,medium,high,high,,high,1,0,3,13,5,106
FING-3432,SoftEng Technq (pass),2020/2,False,True,False,no,2018,2,chilean,1,,1,2014,low,medium,high,high,,high,1,0,3,13,5,106
FING-3432,Op Sys (pass),2020/2,False,True,False,no,2018,2,chilean,1,,1,2014,low,medium,high,high,,high,1,0,3,13,5,106
FING-3432,Inf Adm & Manag (pass),2020/2,False,True,False,no,2018,2,chilean,1,,1,2014,low,medium,high,high,,high,1,0,3,13,5,106
FING-3432,Elective (pass),2021/1,False,True,False,no,2018,2,chilean,1,,1,2014,low,medium,high,high,,high,1,0,3,13,5,106
FING-3432,Seminar (pass),2021/1,False,True,False,no,2018,2,chilean,1,,1,2014,low,medium,high,high,,high,1,0,3,13,5,106
FING-3432,SoftEng Proj (pass),2021/1,False,True,False,no,2018,2,chilean,1,,1,2014,low,medium,high,high,,high,1,0,3,13,5,106
FING-3432,Elective (pass),2021/1,False,True,False,no,2018,2,chilean,1,,1,2014,low,medium,high,high,,high,1,0,3,13,5,106
FING-3432,Elective (pass),2021/1,False,True,False,no,2018,2,chilean,1,,1,2014,low,medium,high,high,,high,1,0,3,13,5,106
FING-3432,Deg Work (pass),2021/2,False,True,False,no,2018,2,chilean,1,,1,2014,low,medium,high,high,,high,1,0,3,13,5,106
FING-3435,Intro Eng (pass),2015/1,False,True,False,no,2015,2,,,,,,,,,,,,,,,,,
FING-3435,IPD Workshop (pass),2015/1,False,True,False,no,2015,2,,,,,,,,,,,,,,,,,
FING-3435,Std Methods (pass),2015/1,False,True,False,no,2015,2,,,,,,,,,,,,,,,,,
FING-3435,Phy 1 (pass),2015/1,False,True,False,no,2015,2,,,,,,,,,,,,,,,,,
FING-3435,Cal 1 (pass),2015/1,False,True,False,no,2015,2,,,,,,,,,,,,,,,,,
FING-3435,Alg 1 (pass),2015/1,False,True,False,no,2015,2,,,,,,,,,,,,,,,,,
FING-3435,Fund Progr (pass),2015/2,False,True,False,no,2015,2,,,,,,,,,,,,,,,,,
FING-3435,Alg 2 (pass),2015/2,False,True,False,no,2015,2,,,,,,,,,,,,,,,,,
FING-3435,Cal 2 (fail),2015/2,False,True,False,no,2015,2,,,,,,,,,,,,,,,,,
FING-3435,Phy 2 (pass),2015/2,False,True,False,no,2015,2,,,,,,,,,,,,,,,,,
FING-3435,Chemistry (pass),2015/2,False,True,False,no,2015,2,,,,,,,,,,,,,,,,,
FING-3435,Eff Comm (pass),2016/1,False,True,False,no,2015,2,,,,,,,,,,,,,,,,,
FING-3435,Progr Methd (pass),2016/1,False,True,False,no,2015,2,,,,,,,,,,,,,,,,,
FING-3435,Eng 1 (pass),2016/1,False,True,False,no,2015,2,,,,,,,,,,,,,,,,,
FING-3435,Fund Econ (pass),2016/1,False,True,False,no,2015,2,,,,,,,,,,,,,,,,,
FING-3435,Cal 2 (pass),2016/1,False,True,False,no,2015,2,,,,,,,,,,,,,,,,,
FING-3435,Algorithms (pass),2016/2,False,True,False,no,2015,2,,,,,,,,,,,,,,,,,
FING-3435,Elect & Mag (fail),2016/2,False,True,False,no,2015,2,,,,,,,,,,,,,,,,,
FING-3435,Stat Analys (pass),2016/2,False,True,False,no,2015,2,,,,,,,,,,,,,,,,,
FING-3435,Eng 2 (pass),2016/2,False,True,False,no,2015,2,,,,,,,,,,,,,,,,,
FING-3435,Progr Parad (fail),2017/1,False,True,False,no,2015,2,,,,,,,,,,,,,,,,,
FING-3435,Diff Ec & Num Meth (pass),2017/1,False,True,False,no,2015,2,,,,,,,,,,,,,,,,,
FING-3435,Eng 3 (pass),2017/1,False,True,False,no,2015,2,,,,,,,,,,,,,,,,,
FING-3435,Syst Eng (pass),2017/1,False,True,False,no,2015,2,,,,,,,,,,,,,,,,,
FING-3435,Elect & Mag (pass),2017/1,False,True,False,no,2015,2,,,,,,,,,,,,,,,,,
FING-3435,Comp Struc (pass),2017/2,False,True,False,no,2015,2,,,,,,,,,,,,,,,,,
FING-3435,Eng 4 (pass),2017/2,False,True,False,no,2015,2,,,,,,,,,,,,,,,,,
FING-3435,Progr Parad (pass),2017/2,False,True,False,no,2015,2,,,,,,,,,,,,,,,,,
FING-3435,Inf & Soc (pass),2017/2,False,True,False,no,2015,2,,,,,,,,,,,,,,,,,
FING-3435,Inf Sys (pass),2017/2,False,True,False,no,2015,2,,,,,,,,,,,,,,,,,
FING-3435,DB Design (pass),2018/1,False,True,False,no,2015,2,,,,,,,,,,,,,,,,,
FING-3435,SoftEng Fund (pass),2018/1,False,True,False,no,2015,2,,,,,,,,,,,,,,,,,
FING-3435,Proj Eval&Manag (pass),2018/1,False,True,False,no,2015,2,,,,,,,,,,,,,,,,,
FING-3435,Comp Org (pass),2018/1,False,True,False,no,2015,2,,,,,,,,,,,,,,,,,
FING-3435,DB Workshop (pass),2018/2,False,True,False,no,2015,2,,,,,,,,,,,,,,,,,
FING-3435,Inf Adm & Manag (pass),2018/2,False,True,False,no,2015,2,,,,,,,,,,,,,,,,,
FING-3435,SoftEng Technq (pass),2018/2,False,True,False,no,2015,2,,,,,,,,,,,,,,,,,
FING-3435,Comp Net (fail),2018/2,False,True,False,no,2015,2,,,,,,,,,,,,,,,,,
FING-3435,Op Sys (pass),2018/2,False,True,False,no,2015,2,,,,,,,,,,,,,,,,,
FING-3435,SoftEng Proj (pass),2019/1,False,True,False,no,2015,2,,,,,,,,,,,,,,,,,
FING-3435,Comp Net (pass),2019/1,False,True,False,no,2015,2,,,,,,,,,,,,,,,,,
FING-3435,Elective (pass),2019/1,False,True,False,no,2015,2,,,,,,,,,,,,,,,,,
FING-3435,Elective (pass),2019/1,False,True,False,no,2015,2,,,,,,,,,,,,,,,,,
FING-3435,Seminar (pass),2019/1,False,True,False,no,2015,2,,,,,,,,,,,,,,,,,
FING-3435,Deg Work (pass),2019/2,False,True,False,no,2015,2,,,,,,,,,,,,,,,,,
FING-3435,Elective (pass),2019/2,False,True,False,no,2015,2,,,,,,,,,,,,,,,,,
FING-3438,Intro Eng (pass),2015/1,False,True,False,no,2015,2,chilean,1,,1,2014,low,low,medium,high,,high,1,0,4,13,85,95
FING-3438,IPD Workshop (pass),2015/1,False,True,False,no,2015,2,chilean,1,,1,2014,low,low,medium,high,,high,1,0,4,13,85,95
FING-3438,Std Methods (pass),2015/1,False,True,False,no,2015,2,chilean,1,,1,2014,low,low,medium,high,,high,1,0,4,13,85,95
FING-3438,Phy 1 (pass),2015/1,False,True,False,no,2015,2,chilean,1,,1,2014,low,low,medium,high,,high,1,0,4,13,85,95
FING-3438,Cal 1 (fail),2015/1,False,True,False,no,2015,2,chilean,1,,1,2014,low,low,medium,high,,high,1,0,4,13,85,95
FING-3438,Alg 1 (pass),2015/1,False,True,False,no,2015,2,chilean,1,,1,2014,low,low,medium,high,,high,1,0,4,13,85,95
FING-3438,Cal 1 (fail),2015/2,False,True,False,no,2015,2,chilean,1,,1,2014,low,low,medium,high,,high,1,0,4,13,85,95
FING-3438,Fund Progr (pass),2015/2,False,True,False,no,2015,2,chilean,1,,1,2014,low,low,medium,high,,high,1,0,4,13,85,95
FING-3438,Alg 2 (pass),2015/2,False,True,False,no,2015,2,chilean,1,,1,2014,low,low,medium,high,,high,1,0,4,13,85,95
FING-3438,Phy 2 (pass),2015/2,False,True,False,no,2015,2,chilean,1,,1,2014,low,low,medium,high,,high,1,0,4,13,85,95
FING-3438,Chemistry (pass),2015/2,False,True,False,no,2015,2,chilean,1,,1,2014,low,low,medium,high,,high,1,0,4,13,85,95
FING-3438,Eff Comm (pass),2015/2,False,True,False,no,2015,2,chilean,1,,1,2014,low,low,medium,high,,high,1,0,4,13,85,95
FING-3438,Eng 1 (pass),2016/1,False,True,False,no,2015,2,chilean,1,,1,2014,low,low,medium,high,,high,1,0,4,13,85,95
FING-3438,Progr Methd (fail),2016/1,False,True,False,no,2015,2,chilean,1,,1,2014,low,low,medium,high,,high,1,0,4,13,85,95
FING-3438,Cal 1 (pass),2016/1,False,True,False,no,2015,2,chilean,1,,1,2014,low,low,medium,high,,high,1,0,4,13,85,95
FING-3438,Cal 2 (pass),2016/2,False,True,False,no,2015,2,chilean,1,,1,2014,low,low,medium,high,,high,1,0,4,13,85,95
FING-3438,Progr Methd (fail),2016/2,False,True,False,no,2015,2,chilean,1,,1,2014,low,low,medium,high,,high,1,0,4,13,85,95
FING-3438,Fund Econ (fail),2016/2,False,True,False,no,2015,2,chilean,1,,1,2014,low,low,medium,high,,high,1,0,4,13,85,95
FING-3438,Eng 2 (pass),2016/2,False,True,False,no,2015,2,chilean,1,,1,2014,low,low,medium,high,,high,1,0,4,13,85,95
FING-3438,Progr Methd (pass),2017/1,False,True,False,no,2015,2,chilean,1,,1,2014,low,low,medium,high,,high,1,0,4,13,85,95
FING-3438,Fund Econ (pass),2017/1,False,True,False,no,2015,2,chilean,1,,1,2014,low,low,medium,high,,high,1,0,4,13,85,95
FING-3438,Eng 3 (pass),2017/1,False,True,False,no,2015,2,chilean,1,,1,2014,low,low,medium,high,,high,1,0,4,13,85,95
FING-3438,Stat Analys (fail),2017/1,False,True,False,no,2015,2,chilean,1,,1,2014,low,low,medium,high,,high,1,0,4,13,85,95
FING-3438,Elect & Mag (fail),2017/1,False,True,False,no,2015,2,chilean,1,,1,2014,low,low,medium,high,,high,1,0,4,13,85,95
FING-3438,Stat Analys (pass),2017/2,False,True,False,no,2015,2,chilean,1,,1,2014,low,low,medium,high,,high,1,0,4,13,85,95
FING-3438,Eng 4 (fail),2017/2,False,True,False,no,2015,2,chilean,1,,1,2014,low,low,medium,high,,high,1,0,4,13,85,95
FING-3438,Algorithms (pass),2017/2,False,True,False,no,2015,2,chilean,1,,1,2014,low,low,medium,high,,high,1,0,4,13,85,95
FING-3438,Elect & Mag (pass),2017/2,False,True,False,no,2015,2,chilean,1,,1,2014,low,low,medium,high,,high,1,0,4,13,85,95
FING-3438,Diff Ec & Num Meth (fail),2018/1,False,True,False,no,2015,2,chilean,1,,1,2014,low,low,medium,high,,high,1,0,4,13,85,95
FING-3438,Eng 4 (pass),2018/1,False,True,False,no,2015,2,chilean,1,,1,2014,low,low,medium,high,,high,1,0,4,13,85,95
FING-3438,Progr Parad (pass),2018/1,False,True,False,no,2015,2,chilean,1,,1,2014,low,low,medium,high,,high,1,0,4,13,85,95
FING-3438,Syst Eng (fail),2018/1,False,True,False,no,2015,2,chilean,1,,1,2014,low,low,medium,high,,high,1,0,4,13,85,95
FING-3438,Comp Struc (pass),2018/1,False,True,False,no,2015,2,chilean,1,,1,2014,low,low,medium,high,,high,1,0,4,13,85,95
FING-3438,Diff Ec & Num Meth (fail),2018/2,False,True,False,no,2015,2,chilean,1,,1,2014,low,low,medium,high,,high,1,0,4,13,85,95
FING-3438,Comp Org (fail),2018/2,False,True,False,no,2015,2,chilean,1,,1,2014,low,low,medium,high,,high,1,0,4,13,85,95
FING-3438,Proj Eval&Manag (pass),2018/2,False,True,False,no,2015,2,chilean,1,,1,2014,low,low,medium,high,,high,1,0,4,13,85,95
FING-3438,Syst Eng (pass),2018/2,False,True,False,no,2015,2,chilean,1,,1,2014,low,low,medium,high,,high,1,0,4,13,85,95
FING-3438,Inf & Soc (pass),2018/2,False,True,False,no,2015,2,chilean,1,,1,2014,low,low,medium,high,,high,1,0,4,13,85,95
FING-3438,Diff Ec & Num Meth (pass),2019/1,False,True,False,no,2015,2,chilean,1,,1,2014,low,low,medium,high,,high,1,0,4,13,85,95
FING-3438,Comp Org (pass),2019/1,False,True,False,no,2015,2,chilean,1,,1,2014,low,low,medium,high,,high,1,0,4,13,85,95
FING-3438,DB Design (pass),2019/1,False,True,False,no,2015,2,chilean,1,,1,2014,low,low,medium,high,,high,1,0,4,13,85,95
FING-3438,Inf Sys (pass),2019/1,False,True,False,no,2015,2,chilean,1,,1,2014,low,low,medium,high,,high,1,0,4,13,85,95
FING-3438,Comp Net (pass),2019/2,False,True,False,no,2015,2,chilean,1,,1,2014,low,low,medium,high,,high,1,0,4,13,85,95
FING-3438,SoftEng Fund (pass),2019/2,False,True,False,no,2015,2,chilean,1,,1,2014,low,low,medium,high,,high,1,0,4,13,85,95
FING-3438,Op Sys (pass),2019/2,False,True,False,no,2015,2,chilean,1,,1,2014,low,low,medium,high,,high,1,0,4,13,85,95
FING-3438,Inf Adm & Manag (pass),2019/2,False,True,False,no,2015,2,chilean,1,,1,2014,low,low,medium,high,,high,1,0,4,13,85,95
FING-3438,SoftEng Technq (pass),2020/1,False,True,False,no,2015,2,chilean,1,,1,2014,low,low,medium,high,,high,1,0,4,13,85,95
FING-3438,Elective (pass),2020/1,False,True,False,no,2015,2,chilean,1,,1,2014,low,low,medium,high,,high,1,0,4,13,85,95
FING-3438,DB Workshop (pass),2020/1,False,True,False,no,2015,2,chilean,1,,1,2014,low,low,medium,high,,high,1,0,4,13,85,95
FING-3438,Elective (pass),2020/1,False,True,False,no,2015,2,chilean,1,,1,2014,low,low,medium,high,,high,1,0,4,13,85,95
FING-3438,SoftEng Proj (pass),2020/2,False,True,False,no,2015,2,chilean,1,,1,2014,low,low,medium,high,,high,1,0,4,13,85,95
FING-3438,Seminar (pass),2020/2,False,True,False,no,2015,2,chilean,1,,1,2014,low,low,medium,high,,high,1,0,4,13,85,95
FING-3438,Elective (pass),2020/2,False,True,False,no,2015,2,chilean,1,,1,2014,low,low,medium,high,,high,1,0,4,13,85,95
FING-3438,Deg Work (pass),2021/1,False,True,False,no,2015,2,chilean,1,,1,2014,low,low,medium,high,,high,1,0,4,13,85,95
FING-3443,Intro Eng (pass),2015/1,False,True,False,no,2015,2,chilean,1,academic excellence,1,2014,high,high,high,low,,high,3,7,3,13,36,103
FING-3443,IPD Workshop (pass),2015/1,False,True,False,no,2015,2,chilean,1,academic excellence,1,2014,high,high,high,low,,high,3,7,3,13,36,103
FING-3443,Std Methods (pass),2015/1,False,True,False,no,2015,2,chilean,1,academic excellence,1,2014,high,high,high,low,,high,3,7,3,13,36,103
FING-3443,Phy 1 (pass),2015/1,False,True,False,no,2015,2,chilean,1,academic excellence,1,2014,high,high,high,low,,high,3,7,3,13,36,103
FING-3443,Cal 1 (pass),2015/1,False,True,False,no,2015,2,chilean,1,academic excellence,1,2014,high,high,high,low,,high,3,7,3,13,36,103
FING-3443,Alg 1 (pass),2015/1,False,True,False,no,2015,2,chilean,1,academic excellence,1,2014,high,high,high,low,,high,3,7,3,13,36,103
FING-3443,Fund Progr (pass),2015/2,False,True,False,no,2015,2,chilean,1,academic excellence,1,2014,high,high,high,low,,high,3,7,3,13,36,103
FING-3443,Alg 2 (pass),2015/2,False,True,False,no,2015,2,chilean,1,academic excellence,1,2014,high,high,high,low,,high,3,7,3,13,36,103
FING-3443,Cal 2 (pass),2015/2,False,True,False,no,2015,2,chilean,1,academic excellence,1,2014,high,high,high,low,,high,3,7,3,13,36,103
FING-3443,Phy 2 (pass),2015/2,False,True,False,no,2015,2,chilean,1,academic excellence,1,2014,high,high,high,low,,high,3,7,3,13,36,103
FING-3443,Chemistry (pass),2015/2,False,True,False,no,2015,2,chilean,1,academic excellence,1,2014,high,high,high,low,,high,3,7,3,13,36,103
FING-3443,Progr Methd (pass),2016/1,False,True,False,no,2015,2,chilean,1,academic excellence,1,2014,high,high,high,low,,high,3,7,3,13,36,103
FING-3443,Elect & Mag (pass),2016/1,False,True,False,no,2015,2,chilean,1,academic excellence,1,2014,high,high,high,low,,high,3,7,3,13,36,103
FING-3443,Eff Comm (pass),2016/1,False,True,False,no,2015,2,chilean,1,academic excellence,1,2014,high,high,high,low,,high,3,7,3,13,36,103
FING-3443,Eng 1 (pass),2016/1,False,True,False,no,2015,2,chilean,1,academic excellence,1,2014,high,high,high,low,,high,3,7,3,13,36,103
FING-3443,Stat Analys (fail),2016/1,False,True,False,no,2015,2,chilean,1,academic excellence,1,2014,high,high,high,low,,high,3,7,3,13,36,103
FING-3443,Diff Ec & Num Meth (pass),2016/1,False,True,False,no,2015,2,chilean,1,academic excellence,1,2014,high,high,high,low,,high,3,7,3,13,36,103
FING-3443,Comp Struc (pass),2016/2,False,True,False,no,2015,2,chilean,1,academic excellence,1,2014,high,high,high,low,,high,3,7,3,13,36,103
FING-3443,Progr Parad (fail),2016/2,False,True,False,no,2015,2,chilean,1,academic excellence,1,2014,high,high,high,low,,high,3,7,3,13,36,103
FING-3443,Algorithms (pass),2016/2,False,True,False,no,2015,2,chilean,1,academic excellence,1,2014,high,high,high,low,,high,3,7,3,13,36,103
FING-3443,Stat Analys (pass),2016/2,False,True,False,no,2015,2,chilean,1,academic excellence,1,2014,high,high,high,low,,high,3,7,3,13,36,103
FING-3443,Fund Econ (pass),2016/2,False,True,False,no,2015,2,chilean,1,academic excellence,1,2014,high,high,high,low,,high,3,7,3,13,36,103
FING-3443,Eng 2 (pass),2016/2,False,True,False,no,2015,2,chilean,1,academic excellence,1,2014,high,high,high,low,,high,3,7,3,13,36,103
FING-3443,Progr Parad (pass),2017/1,False,True,False,no,2015,2,chilean,1,academic excellence,1,2014,high,high,high,low,,high,3,7,3,13,36,103
FING-3443,Proj Eval&Manag (pass),2017/1,False,True,False,no,2015,2,chilean,1,academic excellence,1,2014,high,high,high,low,,high,3,7,3,13,36,103
FING-3443,Comp Org (pass),2017/1,False,True,False,no,2015,2,chilean,1,academic excellence,1,2014,high,high,high,low,,high,3,7,3,13,36,103
FING-3443,Eng 3 (pass),2017/1,False,True,False,no,2015,2,chilean,1,academic excellence,1,2014,high,high,high,low,,high,3,7,3,13,36,103
FING-3443,Syst Eng (pass),2017/1,False,True,False,no,2015,2,chilean,1,academic excellence,1,2014,high,high,high,low,,high,3,7,3,13,36,103
FING-3443,SoftEng Fund (pass),2017/2,False,True,False,no,2015,2,chilean,1,academic excellence,1,2014,high,high,high,low,,high,3,7,3,13,36,103
FING-3443,Eng 4 (pass),2017/2,False,True,False,no,2015,2,chilean,1,academic excellence,1,2014,high,high,high,low,,high,3,7,3,13,36,103
FING-3443,Inf & Soc (pass),2017/2,False,True,False,no,2015,2,chilean,1,academic excellence,1,2014,high,high,high,low,,high,3,7,3,13,36,103
FING-3443,Inf Sys (pass),2017/2,False,True,False,no,2015,2,chilean,1,academic excellence,1,2014,high,high,high,low,,high,3,7,3,13,36,103
FING-3443,DB Design (pass),2017/2,False,True,False,no,2015,2,chilean,1,academic excellence,1,2014,high,high,high,low,,high,3,7,3,13,36,103
FING-3443,Elective (fail),2018/1,False,True,False,no,2015,2,chilean,1,academic excellence,1,2014,high,high,high,low,,high,3,7,3,13,36,103
FING-3443,Elective (fail),2018/1,False,True,False,no,2015,2,chilean,1,academic excellence,1,2014,high,high,high,low,,high,3,7,3,13,36,103
FING-3443,Elective (pass),2018/1,False,True,False,no,2015,2,chilean,1,academic excellence,1,2014,high,high,high,low,,high,3,7,3,13,36,103
FING-3443,Op Sys (pass),2018/2,False,True,False,no,2015,2,chilean,1,academic excellence,1,2014,high,high,high,low,,high,3,7,3,13,36,103
FING-3443,DB Workshop (pass),2018/2,False,True,False,no,2015,2,chilean,1,academic excellence,1,2014,high,high,high,low,,high,3,7,3,13,36,103
FING-3443,Inf Adm & Manag (pass),2018/2,False,True,False,no,2015,2,chilean,1,academic excellence,1,2014,high,high,high,low,,high,3,7,3,13,36,103
FING-3443,SoftEng Technq (pass),2018/2,False,True,False,no,2015,2,chilean,1,academic excellence,1,2014,high,high,high,low,,high,3,7,3,13,36,103
FING-3443,Comp Net (pass),2018/2,False,True,False,no,2015,2,chilean,1,academic excellence,1,2014,high,high,high,low,,high,3,7,3,13,36,103
FING-3443,SoftEng Proj (pass),2019/1,False,True,False,no,2015,2,chilean,1,academic excellence,1,2014,high,high,high,low,,high,3,7,3,13,36,103
FING-3443,Elective (pass),2019/1,False,True,False,no,2015,2,chilean,1,academic excellence,1,2014,high,high,high,low,,high,3,7,3,13,36,103
FING-3443,Elective (pass),2019/1,False,True,False,no,2015,2,chilean,1,academic excellence,1,2014,high,high,high,low,,high,3,7,3,13,36,103
FING-3443,Seminar (pass),2019/1,False,True,False,no,2015,2,chilean,1,academic excellence,1,2014,high,high,high,low,,high,3,7,3,13,36,103
FING-3443,Deg Work (pass),2021/1,False,True,False,no,2015,2,chilean,1,academic excellence,1,2014,high,high,high,low,,high,3,7,3,13,36,103
FING-3446,Intro Eng (pass),2015/1,False,True,False,no,2015,2,chilean,4,,1,2013,low,low,high,medium,,medium,0,0,3,13,88,102
FING-3446,IPD Workshop (pass),2015/1,False,True,False,no,2015,2,chilean,4,,1,2013,low,low,high,medium,,medium,0,0,3,13,88,102
FING-3446,Std Methods (pass),2015/1,False,True,False,no,2015,2,chilean,4,,1,2013,low,low,high,medium,,medium,0,0,3,13,88,102
FING-3446,Phy 1 (fail),2015/1,False,True,False,no,2015,2,chilean,4,,1,2013,low,low,high,medium,,medium,0,0,3,13,88,102
FING-3446,Cal 1 (fail),2015/1,False,True,False,no,2015,2,chilean,4,,1,2013,low,low,high,medium,,medium,0,0,3,13,88,102
FING-3446,Alg 1 (fail),2015/1,False,True,False,no,2015,2,chilean,4,,1,2013,low,low,high,medium,,medium,0,0,3,13,88,102
FING-3446,Cal 1 (fail),2015/2,False,True,False,no,2015,2,chilean,4,,1,2013,low,low,high,medium,,medium,0,0,3,13,88,102
FING-3446,Phy 1 (fail),2015/2,False,True,False,no,2015,2,chilean,4,,1,2013,low,low,high,medium,,medium,0,0,3,13,88,102
FING-3446,Chemistry (pass),2015/2,False,True,False,no,2015,2,chilean,4,,1,2013,low,low,high,medium,,medium,0,0,3,13,88,102
FING-3446,Alg 1 (fail),2015/2,False,True,False,no,2015,2,chilean,4,,1,2013,low,low,high,medium,,medium,0,0,3,13,88,102
FING-3446,Eng 1 (pass),2015/2,False,True,False,no,2015,2,chilean,4,,1,2013,low,low,high,medium,,medium,0,0,3,13,88,102
FING-3446,Eff Comm (pass),2015/2,False,True,False,no,2015,2,chilean,4,,1,2013,low,low,high,medium,,medium,0,0,3,13,88,102
FING-3446,Phy 1 (pass),2016/1,False,True,False,no,2015,2,chilean,4,,1,2013,low,low,high,medium,,medium,0,0,3,13,88,102
FING-3446,Eng 2 (pass),2016/1,False,True,False,no,2015,2,chilean,4,,1,2013,low,low,high,medium,,medium,0,0,3,13,88,102
FING-3446,Cal 1 (pass),2016/1,False,True,False,no,2015,2,chilean,4,,1,2013,low,low,high,medium,,medium,0,0,3,13,88,102
FING-3446,Alg 1 (pass),2016/1,False,True,False,no,2015,2,chilean,4,,1,2013,low,low,high,medium,,medium,0,0,3,13,88,102
FING-3446,Cal 2 (pass),2016/2,False,True,False,no,2015,2,chilean,4,,1,2013,low,low,high,medium,,medium,0,0,3,13,88,102
FING-3446,Fund Progr (fail),2016/2,False,True,False,no,2015,2,chilean,4,,1,2013,low,low,high,medium,,medium,0,0,3,13,88,102
FING-3446,Alg 2 (pass),2016/2,False,True,False,no,2015,2,chilean,4,,1,2013,low,low,high,medium,,medium,0,0,3,13,88,102
FING-3446,Phy 2 (fail),2016/2,False,True,False,no,2015,2,chilean,4,,1,2013,low,low,high,medium,,medium,0,0,3,13,88,102
FING-3446,Eng 3 (pass),2016/2,False,True,False,no,2015,2,chilean,4,,1,2013,low,low,high,medium,,medium,0,0,3,13,88,102
FING-3446,Fund Progr (pass),2017/1,False,True,False,no,2015,2,chilean,4,,1,2013,low,low,high,medium,,medium,0,0,3,13,88,102
FING-3446,Fund Econ (pass),2017/1,False,True,False,no,2015,2,chilean,4,,1,2013,low,low,high,medium,,medium,0,0,3,13,88,102
FING-3446,Stat Analys (fail),2017/1,False,True,False,no,2015,2,chilean,4,,1,2013,low,low,high,medium,,medium,0,0,3,13,88,102
FING-3446,Phy 2 (pass),2017/1,False,True,False,no,2015,2,chilean,4,,1,2013,low,low,high,medium,,medium,0,0,3,13,88,102
FING-3446,Stat Analys (pass),2017/2,False,True,False,no,2015,2,chilean,4,,1,2013,low,low,high,medium,,medium,0,0,3,13,88,102
FING-3446,Eng 4 (pass),2017/2,False,True,False,no,2015,2,chilean,4,,1,2013,low,low,high,medium,,medium,0,0,3,13,88,102
FING-3446,Progr Methd (fail),2017/2,False,True,False,no,2015,2,chilean,4,,1,2013,low,low,high,medium,,medium,0,0,3,13,88,102
FING-3446,Diff Ec & Num Meth (fail),2017/2,False,True,False,no,2015,2,chilean,4,,1,2013,low,low,high,medium,,medium,0,0,3,13,88,102
FING-3446,Elect & Mag (fail),2017/2,False,True,False,no,2015,2,chilean,4,,1,2013,low,low,high,medium,,medium,0,0,3,13,88,102
FING-3446,Progr Methd (pass),2018/1,False,True,False,no,2015,2,chilean,4,,1,2013,low,low,high,medium,,medium,0,0,3,13,88,102
FING-3446,Syst Eng (pass),2018/1,False,True,False,no,2015,2,chilean,4,,1,2013,low,low,high,medium,,medium,0,0,3,13,88,102
FING-3446,Proj Eval&Manag (pass),2018/1,False,True,False,no,2015,2,chilean,4,,1,2013,low,low,high,medium,,medium,0,0,3,13,88,102
FING-3446,Elect & Mag (fail),2018/1,False,True,False,no,2015,2,chilean,4,,1,2013,low,low,high,medium,,medium,0,0,3,13,88,102
FING-3446,Diff Ec & Num Meth (pass),2019/1,False,True,False,no,2015,2,chilean,4,,1,2013,low,low,high,medium,,medium,0,0,3,13,88,102
FING-3446,Algorithms (pass),2019/1,False,True,False,no,2015,2,chilean,4,,1,2013,low,low,high,medium,,medium,0,0,3,13,88,102
FING-3446,Inf & Soc (pass),2019/1,False,True,False,no,2015,2,chilean,4,,1,2013,low,low,high,medium,,medium,0,0,3,13,88,102
FING-3446,Elect & Mag (pass),2019/1,False,True,False,no,2015,2,chilean,4,,1,2013,low,low,high,medium,,medium,0,0,3,13,88,102
FING-3446,Progr Parad (pass),2019/2,False,True,False,no,2015,2,chilean,4,,1,2013,low,low,high,medium,,medium,0,0,3,13,88,102
FING-3446,Inf Sys (pass),2019/2,False,True,False,no,2015,2,chilean,4,,1,2013,low,low,high,medium,,medium,0,0,3,13,88,102
FING-3446,Inf Adm & Manag (pass),2019/2,False,True,False,no,2015,2,chilean,4,,1,2013,low,low,high,medium,,medium,0,0,3,13,88,102
FING-3446,Comp Struc (pass),2019/2,False,True,False,no,2015,2,chilean,4,,1,2013,low,low,high,medium,,medium,0,0,3,13,88,102
FING-3446,Elective (pass),2020/1,False,True,False,no,2015,2,chilean,4,,1,2013,low,low,high,medium,,medium,0,0,3,13,88,102
FING-3446,DB Design (pass),2020/1,False,True,False,no,2015,2,chilean,4,,1,2013,low,low,high,medium,,medium,0,0,3,13,88,102
FING-3446,Comp Org (pass),2020/1,False,True,False,no,2015,2,chilean,4,,1,2013,low,low,high,medium,,medium,0,0,3,13,88,102
FING-3446,SoftEng Fund (pass),2020/1,False,True,False,no,2015,2,chilean,4,,1,2013,low,low,high,medium,,medium,0,0,3,13,88,102
FING-3446,Elective (pass),2020/1,False,True,False,no,2015,2,chilean,4,,1,2013,low,low,high,medium,,medium,0,0,3,13,88,102
FING-3446,DB Workshop (pass),2020/2,False,True,False,no,2015,2,chilean,4,,1,2013,low,low,high,medium,,medium,0,0,3,13,88,102
FING-3446,Comp Net (pass),2020/2,False,True,False,no,2015,2,chilean,4,,1,2013,low,low,high,medium,,medium,0,0,3,13,88,102
FING-3446,Elective (pass),2020/2,False,True,False,no,2015,2,chilean,4,,1,2013,low,low,high,medium,,medium,0,0,3,13,88,102
FING-3446,SoftEng Technq (pass),2020/2,False,True,False,no,2015,2,chilean,4,,1,2013,low,low,high,medium,,medium,0,0,3,13,88,102
FING-3446,Op Sys (pass),2020/2,False,True,False,no,2015,2,chilean,4,,1,2013,low,low,high,medium,,medium,0,0,3,13,88,102
FING-3446,Seminar (pass),2021/1,False,True,False,no,2015,2,chilean,4,,1,2013,low,low,high,medium,,medium,0,0,3,13,88,102
FING-3446,SoftEng Proj (pass),2021/1,False,True,False,no,2015,2,chilean,4,,1,2013,low,low,high,medium,,medium,0,0,3,13,88,102
FING-3446,Deg Work (pass),2021/2,False,True,False,no,2015,2,chilean,4,,1,2013,low,low,high,medium,,medium,0,0,3,13,88,102
FING-3447,Intro Eng (pass),2015/1,False,True,False,no,2015,2,chilean,1,,1,2013,medium,medium,low,medium,,medium,1,0,3,13,73,107
FING-3447,IPD Workshop (pass),2015/1,False,True,False,no,2015,2,chilean,1,,1,2013,medium,medium,low,medium,,medium,1,0,3,13,73,107
FING-3447,Std Methods (pass),2015/1,False,True,False,no,2015,2,chilean,1,,1,2013,medium,medium,low,medium,,medium,1,0,3,13,73,107
FING-3447,Phy 1 (pass),2015/1,False,True,False,no,2015,2,chilean,1,,1,2013,medium,medium,low,medium,,medium,1,0,3,13,73,107
FING-3447,Cal 1 (pass),2015/1,False,True,False,no,2015,2,chilean,1,,1,2013,medium,medium,low,medium,,medium,1,0,3,13,73,107
FING-3447,Alg 1 (fail),2015/1,False,True,False,no,2015,2,chilean,1,,1,2013,medium,medium,low,medium,,medium,1,0,3,13,73,107
FING-3447,Chemistry (fail),2015/2,False,True,False,no,2015,2,chilean,1,,1,2013,medium,medium,low,medium,,medium,1,0,3,13,73,107
FING-3447,Alg 1 (pass),2015/2,False,True,False,no,2015,2,chilean,1,,1,2013,medium,medium,low,medium,,medium,1,0,3,13,73,107
FING-3447,Cal 2 (fail),2015/2,False,True,False,no,2015,2,chilean,1,,1,2013,medium,medium,low,medium,,medium,1,0,3,13,73,107
FING-3447,Phy 2 (pass),2015/2,False,True,False,no,2015,2,chilean,1,,1,2013,medium,medium,low,medium,,medium,1,0,3,13,73,107
FING-3447,Eff Comm (pass),2015/2,False,True,False,no,2015,2,chilean,1,,1,2013,medium,medium,low,medium,,medium,1,0,3,13,73,107
FING-3447,Eng 1 (pass),2016/1,False,True,False,no,2015,2,chilean,1,,1,2013,medium,medium,low,medium,,medium,1,0,3,13,73,107
FING-3447,Fund Progr (pass),2016/1,False,True,False,no,2015,2,chilean,1,,1,2013,medium,medium,low,medium,,medium,1,0,3,13,73,107
FING-3447,Chemistry (pass),2016/1,False,True,False,no,2015,2,chilean,1,,1,2013,medium,medium,low,medium,,medium,1,0,3,13,73,107
FING-3447,Alg 2 (pass),2016/1,False,True,False,no,2015,2,chilean,1,,1,2013,medium,medium,low,medium,,medium,1,0,3,13,73,107
FING-3447,Cal 2 (fail),2016/1,False,True,False,no,2015,2,chilean,1,,1,2013,medium,medium,low,medium,,medium,1,0,3,13,73,107
FING-3447,Cal 2 (pass),2016/2,False,True,False,no,2015,2,chilean,1,,1,2013,medium,medium,low,medium,,medium,1,0,3,13,73,107
FING-3447,Eng 2 (pass),2016/2,False,True,False,no,2015,2,chilean,1,,1,2013,medium,medium,low,medium,,medium,1,0,3,13,73,107
FING-3447,Fund Econ (pass),2016/2,False,True,False,no,2015,2,chilean,1,,1,2013,medium,medium,low,medium,,medium,1,0,3,13,73,107
FING-3447,Progr Methd (pass),2017/1,False,True,False,no,2015,2,chilean,1,,1,2013,medium,medium,low,medium,,medium,1,0,3,13,73,107
FING-3447,Eng 3 (pass),2017/1,False,True,False,no,2015,2,chilean,1,,1,2013,medium,medium,low,medium,,medium,1,0,3,13,73,107
FING-3447,Stat Analys (fail),2017/1,False,True,False,no,2015,2,chilean,1,,1,2013,medium,medium,low,medium,,medium,1,0,3,13,73,107
FING-3447,Elect & Mag (pass),2017/1,False,True,False,no,2015,2,chilean,1,,1,2013,medium,medium,low,medium,,medium,1,0,3,13,73,107
FING-3447,Eng 4 (pass),2017/2,False,True,False,no,2015,2,chilean,1,,1,2013,medium,medium,low,medium,,medium,1,0,3,13,73,107
FING-3447,Algorithms (fail),2017/2,False,True,False,no,2015,2,chilean,1,,1,2013,medium,medium,low,medium,,medium,1,0,3,13,73,107
FING-3447,Stat Analys (pass),2017/2,False,True,False,no,2015,2,chilean,1,,1,2013,medium,medium,low,medium,,medium,1,0,3,13,73,107
FING-3447,Diff Ec & Num Meth (pass),2017/2,False,True,False,no,2015,2,chilean,1,,1,2013,medium,medium,low,medium,,medium,1,0,3,13,73,107
FING-3447,Syst Eng (pass),2018/1,False,True,False,no,2015,2,chilean,1,,1,2013,medium,medium,low,medium,,medium,1,0,3,13,73,107
FING-3447,Progr Parad (fail),2018/1,False,True,False,no,2015,2,chilean,1,,1,2013,medium,medium,low,medium,,medium,1,0,3,13,73,107
FING-3447,Algorithms (pass),2018/1,False,True,False,no,2015,2,chilean,1,,1,2013,medium,medium,low,medium,,medium,1,0,3,13,73,107
FING-3447,Comp Struc (pass),2018/1,False,True,False,no,2015,2,chilean,1,,1,2013,medium,medium,low,medium,,medium,1,0,3,13,73,107
FING-3447,Progr Parad (pass),2018/2,False,True,False,no,2015,2,chilean,1,,1,2013,medium,medium,low,medium,,medium,1,0,3,13,73,107
FING-3447,Inf Sys (pass),2018/2,False,True,False,no,2015,2,chilean,1,,1,2013,medium,medium,low,medium,,medium,1,0,3,13,73,107
FING-3447,Comp Org (pass),2018/2,False,True,False,no,2015,2,chilean,1,,1,2013,medium,medium,low,medium,,medium,1,0,3,13,73,107
FING-3447,Proj Eval&Manag (pass),2018/2,False,True,False,no,2015,2,chilean,1,,1,2013,medium,medium,low,medium,,medium,1,0,3,13,73,107
FING-3447,Inf & Soc (pass),2018/2,False,True,False,no,2015,2,chilean,1,,1,2013,medium,medium,low,medium,,medium,1,0,3,13,73,107
FING-3447,DB Design (pass),2019/1,False,True,False,no,2015,2,chilean,1,,1,2013,medium,medium,low,medium,,medium,1,0,3,13,73,107
FING-3447,Comp Net (pass),2019/1,False,True,False,no,2015,2,chilean,1,,1,2013,medium,medium,low,medium,,medium,1,0,3,13,73,107
FING-3447,SoftEng Fund (pass),2019/1,False,True,False,no,2015,2,chilean,1,,1,2013,medium,medium,low,medium,,medium,1,0,3,13,73,107
FING-3447,Op Sys (fail),2019/1,False,True,False,no,2015,2,chilean,1,,1,2013,medium,medium,low,medium,,medium,1,0,3,13,73,107
FING-3447,Inf Adm & Manag (pass),2019/1,False,True,False,no,2015,2,chilean,1,,1,2013,medium,medium,low,medium,,medium,1,0,3,13,73,107
FING-3447,Elective (pass),2019/2,False,True,False,no,2015,2,chilean,1,,1,2013,medium,medium,low,medium,,medium,1,0,3,13,73,107
FING-3447,DB Workshop (pass),2019/2,False,True,False,no,2015,2,chilean,1,,1,2013,medium,medium,low,medium,,medium,1,0,3,13,73,107
FING-3447,Op Sys (pass),2019/2,False,True,False,no,2015,2,chilean,1,,1,2013,medium,medium,low,medium,,medium,1,0,3,13,73,107
FING-3447,SoftEng Technq (pass),2019/2,False,True,False,no,2015,2,chilean,1,,1,2013,medium,medium,low,medium,,medium,1,0,3,13,73,107
FING-3447,SoftEng Proj (pass),2020/1,False,True,False,no,2015,2,chilean,1,,1,2013,medium,medium,low,medium,,medium,1,0,3,13,73,107
FING-3447,Seminar (pass),2020/1,False,True,False,no,2015,2,chilean,1,,1,2013,medium,medium,low,medium,,medium,1,0,3,13,73,107
FING-3447,Elective (pass),2020/1,False,True,False,no,2015,2,chilean,1,,1,2013,medium,medium,low,medium,,medium,1,0,3,13,73,107
FING-3447,Elective (pass),2020/1,False,True,False,no,2015,2,chilean,1,,1,2013,medium,medium,low,medium,,medium,1,0,3,13,73,107
FING-3447,Deg Work (pass),2020/2,False,True,False,no,2015,2,chilean,1,,1,2013,medium,medium,low,medium,,medium,1,0,3,13,73,107
FING-3450,Intro Eng (pass),2015/1,False,True,False,no,2015,2,chilean,2,,1,2014,low,low,high,high,high,medium,1,0,3,13,114,102
FING-3450,IPD Workshop (pass),2015/1,False,True,False,no,2015,2,chilean,2,,1,2014,low,low,high,high,high,medium,1,0,3,13,114,102
FING-3450,Std Methods (pass),2015/1,False,True,False,no,2015,2,chilean,2,,1,2014,low,low,high,high,high,medium,1,0,3,13,114,102
FING-3450,Phy 1 (pass),2015/1,False,True,False,no,2015,2,chilean,2,,1,2014,low,low,high,high,high,medium,1,0,3,13,114,102
FING-3450,Cal 1 (pass),2015/1,False,True,False,no,2015,2,chilean,2,,1,2014,low,low,high,high,high,medium,1,0,3,13,114,102
FING-3450,Alg 1 (fail),2015/1,False,True,False,no,2015,2,chilean,2,,1,2014,low,low,high,high,high,medium,1,0,3,13,114,102
FING-3450,Alg 1 (pass),2015/2,False,True,False,no,2015,2,chilean,2,,1,2014,low,low,high,high,high,medium,1,0,3,13,114,102
FING-3450,Cal 2 (fail),2015/2,False,True,False,no,2015,2,chilean,2,,1,2014,low,low,high,high,high,medium,1,0,3,13,114,102
FING-3450,Phy 2 (pass),2015/2,False,True,False,no,2015,2,chilean,2,,1,2014,low,low,high,high,high,medium,1,0,3,13,114,102
FING-3450,Chemistry (fail),2015/2,False,True,False,no,2015,2,chilean,2,,1,2014,low,low,high,high,high,medium,1,0,3,13,114,102
FING-3450,Cal 2 (pass),2016/1,False,True,False,no,2015,2,chilean,2,,1,2014,low,low,high,high,high,medium,1,0,3,13,114,102
FING-3450,Eng 1 (pass),2016/1,False,True,False,no,2015,2,chilean,2,,1,2014,low,low,high,high,high,medium,1,0,3,13,114,102
FING-3450,Fund Progr (pass),2016/1,False,True,False,no,2015,2,chilean,2,,1,2014,low,low,high,high,high,medium,1,0,3,13,114,102
FING-3450,Alg 2 (pass),2016/1,False,True,False,no,2015,2,chilean,2,,1,2014,low,low,high,high,high,medium,1,0,3,13,114,102
FING-3450,Chemistry (pass),2016/1,False,True,False,no,2015,2,chilean,2,,1,2014,low,low,high,high,high,medium,1,0,3,13,114,102
FING-3450,Progr Methd (pass),2016/2,False,True,False,no,2015,2,chilean,2,,1,2014,low,low,high,high,high,medium,1,0,3,13,114,102
FING-3450,Elect & Mag (fail),2016/2,False,True,False,no,2015,2,chilean,2,,1,2014,low,low,high,high,high,medium,1,0,3,13,114,102
FING-3450,Eng 2 (pass),2016/2,False,True,False,no,2015,2,chilean,2,,1,2014,low,low,high,high,high,medium,1,0,3,13,114,102
FING-3450,Stat Analys (fail),2016/2,False,True,False,no,2015,2,chilean,2,,1,2014,low,low,high,high,high,medium,1,0,3,13,114,102
FING-3450,Fund Econ (pass),2017/1,False,True,False,no,2015,2,chilean,2,,1,2014,low,low,high,high,high,medium,1,0,3,13,114,102
FING-3450,Eff Comm (pass),2017/1,False,True,False,no,2015,2,chilean,2,,1,2014,low,low,high,high,high,medium,1,0,3,13,114,102
FING-3450,Stat Analys (pass),2017/1,False,True,False,no,2015,2,chilean,2,,1,2014,low,low,high,high,high,medium,1,0,3,13,114,102
FING-3450,Elect & Mag (fail),2017/1,False,True,False,no,2015,2,chilean,2,,1,2014,low,low,high,high,high,medium,1,0,3,13,114,102
FING-3450,Eng 3 (pass),2017/2,False,True,False,no,2015,2,chilean,2,,1,2014,low,low,high,high,high,medium,1,0,3,13,114,102
FING-3450,Proj Eval&Manag (pass),2017/2,False,True,False,no,2015,2,chilean,2,,1,2014,low,low,high,high,high,medium,1,0,3,13,114,102
FING-3450,Diff Ec & Num Meth (fail),2017/2,False,True,False,no,2015,2,chilean,2,,1,2014,low,low,high,high,high,medium,1,0,3,13,114,102
FING-3450,Elect & Mag (pass),2017/2,False,True,False,no,2015,2,chilean,2,,1,2014,low,low,high,high,high,medium,1,0,3,13,114,102
FING-3450,Diff Ec & Num Meth (fail),2018/1,False,True,False,no,2015,2,chilean,2,,1,2014,low,low,high,high,high,medium,1,0,3,13,114,102
FING-3450,Eng 4 (pass),2018/1,False,True,False,no,2015,2,chilean,2,,1,2014,low,low,high,high,high,medium,1,0,3,13,114,102
FING-3450,Progr Parad (fail),2018/1,False,True,False,no,2015,2,chilean,2,,1,2014,low,low,high,high,high,medium,1,0,3,13,114,102
FING-3450,Comp Struc (fail),2018/1,False,True,False,no,2015,2,chilean,2,,1,2014,low,low,high,high,high,medium,1,0,3,13,114,102
FING-3450,Diff Ec & Num Meth (pass),2019/1,False,True,False,no,2015,2,chilean,2,,1,2014,low,low,high,high,high,medium,1,0,3,13,114,102
FING-3450,Comp Struc (pass),2019/1,False,True,False,no,2015,2,chilean,2,,1,2014,low,low,high,high,high,medium,1,0,3,13,114,102
FING-3450,SoftEng Fund (pass),2019/1,False,True,False,no,2015,2,chilean,2,,1,2014,low,low,high,high,high,medium,1,0,3,13,114,102
FING-3450,Progr Parad (pass),2019/1,False,True,False,no,2015,2,chilean,2,,1,2014,low,low,high,high,high,medium,1,0,3,13,114,102
FING-3450,Syst Eng (pass),2019/2,False,True,False,no,2015,2,chilean,2,,1,2014,low,low,high,high,high,medium,1,0,3,13,114,102
FING-3450,Algorithms (pass),2019/2,False,True,False,no,2015,2,chilean,2,,1,2014,low,low,high,high,high,medium,1,0,3,13,114,102
FING-3450,Inf & Soc (pass),2019/2,False,True,False,no,2015,2,chilean,2,,1,2014,low,low,high,high,high,medium,1,0,3,13,114,102
FING-3450,DB Design (pass),2019/2,False,True,False,no,2015,2,chilean,2,,1,2014,low,low,high,high,high,medium,1,0,3,13,114,102
FING-3450,Comp Org (pass),2019/2,False,True,False,no,2015,2,chilean,2,,1,2014,low,low,high,high,high,medium,1,0,3,13,114,102
FING-3450,SoftEng Technq (pass),2020/1,False,True,False,no,2015,2,chilean,2,,1,2014,low,low,high,high,high,medium,1,0,3,13,114,102
FING-3450,Comp Net (pass),2020/1,False,True,False,no,2015,2,chilean,2,,1,2014,low,low,high,high,high,medium,1,0,3,13,114,102
FING-3450,DB Workshop (pass),2020/1,False,True,False,no,2015,2,chilean,2,,1,2014,low,low,high,high,high,medium,1,0,3,13,114,102
FING-3450,Inf Sys (pass),2020/1,False,True,False,no,2015,2,chilean,2,,1,2014,low,low,high,high,high,medium,1,0,3,13,114,102
FING-3450,Inf Adm & Manag (pass),2020/1,False,True,False,no,2015,2,chilean,2,,1,2014,low,low,high,high,high,medium,1,0,3,13,114,102
FING-3450,Elective (pass),2020/2,False,True,False,no,2015,2,chilean,2,,1,2014,low,low,high,high,high,medium,1,0,3,13,114,102
FING-3450,SoftEng Proj (pass),2020/2,False,True,False,no,2015,2,chilean,2,,1,2014,low,low,high,high,high,medium,1,0,3,13,114,102
FING-3450,Op Sys (pass),2020/2,False,True,False,no,2015,2,chilean,2,,1,2014,low,low,high,high,high,medium,1,0,3,13,114,102
FING-3450,Seminar (pass),2020/2,False,True,False,no,2015,2,chilean,2,,1,2014,low,low,high,high,high,medium,1,0,3,13,114,102
FING-3450,Elective (pass),2020/2,False,True,False,no,2015,2,chilean,2,,1,2014,low,low,high,high,high,medium,1,0,3,13,114,102
FING-3450,Deg Work (pass),2021/1,False,True,False,no,2015,2,chilean,2,,1,2014,low,low,high,high,high,medium,1,0,3,13,114,102
FING-3450,Elective (pass),2021/1,False,True,False,no,2015,2,chilean,2,,1,2014,low,low,high,high,high,medium,1,0,3,13,114,102
FING-3451,Intro Eng (pass),2015/1,False,True,False,no,2015,2,chilean,1,academic excellence,1,2014,high,high,high,medium,medium,medium,1,0,3,13,114,78
FING-3451,IPD Workshop (pass),2015/1,False,True,False,no,2015,2,chilean,1,academic excellence,1,2014,high,high,high,medium,medium,medium,1,0,3,13,114,78
FING-3451,Std Methods (pass),2015/1,False,True,False,no,2015,2,chilean,1,academic excellence,1,2014,high,high,high,medium,medium,medium,1,0,3,13,114,78
FING-3451,Phy 1 (pass),2015/1,False,True,False,no,2015,2,chilean,1,academic excellence,1,2014,high,high,high,medium,medium,medium,1,0,3,13,114,78
FING-3451,Cal 1 (pass),2015/1,False,True,False,no,2015,2,chilean,1,academic excellence,1,2014,high,high,high,medium,medium,medium,1,0,3,13,114,78
FING-3451,Alg 1 (fail),2015/1,False,True,False,no,2015,2,chilean,1,academic excellence,1,2014,high,high,high,medium,medium,medium,1,0,3,13,114,78
FING-3451,Cal 2 (fail),2015/2,False,True,False,no,2015,2,chilean,1,academic excellence,1,2014,high,high,high,medium,medium,medium,1,0,3,13,114,78
FING-3451,Chemistry (fail),2015/2,False,True,False,no,2015,2,chilean,1,academic excellence,1,2014,high,high,high,medium,medium,medium,1,0,3,13,114,78
FING-3451,Alg 1 (pass),2015/2,False,True,False,no,2015,2,chilean,1,academic excellence,1,2014,high,high,high,medium,medium,medium,1,0,3,13,114,78
FING-3451,Phy 2 (pass),2015/2,False,True,False,no,2015,2,chilean,1,academic excellence,1,2014,high,high,high,medium,medium,medium,1,0,3,13,114,78
FING-3451,Eng 1 (pass),2016/1,False,True,False,no,2015,2,chilean,1,academic excellence,1,2014,high,high,high,medium,medium,medium,1,0,3,13,114,78
FING-3451,Fund Progr (pass),2016/1,False,True,False,no,2015,2,chilean,1,academic excellence,1,2014,high,high,high,medium,medium,medium,1,0,3,13,114,78
FING-3451,Chemistry (pass),2016/1,False,True,False,no,2015,2,chilean,1,academic excellence,1,2014,high,high,high,medium,medium,medium,1,0,3,13,114,78
FING-3451,Alg 2 (pass),2016/1,False,True,False,no,2015,2,chilean,1,academic excellence,1,2014,high,high,high,medium,medium,medium,1,0,3,13,114,78
FING-3451,Cal 2 (pass),2016/1,False,True,False,no,2015,2,chilean,1,academic excellence,1,2014,high,high,high,medium,medium,medium,1,0,3,13,114,78
FING-3451,Progr Methd (pass),2016/2,False,True,False,no,2015,2,chilean,1,academic excellence,1,2014,high,high,high,medium,medium,medium,1,0,3,13,114,78
FING-3451,Elect & Mag (fail),2016/2,False,True,False,no,2015,2,chilean,1,academic excellence,1,2014,high,high,high,medium,medium,medium,1,0,3,13,114,78
FING-3451,Stat Analys (pass),2016/2,False,True,False,no,2015,2,chilean,1,academic excellence,1,2014,high,high,high,medium,medium,medium,1,0,3,13,114,78
FING-3451,Eff Comm (pass),2016/2,False,True,False,no,2015,2,chilean,1,academic excellence,1,2014,high,high,high,medium,medium,medium,1,0,3,13,114,78
FING-3451,Eng 2 (pass),2016/2,False,True,False,no,2015,2,chilean,1,academic excellence,1,2014,high,high,high,medium,medium,medium,1,0,3,13,114,78
FING-3451,Diff Ec & Num Meth (fail),2017/1,False,True,False,no,2015,2,chilean,1,academic excellence,1,2014,high,high,high,medium,medium,medium,1,0,3,13,114,78
FING-3451,Fund Econ (pass),2017/1,False,True,False,no,2015,2,chilean,1,academic excellence,1,2014,high,high,high,medium,medium,medium,1,0,3,13,114,78
FING-3451,Eng 3 (pass),2017/1,False,True,False,no,2015,2,chilean,1,academic excellence,1,2014,high,high,high,medium,medium,medium,1,0,3,13,114,78
FING-3451,Syst Eng (pass),2017/1,False,True,False,no,2015,2,chilean,1,academic excellence,1,2014,high,high,high,medium,medium,medium,1,0,3,13,114,78
FING-3451,Elect & Mag (pass),2017/1,False,True,False,no,2015,2,chilean,1,academic excellence,1,2014,high,high,high,medium,medium,medium,1,0,3,13,114,78
FING-3451,Comp Struc (pass),2017/2,False,True,False,no,2015,2,chilean,1,academic excellence,1,2014,high,high,high,medium,medium,medium,1,0,3,13,114,78
FING-3451,Eng 4 (pass),2017/2,False,True,False,no,2015,2,chilean,1,academic excellence,1,2014,high,high,high,medium,medium,medium,1,0,3,13,114,78
FING-3451,Algorithms (fail),2017/2,False,True,False,no,2015,2,chilean,1,academic excellence,1,2014,high,high,high,medium,medium,medium,1,0,3,13,114,78
FING-3451,Diff Ec & Num Meth (pass),2017/2,False,True,False,no,2015,2,chilean,1,academic excellence,1,2014,high,high,high,medium,medium,medium,1,0,3,13,114,78
FING-3451,Progr Parad (pass),2018/1,False,True,False,no,2015,2,chilean,1,academic excellence,1,2014,high,high,high,medium,medium,medium,1,0,3,13,114,78
FING-3451,Inf Sys (pass),2018/1,False,True,False,no,2015,2,chilean,1,academic excellence,1,2014,high,high,high,medium,medium,medium,1,0,3,13,114,78
FING-3451,Algorithms (pass),2018/1,False,True,False,no,2015,2,chilean,1,academic excellence,1,2014,high,high,high,medium,medium,medium,1,0,3,13,114,78
FING-3451,Proj Eval&Manag (pass),2018/1,False,True,False,no,2015,2,chilean,1,academic excellence,1,2014,high,high,high,medium,medium,medium,1,0,3,13,114,78
FING-3451,Comp Org (fail),2018/1,False,True,False,no,2015,2,chilean,1,academic excellence,1,2014,high,high,high,medium,medium,medium,1,0,3,13,114,78
FING-3451,Inf Adm & Manag (pass),2018/2,False,True,False,no,2015,2,chilean,1,academic excellence,1,2014,high,high,high,medium,medium,medium,1,0,3,13,114,78
FING-3451,DB Design (pass),2018/2,False,True,False,no,2015,2,chilean,1,academic excellence,1,2014,high,high,high,medium,medium,medium,1,0,3,13,114,78
FING-3451,Comp Org (pass),2018/2,False,True,False,no,2015,2,chilean,1,academic excellence,1,2014,high,high,high,medium,medium,medium,1,0,3,13,114,78
FING-3451,SoftEng Fund (pass),2018/2,False,True,False,no,2015,2,chilean,1,academic excellence,1,2014,high,high,high,medium,medium,medium,1,0,3,13,114,78
FING-3451,Inf & Soc (pass),2018/2,False,True,False,no,2015,2,chilean,1,academic excellence,1,2014,high,high,high,medium,medium,medium,1,0,3,13,114,78
FING-3451,DB Workshop (pass),2019/1,False,True,False,no,2015,2,chilean,1,academic excellence,1,2014,high,high,high,medium,medium,medium,1,0,3,13,114,78
FING-3451,Comp Net (pass),2019/1,False,True,False,no,2015,2,chilean,1,academic excellence,1,2014,high,high,high,medium,medium,medium,1,0,3,13,114,78
FING-3451,SoftEng Technq (pass),2019/1,False,True,False,no,2015,2,chilean,1,academic excellence,1,2014,high,high,high,medium,medium,medium,1,0,3,13,114,78
FING-3451,Op Sys (pass),2019/1,False,True,False,no,2015,2,chilean,1,academic excellence,1,2014,high,high,high,medium,medium,medium,1,0,3,13,114,78
FING-3451,Elective (pass),2019/2,False,True,False,no,2015,2,chilean,1,academic excellence,1,2014,high,high,high,medium,medium,medium,1,0,3,13,114,78
FING-3451,Seminar (pass),2019/2,False,True,False,no,2015,2,chilean,1,academic excellence,1,2014,high,high,high,medium,medium,medium,1,0,3,13,114,78
FING-3451,SoftEng Proj (pass),2019/2,False,True,False,no,2015,2,chilean,1,academic excellence,1,2014,high,high,high,medium,medium,medium,1,0,3,13,114,78
FING-3451,Elective (pass),2019/2,False,True,False,no,2015,2,chilean,1,academic excellence,1,2014,high,high,high,medium,medium,medium,1,0,3,13,114,78
FING-3451,Elective (pass),2019/2,False,True,False,no,2015,2,chilean,1,academic excellence,1,2014,high,high,high,medium,medium,medium,1,0,3,13,114,78
FING-3451,Deg Work (pass),2020/1,False,True,False,no,2015,2,chilean,1,academic excellence,1,2014,high,high,high,medium,medium,medium,1,0,3,13,114,78
FING-3754,Cal 1 (pass),2015/1,False,True,False,no,2016,2,,,,,,,,,,,,,,,,,
FING-3754,Phy 1 (pass),2015/1,False,True,False,no,2016,2,,,,,,,,,,,,,,,,,
FING-3754,IPD Workshop (pass),2015/1,False,True,False,no,2016,2,,,,,,,,,,,,,,,,,
FING-3754,Alg 1 (pass),2015/1,False,True,False,no,2016,2,,,,,,,,,,,,,,,,,
FING-3754,Intro Eng (pass),2015/1,False,True,False,no,2016,2,,,,,,,,,,,,,,,,,
FING-3754,Std Methods (pass),2015/1,False,True,False,no,2016,2,,,,,,,,,,,,,,,,,
FING-3754,Chemistry (pass),2015/2,False,True,False,no,2016,2,,,,,,,,,,,,,,,,,
FING-3754,Alg 2 (pass),2015/2,False,True,False,no,2016,2,,,,,,,,,,,,,,,,,
FING-3754,Cal 2 (pass),2015/2,False,True,False,no,2016,2,,,,,,,,,,,,,,,,,
FING-3754,Phy 2 (pass),2015/2,False,True,False,no,2016,2,,,,,,,,,,,,,,,,,
FING-3754,Fund Progr (pass),2015/2,False,True,False,no,2016,2,,,,,,,,,,,,,,,,,
FING-3754,Eng 1 (pass),2016/1,False,True,False,no,2016,2,,,,,,,,,,,,,,,,,
FING-3754,Stat Analys (pass),2016/1,False,True,False,no,2016,2,,,,,,,,,,,,,,,,,
FING-3754,Eff Comm (pass),2016/1,False,True,False,no,2016,2,,,,,,,,,,,,,,,,,
FING-3754,Diff Ec & Num Meth (pass),2016/1,False,True,False,no,2016,2,,,,,,,,,,,,,,,,,
FING-3754,Elect & Mag (pass),2016/1,False,True,False,no,2016,2,,,,,,,,,,,,,,,,,
FING-3754,Syst Eng (pass),2016/2,False,True,False,no,2016,2,,,,,,,,,,,,,,,,,
FING-3754,Progr Methd (fail),2016/2,False,True,False,no,2016,2,,,,,,,,,,,,,,,,,
FING-3754,Eng 2 (pass),2016/2,False,True,False,no,2016,2,,,,,,,,,,,,,,,,,
FING-3754,Fund Econ (pass),2016/2,False,True,False,no,2016,2,,,,,,,,,,,,,,,,,
FING-3754,Algorithms (fail),2017/1,False,True,False,no,2016,2,,,,,,,,,,,,,,,,,
FING-3754,Progr Methd (fail),2017/1,False,True,False,no,2016,2,,,,,,,,,,,,,,,,,
FING-3754,Eng 3 (pass),2017/1,False,True,False,no,2016,2,,,,,,,,,,,,,,,,,
FING-3754,Comp Struc (fail),2017/1,False,True,False,no,2016,2,,,,,,,,,,,,,,,,,
FING-3754,Progr Methd (pass),2017/2,False,True,False,no,2016,2,,,,,,,,,,,,,,,,,
FING-3754,Comp Struc (pass),2017/2,False,True,False,no,2016,2,,,,,,,,,,,,,,,,,
FING-3754,Eng 4 (pass),2017/2,False,True,False,no,2016,2,,,,,,,,,,,,,,,,,
FING-3754,Progr Parad (pass),2018/1,False,True,False,no,2016,2,,,,,,,,,,,,,,,,,
FING-3754,Algorithms (pass),2018/1,False,True,False,no,2016,2,,,,,,,,,,,,,,,,,
FING-3754,Proj Eval&Manag (pass),2018/1,False,True,False,no,2016,2,,,,,,,,,,,,,,,,,
FING-3754,DB Design (fail),2018/2,False,True,False,no,2016,2,,,,,,,,,,,,,,,,,
FING-3754,Comp Org (pass),2018/2,False,True,False,no,2016,2,,,,,,,,,,,,,,,,,
FING-3754,SoftEng Fund (pass),2018/2,False,True,False,no,2016,2,,,,,,,,,,,,,,,,,
FING-3754,Inf & Soc (pass),2018/2,False,True,False,no,2016,2,,,,,,,,,,,,,,,,,
FING-3754,DB Design (pass),2019/1,False,True,False,no,2016,2,,,,,,,,,,,,,,,,,
FING-3754,Op Sys (fail),2019/1,False,True,False,no,2016,2,,,,,,,,,,,,,,,,,
FING-3754,Inf Sys (pass),2019/1,False,True,False,no,2016,2,,,,,,,,,,,,,,,,,
FING-3754,Comp Net (pass),2019/1,False,True,False,no,2016,2,,,,,,,,,,,,,,,,,
FING-3754,SoftEng Technq (pass),2019/1,False,True,False,no,2016,2,,,,,,,,,,,,,,,,,
FING-3754,DB Workshop (pass),2019/2,False,True,False,no,2016,2,,,,,,,,,,,,,,,,,
FING-3754,Op Sys (pass),2019/2,False,True,False,no,2016,2,,,,,,,,,,,,,,,,,
FING-3754,Inf Adm & Manag (pass),2019/2,False,True,False,no,2016,2,,,,,,,,,,,,,,,,,
FING-3754,Elective (pass),2019/2,False,True,False,no,2016,2,,,,,,,,,,,,,,,,,
FING-3754,SoftEng Proj (pass),2020/1,False,True,False,no,2016,2,,,,,,,,,,,,,,,,,
FING-3754,Elective (pass),2020/1,False,True,False,no,2016,2,,,,,,,,,,,,,,,,,
FING-3754,Seminar (pass),2020/1,False,True,False,no,2016,2,,,,,,,,,,,,,,,,,
FING-3754,Elective (pass),2020/1,False,True,False,no,2016,2,,,,,,,,,,,,,,,,,
FING-3754,Deg Work (pass),2021/2,False,True,False,no,2016,2,,,,,,,,,,,,,,,,,
FING-3780,IPD Workshop (pass),2015/1,False,True,False,no,2016,2,,,,,,,,,,,,,,,,,
FING-3780,Phy 1 (pass),2015/1,False,True,False,no,2016,2,,,,,,,,,,,,,,,,,
FING-3780,Std Methods (pass),2015/1,False,True,False,no,2016,2,,,,,,,,,,,,,,,,,
FING-3780,Intro Eng (pass),2015/1,False,True,False,no,2016,2,,,,,,,,,,,,,,,,,
FING-3780,Cal 1 (pass),2015/1,False,True,False,no,2016,2,,,,,,,,,,,,,,,,,
FING-3780,Alg 1 (pass),2015/1,False,True,False,no,2016,2,,,,,,,,,,,,,,,,,
FING-3780,Fund Progr (pass),2015/2,False,True,False,no,2016,2,,,,,,,,,,,,,,,,,
FING-3780,Chemistry (pass),2015/2,False,True,False,no,2016,2,,,,,,,,,,,,,,,,,
FING-3780,Cal 2 (pass),2015/2,False,True,False,no,2016,2,,,,,,,,,,,,,,,,,
FING-3780,Phy 2 (pass),2015/2,False,True,False,no,2016,2,,,,,,,,,,,,,,,,,
FING-3780,Eng 1 (pass),2016/1,False,True,False,no,2016,2,,,,,,,,,,,,,,,,,
FING-3780,Alg 2 (pass),2016/1,False,True,False,no,2016,2,,,,,,,,,,,,,,,,,
FING-3780,Eff Comm (pass),2016/1,False,True,False,no,2016,2,,,,,,,,,,,,,,,,,
FING-3780,Fund Econ (pass),2016/1,False,True,False,no,2016,2,,,,,,,,,,,,,,,,,
FING-3780,Progr Methd (pass),2016/2,False,True,False,no,2016,2,,,,,,,,,,,,,,,,,
FING-3780,Elect & Mag (pass),2016/2,False,True,False,no,2016,2,,,,,,,,,,,,,,,,,
FING-3780,Stat Analys (fail),2016/2,False,True,False,no,2016,2,,,,,,,,,,,,,,,,,
FING-3780,Diff Ec & Num Meth (fail),2016/2,False,True,False,no,2016,2,,,,,,,,,,,,,,,,,
FING-3780,Eng 2 (pass),2016/2,False,True,False,no,2016,2,,,,,,,,,,,,,,,,,
FING-3780,Algorithms (fail),2017/1,False,True,False,no,2016,2,,,,,,,,,,,,,,,,,
FING-3780,Eng 3 (pass),2017/1,False,True,False,no,2016,2,,,,,,,,,,,,,,,,,
FING-3780,Stat Analys (fail),2017/1,False,True,False,no,2016,2,,,,,,,,,,,,,,,,,
FING-3780,Diff Ec & Num Meth (fail),2017/1,False,True,False,no,2016,2,,,,,,,,,,,,,,,,,
FING-3780,Comp Struc (fail),2017/1,False,True,False,no,2016,2,,,,,,,,,,,,,,,,,
FING-3780,Comp Struc (pass),2017/2,False,True,False,no,2016,2,,,,,,,,,,,,,,,,,
FING-3780,Eng 4 (pass),2017/2,False,True,False,no,2016,2,,,,,,,,,,,,,,,,,
FING-3780,Algorithms (fail),2017/2,False,True,False,no,2016,2,,,,,,,,,,,,,,,,,
FING-3780,Stat Analys (pass),2017/2,False,True,False,no,2016,2,,,,,,,,,,,,,,,,,
FING-3780,Diff Ec & Num Meth (pass),2017/2,False,True,False,no,2016,2,,,,,,,,,,,,,,,,,
FING-3780,Progr Parad (pass),2018/1,False,True,False,no,2016,2,,,,,,,,,,,,,,,,,
FING-3780,Algorithms (pass),2018/1,False,True,False,no,2016,2,,,,,,,,,,,,,,,,,
FING-3780,Proj Eval&Manag (pass),2018/1,False,True,False,no,2016,2,,,,,,,,,,,,,,,,,
FING-3780,Inf & Soc (pass),2018/1,False,True,False,no,2016,2,,,,,,,,,,,,,,,,,
FING-3780,Syst Eng (pass),2018/2,False,True,False,no,2016,2,,,,,,,,,,,,,,,,,
FING-3780,SoftEng Fund (fail),2018/2,False,True,False,no,2016,2,,,,,,,,,,,,,,,,,
FING-3780,Inf Adm & Manag (pass),2018/2,False,True,False,no,2016,2,,,,,,,,,,,,,,,,,
FING-3780,DB Design (pass),2018/2,False,True,False,no,2016,2,,,,,,,,,,,,,,,,,
FING-3780,Comp Org (fail),2018/2,False,True,False,no,2016,2,,,,,,,,,,,,,,,,,
FING-3780,Comp Org (pass),2019/1,False,True,False,no,2016,2,,,,,,,,,,,,,,,,,
FING-3780,Inf Sys (pass),2019/1,False,True,False,no,2016,2,,,,,,,,,,,,,,,,,
FING-3780,Comp Net (pass),2019/1,False,True,False,no,2016,2,,,,,,,,,,,,,,,,,
FING-3780,SoftEng Fund (pass),2019/1,False,True,False,no,2016,2,,,,,,,,,,,,,,,,,
FING-3780,SoftEng Technq (pass),2019/1,False,True,False,no,2016,2,,,,,,,,,,,,,,,,,
FING-3780,DB Workshop (pass),2019/2,False,True,False,no,2016,2,,,,,,,,,,,,,,,,,
FING-3780,Elective (pass),2019/2,False,True,False,no,2016,2,,,,,,,,,,,,,,,,,
FING-3780,Op Sys (pass),2019/2,False,True,False,no,2016,2,,,,,,,,,,,,,,,,,
FING-3780,Elective (pass),2019/2,False,True,False,no,2016,2,,,,,,,,,,,,,,,,,
FING-3780,SoftEng Proj (pass),2020/1,False,True,False,no,2016,2,,,,,,,,,,,,,,,,,
FING-3780,Elective (pass),2020/1,False,True,False,no,2016,2,,,,,,,,,,,,,,,,,
FING-3780,Seminar (pass),2020/1,False,True,False,no,2016,2,,,,,,,,,,,,,,,,,
FING-3780,Deg Work (pass),2020/2,False,True,False,no,2016,2,,,,,,,,,,,,,,,,,
FING-3872,Alg 1 (pass),2015/1,False,True,False,no,2016,2,,,,,,,,,,,,,,,,,
FING-3872,Phy 1 (pass),2015/1,False,True,False,no,2016,2,,,,,,,,,,,,,,,,,
FING-3872,IPD Workshop (pass),2015/1,False,True,False,no,2016,2,,,,,,,,,,,,,,,,,
FING-3872,Std Methods (pass),2015/1,False,True,False,no,2016,2,,,,,,,,,,,,,,,,,
FING-3872,Cal 1 (pass),2015/1,False,True,False,no,2016,2,,,,,,,,,,,,,,,,,
FING-3872,Intro Eng (pass),2015/1,False,True,False,no,2016,2,,,,,,,,,,,,,,,,,
FING-3872,Alg 2 (pass),2015/2,False,True,False,no,2016,2,,,,,,,,,,,,,,,,,
FING-3872,Phy 2 (pass),2015/2,False,True,False,no,2016,2,,,,,,,,,,,,,,,,,
FING-3872,Chemistry (pass),2015/2,False,True,False,no,2016,2,,,,,,,,,,,,,,,,,
FING-3872,Fund Progr (pass),2015/2,False,True,False,no,2016,2,,,,,,,,,,,,,,,,,
FING-3872,Eff Comm (pass),2016/1,False,True,False,no,2016,2,,,,,,,,,,,,,,,,,
FING-3872,Fund Econ (pass),2016/1,False,True,False,no,2016,2,,,,,,,,,,,,,,,,,
FING-3872,Cal 2 (pass),2016/1,False,True,False,no,2016,2,,,,,,,,,,,,,,,,,
FING-3872,Eng 1 (pass),2016/1,False,True,False,no,2016,2,,,,,,,,,,,,,,,,,
FING-3872,Diff Ec & Num Meth (fail),2017/1,False,True,False,no,2016,2,,,,,,,,,,,,,,,,,
FING-3872,Eng 2 (pass),2017/1,False,True,False,no,2016,2,,,,,,,,,,,,,,,,,
FING-3872,Stat Analys (fail),2017/1,False,True,False,no,2016,2,,,,,,,,,,,,,,,,,
FING-3872,Elect & Mag (pass),2017/1,False,True,False,no,2016,2,,,,,,,,,,,,,,,,,
FING-3872,Progr Methd (fail),2017/1,False,True,False,no,2016,2,,,,,,,,,,,,,,,,,
FING-3872,Comp Struc (fail),2017/2,False,True,False,no,2016,2,,,,,,,,,,,,,,,,,
FING-3872,Eng 3 (pass),2017/2,False,True,False,no,2016,2,,,,,,,,,,,,,,,,,
FING-3872,Progr Methd (pass),2017/2,False,True,False,no,2016,2,,,,,,,,,,,,,,,,,
FING-3872,Stat Analys (pass),2017/2,False,True,False,no,2016,2,,,,,,,,,,,,,,,,,
FING-3872,Diff Ec & Num Meth (pass),2017/2,False,True,False,no,2016,2,,,,,,,,,,,,,,,,,
FING-3872,Progr Parad (fail),2018/1,False,True,False,no,2016,2,,,,,,,,,,,,,,,,,
FING-3872,Algorithms (pass),2018/1,False,True,False,no,2016,2,,,,,,,,,,,,,,,,,
FING-3872,Syst Eng (pass),2018/1,False,True,False,no,2016,2,,,,,,,,,,,,,,,,,
FING-3872,Inf & Soc (pass),2018/1,False,True,False,no,2016,2,,,,,,,,,,,,,,,,,
FING-3872,Comp Struc (fail),2018/1,False,True,False,no,2016,2,,,,,,,,,,,,,,,,,
FING-3872,Progr Parad (fail),2018/2,False,True,False,no,2016,2,,,,,,,,,,,,,,,,,
FING-3872,Comp Struc (pass),2018/2,False,True,False,no,2016,2,,,,,,,,,,,,,,,,,
FING-3872,Proj Eval&Manag (pass),2018/2,False,True,False,no,2016,2,,,,,,,,,,,,,,,,,
FING-3872,Comp Org (fail),2019/1,False,True,False,no,2016,2,,,,,,,,,,,,,,,,,
FING-3872,Inf Sys (pass),2019/1,False,True,False,no,2016,2,,,,,,,,,,,,,,,,,
FING-3872,SoftEng Fund (pass),2019/1,False,True,False,no,2016,2,,,,,,,,,,,,,,,,,
FING-3872,Eng 4 (pass),2019/1,False,True,False,no,2016,2,,,,,,,,,,,,,,,,,
FING-3872,Progr Parad (pass),2019/1,False,True,False,no,2016,2,,,,,,,,,,,,,,,,,
FING-3872,Comp Net (pass),2019/2,False,True,False,no,2016,2,,,,,,,,,,,,,,,,,
FING-3872,Inf Adm & Manag (pass),2019/2,False,True,False,no,2016,2,,,,,,,,,,,,,,,,,
FING-3872,SoftEng Technq (pass),2019/2,False,True,False,no,2016,2,,,,,,,,,,,,,,,,,
FING-3872,DB Design (pass),2019/2,False,True,False,no,2016,2,,,,,,,,,,,,,,,,,
FING-3872,Comp Org (pass),2019/2,False,True,False,no,2016,2,,,,,,,,,,,,,,,,,
FING-3872,Op Sys (pass),2020/1,False,True,False,no,2016,2,,,,,,,,,,,,,,,,,
FING-3872,Elective (pass),2020/1,False,True,False,no,2016,2,,,,,,,,,,,,,,,,,
FING-3872,Elective (pass),2020/1,False,True,False,no,2016,2,,,,,,,,,,,,,,,,,
FING-3872,DB Workshop (pass),2020/1,False,True,False,no,2016,2,,,,,,,,,,,,,,,,,
FING-3872,SoftEng Proj (pass),2020/2,False,True,False,no,2016,2,,,,,,,,,,,,,,,,,
FING-3872,Seminar (pass),2020/2,False,True,False,no,2016,2,,,,,,,,,,,,,,,,,
FING-3872,Elective (pass),2020/2,False,True,False,no,2016,2,,,,,,,,,,,,,,,,,
FING-3872,Deg Work (pass),2021/1,False,True,False,no,2016,2,,,,,,,,,,,,,,,,,
FING-4115,Intro Eng (pass),2015/1,False,True,False,yes,2018,2,,,,,,,,,,,,,,,,,
FING-4115,Std Methods (pass),2015/1,False,True,False,yes,2018,2,,,,,,,,,,,,,,,,,
FING-4115,IPD Workshop (pass),2015/1,False,True,False,yes,2018,2,,,,,,,,,,,,,,,,,
FING-4115,Std Methods (pass),2015/1,False,True,False,yes,2018,2,,,,,,,,,,,,,,,,,
FING-4115,Intro Eng (pass),2015/1,False,True,False,yes,2018,2,,,,,,,,,,,,,,,,,
FING-4115,IPD Workshop (pass),2015/1,False,True,False,yes,2018,2,,,,,,,,,,,,,,,,,
FING-4115,Phy 1 (fail),2015/1,False,True,False,yes,2018,2,,,,,,,,,,,,,,,,,
FING-4115,Cal 1 (fail),2015/1,False,True,False,yes,2018,2,,,,,,,,,,,,,,,,,
FING-4115,Eff Comm (pass),2015/2,False,True,False,yes,2018,2,,,,,,,,,,,,,,,,,
FING-4115,Alg 1 (pass),2015/2,False,True,False,yes,2018,2,,,,,,,,,,,,,,,,,
FING-4115,Chemistry (pass),2015/2,False,True,False,yes,2018,2,,,,,,,,,,,,,,,,,
FING-4115,Cal 1 (fail),2015/2,False,True,False,yes,2018,2,,,,,,,,,,,,,,,,,
FING-4115,Phy 1 (fail),2015/2,False,True,False,yes,2018,2,,,,,,,,,,,,,,,,,
FING-4115,Chemistry (pass),2015/2,False,True,False,yes,2018,2,,,,,,,,,,,,,,,,,
FING-4115,Alg 1 (pass),2015/2,False,True,False,yes,2018,2,,,,,,,,,,,,,,,,,
FING-4115,Eff Comm (pass),2015/2,False,True,False,yes,2018,2,,,,,,,,,,,,,,,,,
FING-4115,Cal 1 (pass),2016/1,False,True,False,yes,2018,2,,,,,,,,,,,,,,,,,
FING-4115,Eng 1 (pass),2016/1,False,True,False,yes,2018,2,,,,,,,,,,,,,,,,,
FING-4115,Fund Progr (pass),2016/1,False,True,False,yes,2018,2,,,,,,,,,,,,,,,,,
FING-4115,Alg 2 (pass),2016/1,False,True,False,yes,2018,2,,,,,,,,,,,,,,,,,
FING-4115,Phy 1 (pass),2016/1,False,True,False,yes,2018,2,,,,,,,,,,,,,,,,,
FING-4115,Eng 1 (pass),2016/1,False,True,False,yes,2018,2,,,,,,,,,,,,,,,,,
FING-4115,Fund Progr (pass),2016/1,False,True,False,yes,2018,2,,,,,,,,,,,,,,,,,
FING-4115,Phy 1 (pass),2016/1,False,True,False,yes,2018,2,,,,,,,,,,,,,,,,,
FING-4115,Cal 1 (pass),2016/1,False,True,False,yes,2018,2,,,,,,,,,,,,,,,,,
FING-4115,Alg 2 (pass),2016/1,False,True,False,yes,2018,2,,,,,,,,,,,,,,,,,
FING-4115,Eng 2 (pass),2016/2,False,True,False,yes,2018,2,,,,,,,,,,,,,,,,,
FING-4115,Progr Methd (fail),2016/2,False,True,False,yes,2018,2,,,,,,,,,,,,,,,,,
FING-4115,Phy 2 (fail),2016/2,False,True,False,yes,2018,2,,,,,,,,,,,,,,,,,
FING-4115,Eng 2 (pass),2016/2,False,True,False,yes,2018,2,,,,,,,,,,,,,,,,,
FING-4115,Cal 2 (fail),2016/2,False,True,False,yes,2018,2,,,,,,,,,,,,,,,,,
FING-4115,Cal 2 (pass),2017/1,False,True,False,yes,2018,2,,,,,,,,,,,,,,,,,
FING-4115,Phy 2 (pass),2017/1,False,True,False,yes,2018,2,,,,,,,,,,,,,,,,,
FING-4115,Progr Methd (pass),2017/1,False,True,False,yes,2018,2,,,,,,,,,,,,,,,,,
FING-4115,Progr Methd (pass),2017/1,False,True,False,yes,2018,2,,,,,,,,,,,,,,,,,
FING-4115,Fund Econ (fail),2017/1,False,True,False,yes,2018,2,,,,,,,,,,,,,,,,,
FING-4115,Cal 2 (pass),2017/1,False,True,False,yes,2018,2,,,,,,,,,,,,,,,,,
FING-4115,Phy 2 (pass),2017/1,False,True,False,yes,2018,2,,,,,,,,,,,,,,,,,
FING-4115,Fund Econ (pass),2017/2,False,True,False,yes,2018,2,,,,,,,,,,,,,,,,,
FING-4115,Elect & Mag (pass),2017/2,False,True,False,yes,2018,2,,,,,,,,,,,,,,,,,
FING-4115,Fund Econ (pass),2017/2,False,True,False,yes,2018,2,,,,,,,,,,,,,,,,,
FING-4115,Stat Analys (fail),2017/2,False,True,False,yes,2018,2,,,,,,,,,,,,,,,,,
FING-4115,Diff Ec & Num Meth (fail),2017/2,False,True,False,yes,2018,2,,,,,,,,,,,,,,,,,
FING-4115,Elect & Mag (pass),2017/2,False,True,False,yes,2018,2,,,,,,,,,,,,,,,,,
FING-4115,Diff Ec & Num Meth (pass),2018/1,False,True,False,yes,2018,2,,,,,,,,,,,,,,,,,
FING-4115,Stat Analys (pass),2018/1,False,True,False,yes,2018,2,,,,,,,,,,,,,,,,,
FING-4115,Eng 3 (pass),2018/1,False,True,False,yes,2018,2,,,,,,,,,,,,,,,,,
FING-4115,Comp Struc (fail),2018/1,False,True,False,yes,2018,2,,,,,,,,,,,,,,,,,
FING-4115,Syst Eng (pass),2018/2,False,True,False,yes,2018,2,,,,,,,,,,,,,,,,,
FING-4115,Progr Parad (pass),2018/2,False,True,False,yes,2018,2,,,,,,,,,,,,,,,,,
FING-4115,Comp Struc (pass),2018/2,False,True,False,yes,2018,2,,,,,,,,,,,,,,,,,
FING-4115,Algorithms (fail),2018/2,False,True,False,yes,2018,2,,,,,,,,,,,,,,,,,
FING-4115,Comp Org (pass),2019/1,False,True,False,yes,2018,2,,,,,,,,,,,,,,,,,
FING-4115,DB Design (pass),2019/1,False,True,False,yes,2018,2,,,,,,,,,,,,,,,,,
FING-4115,Algorithms (pass),2019/1,False,True,False,yes,2018,2,,,,,,,,,,,,,,,,,
FING-4115,Proj Eval&Manag (fail),2019/1,False,True,False,yes,2018,2,,,,,,,,,,,,,,,,,
FING-4115,Inf & Soc (pass),2019/1,False,True,False,yes,2018,2,,,,,,,,,,,,,,,,,
FING-4115,Comp Net (pass),2019/2,False,True,False,yes,2018,2,,,,,,,,,,,,,,,,,
FING-4115,SoftEng Fund (pass),2019/2,False,True,False,yes,2018,2,,,,,,,,,,,,,,,,,
FING-4115,Op Sys (pass),2019/2,False,True,False,yes,2018,2,,,,,,,,,,,,,,,,,
FING-4115,Proj Eval&Manag (pass),2019/2,False,True,False,yes,2018,2,,,,,,,,,,,,,,,,,
FING-4115,SoftEng Technq (pass),2020/1,False,True,False,yes,2018,2,,,,,,,,,,,,,,,,,
FING-4115,DB Workshop (pass),2020/1,False,True,False,yes,2018,2,,,,,,,,,,,,,,,,,
FING-4115,Inf Sys (pass),2020/1,False,True,False,yes,2018,2,,,,,,,,,,,,,,,,,
FING-4115,Inf Adm & Manag (pass),2020/1,False,True,False,yes,2018,2,,,,,,,,,,,,,,,,,
FING-4115,Eng 4 (pass),2020/1,False,True,False,yes,2018,2,,,,,,,,,,,,,,,,,
FING-4115,SoftEng Proj (pass),2020/2,False,True,False,yes,2018,2,,,,,,,,,,,,,,,,,
FING-4115,Seminar (pass),2020/2,False,True,False,yes,2018,2,,,,,,,,,,,,,,,,,
FING-4115,Elective (pass),2020/2,False,True,False,yes,2018,2,,,,,,,,,,,,,,,,,
FING-4115,Elective (pass),2020/2,False,True,False,yes,2018,2,,,,,,,,,,,,,,,,,
FING-4115,Deg Work (pass),2021/1,False,True,False,yes,2018,2,,,,,,,,,,,,,,,,,
FING-4115,Elective (pass),2021/1,False,True,False,yes,2018,2,,,,,,,,,,,,,,,,,
FING-4201,Std Methods (pass),2015/1,False,True,False,yes,2017,2,,,,,,,,,,,,,,,,,
FING-4201,Cal 1 (pass),2015/1,False,True,False,yes,2017,2,,,,,,,,,,,,,,,,,
FING-4201,IPD Workshop (pass),2015/1,False,True,False,yes,2017,2,,,,,,,,,,,,,,,,,
FING-4201,Alg 1 (pass),2015/1,False,True,False,yes,2017,2,,,,,,,,,,,,,,,,,
FING-4201,Phy 1 (pass),2015/1,False,True,False,yes,2017,2,,,,,,,,,,,,,,,,,
FING-4201,Intro Eng (pass),2015/1,False,True,False,yes,2017,2,,,,,,,,,,,,,,,,,
FING-4201,Std Methods (pass),2015/1,False,True,False,yes,2017,2,,,,,,,,,,,,,,,,,
FING-4201,Intro Eng (pass),2015/1,False,True,False,yes,2017,2,,,,,,,,,,,,,,,,,
FING-4201,IPD Workshop (pass),2015/1,False,True,False,yes,2017,2,,,,,,,,,,,,,,,,,
FING-4201,Alg 1 (pass),2015/1,False,True,False,yes,2017,2,,,,,,,,,,,,,,,,,
FING-4201,Phy 1 (pass),2015/1,False,True,False,yes,2017,2,,,,,,,,,,,,,,,,,
FING-4201,Cal 1 (pass),2015/1,False,True,False,yes,2017,2,,,,,,,,,,,,,,,,,
FING-4201,Eff Comm (pass),2015/2,False,True,False,yes,2017,2,,,,,,,,,,,,,,,,,
FING-4201,Alg 2 (pass),2015/2,False,True,False,yes,2017,2,,,,,,,,,,,,,,,,,
FING-4201,Phy 2 (pass),2015/2,False,True,False,yes,2017,2,,,,,,,,,,,,,,,,,
FING-4201,Chemistry (pass),2015/2,False,True,False,yes,2017,2,,,,,,,,,,,,,,,,,
FING-4201,Fund Progr (fail),2015/2,False,True,False,yes,2017,2,,,,,,,,,,,,,,,,,
FING-4201,Alg 2 (pass),2015/2,False,True,False,yes,2017,2,,,,,,,,,,,,,,,,,
FING-4201,Cal 2 (fail),2015/2,False,True,False,yes,2017,2,,,,,,,,,,,,,,,,,
FING-4201,Phy 2 (pass),2015/2,False,True,False,yes,2017,2,,,,,,,,,,,,,,,,,
FING-4201,Chemistry (pass),2015/2,False,True,False,yes,2017,2,,,,,,,,,,,,,,,,,
FING-4201,Eff Comm (pass),2015/2,False,True,False,yes,2017,2,,,,,,,,,,,,,,,,,
FING-4201,Fund Econ (pass),2017/1,False,True,False,yes,2017,2,,,,,,,,,,,,,,,,,
FING-4201,Eng 1 (pass),2017/1,False,True,False,yes,2017,2,,,,,,,,,,,,,,,,,
FING-4201,Fund Progr (fail),2017/1,False,True,False,yes,2017,2,,,,,,,,,,,,,,,,,
FING-4201,Fund Econ (pass),2017/1,False,True,False,yes,2017,2,,,,,,,,,,,,,,,,,
FING-4201,Eng 1 (pass),2017/1,False,True,False,yes,2017,2,,,,,,,,,,,,,,,,,
FING-4201,Cal 2 (fail),2017/1,False,True,False,yes,2017,2,,,,,,,,,,,,,,,,,
FING-4201,Eng 2 (fail),2017/2,False,True,False,yes,2017,2,,,,,,,,,,,,,,,,,
FING-4201,Fund Progr (pass),2017/2,False,True,False,yes,2017,2,,,,,,,,,,,,,,,,,
FING-4201,Cal 2 (pass),2017/2,False,True,False,yes,2017,2,,,,,,,,,,,,,,,,,
FING-4201,Diff Ec & Num Meth (pass),2018/1,False,True,False,yes,2017,2,,,,,,,,,,,,,,,,,
FING-4201,Elect & Mag (fail),2018/1,False,True,False,yes,2017,2,,,,,,,,,,,,,,,,,
FING-4201,Progr Methd (fail),2018/1,False,True,False,yes,2017,2,,,,,,,,,,,,,,,,,
FING-4201,Eng 2 (pass),2018/1,False,True,False,yes,2017,2,,,,,,,,,,,,,,,,,
FING-4201,Stat Analys (pass),2019/1,False,True,False,yes,2017,2,,,,,,,,,,,,,,,,,
FING-4201,Progr Methd (pass),2019/1,False,True,False,yes,2017,2,,,,,,,,,,,,,,,,,
FING-4201,Eng 3 (pass),2019/1,False,True,False,yes,2017,2,,,,,,,,,,,,,,,,,
FING-4201,Proj Eval&Manag (pass),2019/1,False,True,False,yes,2017,2,,,,,,,,,,,,,,,,,
FING-4201,Elect & Mag (pass),2019/1,False,True,False,yes,2017,2,,,,,,,,,,,,,,,,,
FING-4201,Progr Parad (pass),2019/2,False,True,False,yes,2017,2,,,,,,,,,,,,,,,,,
FING-4201,Syst Eng (pass),2019/2,False,True,False,yes,2017,2,,,,,,,,,,,,,,,,,
FING-4201,Inf & Soc (pass),2019/2,False,True,False,yes,2017,2,,,,,,,,,,,,,,,,,
FING-4201,Comp Struc (pass),2019/2,False,True,False,yes,2017,2,,,,,,,,,,,,,,,,,
FING-4201,Eng 4 (pass),2019/2,False,True,False,yes,2017,2,,,,,,,,,,,,,,,,,
FING-4201,Algorithms (pass),2020/1,False,True,False,yes,2017,2,,,,,,,,,,,,,,,,,
FING-4201,DB Design (pass),2020/1,False,True,False,yes,2017,2,,,,,,,,,,,,,,,,,
FING-4201,SoftEng Fund (pass),2020/1,False,True,False,yes,2017,2,,,,,,,,,,,,,,,,,
FING-4201,Inf Sys (pass),2020/1,False,True,False,yes,2017,2,,,,,,,,,,,,,,,,,
FING-4201,Comp Org (pass),2020/2,False,True,False,yes,2017,2,,,,,,,,,,,,,,,,,
FING-4201,DB Workshop (pass),2020/2,False,True,False,yes,2017,2,,,,,,,,,,,,,,,,,
FING-4201,Elective (pass),2020/2,False,True,False,yes,2017,2,,,,,,,,,,,,,,,,,
FING-4201,SoftEng Technq (pass),2020/2,False,True,False,yes,2017,2,,,,,,,,,,,,,,,,,
FING-4201,Elective (pass),2020/2,False,True,False,yes,2017,2,,,,,,,,,,,,,,,,,
FING-4201,Op Sys (pass),2021/1,False,True,False,yes,2017,2,,,,,,,,,,,,,,,,,
FING-4201,Inf Adm & Manag (pass),2021/1,False,True,False,yes,2017,2,,,,,,,,,,,,,,,,,
FING-4201,Comp Net (pass),2021/1,False,True,False,yes,2017,2,,,,,,,,,,,,,,,,,
FING-4201,Elective (pass),2021/1,False,True,False,yes,2017,2,,,,,,,,,,,,,,,,,
FING-4201,Seminar (pass),2021/2,False,True,False,yes,2017,2,,,,,,,,,,,,,,,,,
FING-4201,SoftEng Proj (pass),2021/2,False,True,False,yes,2017,2,,,,,,,,,,,,,,,,,
FING-4201,Deg Work (pass),2022/1,False,True,False,yes,2017,2,,,,,,,,,,,,,,,,,
FING-4307,IPD Workshop (pass),2013/1,False,True,False,yes,2015,2,,,,,,,,,,,,,,,,,
FING-4307,Phy 1 (pass),2013/1,False,True,False,yes,2015,2,,,,,,,,,,,,,,,,,
FING-4307,Cal 1 (pass),2013/1,False,True,False,yes,2015,2,,,,,,,,,,,,,,,,,
FING-4307,Std Methods (pass),2013/1,False,True,False,yes,2015,2,,,,,,,,,,,,,,,,,
FING-4307,Alg 1 (pass),2013/1,False,True,False,yes,2015,2,,,,,,,,,,,,,,,,,
FING-4307,Intro Eng (pass),2013/1,False,True,False,yes,2015,2,,,,,,,,,,,,,,,,,
FING-4307,Alg 1 (pass),2013/1,False,True,False,yes,2015,2,,,,,,,,,,,,,,,,,
FING-4307,Phy 1 (pass),2013/1,False,True,False,yes,2015,2,,,,,,,,,,,,,,,,,
FING-4307,Cal 1 (pass),2013/1,False,True,False,yes,2015,2,,,,,,,,,,,,,,,,,
FING-4307,Std Methods (pass),2013/1,False,True,False,yes,2015,2,,,,,,,,,,,,,,,,,
FING-4307,Intro Eng (pass),2013/1,False,True,False,yes,2015,2,,,,,,,,,,,,,,,,,
FING-4307,IPD Workshop (pass),2013/1,False,True,False,yes,2015,2,,,,,,,,,,,,,,,,,
FING-4307,Chemistry (pass),2013/2,False,True,False,yes,2015,2,,,,,,,,,,,,,,,,,
FING-4307,Phy 2 (pass),2013/2,False,True,False,yes,2015,2,,,,,,,,,,,,,,,,,
FING-4307,Fund Progr (fail),2013/2,False,True,False,yes,2015,2,,,,,,,,,,,,,,,,,
FING-4307,Chemistry (pass),2013/2,False,True,False,yes,2015,2,,,,,,,,,,,,,,,,,
FING-4307,Cal 2 (fail),2013/2,False,True,False,yes,2015,2,,,,,,,,,,,,,,,,,
FING-4307,Phy 2 (pass),2013/2,False,True,False,yes,2015,2,,,,,,,,,,,,,,,,,
FING-4307,Alg 2 (fail),2013/2,False,True,False,yes,2015,2,,,,,,,,,,,,,,,,,
FING-4307,Alg 2 (pass),2014/1,False,True,False,yes,2015,2,,,,,,,,,,,,,,,,,
FING-4307,Fund Progr (pass),2014/1,False,True,False,yes,2015,2,,,,,,,,,,,,,,,,,
FING-4307,Eng 1 (pass),2014/1,False,True,False,yes,2015,2,,,,,,,,,,,,,,,,,
FING-4307,Cal 2 (pass),2014/1,False,True,False,yes,2015,2,,,,,,,,,,,,,,,,,
FING-4307,Alg 2 (pass),2014/1,False,True,False,yes,2015,2,,,,,,,,,,,,,,,,,
FING-4307,Eng 1 (pass),2014/1,False,True,False,yes,2015,2,,,,,,,,,,,,,,,,,
FING-4307,Fund Progr (pass),2014/1,False,True,False,yes,2015,2,,,,,,,,,,,,,,,,,
FING-4307,Progr Methd (fail),2014/1,False,True,False,yes,2015,2,,,,,,,,,,,,,,,,,
FING-4307,Cal 2 (pass),2014/1,False,True,False,yes,2015,2,,,,,,,,,,,,,,,,,
FING-4307,Eng 2 (pass),2014/2,False,True,False,yes,2015,2,,,,,,,,,,,,,,,,,
FING-4307,Elect & Mag (pass),2014/2,False,True,False,yes,2015,2,,,,,,,,,,,,,,,,,
FING-4307,Eff Comm (pass),2014/2,False,True,False,yes,2015,2,,,,,,,,,,,,,,,,,
FING-4307,Eng 2 (pass),2014/2,False,True,False,yes,2015,2,,,,,,,,,,,,,,,,,
FING-4307,Diff Ec & Num Meth (fail),2014/2,False,True,False,yes,2015,2,,,,,,,,,,,,,,,,,
FING-4307,Progr Methd (fail),2014/2,False,True,False,yes,2015,2,,,,,,,,,,,,,,,,,
FING-4307,Fund Econ (fail),2014/2,False,True,False,yes,2015,2,,,,,,,,,,,,,,,,,
FING-4307,Elect & Mag (pass),2014/2,False,True,False,yes,2015,2,,,,,,,,,,,,,,,,,
FING-4307,Eff Comm (pass),2014/2,False,True,False,yes,2015,2,,,,,,,,,,,,,,,,,
FING-4307,Progr Methd (pass),2015/1,False,True,False,yes,2015,2,,,,,,,,,,,,,,,,,
FING-4307,Eng 3 (pass),2015/1,False,True,False,yes,2015,2,,,,,,,,,,,,,,,,,
FING-4307,Algorithms (fail),2015/1,False,True,False,yes,2015,2,,,,,,,,,,,,,,,,,
FING-4307,Comp Struc (pass),2015/1,False,True,False,yes,2015,2,,,,,,,,,,,,,,,,,
FING-4307,Progr Parad (pass),2015/2,False,True,False,yes,2015,2,,,,,,,,,,,,,,,,,
FING-4307,Algorithms (fail),2015/2,False,True,False,yes,2015,2,,,,,,,,,,,,,,,,,
FING-4307,Fund Econ (fail),2015/2,False,True,False,yes,2015,2,,,,,,,,,,,,,,,,,
FING-4307,Eng 4 (fail),2015/2,False,True,False,yes,2015,2,,,,,,,,,,,,,,,,,
FING-4307,Stat Analys (pass),2015/2,False,True,False,yes,2015,2,,,,,,,,,,,,,,,,,
FING-4307,Diff Ec & Num Meth (fail),2015/2,False,True,False,yes,2015,2,,,,,,,,,,,,,,,,,
FING-4307,DB Design (fail),2016/1,False,True,False,yes,2015,2,,,,,,,,,,,,,,,,,
FING-4307,Comp Org (fail),2016/1,False,True,False,yes,2015,2,,,,,,,,,,,,,,,,,
FING-4307,Algorithms (pass),2016/1,False,True,False,yes,2015,2,,,,,,,,,,,,,,,,,
FING-4307,SoftEng Fund (pass),2016/1,False,True,False,yes,2015,2,,,,,,,,,,,,,,,,,
FING-4307,Eng 4 (pass),2016/1,False,True,False,yes,2015,2,,,,,,,,,,,,,,,,,
FING-4307,Diff Ec & Num Meth (pass),2016/1,False,True,False,yes,2015,2,,,,,,,,,,,,,,,,,
FING-4307,Fund Econ (pass),2016/2,False,True,False,yes,2015,2,,,,,,,,,,,,,,,,,
FING-4307,Syst Eng (pass),2016/2,False,True,False,yes,2015,2,,,,,,,,,,,,,,,,,
FING-4307,SoftEng Technq (pass),2016/2,False,True,False,yes,2015,2,,,,,,,,,,,,,,,,,
FING-4307,DB Design (pass),2016/2,False,True,False,yes,2015,2,,,,,,,,,,,,,,,,,
FING-4307,Comp Org (pass),2016/2,False,True,False,yes,2015,2,,,,,,,,,,,,,,,,,
FING-4307,DB Workshop (pass),2017/1,False,True,False,yes,2015,2,,,,,,,,,,,,,,,,,
FING-4307,Proj Eval&Manag (fail),2017/1,False,True,False,yes,2015,2,,,,,,,,,,,,,,,,,
FING-4307,Inf Sys (pass),2017/1,False,True,False,yes,2015,2,,,,,,,,,,,,,,,,,
FING-4307,Comp Net (pass),2017/1,False,True,False,yes,2015,2,,,,,,,,,,,,,,,,,
FING-4307,Elective (pass),2017/1,False,True,False,yes,2015,2,,,,,,,,,,,,,,,,,
FING-4307,Op Sys (fail),2017/2,False,True,False,yes,2015,2,,,,,,,,,,,,,,,,,
FING-4307,Proj Eval&Manag (fail),2017/2,False,True,False,yes,2015,2,,,,,,,,,,,,,,,,,
FING-4307,Inf & Soc (fail),2017/2,False,True,False,yes,2015,2,,,,,,,,,,,,,,,,,
FING-4307,Elective (pass),2017/2,False,True,False,yes,2015,2,,,,,,,,,,,,,,,,,
FING-4307,Op Sys (pass),2018/1,False,True,False,yes,2015,2,,,,,,,,,,,,,,,,,
FING-4307,Proj Eval&Manag (pass),2018/1,False,True,False,yes,2015,2,,,,,,,,,,,,,,,,,
FING-4307,Inf & Soc (pass),2018/1,False,True,False,yes,2015,2,,,,,,,,,,,,,,,,,
FING-4307,Inf Adm & Manag (pass),2018/2,False,True,False,yes,2015,2,,,,,,,,,,,,,,,,,
FING-4307,Seminar (pass),2018/2,False,True,False,yes,2015,2,,,,,,,,,,,,,,,,,
FING-4307,Elective (fail),2018/2,False,True,False,yes,2015,2,,,,,,,,,,,,,,,,,
FING-4307,SoftEng Proj (pass),2019/1,False,True,False,yes,2015,2,,,,,,,,,,,,,,,,,
FING-4307,Elective (pass),2019/1,False,True,False,yes,2015,2,,,,,,,,,,,,,,,,,
FING-4307,Deg Work (pass),2019/2,False,True,False,yes,2015,2,,,,,,,,,,,,,,,,,
FING-4309,IPD Workshop (pass),2013/1,False,True,False,yes,2015,2,,,,,,,,,,,,,,,,,
FING-4309,Phy 1 (pass),2013/1,False,True,False,yes,2015,2,,,,,,,,,,,,,,,,,
FING-4309,Intro Eng (pass),2013/1,False,True,False,yes,2015,2,,,,,,,,,,,,,,,,,
FING-4309,Alg 1 (pass),2013/1,False,True,False,yes,2015,2,,,,,,,,,,,,,,,,,
FING-4309,Std Methods (pass),2013/1,False,True,False,yes,2015,2,,,,,,,,,,,,,,,,,
FING-4309,Phy 1 (pass),2013/1,False,True,False,yes,2015,2,,,,,,,,,,,,,,,,,
FING-4309,Alg 1 (pass),2013/1,False,True,False,yes,2015,2,,,,,,,,,,,,,,,,,
FING-4309,Cal 1 (fail),2013/1,False,True,False,yes,2015,2,,,,,,,,,,,,,,,,,
FING-4309,Intro Eng (pass),2013/1,False,True,False,yes,2015,2,,,,,,,,,,,,,,,,,
FING-4309,Std Methods (pass),2013/1,False,True,False,yes,2015,2,,,,,,,,,,,,,,,,,
FING-4309,IPD Workshop (pass),2013/1,False,True,False,yes,2015,2,,,,,,,,,,,,,,,,,
FING-4309,Phy 2 (pass),2013/2,False,True,False,yes,2015,2,,,,,,,,,,,,,,,,,
FING-4309,Alg 2 (pass),2013/2,False,True,False,yes,2015,2,,,,,,,,,,,,,,,,,
FING-4309,Cal 1 (pass),2013/2,False,True,False,yes,2015,2,,,,,,,,,,,,,,,,,
FING-4309,Fund Progr (pass),2013/2,False,True,False,yes,2015,2,,,,,,,,,,,,,,,,,
FING-4309,Chemistry (fail),2013/2,False,True,False,yes,2015,2,,,,,,,,,,,,,,,,,
FING-4309,Fund Progr (pass),2013/2,False,True,False,yes,2015,2,,,,,,,,,,,,,,,,,
FING-4309,Cal 1 (pass),2013/2,False,True,False,yes,2015,2,,,,,,,,,,,,,,,,,
FING-4309,Alg 2 (pass),2013/2,False,True,False,yes,2015,2,,,,,,,,,,,,,,,,,
FING-4309,Phy 2 (pass),2013/2,False,True,False,yes,2015,2,,,,,,,,,,,,,,,,,
FING-4309,Progr Methd (pass),2014/1,False,True,False,yes,2015,2,,,,,,,,,,,,,,,,,
FING-4309,Eng 1 (pass),2014/1,False,True,False,yes,2015,2,,,,,,,,,,,,,,,,,
FING-4309,Chemistry (pass),2014/1,False,True,False,yes,2015,2,,,,,,,,,,,,,,,,,
FING-4309,Cal 2 (pass),2014/1,False,True,False,yes,2015,2,,,,,,,,,,,,,,,,,
FING-4309,Eng 1 (pass),2014/1,False,True,False,yes,2015,2,,,,,,,,,,,,,,,,,
FING-4309,Progr Methd (pass),2014/1,False,True,False,yes,2015,2,,,,,,,,,,,,,,,,,
FING-4309,Cal 2 (pass),2014/1,False,True,False,yes,2015,2,,,,,,,,,,,,,,,,,
FING-4309,Chemistry (pass),2014/1,False,True,False,yes,2015,2,,,,,,,,,,,,,,,,,
FING-4309,Stat Analys (pass),2014/2,False,True,False,yes,2015,2,,,,,,,,,,,,,,,,,
FING-4309,Fund Econ (pass),2014/2,False,True,False,yes,2015,2,,,,,,,,,,,,,,,,,
FING-4309,Eff Comm (pass),2014/2,False,True,False,yes,2015,2,,,,,,,,,,,,,,,,,
FING-4309,Eng 2 (pass),2014/2,False,True,False,yes,2015,2,,,,,,,,,,,,,,,,,
FING-4309,Eng 2 (pass),2014/2,False,True,False,yes,2015,2,,,,,,,,,,,,,,,,,
FING-4309,Stat Analys (pass),2014/2,False,True,False,yes,2015,2,,,,,,,,,,,,,,,,,
FING-4309,Diff Ec & Num Meth (fail),2014/2,False,True,False,yes,2015,2,,,,,,,,,,,,,,,,,
FING-4309,Elect & Mag (fail),2014/2,False,True,False,yes,2015,2,,,,,,,,,,,,,,,,,
FING-4309,Fund Econ (pass),2014/2,False,True,False,yes,2015,2,,,,,,,,,,,,,,,,,
FING-4309,Eff Comm (pass),2014/2,False,True,False,yes,2015,2,,,,,,,,,,,,,,,,,
FING-4309,Syst Eng (pass),2015/1,False,True,False,yes,2015,2,,,,,,,,,,,,,,,,,
FING-4309,Eng 3 (pass),2015/1,False,True,False,yes,2015,2,,,,,,,,,,,,,,,,,
FING-4309,Elect & Mag (pass),2015/1,False,True,False,yes,2015,2,,,,,,,,,,,,,,,,,
FING-4309,Diff Ec & Num Meth (pass),2015/1,False,True,False,yes,2015,2,,,,,,,,,,,,,,,,,
FING-4309,Inf & Soc (pass),2015/2,False,True,False,yes,2015,2,,,,,,,,,,,,,,,,,
FING-4309,Progr Parad (fail),2015/2,False,True,False,yes,2015,2,,,,,,,,,,,,,,,,,
FING-4309,Algorithms (pass),2015/2,False,True,False,yes,2015,2,,,,,,,,,,,,,,,,,
FING-4309,Inf Sys (fail),2015/2,False,True,False,yes,2015,2,,,,,,,,,,,,,,,,,
FING-4309,Comp Struc (pass),2015/2,False,True,False,yes,2015,2,,,,,,,,,,,,,,,,,
FING-4309,Progr Parad (fail),2016/1,False,True,False,yes,2015,2,,,,,,,,,,,,,,,,,
FING-4309,Proj Eval&Manag (pass),2016/1,False,True,False,yes,2015,2,,,,,,,,,,,,,,,,,
FING-4309,Inf Sys (pass),2016/1,False,True,False,yes,2015,2,,,,,,,,,,,,,,,,,
FING-4309,Comp Org (fail),2016/1,False,True,False,yes,2015,2,,,,,,,,,,,,,,,,,
FING-4309,Progr Parad (pass),2016/2,False,True,False,yes,2015,2,,,,,,,,,,,,,,,,,
FING-4309,SoftEng Fund (pass),2016/2,False,True,False,yes,2015,2,,,,,,,,,,,,,,,,,
FING-4309,DB Design (pass),2016/2,False,True,False,yes,2015,2,,,,,,,,,,,,,,,,,
FING-4309,Comp Org (fail),2016/2,False,True,False,yes,2015,2,,,,,,,,,,,,,,,,,
FING-4309,DB Workshop (pass),2017/1,False,True,False,yes,2015,2,,,,,,,,,,,,,,,,,
FING-4309,Comp Org (pass),2017/1,False,True,False,yes,2015,2,,,,,,,,,,,,,,,,,
FING-4309,SoftEng Technq (pass),2017/1,False,True,False,yes,2015,2,,,,,,,,,,,,,,,,,
FING-4309,Inf Adm & Manag (pass),2017/1,False,True,False,yes,2015,2,,,,,,,,,,,,,,,,,
FING-4309,SoftEng Proj (pass),2017/2,False,True,False,yes,2015,2,,,,,,,,,,,,,,,,,
FING-4309,Elective (fail),2017/2,False,True,False,yes,2015,2,,,,,,,,,,,,,,,,,
FING-4309,Op Sys (fail),2017/2,False,True,False,yes,2015,2,,,,,,,,,,,,,,,,,
FING-4309,Comp Net (fail),2017/2,False,True,False,yes,2015,2,,,,,,,,,,,,,,,,,
FING-4309,Elective (pass),2018/1,False,True,False,yes,2015,2,,,,,,,,,,,,,,,,,
FING-4309,Op Sys (pass),2018/1,False,True,False,yes,2015,2,,,,,,,,,,,,,,,,,
FING-4309,Comp Net (pass),2018/1,False,True,False,yes,2015,2,,,,,,,,,,,,,,,,,
FING-4309,Elective (pass),2018/1,False,True,False,yes,2015,2,,,,,,,,,,,,,,,,,
FING-4309,Seminar (pass),2018/1,False,True,False,yes,2015,2,,,,,,,,,,,,,,,,,
FING-4309,Elective (pass),2018/2,False,True,False,yes,2015,2,,,,,,,,,,,,,,,,,
FING-4309,Eng 4 (fail),2018/2,False,True,False,yes,2015,2,,,,,,,,,,,,,,,,,
FING-4309,Deg Work (pass),2019/1,False,True,False,yes,2015,2,,,,,,,,,,,,,,,,,
FING-4309,Eng 4 (pass),2019/1,False,True,False,yes,2015,2,,,,,,,,,,,,,,,,,
FING-4311,Phy 1 (pass),2013/1,False,True,False,yes,2015,2,,,,,,,,,,,,,,,,,
FING-4311,Intro Eng (pass),2013/1,False,True,False,yes,2015,2,,,,,,,,,,,,,,,,,
FING-4311,IPD Workshop (pass),2013/1,False,True,False,yes,2015,2,,,,,,,,,,,,,,,,,
FING-4311,Alg 1 (pass),2013/1,False,True,False,yes,2015,2,,,,,,,,,,,,,,,,,
FING-4311,Std Methods (pass),2013/1,False,True,False,yes,2015,2,,,,,,,,,,,,,,,,,
FING-4311,Phy 1 (pass),2013/1,False,True,False,yes,2015,2,,,,,,,,,,,,,,,,,
FING-4311,Alg 1 (pass),2013/1,False,True,False,yes,2015,2,,,,,,,,,,,,,,,,,
FING-4311,Cal 1 (fail),2013/1,False,True,False,yes,2015,2,,,,,,,,,,,,,,,,,
FING-4311,Std Methods (pass),2013/1,False,True,False,yes,2015,2,,,,,,,,,,,,,,,,,
FING-4311,Intro Eng (pass),2013/1,False,True,False,yes,2015,2,,,,,,,,,,,,,,,,,
FING-4311,IPD Workshop (pass),2013/1,False,True,False,yes,2015,2,,,,,,,,,,,,,,,,,
FING-4311,Cal 1 (pass),2013/2,False,True,False,yes,2015,2,,,,,,,,,,,,,,,,,
FING-4311,Phy 2 (pass),2013/2,False,True,False,yes,2015,2,,,,,,,,,,,,,,,,,
FING-4311,Fund Progr (fail),2013/2,False,True,False,yes,2015,2,,,,,,,,,,,,,,,,,
FING-4311,Chemistry (fail),2013/2,False,True,False,yes,2015,2,,,,,,,,,,,,,,,,,
FING-4311,Cal 1 (pass),2013/2,False,True,False,yes,2015,2,,,,,,,,,,,,,,,,,
FING-4311,Phy 2 (pass),2013/2,False,True,False,yes,2015,2,,,,,,,,,,,,,,,,,
FING-4311,Alg 2 (fail),2013/2,False,True,False,yes,2015,2,,,,,,,,,,,,,,,,,
FING-4311,Chemistry (pass),2014/1,False,True,False,yes,2015,2,,,,,,,,,,,,,,,,,
FING-4311,Alg 2 (pass),2014/1,False,True,False,yes,2015,2,,,,,,,,,,,,,,,,,
FING-4311,Eng 1 (pass),2014/1,False,True,False,yes,2015,2,,,,,,,,,,,,,,,,,
FING-4311,Cal 2 (pass),2014/1,False,True,False,yes,2015,2,,,,,,,,,,,,,,,,,
FING-4311,Fund Progr (pass),2014/1,False,True,False,yes,2015,2,,,,,,,,,,,,,,,,,
FING-4311,Alg 2 (pass),2014/1,False,True,False,yes,2015,2,,,,,,,,,,,,,,,,,
FING-4311,Eng 1 (pass),2014/1,False,True,False,yes,2015,2,,,,,,,,,,,,,,,,,
FING-4311,Cal 2 (pass),2014/1,False,True,False,yes,2015,2,,,,,,,,,,,,,,,,,
FING-4311,Fund Progr (pass),2014/1,False,True,False,yes,2015,2,,,,,,,,,,,,,,,,,
FING-4311,Chemistry (pass),2014/1,False,True,False,yes,2015,2,,,,,,,,,,,,,,,,,
FING-4311,Progr Methd (pass),2014/2,False,True,False,yes,2015,2,,,,,,,,,,,,,,,,,
FING-4311,Eff Comm (pass),2014/2,False,True,False,yes,2015,2,,,,,,,,,,,,,,,,,
FING-4311,Eng 2 (pass),2014/2,False,True,False,yes,2015,2,,,,,,,,,,,,,,,,,
FING-4311,Eng 2 (pass),2014/2,False,True,False,yes,2015,2,,,,,,,,,,,,,,,,,
FING-4311,Elect & Mag (fail),2014/2,False,True,False,yes,2015,2,,,,,,,,,,,,,,,,,
FING-4311,Progr Methd (pass),2014/2,False,True,False,yes,2015,2,,,,,,,,,,,,,,,,,
FING-4311,Diff Ec & Num Meth (fail),2014/2,False,True,False,yes,2015,2,,,,,,,,,,,,,,,,,
FING-4311,Eff Comm (pass),2014/2,False,True,False,yes,2015,2,,,,,,,,,,,,,,,,,
FING-4311,Eng 3 (pass),2015/1,False,True,False,yes,2015,2,,,,,,,,,,,,,,,,,
FING-4311,Elect & Mag (fail),2015/1,False,True,False,yes,2015,2,,,,,,,,,,,,,,,,,
FING-4311,Progr Parad (fail),2015/1,False,True,False,yes,2015,2,,,,,,,,,,,,,,,,,
FING-4311,Diff Ec & Num Meth (fail),2015/1,False,True,False,yes,2015,2,,,,,,,,,,,,,,,,,
FING-4311,Eng 4 (pass),2016/1,False,True,False,yes,2015,2,,,,,,,,,,,,,,,,,
FING-4311,Stat Analys (pass),2016/1,False,True,False,yes,2015,2,,,,,,,,,,,,,,,,,
FING-4311,Fund Econ (pass),2016/1,False,True,False,yes,2015,2,,,,,,,,,,,,,,,,,
FING-4311,Elect & Mag (pass),2016/1,False,True,False,yes,2015,2,,,,,,,,,,,,,,,,,
FING-4311,Diff Ec & Num Meth (pass),2016/1,False,True,False,yes,2015,2,,,,,,,,,,,,,,,,,
FING-4311,Progr Parad (pass),2016/2,False,True,False,yes,2015,2,,,,,,,,,,,,,,,,,
FING-4311,Syst Eng (pass),2016/2,False,True,False,yes,2015,2,,,,,,,,,,,,,,,,,
FING-4311,Comp Struc (fail),2016/2,False,True,False,yes,2015,2,,,,,,,,,,,,,,,,,
FING-4311,Algorithms (pass),2016/2,False,True,False,yes,2015,2,,,,,,,,,,,,,,,,,
FING-4311,DB Design (pass),2017/1,False,True,False,yes,2015,2,,,,,,,,,,,,,,,,,
FING-4311,Comp Org (pass),2017/1,False,True,False,yes,2015,2,,,,,,,,,,,,,,,,,
FING-4311,Comp Struc (pass),2017/1,False,True,False,yes,2015,2,,,,,,,,,,,,,,,,,
FING-4311,Inf & Soc (pass),2017/1,False,True,False,yes,2015,2,,,,,,,,,,,,,,,,,
FING-4311,SoftEng Fund (pass),2017/1,False,True,False,yes,2015,2,,,,,,,,,,,,,,,,,
FING-4311,Op Sys (pass),2017/2,False,True,False,yes,2015,2,,,,,,,,,,,,,,,,,
FING-4311,DB Workshop (pass),2017/2,False,True,False,yes,2015,2,,,,,,,,,,,,,,,,,
FING-4311,Proj Eval&Manag (pass),2017/2,False,True,False,yes,2015,2,,,,,,,,,,,,,,,,,
FING-4311,Inf Sys (pass),2017/2,False,True,False,yes,2015,2,,,,,,,,,,,,,,,,,
FING-4311,Elective (pass),2017/2,False,True,False,yes,2015,2,,,,,,,,,,,,,,,,,
FING-4311,Comp Net (pass),2018/1,False,True,False,yes,2015,2,,,,,,,,,,,,,,,,,
FING-4311,Elective (pass),2018/1,False,True,False,yes,2015,2,,,,,,,,,,,,,,,,,
FING-4311,Seminar (pass),2018/1,False,True,False,yes,2015,2,,,,,,,,,,,,,,,,,
FING-4311,Inf Adm & Manag (pass),2018/1,False,True,False,yes,2015,2,,,,,,,,,,,,,,,,,
FING-4311,SoftEng Technq (pass),2018/1,False,True,False,yes,2015,2,,,,,,,,,,,,,,,,,
FING-4311,Elective (pass),2018/2,False,True,False,yes,2015,2,,,,,,,,,,,,,,,,,
FING-4311,SoftEng Proj (pass),2018/2,False,True,False,yes,2015,2,,,,,,,,,,,,,,,,,
FING-4311,Deg Work (pass),2019/1,False,True,False,yes,2015,2,,,,,,,,,,,,,,,,,
FING-4313,IPD Workshop (pass),2012/1,False,True,False,yes,2015,2,,,,,,,,,,,,,,,,,
FING-4313,Phy 1 (pass),2012/1,False,True,False,yes,2015,2,,,,,,,,,,,,,,,,,
FING-4313,Intro Eng (pass),2012/1,False,True,False,yes,2015,2,,,,,,,,,,,,,,,,,
FING-4313,Alg 1 (pass),2012/1,False,True,False,yes,2015,2,,,,,,,,,,,,,,,,,
FING-4313,Std Methods (pass),2012/1,False,True,False,yes,2015,2,,,,,,,,,,,,,,,,,
FING-4313,IPD Workshop (pass),2012/1,False,True,False,yes,2015,2,,,,,,,,,,,,,,,,,
FING-4313,Cal 1 (fail),2012/1,False,True,False,yes,2015,2,,,,,,,,,,,,,,,,,
FING-4313,Alg 1 (pass),2012/1,False,True,False,yes,2015,2,,,,,,,,,,,,,,,,,
FING-4313,Phy 1 (pass),2012/1,False,True,False,yes,2015,2,,,,,,,,,,,,,,,,,
FING-4313,Intro Eng (pass),2012/1,False,True,False,yes,2015,2,,,,,,,,,,,,,,,,,
FING-4313,Std Methods (pass),2012/1,False,True,False,yes,2015,2,,,,,,,,,,,,,,,,,
FING-4313,Chemistry (pass),2012/2,False,True,False,yes,2015,2,,,,,,,,,,,,,,,,,
FING-4313,Phy 2 (pass),2012/2,False,True,False,yes,2015,2,,,,,,,,,,,,,,,,,
FING-4313,Fund Progr (pass),2012/2,False,True,False,yes,2015,2,,,,,,,,,,,,,,,,,
FING-4313,Fund Progr (pass),2012/2,False,True,False,yes,2015,2,,,,,,,,,,,,,,,,,
FING-4313,Chemistry (pass),2012/2,False,True,False,yes,2015,2,,,,,,,,,,,,,,,,,
FING-4313,Phy 2 (pass),2012/2,False,True,False,yes,2015,2,,,,,,,,,,,,,,,,,
FING-4313,Cal 1 (fail),2012/2,False,True,False,yes,2015,2,,,,,,,,,,,,,,,,,
FING-4313,Alg 2 (fail),2012/2,False,True,False,yes,2015,2,,,,,,,,,,,,,,,,,
FING-4313,Alg 2 (pass),2013/1,False,True,False,yes,2015,2,,,,,,,,,,,,,,,,,
FING-4313,Cal 1 (pass),2013/1,False,True,False,yes,2015,2,,,,,,,,,,,,,,,,,
FING-4313,Eng 1 (pass),2013/1,False,True,False,yes,2015,2,,,,,,,,,,,,,,,,,
FING-4313,Progr Methd (fail),2013/1,False,True,False,yes,2015,2,,,,,,,,,,,,,,,,,
FING-4313,Eng 1 (pass),2013/1,False,True,False,yes,2015,2,,,,,,,,,,,,,,,,,
FING-4313,Alg 2 (pass),2013/1,False,True,False,yes,2015,2,,,,,,,,,,,,,,,,,
FING-4313,Cal 1 (pass),2013/1,False,True,False,yes,2015,2,,,,,,,,,,,,,,,,,
FING-4313,Elect & Mag (fail),2013/1,False,True,False,yes,2015,2,,,,,,,,,,,,,,,,,
FING-4313,Eff Comm (pass),2013/2,False,True,False,yes,2015,2,,,,,,,,,,,,,,,,,
FING-4313,Elect & Mag (pass),2013/2,False,True,False,yes,2015,2,,,,,,,,,,,,,,,,,
FING-4313,Cal 2 (pass),2013/2,False,True,False,yes,2015,2,,,,,,,,,,,,,,,,,
FING-4313,Progr Methd (pass),2013/2,False,True,False,yes,2015,2,,,,,,,,,,,,,,,,,
FING-4313,Progr Methd (pass),2013/2,False,True,False,yes,2015,2,,,,,,,,,,,,,,,,,
FING-4313,Cal 2 (pass),2013/2,False,True,False,yes,2015,2,,,,,,,,,,,,,,,,,
FING-4313,Eff Comm (pass),2013/2,False,True,False,yes,2015,2,,,,,,,,,,,,,,,,,
FING-4313,Eng 2 (fail),2013/2,False,True,False,yes,2015,2,,,,,,,,,,,,,,,,,
FING-4313,Elect & Mag (pass),2013/2,False,True,False,yes,2015,2,,,,,,,,,,,,,,,,,
FING-4313,Progr Parad (pass),2014/1,False,True,False,yes,2015,2,,,,,,,,,,,,,,,,,
FING-4313,Eng 2 (pass),2014/1,False,True,False,yes,2015,2,,,,,,,,,,,,,,,,,
FING-4313,Fund Econ (pass),2014/1,False,True,False,yes,2015,2,,,,,,,,,,,,,,,,,
FING-4313,Eng 2 (pass),2014/1,False,True,False,yes,2015,2,,,,,,,,,,,,,,,,,
FING-4313,Stat Analys (fail),2014/1,False,True,False,yes,2015,2,,,,,,,,,,,,,,,,,
FING-4313,Progr Parad (pass),2014/1,False,True,False,yes,2015,2,,,,,,,,,,,,,,,,,
FING-4313,Algorithms (fail),2014/1,False,True,False,yes,2015,2,,,,,,,,,,,,,,,,,
FING-4313,Fund Econ (pass),2014/1,False,True,False,yes,2015,2,,,,,,,,,,,,,,,,,
FING-4313,Diff Ec & Num Meth (fail),2014/1,False,True,False,yes,2015,2,,,,,,,,,,,,,,,,,
FING-4313,Algorithms (pass),2014/2,False,True,False,yes,2015,2,,,,,,,,,,,,,,,,,
FING-4313,Stat Analys (pass),2014/2,False,True,False,yes,2015,2,,,,,,,,,,,,,,,,,
FING-4313,Eng 3 (fail),2014/2,False,True,False,yes,2015,2,,,,,,,,,,,,,,,,,
FING-4313,Diff Ec & Num Meth (fail),2014/2,False,True,False,yes,2015,2,,,,,,,,,,,,,,,,,
FING-4313,Comp Struc (fail),2014/2,False,True,False,yes,2015,2,,,,,,,,,,,,,,,,,
FING-4313,Algorithms (pass),2014/2,False,True,False,yes,2015,2,,,,,,,,,,,,,,,,,
FING-4313,Stat Analys (pass),2014/2,False,True,False,yes,2015,2,,,,,,,,,,,,,,,,,
FING-4313,Syst Eng (fail),2015/1,False,True,False,yes,2015,2,,,,,,,,,,,,,,,,,
FING-4313,Eng 3 (pass),2015/1,False,True,False,yes,2015,2,,,,,,,,,,,,,,,,,
FING-4313,Comp Struc (fail),2015/1,False,True,False,yes,2015,2,,,,,,,,,,,,,,,,,
FING-4313,DB Design (pass),2015/1,False,True,False,yes,2015,2,,,,,,,,,,,,,,,,,
FING-4313,Diff Ec & Num Meth (pass),2015/1,False,True,False,yes,2015,2,,,,,,,,,,,,,,,,,
FING-4313,Inf & Soc (pass),2015/2,False,True,False,yes,2015,2,,,,,,,,,,,,,,,,,
FING-4313,Syst Eng (pass),2015/2,False,True,False,yes,2015,2,,,,,,,,,,,,,,,,,
FING-4313,Eng 4 (pass),2015/2,False,True,False,yes,2015,2,,,,,,,,,,,,,,,,,
FING-4313,SoftEng Fund (pass),2015/2,False,True,False,yes,2015,2,,,,,,,,,,,,,,,,,
FING-4313,Comp Struc (pass),2015/2,False,True,False,yes,2015,2,,,,,,,,,,,,,,,,,
FING-4313,Comp Org (fail),2016/1,False,True,False,yes,2015,2,,,,,,,,,,,,,,,,,
FING-4313,DB Workshop (pass),2016/1,False,True,False,yes,2015,2,,,,,,,,,,,,,,,,,
FING-4313,Proj Eval&Manag (pass),2016/1,False,True,False,yes,2015,2,,,,,,,,,,,,,,,,,
FING-4313,Inf Sys (pass),2016/1,False,True,False,yes,2015,2,,,,,,,,,,,,,,,,,
FING-4313,SoftEng Technq (fail),2016/2,False,True,False,yes,2015,2,,,,,,,,,,,,,,,,,
FING-4313,Comp Org (fail),2016/2,False,True,False,yes,2015,2,,,,,,,,,,,,,,,,,
FING-4313,Inf Adm & Manag (pass),2016/2,False,True,False,yes,2015,2,,,,,,,,,,,,,,,,,
FING-4313,Elective (pass),2017/1,False,True,False,yes,2015,2,,,,,,,,,,,,,,,,,
FING-4313,Elective (pass),2017/1,False,True,False,yes,2015,2,,,,,,,,,,,,,,,,,
FING-4313,Comp Org (pass),2017/1,False,True,False,yes,2015,2,,,,,,,,,,,,,,,,,
FING-4313,SoftEng Technq (pass),2017/1,False,True,False,yes,2015,2,,,,,,,,,,,,,,,,,
FING-4313,SoftEng Proj (pass),2017/2,False,True,False,yes,2015,2,,,,,,,,,,,,,,,,,
FING-4313,Op Sys (fail),2017/2,False,True,False,yes,2015,2,,,,,,,,,,,,,,,,,
FING-4313,Comp Net (pass),2017/2,False,True,False,yes,2015,2,,,,,,,,,,,,,,,,,
FING-4313,Op Sys (fail),2018/1,False,True,False,yes,2015,2,,,,,,,,,,,,,,,,,
FING-4313,Elective (pass),2018/1,False,True,False,yes,2015,2,,,,,,,,,,,,,,,,,
FING-4313,Seminar (pass),2018/1,False,True,False,yes,2015,2,,,,,,,,,,,,,,,,,
FING-4313,Deg Work (pass),2018/2,False,True,False,yes,2015,2,,,,,,,,,,,,,,,,,
FING-4313,Op Sys (pass),2018/2,False,True,False,yes,2015,2,,,,,,,,,,,,,,,,,
FING-4315,Fund Progr (pass),2015/1,False,True,False,no,2015,2,,,,,,,,,,,,,,,,,
FING-4315,Intro Eng (pass),2015/1,False,True,False,no,2015,2,,,,,,,,,,,,,,,,,
FING-4315,IPD Workshop (pass),2015/1,False,True,False,no,2015,2,,,,,,,,,,,,,,,,,
FING-4315,Std Methods (pass),2015/1,False,True,False,no,2015,2,,,,,,,,,,,,,,,,,
FING-4315,Phy 1 (pass),2015/1,False,True,False,no,2015,2,,,,,,,,,,,,,,,,,
FING-4315,Progr Methd (pass),2015/2,False,True,False,no,2015,2,,,,,,,,,,,,,,,,,
FING-4315,Cal 2 (pass),2015/2,False,True,False,no,2015,2,,,,,,,,,,,,,,,,,
FING-4315,Alg 2 (pass),2015/2,False,True,False,no,2015,2,,,,,,,,,,,,,,,,,
FING-4315,Phy 2 (pass),2015/2,False,True,False,no,2015,2,,,,,,,,,,,,,,,,,
FING-4315,Eng 1 (pass),2016/1,False,True,False,no,2015,2,,,,,,,,,,,,,,,,,
FING-4315,Elect & Mag (pass),2016/1,False,True,False,no,2015,2,,,,,,,,,,,,,,,,,
FING-4315,Stat Analys (pass),2016/1,False,True,False,no,2015,2,,,,,,,,,,,,,,,,,
FING-4315,Diff Ec & Num Meth (pass),2016/1,False,True,False,no,2015,2,,,,,,,,,,,,,,,,,
FING-4315,Comp Struc (pass),2016/2,False,True,False,no,2015,2,,,,,,,,,,,,,,,,,
FING-4315,Syst Eng (pass),2016/2,False,True,False,no,2015,2,,,,,,,,,,,,,,,,,
FING-4315,Eng 2 (pass),2016/2,False,True,False,no,2015,2,,,,,,,,,,,,,,,,,
FING-4315,Algorithms (pass),2016/2,False,True,False,no,2015,2,,,,,,,,,,,,,,,,,
FING-4315,Fund Econ (pass),2016/2,False,True,False,no,2015,2,,,,,,,,,,,,,,,,,
FING-4315,Eff Comm (pass),2016/2,False,True,False,no,2015,2,,,,,,,,,,,,,,,,,
FING-4315,Progr Parad (pass),2017/1,False,True,False,no,2015,2,,,,,,,,,,,,,,,,,
FING-4315,Proj Eval&Manag (pass),2017/1,False,True,False,no,2015,2,,,,,,,,,,,,,,,,,
FING-4315,Inf Sys (pass),2017/1,False,True,False,no,2015,2,,,,,,,,,,,,,,,,,
FING-4315,Comp Org (pass),2017/1,False,True,False,no,2015,2,,,,,,,,,,,,,,,,,
FING-4315,Eng 3 (pass),2017/1,False,True,False,no,2015,2,,,,,,,,,,,,,,,,,
FING-4315,SoftEng Fund (pass),2017/2,False,True,False,no,2015,2,,,,,,,,,,,,,,,,,
FING-4315,Op Sys (pass),2017/2,False,True,False,no,2015,2,,,,,,,,,,,,,,,,,
FING-4315,Eng 4 (pass),2017/2,False,True,False,no,2015,2,,,,,,,,,,,,,,,,,
FING-4315,Inf & Soc (pass),2017/2,False,True,False,no,2015,2,,,,,,,,,,,,,,,,,
FING-4315,DB Design (pass),2017/2,False,True,False,no,2015,2,,,,,,,,,,,,,,,,,
FING-4315,DB Workshop (pass),2018/1,False,True,False,no,2015,2,,,,,,,,,,,,,,,,,
FING-4315,Comp Net (pass),2018/1,False,True,False,no,2015,2,,,,,,,,,,,,,,,,,
FING-4315,Inf Adm & Manag (pass),2018/1,False,True,False,no,2015,2,,,,,,,,,,,,,,,,,
FING-4315,SoftEng Technq (pass),2018/1,False,True,False,no,2015,2,,,,,,,,,,,,,,,,,
FING-4315,Elective (pass),2018/2,False,True,False,no,2015,2,,,,,,,,,,,,,,,,,
FING-4315,SoftEng Proj (pass),2018/2,False,True,False,no,2015,2,,,,,,,,,,,,,,,,,
FING-4315,Seminar (pass),2018/2,False,True,False,no,2015,2,,,,,,,,,,,,,,,,,
FING-4315,Elective (pass),2019/1,False,True,False,no,2015,2,,,,,,,,,,,,,,,,,
FING-4315,Elective (pass),2019/1,False,True,False,no,2015,2,,,,,,,,,,,,,,,,,
FING-4315,Deg Work (pass),2019/2,False,True,False,no,2015,2,,,,,,,,,,,,,,,,,
FING-4316,Fund Progr (pass),2015/1,False,True,False,no,2015,2,,,,,,,,,,,,,,,,,
FING-4316,Intro Eng (pass),2015/1,False,True,False,no,2015,2,,,,,,,,,,,,,,,,,
FING-4316,IPD Workshop (pass),2015/1,False,True,False,no,2015,2,,,,,,,,,,,,,,,,,
FING-4316,Std Methods (pass),2015/1,False,True,False,no,2015,2,,,,,,,,,,,,,,,,,
FING-4316,Phy 1 (pass),2015/1,False,True,False,no,2015,2,,,,,,,,,,,,,,,,,
FING-4316,Progr Methd (pass),2015/2,False,True,False,no,2015,2,,,,,,,,,,,,,,,,,
FING-4316,Cal 2 (pass),2015/2,False,True,False,no,2015,2,,,,,,,,,,,,,,,,,
FING-4316,Alg 2 (fail),2015/2,False,True,False,no,2015,2,,,,,,,,,,,,,,,,,
FING-4316,Phy 2 (pass),2015/2,False,True,False,no,2015,2,,,,,,,,,,,,,,,,,
FING-4316,Eng 1 (pass),2016/1,False,True,False,no,2015,2,,,,,,,,,,,,,,,,,
FING-4316,Alg 2 (pass),2016/1,False,True,False,no,2015,2,,,,,,,,,,,,,,,,,
FING-4316,Stat Analys (pass),2016/1,False,True,False,no,2015,2,,,,,,,,,,,,,,,,,
FING-4316,Elect & Mag (pass),2016/1,False,True,False,no,2015,2,,,,,,,,,,,,,,,,,
FING-4316,Diff Ec & Num Meth (pass),2016/1,False,True,False,no,2015,2,,,,,,,,,,,,,,,,,
FING-4316,Comp Struc (pass),2016/2,False,True,False,no,2015,2,,,,,,,,,,,,,,,,,
FING-4316,Syst Eng (pass),2016/2,False,True,False,no,2015,2,,,,,,,,,,,,,,,,,
FING-4316,Eng 2 (pass),2016/2,False,True,False,no,2015,2,,,,,,,,,,,,,,,,,
FING-4316,Algorithms (pass),2016/2,False,True,False,no,2015,2,,,,,,,,,,,,,,,,,
FING-4316,Fund Econ (pass),2016/2,False,True,False,no,2015,2,,,,,,,,,,,,,,,,,
FING-4316,Eff Comm (pass),2016/2,False,True,False,no,2015,2,,,,,,,,,,,,,,,,,
FING-4316,Progr Parad (pass),2017/1,False,True,False,no,2015,2,,,,,,,,,,,,,,,,,
FING-4316,Proj Eval&Manag (pass),2017/1,False,True,False,no,2015,2,,,,,,,,,,,,,,,,,
FING-4316,Inf Sys (pass),2017/1,False,True,False,no,2015,2,,,,,,,,,,,,,,,,,
FING-4316,Comp Org (pass),2017/1,False,True,False,no,2015,2,,,,,,,,,,,,,,,,,
FING-4316,Eng 3 (pass),2017/1,False,True,False,no,2015,2,,,,,,,,,,,,,,,,,
FING-4316,SoftEng Fund (pass),2017/2,False,True,False,no,2015,2,,,,,,,,,,,,,,,,,
FING-4316,Op Sys (pass),2017/2,False,True,False,no,2015,2,,,,,,,,,,,,,,,,,
FING-4316,Eng 4 (pass),2017/2,False,True,False,no,2015,2,,,,,,,,,,,,,,,,,
FING-4316,Inf & Soc (pass),2017/2,False,True,False,no,2015,2,,,,,,,,,,,,,,,,,
FING-4316,DB Design (pass),2017/2,False,True,False,no,2015,2,,,,,,,,,,,,,,,,,
FING-4316,DB Workshop (pass),2018/1,False,True,False,no,2015,2,,,,,,,,,,,,,,,,,
FING-4316,Comp Net (pass),2018/1,False,True,False,no,2015,2,,,,,,,,,,,,,,,,,
FING-4316,Inf Adm & Manag (pass),2018/1,False,True,False,no,2015,2,,,,,,,,,,,,,,,,,
FING-4316,SoftEng Technq (pass),2018/1,False,True,False,no,2015,2,,,,,,,,,,,,,,,,,
FING-4316,SoftEng Proj (pass),2018/2,False,True,False,no,2015,2,,,,,,,,,,,,,,,,,
FING-4316,Seminar (pass),2018/2,False,True,False,no,2015,2,,,,,,,,,,,,,,,,,
FING-4316,Elective (pass),2019/1,False,True,False,no,2015,2,,,,,,,,,,,,,,,,,
FING-4316,Elective (pass),2019/1,False,True,False,no,2015,2,,,,,,,,,,,,,,,,,
FING-4316,Elective (pass),2019/1,False,True,False,no,2015,2,,,,,,,,,,,,,,,,,
FING-4316,Deg Work (pass),2021/2,False,True,False,no,2015,2,,,,,,,,,,,,,,,,,
FING-4317,Intro Eng (pass),2012/1,False,True,False,no,2015,1,,,,,,,,,,,,,,,,,
FING-4317,Phy 1 (pass),2012/1,False,True,False,no,2015,1,,,,,,,,,,,,,,,,,
FING-4317,Std Methods (pass),2012/1,False,True,False,no,2015,1,,,,,,,,,,,,,,,,,
FING-4317,IPD Workshop (pass),2012/2,False,True,False,no,2015,1,,,,,,,,,,,,,,,,,
FING-4317,Alg 1 (pass),2012/2,False,True,False,no,2015,1,,,,,,,,,,,,,,,,,
FING-4317,Cal 1 (pass),2012/2,False,True,False,no,2015,1,,,,,,,,,,,,,,,,,
FING-4317,Chemistry (pass),2012/2,False,True,False,no,2015,1,,,,,,,,,,,,,,,,,
FING-4317,Fund Progr (pass),2013/1,False,True,False,no,2015,1,,,,,,,,,,,,,,,,,
FING-4317,Eff Comm (pass),2013/1,False,True,False,no,2015,1,,,,,,,,,,,,,,,,,
FING-4317,Phy 2 (pass),2013/1,False,True,False,no,2015,1,,,,,,,,,,,,,,,,,
FING-4317,Alg 2 (pass),2013/1,False,True,False,no,2015,1,,,,,,,,,,,,,,,,,
FING-4317,Elect & Mag (pass),2013/2,False,True,False,no,2015,1,,,,,,,,,,,,,,,,,
FING-4317,Cal 2 (pass),2014/1,False,True,False,no,2015,1,,,,,,,,,,,,,,,,,
FING-4317,Eng 1 (pass),2014/1,False,True,False,no,2015,1,,,,,,,,,,,,,,,,,
FING-4317,Eng 2 (pass),2014/2,False,True,False,no,2015,1,,,,,,,,,,,,,,,,,
FING-4317,Fund Econ (pass),2014/2,False,True,False,no,2015,1,,,,,,,,,,,,,,,,,
FING-4317,Stat Analys (pass),2014/2,False,True,False,no,2015,1,,,,,,,,,,,,,,,,,
FING-4317,Syst Eng (pass),2015/1,False,True,False,no,2015,1,,,,,,,,,,,,,,,,,
FING-4317,Progr Methd (pass),2015/1,False,True,False,no,2015,1,,,,,,,,,,,,,,,,,
FING-4317,Proj Eval&Manag (pass),2015/1,False,True,False,no,2015,1,,,,,,,,,,,,,,,,,
FING-4317,Eng 3 (fail),2015/2,False,True,False,no,2015,1,,,,,,,,,,,,,,,,,
FING-4317,Progr Parad (fail),2015/2,False,True,False,no,2015,1,,,,,,,,,,,,,,,,,
FING-4317,Comp Struc (pass),2015/2,False,True,False,no,2015,1,,,,,,,,,,,,,,,,,
FING-4317,Diff Ec & Num Meth (pass),2015/2,False,True,False,no,2015,1,,,,,,,,,,,,,,,,,
FING-4317,Progr Parad (pass),2016/1,False,True,False,no,2015,1,,,,,,,,,,,,,,,,,
FING-4317,Inf Sys (pass),2016/1,False,True,False,no,2015,1,,,,,,,,,,,,,,,,,
FING-4317,Algorithms (fail),2016/1,False,True,False,no,2015,1,,,,,,,,,,,,,,,,,
FING-4317,Inf & Soc (fail),2016/1,False,True,False,no,2015,1,,,,,,,,,,,,,,,,,
FING-4317,DB Design (pass),2016/2,False,True,False,no,2015,1,,,,,,,,,,,,,,,,,
FING-4317,Eng 3 (pass),2016/2,False,True,False,no,2015,1,,,,,,,,,,,,,,,,,
FING-4317,Algorithms (pass),2016/2,False,True,False,no,2015,1,,,,,,,,,,,,,,,,,
FING-4317,Inf & Soc (pass),2016/2,False,True,False,no,2015,1,,,,,,,,,,,,,,,,,
FING-4317,Inf Adm & Manag (pass),2016/2,False,True,False,no,2015,1,,,,,,,,,,,,,,,,,
FING-4317,Elective (pass),2017/1,False,True,False,no,2015,1,,,,,,,,,,,,,,,,,
FING-4317,Comp Org (pass),2017/1,False,True,False,no,2015,1,,,,,,,,,,,,,,,,,
FING-4317,Eng 4 (pass),2017/1,False,True,False,no,2015,1,,,,,,,,,,,,,,,,,
FING-4317,SoftEng Fund (pass),2017/1,False,True,False,no,2015,1,,,,,,,,,,,,,,,,,
FING-4317,Op Sys (pass),2017/2,False,True,False,no,2015,1,,,,,,,,,,,,,,,,,
FING-4317,SoftEng Technq (pass),2017/2,False,True,False,no,2015,1,,,,,,,,,,,,,,,,,
FING-4317,DB Workshop (pass),2017/2,False,True,False,no,2015,1,,,,,,,,,,,,,,,,,
FING-4317,Comp Net (pass),2017/2,False,True,False,no,2015,1,,,,,,,,,,,,,,,,,
FING-4317,SoftEng Proj (pass),2018/1,False,True,False,no,2015,1,,,,,,,,,,,,,,,,,
FING-4317,Elective (pass),2018/1,False,True,False,no,2015,1,,,,,,,,,,,,,,,,,
FING-4317,Elective (pass),2018/1,False,True,False,no,2015,1,,,,,,,,,,,,,,,,,
FING-4317,Seminar (pass),2018/1,False,True,False,no,2015,1,,,,,,,,,,,,,,,,,
FING-4317,Deg Work (pass),2019/1,False,True,False,no,2015,1,,,,,,,,,,,,,,,,,
FING-4326,IPD Workshop (pass),2015/2,False,True,False,no,2015,2,,,,,,,,,,,,,,,,,
FING-4326,Phy 1 (fail),2015/2,False,True,False,no,2015,2,,,,,,,,,,,,,,,,,
FING-4326,Cal 2 (fail),2015/2,False,True,False,no,2015,2,,,,,,,,,,,,,,,,,
FING-4326,Eng 1 (fail),2015/2,False,True,False,no,2015,2,,,,,,,,,,,,,,,,,
FING-4326,Progr Methd (pass),2016/1,False,True,False,no,2015,2,,,,,,,,,,,,,,,,,
FING-4326,Phy 1 (pass),2016/1,False,True,False,no,2015,2,,,,,,,,,,,,,,,,,
FING-4326,Eng 1 (pass),2016/1,False,True,False,no,2015,2,,,,,,,,,,,,,,,,,
FING-4326,Cal 2 (pass),2016/1,False,True,False,no,2015,2,,,,,,,,,,,,,,,,,
FING-4326,Algorithms (pass),2016/2,False,True,False,no,2015,2,,,,,,,,,,,,,,,,,
FING-4326,Alg 2 (pass),2016/2,False,True,False,no,2015,2,,,,,,,,,,,,,,,,,
FING-4326,Phy 2 (pass),2016/2,False,True,False,no,2015,2,,,,,,,,,,,,,,,,,
FING-4326,Eng 2 (pass),2016/2,False,True,False,no,2015,2,,,,,,,,,,,,,,,,,
FING-4326,Eng 3 (pass),2017/1,False,True,False,no,2015,2,,,,,,,,,,,,,,,,,
FING-4326,Stat Analys (pass),2017/1,False,True,False,no,2015,2,,,,,,,,,,,,,,,,,
FING-4326,Diff Ec & Num Meth (pass),2017/1,False,True,False,no,2015,2,,,,,,,,,,,,,,,,,
FING-4326,Elect & Mag (pass),2017/1,False,True,False,no,2015,2,,,,,,,,,,,,,,,,,
FING-4326,Fund Econ (pass),2017/2,False,True,False,no,2015,2,,,,,,,,,,,,,,,,,
FING-4326,Eng 4 (pass),2017/2,False,True,False,no,2015,2,,,,,,,,,,,,,,,,,
FING-4326,Progr Parad (fail),2017/2,False,True,False,no,2015,2,,,,,,,,,,,,,,,,,
FING-4326,Syst Eng (pass),2017/2,False,True,False,no,2015,2,,,,,,,,,,,,,,,,,
FING-4326,SoftEng Fund (pass),2018/1,False,True,False,no,2015,2,,,,,,,,,,,,,,,,,
FING-4326,Progr Parad (pass),2018/1,False,True,False,no,2015,2,,,,,,,,,,,,,,,,,
FING-4326,Comp Struc (fail),2018/1,False,True,False,no,2015,2,,,,,,,,,,,,,,,,,
FING-4326,Inf & Soc (pass),2018/1,False,True,False,no,2015,2,,,,,,,,,,,,,,,,,
FING-4326,SoftEng Technq (pass),2018/2,False,True,False,no,2015,2,,,,,,,,,,,,,,,,,
FING-4326,Comp Struc (pass),2018/2,False,True,False,no,2015,2,,,,,,,,,,,,,,,,,
FING-4326,DB Design (fail),2018/2,False,True,False,no,2015,2,,,,,,,,,,,,,,,,,
FING-4326,Proj Eval&Manag (pass),2018/2,False,True,False,no,2015,2,,,,,,,,,,,,,,,,,
FING-4326,Comp Org (pass),2019/1,False,True,False,no,2015,2,,,,,,,,,,,,,,,,,
FING-4326,DB Design (pass),2019/1,False,True,False,no,2015,2,,,,,,,,,,,,,,,,,
FING-4326,Inf Sys (pass),2019/1,False,True,False,no,2015,2,,,,,,,,,,,,,,,,,
FING-4326,Elective (pass),2019/1,False,True,False,no,2015,2,,,,,,,,,,,,,,,,,
FING-4326,Elective (pass),2019/1,False,True,False,no,2015,2,,,,,,,,,,,,,,,,,
FING-4326,DB Workshop (pass),2019/2,False,True,False,no,2015,2,,,,,,,,,,,,,,,,,
FING-4326,Comp Net (pass),2019/2,False,True,False,no,2015,2,,,,,,,,,,,,,,,,,
FING-4326,Op Sys (pass),2019/2,False,True,False,no,2015,2,,,,,,,,,,,,,,,,,
FING-4326,Inf Adm & Manag (pass),2019/2,False,True,False,no,2015,2,,,,,,,,,,,,,,,,,
FING-4326,SoftEng Proj (pass),2020/1,False,True,False,no,2015,2,,,,,,,,,,,,,,,,,
FING-4326,Elective (pass),2020/1,False,True,False,no,2015,2,,,,,,,,,,,,,,,,,
FING-4326,Seminar (pass),2020/1,False,True,False,no,2015,2,,,,,,,,,,,,,,,,,
FING-4326,Deg Work (pass),2020/2,False,True,False,no,2015,2,,,,,,,,,,,,,,,,,
FING-535,Cal 1 (pass),2014/1,False,True,False,yes,2018,2,,,,,,,,,,,,,,,,,
FING-535,Alg 1 (pass),2014/1,False,True,False,yes,2018,2,,,,,,,,,,,,,,,,,
FING-535,Phy 1 (pass),2014/1,False,True,False,yes,2018,2,,,,,,,,,,,,,,,,,
FING-535,IPD Workshop (pass),2014/1,False,True,False,yes,2018,2,,,,,,,,,,,,,,,,,
FING-535,Intro Eng (pass),2014/1,False,True,False,yes,2018,2,,,,,,,,,,,,,,,,,
FING-535,Std Methods (pass),2014/1,False,True,False,yes,2018,2,,,,,,,,,,,,,,,,,
FING-535,Cal 1 (pass),2014/1,False,True,False,yes,2018,2,,,,,,,,,,,,,,,,,
FING-535,Phy 1 (pass),2014/1,False,True,False,yes,2018,2,,,,,,,,,,,,,,,,,
FING-535,Std Methods (pass),2014/1,False,True,False,yes,2018,2,,,,,,,,,,,,,,,,,
FING-535,Alg 1 (pass),2014/1,False,True,False,yes,2018,2,,,,,,,,,,,,,,,,,
FING-535,IPD Workshop (pass),2014/1,False,True,False,yes,2018,2,,,,,,,,,,,,,,,,,
FING-535,Intro Eng (pass),2014/1,False,True,False,yes,2018,2,,,,,,,,,,,,,,,,,
FING-535,Cal 2 (pass),2014/2,False,True,False,yes,2018,2,,,,,,,,,,,,,,,,,
FING-535,Alg 2 (pass),2014/2,False,True,False,yes,2018,2,,,,,,,,,,,,,,,,,
FING-535,Phy 2 (pass),2014/2,False,True,False,yes,2018,2,,,,,,,,,,,,,,,,,
FING-535,Fund Progr (pass),2014/2,False,True,False,yes,2018,2,,,,,,,,,,,,,,,,,
FING-535,Chemistry (pass),2014/2,False,True,False,yes,2018,2,,,,,,,,,,,,,,,,,
FING-535,Eff Comm (pass),2014/2,False,True,False,yes,2018,2,,,,,,,,,,,,,,,,,
FING-535,Alg 2 (pass),2014/2,False,True,False,yes,2018,2,,,,,,,,,,,,,,,,,
FING-535,Cal 2 (pass),2014/2,False,True,False,yes,2018,2,,,,,,,,,,,,,,,,,
FING-535,Chemistry (pass),2014/2,False,True,False,yes,2018,2,,,,,,,,,,,,,,,,,
FING-535,Phy 2 (pass),2014/2,False,True,False,yes,2018,2,,,,,,,,,,,,,,,,,
FING-535,Fund Progr (pass),2014/2,False,True,False,yes,2018,2,,,,,,,,,,,,,,,,,
FING-535,Eff Comm (pass),2014/2,False,True,False,yes,2018,2,,,,,,,,,,,,,,,,,
FING-535,Eng 1 (pass),2015/1,False,True,False,yes,2018,2,,,,,,,,,,,,,,,,,
FING-535,Eng 1 (pass),2015/1,False,True,False,yes,2018,2,,,,,,,,,,,,,,,,,
FING-535,Elect & Mag (pass),2016/1,False,True,False,yes,2018,2,,,,,,,,,,,,,,,,,
FING-535,Fund Econ (pass),2016/1,False,True,False,yes,2018,2,,,,,,,,,,,,,,,,,
FING-535,Eng 2 (pass),2016/1,False,True,False,yes,2018,2,,,,,,,,,,,,,,,,,
FING-535,Elect & Mag (pass),2016/1,False,True,False,yes,2018,2,,,,,,,,,,,,,,,,,
FING-535,Fund Econ (pass),2016/1,False,True,False,yes,2018,2,,,,,,,,,,,,,,,,,
FING-535,Eng 2 (pass),2016/1,False,True,False,yes,2018,2,,,,,,,,,,,,,,,,,
FING-535,Stat Analys (pass),2016/2,False,True,False,yes,2018,2,,,,,,,,,,,,,,,,,
FING-535,Eng 3 (pass),2016/2,False,True,False,yes,2018,2,,,,,,,,,,,,,,,,,
FING-535,Diff Ec & Num Meth (pass),2016/2,False,True,False,yes,2018,2,,,,,,,,,,,,,,,,,
FING-535,Stat Analys (pass),2016/2,False,True,False,yes,2018,2,,,,,,,,,,,,,,,,,
FING-535,Eng 3 (pass),2016/2,False,True,False,yes,2018,2,,,,,,,,,,,,,,,,,
FING-535,Eng 4 (pass),2017/1,False,True,False,yes,2018,2,,,,,,,,,,,,,,,,,
FING-535,Eng 4 (pass),2017/1,False,True,False,yes,2018,2,,,,,,,,,,,,,,,,,
FING-535,Progr Methd (pass),2017/2,False,True,False,yes,2018,2,,,,,,,,,,,,,,,,,
FING-535,Syst Eng (pass),2017/2,False,True,False,yes,2018,2,,,,,,,,,,,,,,,,,
FING-535,Progr Methd (pass),2017/2,False,True,False,yes,2018,2,,,,,,,,,,,,,,,,,
FING-535,Comp Struc (fail),2017/2,False,True,False,yes,2018,2,,,,,,,,,,,,,,,,,
FING-535,Syst Eng (pass),2017/2,False,True,False,yes,2018,2,,,,,,,,,,,,,,,,,
FING-535,Progr Parad (pass),2018/1,False,True,False,yes,2018,2,,,,,,,,,,,,,,,,,
FING-535,Algorithms (pass),2018/1,False,True,False,yes,2018,2,,,,,,,,,,,,,,,,,
FING-535,Progr Parad (pass),2018/1,False,True,False,yes,2018,2,,,,,,,,,,,,,,,,,
FING-535,Comp Struc (fail),2018/1,False,True,False,yes,2018,2,,,,,,,,,,,,,,,,,
FING-535,Algorithms (pass),2018/1,False,True,False,yes,2018,2,,,,,,,,,,,,,,,,,
FING-535,Comp Struc (pass),2018/2,False,True,False,yes,2018,2,,,,,,,,,,,,,,,,,
FING-535,DB Design (pass),2018/2,False,True,False,yes,2018,2,,,,,,,,,,,,,,,,,
FING-535,Proj Eval&Manag (pass),2018/2,False,True,False,yes,2018,2,,,,,,,,,,,,,,,,,
FING-535,Diff Ec & Num Meth (pass),2018/2,False,True,False,yes,2018,2,,,,,,,,,,,,,,,,,
FING-535,Comp Org (fail),2019/1,False,True,False,yes,2018,2,,,,,,,,,,,,,,,,,
FING-535,Inf Sys (pass),2019/1,False,True,False,yes,2018,2,,,,,,,,,,,,,,,,,
FING-535,SoftEng Fund (pass),2019/1,False,True,False,yes,2018,2,,,,,,,,,,,,,,,,,
FING-535,DB Workshop (pass),2019/2,False,True,False,yes,2018,2,,,,,,,,,,,,,,,,,
FING-535,Inf & Soc (pass),2019/2,False,True,False,yes,2018,2,,,,,,,,,,,,,,,,,
FING-535,SoftEng Technq (pass),2019/2,False,True,False,yes,2018,2,,,,,,,,,,,,,,,,,
FING-535,Comp Org (pass),2019/2,False,True,False,yes,2018,2,,,,,,,,,,,,,,,,,
FING-535,Op Sys (pass),2020/1,False,True,False,yes,2018,2,,,,,,,,,,,,,,,,,
FING-535,Comp Net (pass),2020/1,False,True,False,yes,2018,2,,,,,,,,,,,,,,,,,
FING-535,Elective (pass),2020/1,False,True,False,yes,2018,2,,,,,,,,,,,,,,,,,
FING-535,Inf Adm & Manag (pass),2020/1,False,True,False,yes,2018,2,,,,,,,,,,,,,,,,,
FING-535,SoftEng Proj (pass),2020/2,False,True,False,yes,2018,2,,,,,,,,,,,,,,,,,
FING-535,Seminar (pass),2020/2,False,True,False,yes,2018,2,,,,,,,,,,,,,,,,,
FING-535,Elective (pass),2020/2,False,True,False,yes,2018,2,,,,,,,,,,,,,,,,,
FING-535,Elective (pass),2020/2,False,True,False,yes,2018,2,,,,,,,,,,,,,,,,,
FING-535,Deg Work (pass),2022/2,False,True,False,yes,2018,2,,,,,,,,,,,,,,,,,
FING-5353,Alg 1 (pass),2016/1,False,True,False,yes,2018,2,,,,,,,,,,,,,,,,,
FING-5353,Phy 1 (pass),2016/1,False,True,False,yes,2018,2,,,,,,,,,,,,,,,,,
FING-5353,IPD Workshop (pass),2016/1,False,True,False,yes,2018,2,,,,,,,,,,,,,,,,,
FING-5353,Intro Eng (pass),2016/1,False,True,False,yes,2018,2,,,,,,,,,,,,,,,,,
FING-5353,Std Methods (pass),2016/1,False,True,False,yes,2018,2,,,,,,,,,,,,,,,,,
FING-5353,Std Methods (pass),2016/1,False,True,False,yes,2018,2,,,,,,,,,,,,,,,,,
FING-5353,Intro Eng (pass),2016/1,False,True,False,yes,2018,2,,,,,,,,,,,,,,,,,
FING-5353,Phy 1 (pass),2016/1,False,True,False,yes,2018,2,,,,,,,,,,,,,,,,,
FING-5353,IPD Workshop (pass),2016/1,False,True,False,yes,2018,2,,,,,,,,,,,,,,,,,
FING-5353,Cal 1 (fail),2016/1,False,True,False,yes,2018,2,,,,,,,,,,,,,,,,,
FING-5353,Alg 1 (pass),2016/1,False,True,False,yes,2018,2,,,,,,,,,,,,,,,,,
FING-5353,Cal 1 (pass),2016/2,False,True,False,yes,2018,2,,,,,,,,,,,,,,,,,
FING-5353,Alg 2 (pass),2016/2,False,True,False,yes,2018,2,,,,,,,,,,,,,,,,,
FING-5353,Cal 1 (pass),2016/2,False,True,False,yes,2018,2,,,,,,,,,,,,,,,,,
FING-5353,Fund Progr (fail),2016/2,False,True,False,yes,2018,2,,,,,,,,,,,,,,,,,
FING-5353,Alg 2 (pass),2016/2,False,True,False,yes,2018,2,,,,,,,,,,,,,,,,,
FING-5353,Phy 2 (fail),2016/2,False,True,False,yes,2018,2,,,,,,,,,,,,,,,,,
FING-5353,Chemistry (fail),2016/2,False,True,False,yes,2018,2,,,,,,,,,,,,,,,,,
FING-5353,Phy 2 (pass),2017/1,False,True,False,yes,2018,2,,,,,,,,,,,,,,,,,
FING-5353,Fund Progr (pass),2017/1,False,True,False,yes,2018,2,,,,,,,,,,,,,,,,,
FING-5353,Chemistry (pass),2017/1,False,True,False,yes,2018,2,,,,,,,,,,,,,,,,,
FING-5353,Eff Comm (pass),2017/1,False,True,False,yes,2018,2,,,,,,,,,,,,,,,,,
FING-5353,Fund Progr (pass),2017/1,False,True,False,yes,2018,2,,,,,,,,,,,,,,,,,
FING-5353,Eff Comm (pass),2017/1,False,True,False,yes,2018,2,,,,,,,,,,,,,,,,,
FING-5353,Chemistry (pass),2017/1,False,True,False,yes,2018,2,,,,,,,,,,,,,,,,,
FING-5353,Cal 2 (fail),2017/1,False,True,False,yes,2018,2,,,,,,,,,,,,,,,,,
FING-5353,Phy 2 (pass),2017/1,False,True,False,yes,2018,2,,,,,,,,,,,,,,,,,
FING-5353,Cal 2 (pass),2017/2,False,True,False,yes,2018,2,,,,,,,,,,,,,,,,,
FING-5353,Eng 1 (pass),2017/2,False,True,False,yes,2018,2,,,,,,,,,,,,,,,,,
FING-5353,Progr Methd (fail),2017/2,False,True,False,yes,2018,2,,,,,,,,,,,,,,,,,
FING-5353,Fund Econ (fail),2017/2,False,True,False,yes,2018,2,,,,,,,,,,,,,,,,,
FING-5353,Eng 1 (pass),2017/2,False,True,False,yes,2018,2,,,,,,,,,,,,,,,,,
FING-5353,Cal 2 (pass),2017/2,False,True,False,yes,2018,2,,,,,,,,,,,,,,,,,
FING-5353,Fund Econ (pass),2018/1,False,True,False,yes,2018,2,,,,,,,,,,,,,,,,,
FING-5353,Elect & Mag (fail),2018/1,False,True,False,yes,2018,2,,,,,,,,,,,,,,,,,
FING-5353,Progr Methd (fail),2018/1,False,True,False,yes,2018,2,,,,,,,,,,,,,,,,,
FING-5353,Diff Ec & Num Meth (fail),2018/1,False,True,False,yes,2018,2,,,,,,,,,,,,,,,,,
FING-5353,Fund Econ (pass),2018/1,False,True,False,yes,2018,2,,,,,,,,,,,,,,,,,
FING-5353,Progr Methd (pass),2018/2,False,True,False,yes,2018,2,,,,,,,,,,,,,,,,,
FING-5353,Elect & Mag (pass),2018/2,False,True,False,yes,2018,2,,,,,,,,,,,,,,,,,
FING-5353,Diff Ec & Num Meth (pass),2018/2,False,True,False,yes,2018,2,,,,,,,,,,,,,,,,,
FING-5353,Eng 2 (pass),2018/2,False,True,False,yes,2018,2,,,,,,,,,,,,,,,,,
FING-5353,Stat Analys (pass),2018/2,False,True,False,yes,2018,2,,,,,,,,,,,,,,,,,
FING-5353,Syst Eng (fail),2019/1,False,True,False,yes,2018,2,,,,,,,,,,,,,,,,,
FING-5353,Comp Struc (pass),2019/1,False,True,False,yes,2018,2,,,,,,,,,,,,,,,,,
FING-5353,Eng 3 (pass),2019/1,False,True,False,yes,2018,2,,,,,,,,,,,,,,,,,
FING-5353,Algorithms (fail),2019/1,False,True,False,yes,2018,2,,,,,,,,,,,,,,,,,
FING-5353,Eng 4 (pass),2019/2,False,True,False,yes,2018,2,,,,,,,,,,,,,,,,,
FING-5353,Algorithms (pass),2019/2,False,True,False,yes,2018,2,,,,,,,,,,,,,,,,,
FING-5353,Syst Eng (pass),2019/2,False,True,False,yes,2018,2,,,,,,,,,,,,,,,,,
FING-5353,Comp Org (fail),2019/2,False,True,False,yes,2018,2,,,,,,,,,,,,,,,,,
FING-5353,Progr Parad (pass),2020/1,False,True,False,yes,2018,2,,,,,,,,,,,,,,,,,
FING-5353,Comp Org (pass),2020/1,False,True,False,yes,2018,2,,,,,,,,,,,,,,,,,
FING-5353,Proj Eval&Manag (pass),2020/1,False,True,False,yes,2018,2,,,,,,,,,,,,,,,,,
FING-5353,Inf & Soc (pass),2020/1,False,True,False,yes,2018,2,,,,,,,,,,,,,,,,,
FING-5353,Inf Sys (pass),2020/1,False,True,False,yes,2018,2,,,,,,,,,,,,,,,,,
FING-5353,Op Sys (pass),2020/2,False,True,False,yes,2018,2,,,,,,,,,,,,,,,,,
FING-5353,Comp Net (pass),2020/2,False,True,False,yes,2018,2,,,,,,,,,,,,,,,,,
FING-5353,DB Design (pass),2020/2,False,True,False,yes,2018,2,,,,,,,,,,,,,,,,,
FING-5353,SoftEng Fund (pass),2020/2,False,True,False,yes,2018,2,,,,,,,,,,,,,,,,,
FING-5353,Inf Adm & Manag (pass),2020/2,False,True,False,yes,2018,2,,,,,,,,,,,,,,,,,
FING-5353,DB Workshop (pass),2021/1,False,True,False,yes,2018,2,,,,,,,,,,,,,,,,,
FING-5353,SoftEng Technq (pass),2021/1,False,True,False,yes,2018,2,,,,,,,,,,,,,,,,,
FING-5353,Seminar (pass),2021/2,False,True,False,yes,2018,2,,,,,,,,,,,,,,,,,
FING-5353,Elective (pass),2021/2,False,True,False,yes,2018,2,,,,,,,,,,,,,,,,,
FING-5353,Elective (fail),2021/2,False,True,False,yes,2018,2,,,,,,,,,,,,,,,,,
FING-5353,SoftEng Proj (fail),2021/2,False,True,False,yes,2018,2,,,,,,,,,,,,,,,,,
FING-5353,Elective (pass),2021/2,False,True,False,yes,2018,2,,,,,,,,,,,,,,,,,
FING-5353,SoftEng Proj (pass),2022/1,False,True,False,yes,2018,2,,,,,,,,,,,,,,,,,
FING-5353,Elective (pass),2022/1,False,True,False,yes,2018,2,,,,,,,,,,,,,,,,,
FING-5353,Deg Work (pass),2022/2,False,True,False,yes,2018,2,,,,,,,,,,,,,,,,,
FING-5663,Std Methods (pass),2016/1,False,True,False,no,2018,2,,,,,,,,,,,,,,,,,
FING-5663,Chemistry (pass),2016/1,False,True,False,no,2018,2,,,,,,,,,,,,,,,,,
FING-5663,Phy 1 (pass),2016/1,False,True,False,no,2018,2,,,,,,,,,,,,,,,,,
FING-5663,Cal 1 (pass),2016/1,False,True,False,no,2018,2,,,,,,,,,,,,,,,,,
FING-5663,Alg 1 (pass),2016/1,False,True,False,no,2018,2,,,,,,,,,,,,,,,,,
FING-5663,Intro Eng (pass),2016/1,False,True,False,no,2018,2,,,,,,,,,,,,,,,,,
FING-5663,Phy 2 (pass),2016/2,False,True,False,no,2018,2,,,,,,,,,,,,,,,,,
FING-5663,Alg 2 (pass),2016/2,False,True,False,no,2018,2,,,,,,,,,,,,,,,,,
FING-5663,IPD Workshop (pass),2016/2,False,True,False,no,2018,2,,,,,,,,,,,,,,,,,
FING-5663,Eff Comm (pass),2017/1,False,True,False,no,2018,2,,,,,,,,,,,,,,,,,
FING-5663,Eng 1 (pass),2017/1,False,True,False,no,2018,2,,,,,,,,,,,,,,,,,
FING-5663,Cal 2 (pass),2017/1,False,True,False,no,2018,2,,,,,,,,,,,,,,,,,
FING-5663,Fund Progr (pass),2017/1,False,True,False,no,2018,2,,,,,,,,,,,,,,,,,
FING-5663,Eng 2 (pass),2017/2,False,True,False,no,2018,2,,,,,,,,,,,,,,,,,
FING-5663,Fund Econ (pass),2017/2,False,True,False,no,2018,2,,,,,,,,,,,,,,,,,
FING-5663,Diff Ec & Num Meth (fail),2018/1,False,True,False,no,2018,2,,,,,,,,,,,,,,,,,
FING-5663,Progr Methd (pass),2018/1,False,True,False,no,2018,2,,,,,,,,,,,,,,,,,
FING-5663,Stat Analys (fail),2018/1,False,True,False,no,2018,2,,,,,,,,,,,,,,,,,
FING-5663,Eng 3 (pass),2018/1,False,True,False,no,2018,2,,,,,,,,,,,,,,,,,
FING-5663,Elect & Mag (fail),2018/1,False,True,False,no,2018,2,,,,,,,,,,,,,,,,,
FING-5663,Elect & Mag (fail),2018/2,False,True,False,no,2018,2,,,,,,,,,,,,,,,,,
FING-5663,Diff Ec & Num Meth (pass),2018/2,False,True,False,no,2018,2,,,,,,,,,,,,,,,,,
FING-5663,Eng 4 (pass),2018/2,False,True,False,no,2018,2,,,,,,,,,,,,,,,,,
FING-5663,Algorithms (fail),2018/2,False,True,False,no,2018,2,,,,,,,,,,,,,,,,,
FING-5663,Stat Analys (pass),2018/2,False,True,False,no,2018,2,,,,,,,,,,,,,,,,,
FING-5663,Progr Parad (fail),2019/1,False,True,False,no,2018,2,,,,,,,,,,,,,,,,,
FING-5663,Syst Eng (fail),2019/1,False,True,False,no,2018,2,,,,,,,,,,,,,,,,,
FING-5663,Elect & Mag (pass),2019/1,False,True,False,no,2018,2,,,,,,,,,,,,,,,,,
FING-5663,Algorithms (fail),2019/1,False,True,False,no,2018,2,,,,,,,,,,,,,,,,,
FING-5663,Inf & Soc (fail),2019/1,False,True,False,no,2018,2,,,,,,,,,,,,,,,,,
FING-5663,Progr Parad (fail),2019/2,False,True,False,no,2018,2,,,,,,,,,,,,,,,,,
FING-5663,Algorithms (pass),2019/2,False,True,False,no,2018,2,,,,,,,,,,,,,,,,,
FING-5663,Syst Eng (pass),2019/2,False,True,False,no,2018,2,,,,,,,,,,,,,,,,,
FING-5663,Comp Struc (pass),2019/2,False,True,False,no,2018,2,,,,,,,,,,,,,,,,,
FING-5663,Progr Parad (pass),2020/1,False,True,False,no,2018,2,,,,,,,,,,,,,,,,,
FING-5663,Comp Org (pass),2020/1,False,True,False,no,2018,2,,,,,,,,,,,,,,,,,
FING-5663,Proj Eval&Manag (pass),2020/1,False,True,False,no,2018,2,,,,,,,,,,,,,,,,,
FING-5663,Inf & Soc (pass),2020/1,False,True,False,no,2018,2,,,,,,,,,,,,,,,,,
FING-5663,Inf Sys (pass),2020/1,False,True,False,no,2018,2,,,,,,,,,,,,,,,,,
FING-5663,Op Sys (fail),2020/2,False,True,False,no,2018,2,,,,,,,,,,,,,,,,,
FING-5663,Comp Net (pass),2020/2,False,True,False,no,2018,2,,,,,,,,,,,,,,,,,
FING-5663,DB Design (pass),2020/2,False,True,False,no,2018,2,,,,,,,,,,,,,,,,,
FING-5663,SoftEng Fund (pass),2020/2,False,True,False,no,2018,2,,,,,,,,,,,,,,,,,
FING-5663,Inf Adm & Manag (pass),2020/2,False,True,False,no,2018,2,,,,,,,,,,,,,,,,,
FING-5663,Op Sys (pass),2021/1,False,True,False,no,2018,2,,,,,,,,,,,,,,,,,
FING-5663,DB Workshop (pass),2021/1,False,True,False,no,2018,2,,,,,,,,,,,,,,,,,
FING-5663,SoftEng Technq (pass),2021/1,False,True,False,no,2018,2,,,,,,,,,,,,,,,,,
FING-5663,Elective (pass),2021/1,False,True,False,no,2018,2,,,,,,,,,,,,,,,,,
FING-5663,Elective (pass),2021/1,False,True,False,no,2018,2,,,,,,,,,,,,,,,,,
FING-5663,Seminar (pass),2021/2,False,True,False,no,2018,2,,,,,,,,,,,,,,,,,
FING-5663,Elective (pass),2021/2,False,True,False,no,2018,2,,,,,,,,,,,,,,,,,
FING-5663,SoftEng Proj (pass),2021/2,False,True,False,no,2018,2,,,,,,,,,,,,,,,,,
FING-5663,Deg Work (pass),2022/1,False,True,False,no,2018,2,,,,,,,,,,,,,,,,,
FING-5683,Alg 1 (pass),2016/1,False,True,False,no,2019,2,,,,,,,,,,,,,,,,,
FING-5683,Phy 1 (pass),2016/1,False,True,False,no,2019,2,,,,,,,,,,,,,,,,,
FING-5683,Intro Eng (pass),2016/1,False,True,False,no,2019,2,,,,,,,,,,,,,,,,,
FING-5683,Std Methods (pass),2016/1,False,True,False,no,2019,2,,,,,,,,,,,,,,,,,
FING-5683,Chemistry (pass),2016/1,False,True,False,no,2019,2,,,,,,,,,,,,,,,,,
FING-5683,Cal 1 (pass),2016/2,False,True,False,no,2019,2,,,,,,,,,,,,,,,,,
FING-5683,IPD Workshop (pass),2016/2,False,True,False,no,2019,2,,,,,,,,,,,,,,,,,
FING-5683,Alg 2 (pass),2016/2,False,True,False,no,2019,2,,,,,,,,,,,,,,,,,
FING-5683,Cal 2 (pass),2017/1,False,True,False,no,2019,2,,,,,,,,,,,,,,,,,
FING-5683,Phy 2 (pass),2017/1,False,True,False,no,2019,2,,,,,,,,,,,,,,,,,
FING-5683,Fund Progr (pass),2017/1,False,True,False,no,2019,2,,,,,,,,,,,,,,,,,
FING-5683,Eff Comm (pass),2017/1,False,True,False,no,2019,2,,,,,,,,,,,,,,,,,
FING-5683,Eng 1 (pass),2017/1,False,True,False,no,2019,2,,,,,,,,,,,,,,,,,
FING-5683,Elect & Mag (pass),2017/2,False,True,False,no,2019,2,,,,,,,,,,,,,,,,,
FING-5683,Fund Econ (pass),2017/2,False,True,False,no,2019,2,,,,,,,,,,,,,,,,,
FING-5683,Eng 2 (pass),2017/2,False,True,False,no,2019,2,,,,,,,,,,,,,,,,,
FING-5683,Eng 3 (pass),2018/1,False,True,False,no,2019,2,,,,,,,,,,,,,,,,,
FING-5683,Stat Analys (pass),2018/2,False,True,False,no,2019,2,,,,,,,,,,,,,,,,,
FING-5683,Eng 4 (pass),2018/2,False,True,False,no,2019,2,,,,,,,,,,,,,,,,,
FING-5683,Progr Methd (pass),2019/1,False,True,False,no,2019,2,,,,,,,,,,,,,,,,,
FING-5683,Comp Struc (pass),2019/1,False,True,False,no,2019,2,,,,,,,,,,,,,,,,,
FING-5683,Syst Eng (pass),2019/1,False,True,False,no,2019,2,,,,,,,,,,,,,,,,,
FING-5683,Inf & Soc (pass),2019/1,False,True,False,no,2019,2,,,,,,,,,,,,,,,,,
FING-5683,Progr Parad (pass),2019/2,False,True,False,no,2019,2,,,,,,,,,,,,,,,,,
FING-5683,Algorithms (fail),2019/2,False,True,False,no,2019,2,,,,,,,,,,,,,,,,,
FING-5683,Proj Eval&Manag (pass),2019/2,False,True,False,no,2019,2,,,,,,,,,,,,,,,,,
FING-5683,Inf Sys (pass),2019/2,False,True,False,no,2019,2,,,,,,,,,,,,,,,,,
FING-5683,Comp Org (fail),2019/2,False,True,False,no,2019,2,,,,,,,,,,,,,,,,,
FING-5683,DB Design (pass),2020/1,False,True,False,no,2019,2,,,,,,,,,,,,,,,,,
FING-5683,Comp Org (pass),2020/1,False,True,False,no,2019,2,,,,,,,,,,,,,,,,,
FING-5683,Algorithms (pass),2020/1,False,True,False,no,2019,2,,,,,,,,,,,,,,,,,
FING-5683,Op Sys (fail),2020/2,False,True,False,no,2019,2,,,,,,,,,,,,,,,,,
FING-5683,Comp Net (pass),2020/2,False,True,False,no,2019,2,,,,,,,,,,,,,,,,,
FING-5683,SoftEng Fund (pass),2020/2,False,True,False,no,2019,2,,,,,,,,,,,,,,,,,
FING-5683,Inf Adm & Manag (pass),2020/2,False,True,False,no,2019,2,,,,,,,,,,,,,,,,,
FING-5683,Op Sys (pass),2021/1,False,True,False,no,2019,2,,,,,,,,,,,,,,,,,
FING-5683,DB Workshop (pass),2021/1,False,True,False,no,2019,2,,,,,,,,,,,,,,,,,
FING-5683,SoftEng Technq (pass),2021/1,False,True,False,no,2019,2,,,,,,,,,,,,,,,,,
FING-5683,Elective (pass),2021/1,False,True,False,no,2019,2,,,,,,,,,,,,,,,,,
FING-5683,Seminar (pass),2021/2,False,True,False,no,2019,2,,,,,,,,,,,,,,,,,
FING-5683,Elective (pass),2021/2,False,True,False,no,2019,2,,,,,,,,,,,,,,,,,
FING-5683,SoftEng Proj (pass),2021/2,False,True,False,no,2019,2,,,,,,,,,,,,,,,,,
FING-5683,Elective (pass),2021/2,False,True,False,no,2019,2,,,,,,,,,,,,,,,,,
FING-5683,Deg Work (pass),2022/1,False,True,False,no,2019,2,,,,,,,,,,,,,,,,,
FING-5743,Phy 1 (pass),2016/1,False,True,False,no,2016,2,chilean,1,academic excellence,1,2015,medium,high,high,high,high,high,1,0,3,13,124,98
FING-5743,Intro Eng (pass),2016/1,False,True,False,no,2016,2,chilean,1,academic excellence,1,2015,medium,high,high,high,high,high,1,0,3,13,124,98
FING-5743,IPD Workshop (pass),2016/1,False,True,False,no,2016,2,chilean,1,academic excellence,1,2015,medium,high,high,high,high,high,1,0,3,13,124,98
FING-5743,Std Methods (pass),2016/1,False,True,False,no,2016,2,chilean,1,academic excellence,1,2015,medium,high,high,high,high,high,1,0,3,13,124,98
FING-5743,Cal 1 (pass),2016/1,False,True,False,no,2016,2,chilean,1,academic excellence,1,2015,medium,high,high,high,high,high,1,0,3,13,124,98
FING-5743,Alg 1 (pass),2016/1,False,True,False,no,2016,2,chilean,1,academic excellence,1,2015,medium,high,high,high,high,high,1,0,3,13,124,98
FING-5743,Fund Progr (pass),2016/2,False,True,False,no,2016,2,chilean,1,academic excellence,1,2015,medium,high,high,high,high,high,1,0,3,13,124,98
FING-5743,Alg 2 (pass),2016/2,False,True,False,no,2016,2,chilean,1,academic excellence,1,2015,medium,high,high,high,high,high,1,0,3,13,124,98
FING-5743,Phy 2 (pass),2016/2,False,True,False,no,2016,2,chilean,1,academic excellence,1,2015,medium,high,high,high,high,high,1,0,3,13,124,98
FING-5743,Cal 2 (pass),2016/2,False,True,False,no,2016,2,chilean,1,academic excellence,1,2015,medium,high,high,high,high,high,1,0,3,13,124,98
FING-5743,Chemistry (pass),2016/2,False,True,False,no,2016,2,chilean,1,academic excellence,1,2015,medium,high,high,high,high,high,1,0,3,13,124,98
FING-5743,Progr Methd (pass),2017/1,False,True,False,no,2016,2,chilean,1,academic excellence,1,2015,medium,high,high,high,high,high,1,0,3,13,124,98
FING-5743,Diff Ec & Num Meth (pass),2017/1,False,True,False,no,2016,2,chilean,1,academic excellence,1,2015,medium,high,high,high,high,high,1,0,3,13,124,98
FING-5743,Eff Comm (pass),2017/1,False,True,False,no,2016,2,chilean,1,academic excellence,1,2015,medium,high,high,high,high,high,1,0,3,13,124,98
FING-5743,Eng 1 (pass),2017/1,False,True,False,no,2016,2,chilean,1,academic excellence,1,2015,medium,high,high,high,high,high,1,0,3,13,124,98
FING-5743,Stat Analys (pass),2017/1,False,True,False,no,2016,2,chilean,1,academic excellence,1,2015,medium,high,high,high,high,high,1,0,3,13,124,98
FING-5743,Elect & Mag (pass),2017/1,False,True,False,no,2016,2,chilean,1,academic excellence,1,2015,medium,high,high,high,high,high,1,0,3,13,124,98
FING-5743,Comp Struc (pass),2017/2,False,True,False,no,2016,2,chilean,1,academic excellence,1,2015,medium,high,high,high,high,high,1,0,3,13,124,98
FING-5743,Fund Econ (pass),2017/2,False,True,False,no,2016,2,chilean,1,academic excellence,1,2015,medium,high,high,high,high,high,1,0,3,13,124,98
FING-5743,Eng 2 (pass),2017/2,False,True,False,no,2016,2,chilean,1,academic excellence,1,2015,medium,high,high,high,high,high,1,0,3,13,124,98
FING-5743,Algorithms (pass),2017/2,False,True,False,no,2016,2,chilean,1,academic excellence,1,2015,medium,high,high,high,high,high,1,0,3,13,124,98
FING-5743,Syst Eng (pass),2017/2,False,True,False,no,2016,2,chilean,1,academic excellence,1,2015,medium,high,high,high,high,high,1,0,3,13,124,98
FING-5743,Elective (pass),2018/1,False,True,False,no,2016,2,chilean,1,academic excellence,1,2015,medium,high,high,high,high,high,1,0,3,13,124,98
FING-5743,Eng 3 (pass),2018/1,False,True,False,no,2016,2,chilean,1,academic excellence,1,2015,medium,high,high,high,high,high,1,0,3,13,124,98
FING-5743,Progr Parad (pass),2018/1,False,True,False,no,2016,2,chilean,1,academic excellence,1,2015,medium,high,high,high,high,high,1,0,3,13,124,98
FING-5743,Inf Sys (pass),2018/1,False,True,False,no,2016,2,chilean,1,academic excellence,1,2015,medium,high,high,high,high,high,1,0,3,13,124,98
FING-5743,Comp Org (pass),2018/1,False,True,False,no,2016,2,chilean,1,academic excellence,1,2015,medium,high,high,high,high,high,1,0,3,13,124,98
FING-5743,Op Sys (fail),2018/2,False,True,False,no,2016,2,chilean,1,academic excellence,1,2015,medium,high,high,high,high,high,1,0,3,13,124,98
FING-5743,DB Design (pass),2018/2,False,True,False,no,2016,2,chilean,1,academic excellence,1,2015,medium,high,high,high,high,high,1,0,3,13,124,98
FING-5743,Proj Eval&Manag (pass),2018/2,False,True,False,no,2016,2,chilean,1,academic excellence,1,2015,medium,high,high,high,high,high,1,0,3,13,124,98
FING-5743,SoftEng Fund (pass),2018/2,False,True,False,no,2016,2,chilean,1,academic excellence,1,2015,medium,high,high,high,high,high,1,0,3,13,124,98
FING-5743,Eng 4 (pass),2018/2,False,True,False,no,2016,2,chilean,1,academic excellence,1,2015,medium,high,high,high,high,high,1,0,3,13,124,98
FING-5743,DB Workshop (pass),2019/1,False,True,False,no,2016,2,chilean,1,academic excellence,1,2015,medium,high,high,high,high,high,1,0,3,13,124,98
FING-5743,Comp Net (pass),2019/1,False,True,False,no,2016,2,chilean,1,academic excellence,1,2015,medium,high,high,high,high,high,1,0,3,13,124,98
FING-5743,SoftEng Technq (pass),2019/1,False,True,False,no,2016,2,chilean,1,academic excellence,1,2015,medium,high,high,high,high,high,1,0,3,13,124,98
FING-5743,Elective (pass),2019/1,False,True,False,no,2016,2,chilean,1,academic excellence,1,2015,medium,high,high,high,high,high,1,0,3,13,124,98
FING-5743,Inf Adm & Manag (pass),2019/1,False,True,False,no,2016,2,chilean,1,academic excellence,1,2015,medium,high,high,high,high,high,1,0,3,13,124,98
FING-5743,Elective (pass),2019/2,False,True,False,no,2016,2,chilean,1,academic excellence,1,2015,medium,high,high,high,high,high,1,0,3,13,124,98
FING-5743,Op Sys (pass),2019/2,False,True,False,no,2016,2,chilean,1,academic excellence,1,2015,medium,high,high,high,high,high,1,0,3,13,124,98
FING-5743,Inf & Soc (pass),2019/2,False,True,False,no,2016,2,chilean,1,academic excellence,1,2015,medium,high,high,high,high,high,1,0,3,13,124,98
FING-5743,SoftEng Proj (pass),2020/1,False,True,False,no,2016,2,chilean,1,academic excellence,1,2015,medium,high,high,high,high,high,1,0,3,13,124,98
FING-5743,Seminar (pass),2020/1,False,True,False,no,2016,2,chilean,1,academic excellence,1,2015,medium,high,high,high,high,high,1,0,3,13,124,98
FING-5743,Deg Work (pass),2020/2,False,True,False,no,2016,2,chilean,1,academic excellence,1,2015,medium,high,high,high,high,high,1,0,3,13,124,98
FING-5745,Phy 1 (pass),2016/1,False,True,False,no,2016,2,chilean,4,,1,2015,low,low,high,high,,high,1,0,2,13,114,95
FING-5745,Std Methods (pass),2016/1,False,True,False,no,2016,2,chilean,4,,1,2015,low,low,high,high,,high,1,0,2,13,114,95
FING-5745,Intro Eng (pass),2016/1,False,True,False,no,2016,2,chilean,4,,1,2015,low,low,high,high,,high,1,0,2,13,114,95
FING-5745,IPD Workshop (pass),2016/1,False,True,False,no,2016,2,chilean,4,,1,2015,low,low,high,high,,high,1,0,2,13,114,95
FING-5745,Cal 1 (pass),2016/1,False,True,False,no,2016,2,chilean,4,,1,2015,low,low,high,high,,high,1,0,2,13,114,95
FING-5745,Alg 1 (pass),2016/1,False,True,False,no,2016,2,chilean,4,,1,2015,low,low,high,high,,high,1,0,2,13,114,95
FING-5745,Fund Progr (pass),2016/2,False,True,False,no,2016,2,chilean,4,,1,2015,low,low,high,high,,high,1,0,2,13,114,95
FING-5745,Alg 2 (pass),2016/2,False,True,False,no,2016,2,chilean,4,,1,2015,low,low,high,high,,high,1,0,2,13,114,95
FING-5745,Phy 2 (pass),2016/2,False,True,False,no,2016,2,chilean,4,,1,2015,low,low,high,high,,high,1,0,2,13,114,95
FING-5745,Cal 2 (pass),2016/2,False,True,False,no,2016,2,chilean,4,,1,2015,low,low,high,high,,high,1,0,2,13,114,95
FING-5745,Chemistry (pass),2016/2,False,True,False,no,2016,2,chilean,4,,1,2015,low,low,high,high,,high,1,0,2,13,114,95
FING-5745,Eff Comm (pass),2017/1,False,True,False,no,2016,2,chilean,4,,1,2015,low,low,high,high,,high,1,0,2,13,114,95
FING-5745,Diff Ec & Num Meth (pass),2017/1,False,True,False,no,2016,2,chilean,4,,1,2015,low,low,high,high,,high,1,0,2,13,114,95
FING-5745,Eng 1 (pass),2017/1,False,True,False,no,2016,2,chilean,4,,1,2015,low,low,high,high,,high,1,0,2,13,114,95
FING-5745,Stat Analys (pass),2017/1,False,True,False,no,2016,2,chilean,4,,1,2015,low,low,high,high,,high,1,0,2,13,114,95
FING-5745,Elect & Mag (pass),2017/1,False,True,False,no,2016,2,chilean,4,,1,2015,low,low,high,high,,high,1,0,2,13,114,95
FING-5745,Progr Methd (pass),2017/1,False,True,False,no,2016,2,chilean,4,,1,2015,low,low,high,high,,high,1,0,2,13,114,95
FING-5745,Comp Struc (pass),2017/2,False,True,False,no,2016,2,chilean,4,,1,2015,low,low,high,high,,high,1,0,2,13,114,95
FING-5745,Fund Econ (pass),2017/2,False,True,False,no,2016,2,chilean,4,,1,2015,low,low,high,high,,high,1,0,2,13,114,95
FING-5745,Eng 2 (pass),2017/2,False,True,False,no,2016,2,chilean,4,,1,2015,low,low,high,high,,high,1,0,2,13,114,95
FING-5745,Algorithms (pass),2017/2,False,True,False,no,2016,2,chilean,4,,1,2015,low,low,high,high,,high,1,0,2,13,114,95
FING-5745,Syst Eng (pass),2017/2,False,True,False,no,2016,2,chilean,4,,1,2015,low,low,high,high,,high,1,0,2,13,114,95
FING-5745,Elective (pass),2018/1,False,True,False,no,2016,2,chilean,4,,1,2015,low,low,high,high,,high,1,0,2,13,114,95
FING-5745,Eng 3 (pass),2018/1,False,True,False,no,2016,2,chilean,4,,1,2015,low,low,high,high,,high,1,0,2,13,114,95
FING-5745,Progr Parad (fail),2018/1,False,True,False,no,2016,2,chilean,4,,1,2015,low,low,high,high,,high,1,0,2,13,114,95
FING-5745,Inf Sys (pass),2018/1,False,True,False,no,2016,2,chilean,4,,1,2015,low,low,high,high,,high,1,0,2,13,114,95
FING-5745,Comp Org (pass),2018/1,False,True,False,no,2016,2,chilean,4,,1,2015,low,low,high,high,,high,1,0,2,13,114,95
FING-5745,Progr Parad (pass),2018/2,False,True,False,no,2016,2,chilean,4,,1,2015,low,low,high,high,,high,1,0,2,13,114,95
FING-5745,Op Sys (fail),2018/2,False,True,False,no,2016,2,chilean,4,,1,2015,low,low,high,high,,high,1,0,2,13,114,95
FING-5745,Proj Eval&Manag (pass),2018/2,False,True,False,no,2016,2,chilean,4,,1,2015,low,low,high,high,,high,1,0,2,13,114,95
FING-5745,Eng 4 (pass),2018/2,False,True,False,no,2016,2,chilean,4,,1,2015,low,low,high,high,,high,1,0,2,13,114,95
FING-5745,Inf & Soc (pass),2018/2,False,True,False,no,2016,2,chilean,4,,1,2015,low,low,high,high,,high,1,0,2,13,114,95
FING-5745,DB Design (pass),2019/1,False,True,False,no,2016,2,chilean,4,,1,2015,low,low,high,high,,high,1,0,2,13,114,95
FING-5745,Comp Net (pass),2019/1,False,True,False,no,2016,2,chilean,4,,1,2015,low,low,high,high,,high,1,0,2,13,114,95
FING-5745,SoftEng Fund (pass),2019/1,False,True,False,no,2016,2,chilean,4,,1,2015,low,low,high,high,,high,1,0,2,13,114,95
FING-5745,Inf Adm & Manag (pass),2019/1,False,True,False,no,2016,2,chilean,4,,1,2015,low,low,high,high,,high,1,0,2,13,114,95
FING-5745,DB Workshop (pass),2019/2,False,True,False,no,2016,2,chilean,4,,1,2015,low,low,high,high,,high,1,0,2,13,114,95
FING-5745,Elective (pass),2019/2,False,True,False,no,2016,2,chilean,4,,1,2015,low,low,high,high,,high,1,0,2,13,114,95
FING-5745,Op Sys (pass),2019/2,False,True,False,no,2016,2,chilean,4,,1,2015,low,low,high,high,,high,1,0,2,13,114,95
FING-5745,SoftEng Technq (pass),2019/2,False,True,False,no,2016,2,chilean,4,,1,2015,low,low,high,high,,high,1,0,2,13,114,95
FING-5745,SoftEng Proj (pass),2020/1,False,True,False,no,2016,2,chilean,4,,1,2015,low,low,high,high,,high,1,0,2,13,114,95
FING-5745,Elective (pass),2020/1,False,True,False,no,2016,2,chilean,4,,1,2015,low,low,high,high,,high,1,0,2,13,114,95
FING-5745,Seminar (pass),2020/1,False,True,False,no,2016,2,chilean,4,,1,2015,low,low,high,high,,high,1,0,2,13,114,95
FING-5745,Deg Work (pass),2020/2,False,True,False,no,2016,2,chilean,4,,1,2015,low,low,high,high,,high,1,0,2,13,114,95
FING-5751,Phy 1 (fail),2016/1,False,True,False,no,2016,1,chilean,3,,1,2014,low,low,medium,high,low,high,0,0,3,13,114,95
FING-5751,Std Methods (pass),2016/1,False,True,False,no,2016,1,chilean,3,,1,2014,low,low,medium,high,low,high,0,0,3,13,114,95
FING-5751,Intro Eng (pass),2016/1,False,True,False,no,2016,1,chilean,3,,1,2014,low,low,medium,high,low,high,0,0,3,13,114,95
FING-5751,IPD Workshop (pass),2016/1,False,True,False,no,2016,1,chilean,3,,1,2014,low,low,medium,high,low,high,0,0,3,13,114,95
FING-5751,Cal 1 (fail),2016/1,False,True,False,no,2016,1,chilean,3,,1,2014,low,low,medium,high,low,high,0,0,3,13,114,95
FING-5751,Alg 1 (pass),2016/1,False,True,False,no,2016,1,chilean,3,,1,2014,low,low,medium,high,low,high,0,0,3,13,114,95
FING-5751,Fund Progr (fail),2016/2,False,True,False,no,2016,1,chilean,3,,1,2014,low,low,medium,high,low,high,0,0,3,13,114,95
FING-5751,Cal 1 (pass),2016/2,False,True,False,no,2016,1,chilean,3,,1,2014,low,low,medium,high,low,high,0,0,3,13,114,95
FING-5751,Alg 2 (pass),2016/2,False,True,False,no,2016,1,chilean,3,,1,2014,low,low,medium,high,low,high,0,0,3,13,114,95
FING-5751,Phy 1 (pass),2016/2,False,True,False,no,2016,1,chilean,3,,1,2014,low,low,medium,high,low,high,0,0,3,13,114,95
FING-5751,Chemistry (fail),2016/2,False,True,False,no,2016,1,chilean,3,,1,2014,low,low,medium,high,low,high,0,0,3,13,114,95
FING-5751,Fund Progr (pass),2017/1,False,True,False,no,2016,1,chilean,3,,1,2014,low,low,medium,high,low,high,0,0,3,13,114,95
FING-5751,Chemistry (pass),2017/1,False,True,False,no,2016,1,chilean,3,,1,2014,low,low,medium,high,low,high,0,0,3,13,114,95
FING-5751,Eng 1 (pass),2017/1,False,True,False,no,2016,1,chilean,3,,1,2014,low,low,medium,high,low,high,0,0,3,13,114,95
FING-5751,Cal 2 (fail),2017/1,False,True,False,no,2016,1,chilean,3,,1,2014,low,low,medium,high,low,high,0,0,3,13,114,95
FING-5751,Phy 2 (pass),2017/1,False,True,False,no,2016,1,chilean,3,,1,2014,low,low,medium,high,low,high,0,0,3,13,114,95
FING-5751,Progr Methd (fail),2017/2,False,True,False,no,2016,1,chilean,3,,1,2014,low,low,medium,high,low,high,0,0,3,13,114,95
FING-5751,Fund Econ (pass),2017/2,False,True,False,no,2016,1,chilean,3,,1,2014,low,low,medium,high,low,high,0,0,3,13,114,95
FING-5751,Eff Comm (pass),2017/2,False,True,False,no,2016,1,chilean,3,,1,2014,low,low,medium,high,low,high,0,0,3,13,114,95
FING-5751,Eng 2 (pass),2017/2,False,True,False,no,2016,1,chilean,3,,1,2014,low,low,medium,high,low,high,0,0,3,13,114,95
FING-5751,Cal 2 (pass),2017/2,False,True,False,no,2016,1,chilean,3,,1,2014,low,low,medium,high,low,high,0,0,3,13,114,95
FING-5751,Diff Ec & Num Meth (pass),2018/1,False,True,False,no,2016,1,chilean,3,,1,2014,low,low,medium,high,low,high,0,0,3,13,114,95
FING-5751,Eng 3 (pass),2018/1,False,True,False,no,2016,1,chilean,3,,1,2014,low,low,medium,high,low,high,0,0,3,13,114,95
FING-5751,Progr Methd (pass),2018/1,False,True,False,no,2016,1,chilean,3,,1,2014,low,low,medium,high,low,high,0,0,3,13,114,95
FING-5751,Stat Analys (fail),2018/1,False,True,False,no,2016,1,chilean,3,,1,2014,low,low,medium,high,low,high,0,0,3,13,114,95
FING-5751,Elect & Mag (fail),2018/1,False,True,False,no,2016,1,chilean,3,,1,2014,low,low,medium,high,low,high,0,0,3,13,114,95
FING-5751,Elect & Mag (pass),2018/2,False,True,False,no,2016,1,chilean,3,,1,2014,low,low,medium,high,low,high,0,0,3,13,114,95
FING-5751,Proj Eval&Manag (pass),2018/2,False,True,False,no,2016,1,chilean,3,,1,2014,low,low,medium,high,low,high,0,0,3,13,114,95
FING-5751,Algorithms (fail),2018/2,False,True,False,no,2016,1,chilean,3,,1,2014,low,low,medium,high,low,high,0,0,3,13,114,95
FING-5751,Eng 4 (pass),2018/2,False,True,False,no,2016,1,chilean,3,,1,2014,low,low,medium,high,low,high,0,0,3,13,114,95
FING-5751,Stat Analys (pass),2018/2,False,True,False,no,2016,1,chilean,3,,1,2014,low,low,medium,high,low,high,0,0,3,13,114,95
FING-5751,Syst Eng (pass),2019/1,False,True,False,no,2016,1,chilean,3,,1,2014,low,low,medium,high,low,high,0,0,3,13,114,95
FING-5751,Progr Parad (fail),2019/1,False,True,False,no,2016,1,chilean,3,,1,2014,low,low,medium,high,low,high,0,0,3,13,114,95
FING-5751,Comp Struc (pass),2019/1,False,True,False,no,2016,1,chilean,3,,1,2014,low,low,medium,high,low,high,0,0,3,13,114,95
FING-5751,Algorithms (pass),2019/1,False,True,False,no,2016,1,chilean,3,,1,2014,low,low,medium,high,low,high,0,0,3,13,114,95
FING-5751,Inf & Soc (pass),2019/1,False,True,False,no,2016,1,chilean,3,,1,2014,low,low,medium,high,low,high,0,0,3,13,114,95
FING-5751,Progr Parad (pass),2019/2,False,True,False,no,2016,1,chilean,3,,1,2014,low,low,medium,high,low,high,0,0,3,13,114,95
FING-5751,Inf Sys (pass),2019/2,False,True,False,no,2016,1,chilean,3,,1,2014,low,low,medium,high,low,high,0,0,3,13,114,95
FING-5751,Comp Org (pass),2019/2,False,True,False,no,2016,1,chilean,3,,1,2014,low,low,medium,high,low,high,0,0,3,13,114,95
FING-5751,Comp Net (pass),2020/1,False,True,False,no,2016,1,chilean,3,,1,2014,low,low,medium,high,low,high,0,0,3,13,114,95
FING-5751,Elective (pass),2020/1,False,True,False,no,2016,1,chilean,3,,1,2014,low,low,medium,high,low,high,0,0,3,13,114,95
FING-5751,DB Design (pass),2020/1,False,True,False,no,2016,1,chilean,3,,1,2014,low,low,medium,high,low,high,0,0,3,13,114,95
FING-5751,SoftEng Fund (pass),2020/1,False,True,False,no,2016,1,chilean,3,,1,2014,low,low,medium,high,low,high,0,0,3,13,114,95
FING-5751,DB Workshop (pass),2020/2,False,True,False,no,2016,1,chilean,3,,1,2014,low,low,medium,high,low,high,0,0,3,13,114,95
FING-5751,Elective (pass),2020/2,False,True,False,no,2016,1,chilean,3,,1,2014,low,low,medium,high,low,high,0,0,3,13,114,95
FING-5751,SoftEng Technq (pass),2020/2,False,True,False,no,2016,1,chilean,3,,1,2014,low,low,medium,high,low,high,0,0,3,13,114,95
FING-5751,Op Sys (pass),2020/2,False,True,False,no,2016,1,chilean,3,,1,2014,low,low,medium,high,low,high,0,0,3,13,114,95
FING-5751,Inf Adm & Manag (pass),2020/2,False,True,False,no,2016,1,chilean,3,,1,2014,low,low,medium,high,low,high,0,0,3,13,114,95
FING-5751,Seminar (pass),2021/1,False,True,False,no,2016,1,chilean,3,,1,2014,low,low,medium,high,low,high,0,0,3,13,114,95
FING-5751,SoftEng Proj (pass),2021/1,False,True,False,no,2016,1,chilean,3,,1,2014,low,low,medium,high,low,high,0,0,3,13,114,95
FING-5751,Elective (pass),2021/1,False,True,False,no,2016,1,chilean,3,,1,2014,low,low,medium,high,low,high,0,0,3,13,114,95
FING-5751,Deg Work (pass),2022/1,False,True,False,no,2016,1,chilean,3,,1,2014,low,low,medium,high,low,high,0,0,3,13,114,95
FING-5755,Phy 1 (fail),2016/1,False,True,False,no,2016,2,chilean,1,,1,2014,low,low,high,high,,high,3,5,4,13,114,86
FING-5755,Std Methods (pass),2016/1,False,True,False,no,2016,2,chilean,1,,1,2014,low,low,high,high,,high,3,5,4,13,114,86
FING-5755,Intro Eng (pass),2016/1,False,True,False,no,2016,2,chilean,1,,1,2014,low,low,high,high,,high,3,5,4,13,114,86
FING-5755,IPD Workshop (pass),2016/1,False,True,False,no,2016,2,chilean,1,,1,2014,low,low,high,high,,high,3,5,4,13,114,86
FING-5755,Cal 1 (pass),2016/1,False,True,False,no,2016,2,chilean,1,,1,2014,low,low,high,high,,high,3,5,4,13,114,86
FING-5755,Alg 1 (pass),2016/1,False,True,False,no,2016,2,chilean,1,,1,2014,low,low,high,high,,high,3,5,4,13,114,86
FING-5755,Cal 2 (pass),2016/2,False,True,False,no,2016,2,chilean,1,,1,2014,low,low,high,high,,high,3,5,4,13,114,86
FING-5755,Fund Progr (pass),2016/2,False,True,False,no,2016,2,chilean,1,,1,2014,low,low,high,high,,high,3,5,4,13,114,86
FING-5755,Alg 2 (pass),2016/2,False,True,False,no,2016,2,chilean,1,,1,2014,low,low,high,high,,high,3,5,4,13,114,86
FING-5755,Phy 1 (pass),2016/2,False,True,False,no,2016,2,chilean,1,,1,2014,low,low,high,high,,high,3,5,4,13,114,86
FING-5755,Chemistry (pass),2016/2,False,True,False,no,2016,2,chilean,1,,1,2014,low,low,high,high,,high,3,5,4,13,114,86
FING-5755,Diff Ec & Num Meth (pass),2017/1,False,True,False,no,2016,2,chilean,1,,1,2014,low,low,high,high,,high,3,5,4,13,114,86
FING-5755,Eff Comm (pass),2017/1,False,True,False,no,2016,2,chilean,1,,1,2014,low,low,high,high,,high,3,5,4,13,114,86
FING-5755,Eng 1 (pass),2017/1,False,True,False,no,2016,2,chilean,1,,1,2014,low,low,high,high,,high,3,5,4,13,114,86
FING-5755,Stat Analys (fail),2017/1,False,True,False,no,2016,2,chilean,1,,1,2014,low,low,high,high,,high,3,5,4,13,114,86
FING-5755,Phy 2 (pass),2017/1,False,True,False,no,2016,2,chilean,1,,1,2014,low,low,high,high,,high,3,5,4,13,114,86
FING-5755,Progr Methd (pass),2017/1,False,True,False,no,2016,2,chilean,1,,1,2014,low,low,high,high,,high,3,5,4,13,114,86
FING-5755,Progr Parad (pass),2017/2,False,True,False,no,2016,2,chilean,1,,1,2014,low,low,high,high,,high,3,5,4,13,114,86
FING-5755,Eng 2 (pass),2017/2,False,True,False,no,2016,2,chilean,1,,1,2014,low,low,high,high,,high,3,5,4,13,114,86
FING-5755,Algorithms (pass),2017/2,False,True,False,no,2016,2,chilean,1,,1,2014,low,low,high,high,,high,3,5,4,13,114,86
FING-5755,Stat Analys (pass),2017/2,False,True,False,no,2016,2,chilean,1,,1,2014,low,low,high,high,,high,3,5,4,13,114,86
FING-5755,Elect & Mag (pass),2017/2,False,True,False,no,2016,2,chilean,1,,1,2014,low,low,high,high,,high,3,5,4,13,114,86
FING-5755,Eng 3 (pass),2018/1,False,True,False,no,2016,2,chilean,1,,1,2014,low,low,high,high,,high,3,5,4,13,114,86
FING-5755,SoftEng Fund (pass),2018/1,False,True,False,no,2016,2,chilean,1,,1,2014,low,low,high,high,,high,3,5,4,13,114,86
FING-5755,Syst Eng (pass),2018/1,False,True,False,no,2016,2,chilean,1,,1,2014,low,low,high,high,,high,3,5,4,13,114,86
FING-5755,Comp Struc (pass),2018/1,False,True,False,no,2016,2,chilean,1,,1,2014,low,low,high,high,,high,3,5,4,13,114,86
FING-5755,DB Design (pass),2018/1,False,True,False,no,2016,2,chilean,1,,1,2014,low,low,high,high,,high,3,5,4,13,114,86
FING-5755,Fund Econ (pass),2018/1,False,True,False,no,2016,2,chilean,1,,1,2014,low,low,high,high,,high,3,5,4,13,114,86
FING-5755,Inf Sys (pass),2018/2,False,True,False,no,2016,2,chilean,1,,1,2014,low,low,high,high,,high,3,5,4,13,114,86
FING-5755,SoftEng Technq (pass),2018/2,False,True,False,no,2016,2,chilean,1,,1,2014,low,low,high,high,,high,3,5,4,13,114,86
FING-5755,Comp Org (pass),2018/2,False,True,False,no,2016,2,chilean,1,,1,2014,low,low,high,high,,high,3,5,4,13,114,86
FING-5755,Proj Eval&Manag (pass),2018/2,False,True,False,no,2016,2,chilean,1,,1,2014,low,low,high,high,,high,3,5,4,13,114,86
FING-5755,Eng 4 (pass),2018/2,False,True,False,no,2016,2,chilean,1,,1,2014,low,low,high,high,,high,3,5,4,13,114,86
FING-5755,Inf & Soc (pass),2018/2,False,True,False,no,2016,2,chilean,1,,1,2014,low,low,high,high,,high,3,5,4,13,114,86
FING-5755,DB Workshop (fail),2019/1,False,True,False,no,2016,2,chilean,1,,1,2014,low,low,high,high,,high,3,5,4,13,114,86
FING-5755,Comp Net (pass),2019/1,False,True,False,no,2016,2,chilean,1,,1,2014,low,low,high,high,,high,3,5,4,13,114,86
FING-5755,Op Sys (pass),2019/1,False,True,False,no,2016,2,chilean,1,,1,2014,low,low,high,high,,high,3,5,4,13,114,86
FING-5755,Inf Adm & Manag (pass),2019/1,False,True,False,no,2016,2,chilean,1,,1,2014,low,low,high,high,,high,3,5,4,13,114,86
FING-5755,Elective (pass),2019/2,False,True,False,no,2016,2,chilean,1,,1,2014,low,low,high,high,,high,3,5,4,13,114,86
FING-5755,DB Workshop (pass),2019/2,False,True,False,no,2016,2,chilean,1,,1,2014,low,low,high,high,,high,3,5,4,13,114,86
FING-5755,SoftEng Proj (pass),2020/1,False,True,False,no,2016,2,chilean,1,,1,2014,low,low,high,high,,high,3,5,4,13,114,86
FING-5755,Elective (pass),2020/1,False,True,False,no,2016,2,chilean,1,,1,2014,low,low,high,high,,high,3,5,4,13,114,86
FING-5755,Elective (pass),2020/1,False,True,False,no,2016,2,chilean,1,,1,2014,low,low,high,high,,high,3,5,4,13,114,86
FING-5755,Seminar (pass),2020/2,False,True,False,no,2016,2,chilean,1,,1,2014,low,low,high,high,,high,3,5,4,13,114,86
FING-5755,Deg Work (pass),2021/2,False,True,False,no,2016,2,chilean,1,,1,2014,low,low,high,high,,high,3,5,4,13,114,86
FING-5763,Phy 1 (pass),2016/1,False,True,False,no,2016,2,,,,,,,,,,,,,,,,,
FING-5763,Intro Eng (pass),2016/1,False,True,False,no,2016,2,,,,,,,,,,,,,,,,,
FING-5763,IPD Workshop (pass),2016/1,False,True,False,no,2016,2,,,,,,,,,,,,,,,,,
FING-5763,Std Methods (pass),2016/1,False,True,False,no,2016,2,,,,,,,,,,,,,,,,,
FING-5763,Cal 1 (pass),2016/1,False,True,False,no,2016,2,,,,,,,,,,,,,,,,,
FING-5763,Alg 1 (pass),2016/1,False,True,False,no,2016,2,,,,,,,,,,,,,,,,,
FING-5763,Cal 2 (pass),2016/2,False,True,False,no,2016,2,,,,,,,,,,,,,,,,,
FING-5763,Fund Progr (pass),2016/2,False,True,False,no,2016,2,,,,,,,,,,,,,,,,,
FING-5763,Alg 2 (pass),2016/2,False,True,False,no,2016,2,,,,,,,,,,,,,,,,,
FING-5763,Phy 2 (fail),2016/2,False,True,False,no,2016,2,,,,,,,,,,,,,,,,,
FING-5763,Chemistry (pass),2016/2,False,True,False,no,2016,2,,,,,,,,,,,,,,,,,
FING-5763,Diff Ec & Num Meth (pass),2017/1,False,True,False,no,2016,2,,,,,,,,,,,,,,,,,
FING-5763,Eff Comm (pass),2017/1,False,True,False,no,2016,2,,,,,,,,,,,,,,,,,
FING-5763,Stat Analys (fail),2017/1,False,True,False,no,2016,2,,,,,,,,,,,,,,,,,
FING-5763,Phy 2 (pass),2017/1,False,True,False,no,2016,2,,,,,,,,,,,,,,,,,
FING-5763,Progr Methd (pass),2017/1,False,True,False,no,2016,2,,,,,,,,,,,,,,,,,
FING-5763,Stat Analys (pass),2017/2,False,True,False,no,2016,2,,,,,,,,,,,,,,,,,
FING-5763,Fund Econ (fail),2017/2,False,True,False,no,2016,2,,,,,,,,,,,,,,,,,
FING-5763,Eng 1 (pass),2017/2,False,True,False,no,2016,2,,,,,,,,,,,,,,,,,
FING-5763,Algorithms (pass),2017/2,False,True,False,no,2016,2,,,,,,,,,,,,,,,,,
FING-5763,Elect & Mag (pass),2017/2,False,True,False,no,2016,2,,,,,,,,,,,,,,,,,
FING-5763,Syst Eng (pass),2018/1,False,True,False,no,2016,2,,,,,,,,,,,,,,,,,
FING-5763,Elective (pass),2018/1,False,True,False,no,2016,2,,,,,,,,,,,,,,,,,
FING-5763,Progr Parad (pass),2018/1,False,True,False,no,2016,2,,,,,,,,,,,,,,,,,
FING-5763,Comp Struc (pass),2018/1,False,True,False,no,2016,2,,,,,,,,,,,,,,,,,
FING-5763,Eng 2 (pass),2018/1,False,True,False,no,2016,2,,,,,,,,,,,,,,,,,
FING-5763,Fund Econ (pass),2018/1,False,True,False,no,2016,2,,,,,,,,,,,,,,,,,
FING-5763,DB Design (pass),2018/2,False,True,False,no,2016,2,,,,,,,,,,,,,,,,,
FING-5763,Comp Org (pass),2018/2,False,True,False,no,2016,2,,,,,,,,,,,,,,,,,
FING-5763,Proj Eval&Manag (pass),2018/2,False,True,False,no,2016,2,,,,,,,,,,,,,,,,,
FING-5763,SoftEng Fund (pass),2018/2,False,True,False,no,2016,2,,,,,,,,,,,,,,,,,
FING-5763,Eng 3 (pass),2018/2,False,True,False,no,2016,2,,,,,,,,,,,,,,,,,
FING-5763,Inf & Soc (pass),2018/2,False,True,False,no,2016,2,,,,,,,,,,,,,,,,,
FING-5763,DB Workshop (pass),2019/1,False,True,False,no,2016,2,,,,,,,,,,,,,,,,,
FING-5763,Inf Sys (pass),2019/1,False,True,False,no,2016,2,,,,,,,,,,,,,,,,,
FING-5763,Comp Net (pass),2019/1,False,True,False,no,2016,2,,,,,,,,,,,,,,,,,
FING-5763,SoftEng Technq (pass),2019/1,False,True,False,no,2016,2,,,,,,,,,,,,,,,,,
FING-5763,Inf Adm & Manag (pass),2019/1,False,True,False,no,2016,2,,,,,,,,,,,,,,,,,
FING-5763,Elective (pass),2019/2,False,True,False,no,2016,2,,,,,,,,,,,,,,,,,
FING-5763,Eng 4 (pass),2019/2,False,True,False,no,2016,2,,,,,,,,,,,,,,,,,
FING-5763,Op Sys (pass),2019/2,False,True,False,no,2016,2,,,,,,,,,,,,,,,,,
FING-5763,Elective (pass),2019/2,False,True,False,no,2016,2,,,,,,,,,,,,,,,,,
FING-5763,SoftEng Proj (pass),2020/1,False,True,False,no,2016,2,,,,,,,,,,,,,,,,,
FING-5763,Seminar (pass),2020/1,False,True,False,no,2016,2,,,,,,,,,,,,,,,,,
FING-5763,Deg Work (pass),2020/2,False,True,False,no,2016,2,,,,,,,,,,,,,,,,,
FING-5932,Cal 1 (pass),2016/1,False,True,False,no,2017,2,,,,,,,,,,,,,,,,,
FING-5932,Chemistry (pass),2016/1,False,True,False,no,2017,2,,,,,,,,,,,,,,,,,
FING-5932,Intro Eng (pass),2016/1,False,True,False,no,2017,2,,,,,,,,,,,,,,,,,
FING-5932,Phy 1 (pass),2016/1,False,True,False,no,2017,2,,,,,,,,,,,,,,,,,
FING-5932,Alg 1 (pass),2016/1,False,True,False,no,2017,2,,,,,,,,,,,,,,,,,
FING-5932,Std Methods (pass),2016/1,False,True,False,no,2017,2,,,,,,,,,,,,,,,,,
FING-5932,Alg 2 (pass),2016/2,False,True,False,no,2017,2,,,,,,,,,,,,,,,,,
FING-5932,IPD Workshop (pass),2016/2,False,True,False,no,2017,2,,,,,,,,,,,,,,,,,
FING-5932,Phy 2 (pass),2017/1,False,True,False,no,2017,2,,,,,,,,,,,,,,,,,
FING-5932,Eng 1 (pass),2017/1,False,True,False,no,2017,2,,,,,,,,,,,,,,,,,
FING-5932,Eff Comm (pass),2017/1,False,True,False,no,2017,2,,,,,,,,,,,,,,,,,
FING-5932,Cal 2 (pass),2017/1,False,True,False,no,2017,2,,,,,,,,,,,,,,,,,
FING-5932,Fund Progr (pass),2017/1,False,True,False,no,2017,2,,,,,,,,,,,,,,,,,
FING-5932,Progr Methd (fail),2017/2,False,True,False,no,2017,2,,,,,,,,,,,,,,,,,
FING-5932,Fund Econ (pass),2017/2,False,True,False,no,2017,2,,,,,,,,,,,,,,,,,
FING-5932,Eng 2 (pass),2017/2,False,True,False,no,2017,2,,,,,,,,,,,,,,,,,
FING-5932,Stat Analys (fail),2017/2,False,True,False,no,2017,2,,,,,,,,,,,,,,,,,
FING-5932,Diff Ec & Num Meth (fail),2017/2,False,True,False,no,2017,2,,,,,,,,,,,,,,,,,
FING-5932,Elect & Mag (pass),2017/2,False,True,False,no,2017,2,,,,,,,,,,,,,,,,,
FING-5932,Diff Ec & Num Meth (pass),2018/1,False,True,False,no,2017,2,,,,,,,,,,,,,,,,,
FING-5932,Eng 3 (pass),2018/1,False,True,False,no,2017,2,,,,,,,,,,,,,,,,,
FING-5932,Progr Methd (pass),2018/1,False,True,False,no,2017,2,,,,,,,,,,,,,,,,,
FING-5932,Comp Struc (fail),2018/1,False,True,False,no,2017,2,,,,,,,,,,,,,,,,,
FING-5932,Progr Parad (fail),2018/2,False,True,False,no,2017,2,,,,,,,,,,,,,,,,,
FING-5932,Comp Struc (pass),2018/2,False,True,False,no,2017,2,,,,,,,,,,,,,,,,,
FING-5932,Eng 4 (pass),2018/2,False,True,False,no,2017,2,,,,,,,,,,,,,,,,,
FING-5932,Stat Analys (pass),2018/2,False,True,False,no,2017,2,,,,,,,,,,,,,,,,,
FING-5932,Syst Eng (pass),2019/1,False,True,False,no,2017,2,,,,,,,,,,,,,,,,,
FING-5932,Progr Parad (pass),2019/1,False,True,False,no,2017,2,,,,,,,,,,,,,,,,,
FING-5932,Inf & Soc (pass),2019/1,False,True,False,no,2017,2,,,,,,,,,,,,,,,,,
FING-5932,Algorithms (pass),2019/2,False,True,False,no,2017,2,,,,,,,,,,,,,,,,,
FING-5932,SoftEng Fund (pass),2019/2,False,True,False,no,2017,2,,,,,,,,,,,,,,,,,
FING-5932,Proj Eval&Manag (pass),2019/2,False,True,False,no,2017,2,,,,,,,,,,,,,,,,,
FING-5932,Comp Org (pass),2019/2,False,True,False,no,2017,2,,,,,,,,,,,,,,,,,
FING-5932,SoftEng Technq (pass),2020/1,False,True,False,no,2017,2,,,,,,,,,,,,,,,,,
FING-5932,Comp Net (pass),2020/1,False,True,False,no,2017,2,,,,,,,,,,,,,,,,,
FING-5932,DB Design (pass),2020/1,False,True,False,no,2017,2,,,,,,,,,,,,,,,,,
FING-5932,Inf Sys (pass),2020/1,False,True,False,no,2017,2,,,,,,,,,,,,,,,,,
FING-5932,Inf Adm & Manag (pass),2020/1,False,True,False,no,2017,2,,,,,,,,,,,,,,,,,
FING-5932,DB Workshop (pass),2020/2,False,True,False,no,2017,2,,,,,,,,,,,,,,,,,
FING-5932,Elective (pass),2020/2,False,True,False,no,2017,2,,,,,,,,,,,,,,,,,
FING-5932,Op Sys (pass),2020/2,False,True,False,no,2017,2,,,,,,,,,,,,,,,,,
FING-5932,Elective (pass),2020/2,False,True,False,no,2017,2,,,,,,,,,,,,,,,,,
FING-5932,Elective (pass),2020/2,False,True,False,no,2017,2,,,,,,,,,,,,,,,,,
FING-5932,Seminar (pass),2021/1,False,True,False,no,2017,2,,,,,,,,,,,,,,,,,
FING-5932,SoftEng Proj (pass),2021/1,False,True,False,no,2017,2,,,,,,,,,,,,,,,,,
FING-5932,Deg Work (pass),2021/2,False,True,False,no,2017,2,,,,,,,,,,,,,,,,,
FING-6480,Phy 1 (pass),2016/1,False,True,False,no,2016,2,chilean,1,,1,2014,high,high,high,medium,medium,medium,1,0,3,13,114,92
FING-6480,Intro Eng (pass),2016/1,False,True,False,no,2016,2,chilean,1,,1,2014,high,high,high,medium,medium,medium,1,0,3,13,114,92
FING-6480,IPD Workshop (pass),2016/1,False,True,False,no,2016,2,chilean,1,,1,2014,high,high,high,medium,medium,medium,1,0,3,13,114,92
FING-6480,Std Methods (pass),2016/1,False,True,False,no,2016,2,chilean,1,,1,2014,high,high,high,medium,medium,medium,1,0,3,13,114,92
FING-6480,Cal 1 (pass),2016/1,False,True,False,no,2016,2,chilean,1,,1,2014,high,high,high,medium,medium,medium,1,0,3,13,114,92
FING-6480,Alg 1 (pass),2016/1,False,True,False,no,2016,2,chilean,1,,1,2014,high,high,high,medium,medium,medium,1,0,3,13,114,92
FING-6480,Fund Progr (pass),2016/2,False,True,False,no,2016,2,chilean,1,,1,2014,high,high,high,medium,medium,medium,1,0,3,13,114,92
FING-6480,Alg 2 (pass),2016/2,False,True,False,no,2016,2,chilean,1,,1,2014,high,high,high,medium,medium,medium,1,0,3,13,114,92
FING-6480,Phy 2 (fail),2016/2,False,True,False,no,2016,2,chilean,1,,1,2014,high,high,high,medium,medium,medium,1,0,3,13,114,92
FING-6480,Cal 2 (pass),2016/2,False,True,False,no,2016,2,chilean,1,,1,2014,high,high,high,medium,medium,medium,1,0,3,13,114,92
FING-6480,Chemistry (fail),2016/2,False,True,False,no,2016,2,chilean,1,,1,2014,high,high,high,medium,medium,medium,1,0,3,13,114,92
FING-6480,Progr Methd (fail),2017/1,False,True,False,no,2016,2,chilean,1,,1,2014,high,high,high,medium,medium,medium,1,0,3,13,114,92
FING-6480,Chemistry (pass),2017/1,False,True,False,no,2016,2,chilean,1,,1,2014,high,high,high,medium,medium,medium,1,0,3,13,114,92
FING-6480,Stat Analys (fail),2017/1,False,True,False,no,2016,2,chilean,1,,1,2014,high,high,high,medium,medium,medium,1,0,3,13,114,92
FING-6480,Phy 2 (pass),2017/1,False,True,False,no,2016,2,chilean,1,,1,2014,high,high,high,medium,medium,medium,1,0,3,13,114,92
FING-6480,Progr Methd (pass),2017/2,False,True,False,no,2016,2,chilean,1,,1,2014,high,high,high,medium,medium,medium,1,0,3,13,114,92
FING-6480,Eff Comm (pass),2017/2,False,True,False,no,2016,2,chilean,1,,1,2014,high,high,high,medium,medium,medium,1,0,3,13,114,92
FING-6480,Eng 1 (pass),2017/2,False,True,False,no,2016,2,chilean,1,,1,2014,high,high,high,medium,medium,medium,1,0,3,13,114,92
FING-6480,Stat Analys (fail),2017/2,False,True,False,no,2016,2,chilean,1,,1,2014,high,high,high,medium,medium,medium,1,0,3,13,114,92
FING-6480,Diff Ec & Num Meth (fail),2017/2,False,True,False,no,2016,2,chilean,1,,1,2014,high,high,high,medium,medium,medium,1,0,3,13,114,92
FING-6480,Elect & Mag (fail),2017/2,False,True,False,no,2016,2,chilean,1,,1,2014,high,high,high,medium,medium,medium,1,0,3,13,114,92
FING-6480,Diff Ec & Num Meth (pass),2018/1,False,True,False,no,2016,2,chilean,1,,1,2014,high,high,high,medium,medium,medium,1,0,3,13,114,92
FING-6480,Eng 2 (pass),2018/1,False,True,False,no,2016,2,chilean,1,,1,2014,high,high,high,medium,medium,medium,1,0,3,13,114,92
FING-6480,Progr Parad (pass),2018/1,False,True,False,no,2016,2,chilean,1,,1,2014,high,high,high,medium,medium,medium,1,0,3,13,114,92
FING-6480,Stat Analys (pass),2018/1,False,True,False,no,2016,2,chilean,1,,1,2014,high,high,high,medium,medium,medium,1,0,3,13,114,92
FING-6480,Elect & Mag (pass),2018/1,False,True,False,no,2016,2,chilean,1,,1,2014,high,high,high,medium,medium,medium,1,0,3,13,114,92
FING-6480,Fund Econ (fail),2018/2,False,True,False,no,2016,2,chilean,1,,1,2014,high,high,high,medium,medium,medium,1,0,3,13,114,92
FING-6480,Syst Eng (pass),2018/2,False,True,False,no,2016,2,chilean,1,,1,2014,high,high,high,medium,medium,medium,1,0,3,13,114,92
FING-6480,Comp Struc (fail),2018/2,False,True,False,no,2016,2,chilean,1,,1,2014,high,high,high,medium,medium,medium,1,0,3,13,114,92
FING-6480,Eng 3 (pass),2018/2,False,True,False,no,2016,2,chilean,1,,1,2014,high,high,high,medium,medium,medium,1,0,3,13,114,92
FING-6480,Algorithms (pass),2018/2,False,True,False,no,2016,2,chilean,1,,1,2014,high,high,high,medium,medium,medium,1,0,3,13,114,92
FING-6480,Inf & Soc (pass),2018/2,False,True,False,no,2016,2,chilean,1,,1,2014,high,high,high,medium,medium,medium,1,0,3,13,114,92
FING-6480,Comp Struc (pass),2019/1,False,True,False,no,2016,2,chilean,1,,1,2014,high,high,high,medium,medium,medium,1,0,3,13,114,92
FING-6480,DB Design (pass),2019/1,False,True,False,no,2016,2,chilean,1,,1,2014,high,high,high,medium,medium,medium,1,0,3,13,114,92
FING-6480,Inf Sys (pass),2019/1,False,True,False,no,2016,2,chilean,1,,1,2014,high,high,high,medium,medium,medium,1,0,3,13,114,92
FING-6480,SoftEng Fund (pass),2019/1,False,True,False,no,2016,2,chilean,1,,1,2014,high,high,high,medium,medium,medium,1,0,3,13,114,92
FING-6480,Eng 4 (pass),2019/1,False,True,False,no,2016,2,chilean,1,,1,2014,high,high,high,medium,medium,medium,1,0,3,13,114,92
FING-6480,Fund Econ (pass),2019/1,False,True,False,no,2016,2,chilean,1,,1,2014,high,high,high,medium,medium,medium,1,0,3,13,114,92
FING-6480,DB Workshop (pass),2019/2,False,True,False,no,2016,2,chilean,1,,1,2014,high,high,high,medium,medium,medium,1,0,3,13,114,92
FING-6480,Proj Eval&Manag (pass),2019/2,False,True,False,no,2016,2,chilean,1,,1,2014,high,high,high,medium,medium,medium,1,0,3,13,114,92
FING-6480,SoftEng Technq (pass),2019/2,False,True,False,no,2016,2,chilean,1,,1,2014,high,high,high,medium,medium,medium,1,0,3,13,114,92
FING-6480,Comp Org (pass),2019/2,False,True,False,no,2016,2,chilean,1,,1,2014,high,high,high,medium,medium,medium,1,0,3,13,114,92
FING-6480,Op Sys (pass),2020/1,False,True,False,no,2016,2,chilean,1,,1,2014,high,high,high,medium,medium,medium,1,0,3,13,114,92
FING-6480,Comp Net (pass),2020/1,False,True,False,no,2016,2,chilean,1,,1,2014,high,high,high,medium,medium,medium,1,0,3,13,114,92
FING-6480,Inf Adm & Manag (pass),2020/1,False,True,False,no,2016,2,chilean,1,,1,2014,high,high,high,medium,medium,medium,1,0,3,13,114,92
FING-6480,Elective (pass),2020/2,False,True,False,no,2016,2,chilean,1,,1,2014,high,high,high,medium,medium,medium,1,0,3,13,114,92
FING-6480,SoftEng Proj (pass),2020/2,False,True,False,no,2016,2,chilean,1,,1,2014,high,high,high,medium,medium,medium,1,0,3,13,114,92
FING-6480,Seminar (pass),2020/2,False,True,False,no,2016,2,chilean,1,,1,2014,high,high,high,medium,medium,medium,1,0,3,13,114,92
FING-6480,Elective (pass),2020/2,False,True,False,no,2016,2,chilean,1,,1,2014,high,high,high,medium,medium,medium,1,0,3,13,114,92
FING-6480,Elective (pass),2020/2,False,True,False,no,2016,2,chilean,1,,1,2014,high,high,high,medium,medium,medium,1,0,3,13,114,92
FING-6480,Deg Work (pass),2021/1,False,True,False,no,2016,2,chilean,1,,1,2014,high,high,high,medium,medium,medium,1,0,3,13,114,92
FING-668,Intro Eng (pass),2014/1,False,True,False,no,2014,2,chilean,2,,1,2013,low,high,low,low,low,low,,5,3,13,114,98
FING-668,Std Methods (pass),2014/1,False,True,False,no,2014,2,chilean,2,,1,2013,low,high,low,low,low,low,,5,3,13,114,98
FING-668,Phy 1 (fail),2014/1,False,True,False,no,2014,2,chilean,2,,1,2013,low,high,low,low,low,low,,5,3,13,114,98
FING-668,Cal 1 (fail),2014/1,False,True,False,no,2014,2,chilean,2,,1,2013,low,high,low,low,low,low,,5,3,13,114,98
FING-668,Alg 1 (pass),2014/1,False,True,False,no,2014,2,chilean,2,,1,2013,low,high,low,low,low,low,,5,3,13,114,98
FING-668,IPD Workshop (pass),2014/1,False,True,False,no,2014,2,chilean,2,,1,2013,low,high,low,low,low,low,,5,3,13,114,98
FING-668,Phy 1 (pass),2014/2,False,True,False,no,2014,2,chilean,2,,1,2013,low,high,low,low,low,low,,5,3,13,114,98
FING-668,Alg 2 (pass),2014/2,False,True,False,no,2014,2,chilean,2,,1,2013,low,high,low,low,low,low,,5,3,13,114,98
FING-668,Fund Progr (fail),2014/2,False,True,False,no,2014,2,chilean,2,,1,2013,low,high,low,low,low,low,,5,3,13,114,98
FING-668,Chemistry (fail),2014/2,False,True,False,no,2014,2,chilean,2,,1,2013,low,high,low,low,low,low,,5,3,13,114,98
FING-668,Cal 1 (pass),2014/2,False,True,False,no,2014,2,chilean,2,,1,2013,low,high,low,low,low,low,,5,3,13,114,98
FING-668,Phy 2 (fail),2015/1,False,True,False,no,2014,2,chilean,2,,1,2013,low,high,low,low,low,low,,5,3,13,114,98
FING-668,Fund Progr (pass),2015/1,False,True,False,no,2014,2,chilean,2,,1,2013,low,high,low,low,low,low,,5,3,13,114,98
FING-668,Eng 1 (pass),2015/1,False,True,False,no,2014,2,chilean,2,,1,2013,low,high,low,low,low,low,,5,3,13,114,98
FING-668,Chemistry (pass),2015/1,False,True,False,no,2014,2,chilean,2,,1,2013,low,high,low,low,low,low,,5,3,13,114,98
FING-668,Cal 2 (pass),2015/1,False,True,False,no,2014,2,chilean,2,,1,2013,low,high,low,low,low,low,,5,3,13,114,98
FING-668,Eff Comm (pass),2015/2,False,True,False,no,2014,2,chilean,2,,1,2013,low,high,low,low,low,low,,5,3,13,114,98
FING-668,Eng 2 (pass),2015/2,False,True,False,no,2014,2,chilean,2,,1,2013,low,high,low,low,low,low,,5,3,13,114,98
FING-668,Progr Methd (fail),2015/2,False,True,False,no,2014,2,chilean,2,,1,2013,low,high,low,low,low,low,,5,3,13,114,98
FING-668,Phy 2 (pass),2015/2,False,True,False,no,2014,2,chilean,2,,1,2013,low,high,low,low,low,low,,5,3,13,114,98
FING-668,Stat Analys (pass),2015/2,False,True,False,no,2014,2,chilean,2,,1,2013,low,high,low,low,low,low,,5,3,13,114,98
FING-668,Progr Methd (pass),2016/1,False,True,False,no,2014,2,chilean,2,,1,2013,low,high,low,low,low,low,,5,3,13,114,98
FING-668,Elect & Mag (pass),2016/1,False,True,False,no,2014,2,chilean,2,,1,2013,low,high,low,low,low,low,,5,3,13,114,98
FING-668,Fund Econ (pass),2016/1,False,True,False,no,2014,2,chilean,2,,1,2013,low,high,low,low,low,low,,5,3,13,114,98
FING-668,Diff Ec & Num Meth (pass),2016/1,False,True,False,no,2014,2,chilean,2,,1,2013,low,high,low,low,low,low,,5,3,13,114,98
FING-668,Comp Struc (pass),2016/2,False,True,False,no,2014,2,chilean,2,,1,2013,low,high,low,low,low,low,,5,3,13,114,98
FING-668,Syst Eng (pass),2016/2,False,True,False,no,2014,2,chilean,2,,1,2013,low,high,low,low,low,low,,5,3,13,114,98
FING-668,Eng 3 (pass),2016/2,False,True,False,no,2014,2,chilean,2,,1,2013,low,high,low,low,low,low,,5,3,13,114,98
FING-668,Algorithms (fail),2016/2,False,True,False,no,2014,2,chilean,2,,1,2013,low,high,low,low,low,low,,5,3,13,114,98
FING-668,Algorithms (pass),2017/1,False,True,False,no,2014,2,chilean,2,,1,2013,low,high,low,low,low,low,,5,3,13,114,98
FING-668,Inf Sys (pass),2017/1,False,True,False,no,2014,2,chilean,2,,1,2013,low,high,low,low,low,low,,5,3,13,114,98
FING-668,Eng 4 (pass),2017/1,False,True,False,no,2014,2,chilean,2,,1,2013,low,high,low,low,low,low,,5,3,13,114,98
FING-668,Progr Parad (fail),2017/1,False,True,False,no,2014,2,chilean,2,,1,2013,low,high,low,low,low,low,,5,3,13,114,98
FING-668,Inf & Soc (pass),2017/1,False,True,False,no,2014,2,chilean,2,,1,2013,low,high,low,low,low,low,,5,3,13,114,98
FING-668,Progr Parad (pass),2017/2,False,True,False,no,2014,2,chilean,2,,1,2013,low,high,low,low,low,low,,5,3,13,114,98
FING-668,Proj Eval&Manag (fail),2017/2,False,True,False,no,2014,2,chilean,2,,1,2013,low,high,low,low,low,low,,5,3,13,114,98
FING-668,Comp Org (pass),2017/2,False,True,False,no,2014,2,chilean,2,,1,2013,low,high,low,low,low,low,,5,3,13,114,98
FING-668,Op Sys (fail),2018/1,False,True,False,no,2014,2,chilean,2,,1,2013,low,high,low,low,low,low,,5,3,13,114,98
FING-668,DB Design (pass),2018/1,False,True,False,no,2014,2,chilean,2,,1,2013,low,high,low,low,low,low,,5,3,13,114,98
FING-668,SoftEng Fund (pass),2018/1,False,True,False,no,2014,2,chilean,2,,1,2013,low,high,low,low,low,low,,5,3,13,114,98
FING-668,Proj Eval&Manag (pass),2018/1,False,True,False,no,2014,2,chilean,2,,1,2013,low,high,low,low,low,low,,5,3,13,114,98
FING-668,DB Workshop (pass),2018/2,False,True,False,no,2014,2,chilean,2,,1,2013,low,high,low,low,low,low,,5,3,13,114,98
FING-668,Inf Adm & Manag (pass),2018/2,False,True,False,no,2014,2,chilean,2,,1,2013,low,high,low,low,low,low,,5,3,13,114,98
FING-668,SoftEng Technq (pass),2018/2,False,True,False,no,2014,2,chilean,2,,1,2013,low,high,low,low,low,low,,5,3,13,114,98
FING-668,Comp Net (pass),2018/2,False,True,False,no,2014,2,chilean,2,,1,2013,low,high,low,low,low,low,,5,3,13,114,98
FING-668,Op Sys (pass),2018/2,False,True,False,no,2014,2,chilean,2,,1,2013,low,high,low,low,low,low,,5,3,13,114,98
FING-668,SoftEng Proj (pass),2019/1,False,True,False,no,2014,2,chilean,2,,1,2013,low,high,low,low,low,low,,5,3,13,114,98
FING-668,Elective (pass),2019/1,False,True,False,no,2014,2,chilean,2,,1,2013,low,high,low,low,low,low,,5,3,13,114,98
FING-668,Elective (pass),2019/1,False,True,False,no,2014,2,chilean,2,,1,2013,low,high,low,low,low,low,,5,3,13,114,98
FING-668,Elective (pass),2019/1,False,True,False,no,2014,2,chilean,2,,1,2013,low,high,low,low,low,low,,5,3,13,114,98
FING-668,Seminar (pass),2019/1,False,True,False,no,2014,2,chilean,2,,1,2013,low,high,low,low,low,low,,5,3,13,114,98
FING-668,Deg Work (pass),2019/2,False,True,False,no,2014,2,chilean,2,,1,2013,low,high,low,low,low,low,,5,3,13,114,98
FING-682,Phy 1 (pass),2014/1,False,True,False,no,2014,2,chilean,5,,1,2013,low,low,medium,high,medium,high,,0,2,13,114,94
FING-682,Cal 1 (pass),2014/1,False,True,False,no,2014,2,chilean,5,,1,2013,low,low,medium,high,medium,high,,0,2,13,114,94
FING-682,Std Methods (pass),2014/1,False,True,False,no,2014,2,chilean,5,,1,2013,low,low,medium,high,medium,high,,0,2,13,114,94
FING-682,Alg 1 (pass),2014/1,False,True,False,no,2014,2,chilean,5,,1,2013,low,low,medium,high,medium,high,,0,2,13,114,94
FING-682,Intro Eng (pass),2014/1,False,True,False,no,2014,2,chilean,5,,1,2013,low,low,medium,high,medium,high,,0,2,13,114,94
FING-682,IPD Workshop (pass),2014/1,False,True,False,no,2014,2,chilean,5,,1,2013,low,low,medium,high,medium,high,,0,2,13,114,94
FING-682,Fund Progr (pass),2014/2,False,True,False,no,2014,2,chilean,5,,1,2013,low,low,medium,high,medium,high,,0,2,13,114,94
FING-682,Alg 2 (fail),2014/2,False,True,False,no,2014,2,chilean,5,,1,2013,low,low,medium,high,medium,high,,0,2,13,114,94
FING-682,Chemistry (pass),2014/2,False,True,False,no,2014,2,chilean,5,,1,2013,low,low,medium,high,medium,high,,0,2,13,114,94
FING-682,Phy 2 (fail),2014/2,False,True,False,no,2014,2,chilean,5,,1,2013,low,low,medium,high,medium,high,,0,2,13,114,94
FING-682,Cal 2 (pass),2014/2,False,True,False,no,2014,2,chilean,5,,1,2013,low,low,medium,high,medium,high,,0,2,13,114,94
FING-682,Stat Analys (fail),2015/1,False,True,False,no,2014,2,chilean,5,,1,2013,low,low,medium,high,medium,high,,0,2,13,114,94
FING-682,Phy 2 (pass),2015/1,False,True,False,no,2014,2,chilean,5,,1,2013,low,low,medium,high,medium,high,,0,2,13,114,94
FING-682,Progr Methd (fail),2015/1,False,True,False,no,2014,2,chilean,5,,1,2013,low,low,medium,high,medium,high,,0,2,13,114,94
FING-682,Alg 2 (pass),2015/1,False,True,False,no,2014,2,chilean,5,,1,2013,low,low,medium,high,medium,high,,0,2,13,114,94
FING-682,Fund Econ (fail),2015/2,False,True,False,no,2014,2,chilean,5,,1,2013,low,low,medium,high,medium,high,,0,2,13,114,94
FING-682,Progr Methd (pass),2015/2,False,True,False,no,2014,2,chilean,5,,1,2013,low,low,medium,high,medium,high,,0,2,13,114,94
FING-682,Elect & Mag (fail),2015/2,False,True,False,no,2014,2,chilean,5,,1,2013,low,low,medium,high,medium,high,,0,2,13,114,94
FING-682,Eng 1 (pass),2015/2,False,True,False,no,2014,2,chilean,5,,1,2013,low,low,medium,high,medium,high,,0,2,13,114,94
FING-682,Eff Comm (pass),2015/2,False,True,False,no,2014,2,chilean,5,,1,2013,low,low,medium,high,medium,high,,0,2,13,114,94
FING-682,Stat Analys (fail),2015/2,False,True,False,no,2014,2,chilean,5,,1,2013,low,low,medium,high,medium,high,,0,2,13,114,94
FING-682,Fund Econ (pass),2016/1,False,True,False,no,2014,2,chilean,5,,1,2013,low,low,medium,high,medium,high,,0,2,13,114,94
FING-682,Eng 2 (pass),2016/1,False,True,False,no,2014,2,chilean,5,,1,2013,low,low,medium,high,medium,high,,0,2,13,114,94
FING-682,Stat Analys (pass),2016/1,False,True,False,no,2014,2,chilean,5,,1,2013,low,low,medium,high,medium,high,,0,2,13,114,94
FING-682,Elect & Mag (pass),2016/1,False,True,False,no,2014,2,chilean,5,,1,2013,low,low,medium,high,medium,high,,0,2,13,114,94
FING-682,Diff Ec & Num Meth (pass),2016/1,False,True,False,no,2014,2,chilean,5,,1,2013,low,low,medium,high,medium,high,,0,2,13,114,94
FING-682,Comp Struc (pass),2016/2,False,True,False,no,2014,2,chilean,5,,1,2013,low,low,medium,high,medium,high,,0,2,13,114,94
FING-682,Syst Eng (pass),2016/2,False,True,False,no,2014,2,chilean,5,,1,2013,low,low,medium,high,medium,high,,0,2,13,114,94
FING-682,Eng 3 (pass),2016/2,False,True,False,no,2014,2,chilean,5,,1,2013,low,low,medium,high,medium,high,,0,2,13,114,94
FING-682,Algorithms (pass),2017/1,False,True,False,no,2014,2,chilean,5,,1,2013,low,low,medium,high,medium,high,,0,2,13,114,94
FING-682,Proj Eval&Manag (pass),2017/1,False,True,False,no,2014,2,chilean,5,,1,2013,low,low,medium,high,medium,high,,0,2,13,114,94
FING-682,Inf Sys (pass),2017/1,False,True,False,no,2014,2,chilean,5,,1,2013,low,low,medium,high,medium,high,,0,2,13,114,94
FING-682,Progr Parad (fail),2017/1,False,True,False,no,2014,2,chilean,5,,1,2013,low,low,medium,high,medium,high,,0,2,13,114,94
FING-682,Eng 4 (pass),2017/1,False,True,False,no,2014,2,chilean,5,,1,2013,low,low,medium,high,medium,high,,0,2,13,114,94
FING-682,SoftEng Fund (pass),2017/2,False,True,False,no,2014,2,chilean,5,,1,2013,low,low,medium,high,medium,high,,0,2,13,114,94
FING-682,Progr Parad (pass),2017/2,False,True,False,no,2014,2,chilean,5,,1,2013,low,low,medium,high,medium,high,,0,2,13,114,94
FING-682,DB Design (pass),2017/2,False,True,False,no,2014,2,chilean,5,,1,2013,low,low,medium,high,medium,high,,0,2,13,114,94
FING-682,Comp Org (pass),2017/2,False,True,False,no,2014,2,chilean,5,,1,2013,low,low,medium,high,medium,high,,0,2,13,114,94
FING-682,Op Sys (fail),2018/1,False,True,False,no,2014,2,chilean,5,,1,2013,low,low,medium,high,medium,high,,0,2,13,114,94
FING-682,DB Workshop (pass),2018/1,False,True,False,no,2014,2,chilean,5,,1,2013,low,low,medium,high,medium,high,,0,2,13,114,94
FING-682,Inf Adm & Manag (pass),2018/1,False,True,False,no,2014,2,chilean,5,,1,2013,low,low,medium,high,medium,high,,0,2,13,114,94
FING-682,SoftEng Technq (pass),2018/1,False,True,False,no,2014,2,chilean,5,,1,2013,low,low,medium,high,medium,high,,0,2,13,114,94
FING-682,Elective (pass),2018/1,False,True,False,no,2014,2,chilean,5,,1,2013,low,low,medium,high,medium,high,,0,2,13,114,94
FING-682,Inf & Soc (pass),2018/1,False,True,False,no,2014,2,chilean,5,,1,2013,low,low,medium,high,medium,high,,0,2,13,114,94
FING-682,Elective (pass),2018/2,False,True,False,no,2014,2,chilean,5,,1,2013,low,low,medium,high,medium,high,,0,2,13,114,94
FING-682,Op Sys (pass),2018/2,False,True,False,no,2014,2,chilean,5,,1,2013,low,low,medium,high,medium,high,,0,2,13,114,94
FING-682,Elective (pass),2018/2,False,True,False,no,2014,2,chilean,5,,1,2013,low,low,medium,high,medium,high,,0,2,13,114,94
FING-682,Seminar (pass),2018/2,False,True,False,no,2014,2,chilean,5,,1,2013,low,low,medium,high,medium,high,,0,2,13,114,94
FING-682,Comp Net (pass),2018/2,False,True,False,no,2014,2,chilean,5,,1,2013,low,low,medium,high,medium,high,,0,2,13,114,94
FING-682,SoftEng Proj (pass),2019/1,False,True,False,no,2014,2,chilean,5,,1,2013,low,low,medium,high,medium,high,,0,2,13,114,94
FING-682,Deg Work (pass),2019/2,False,True,False,no,2014,2,chilean,5,,1,2013,low,low,medium,high,medium,high,,0,2,13,114,94
FING-684,Alg 1 (pass),2014/1,False,True,False,no,2014,2,chilean,2,,1,2012,low,low,medium,high,,high,,0,3,13,114,99
FING-684,Std Methods (pass),2014/1,False,True,False,no,2014,2,chilean,2,,1,2012,low,low,medium,high,,high,,0,3,13,114,99
FING-684,Cal 1 (fail),2014/1,False,True,False,no,2014,2,chilean,2,,1,2012,low,low,medium,high,,high,,0,3,13,114,99
FING-684,Phy 1 (fail),2014/1,False,True,False,no,2014,2,chilean,2,,1,2012,low,low,medium,high,,high,,0,3,13,114,99
FING-684,Intro Eng (pass),2014/1,False,True,False,no,2014,2,chilean,2,,1,2012,low,low,medium,high,,high,,0,3,13,114,99
FING-684,IPD Workshop (pass),2014/1,False,True,False,no,2014,2,chilean,2,,1,2012,low,low,medium,high,,high,,0,3,13,114,99
FING-684,Phy 1 (pass),2014/2,False,True,False,no,2014,2,chilean,2,,1,2012,low,low,medium,high,,high,,0,3,13,114,99
FING-684,Fund Progr (pass),2014/2,False,True,False,no,2014,2,chilean,2,,1,2012,low,low,medium,high,,high,,0,3,13,114,99
FING-684,Alg 2 (fail),2014/2,False,True,False,no,2014,2,chilean,2,,1,2012,low,low,medium,high,,high,,0,3,13,114,99
FING-684,Chemistry (pass),2014/2,False,True,False,no,2014,2,chilean,2,,1,2012,low,low,medium,high,,high,,0,3,13,114,99
FING-684,Cal 1 (pass),2014/2,False,True,False,no,2014,2,chilean,2,,1,2012,low,low,medium,high,,high,,0,3,13,114,99
FING-684,Eff Comm (pass),2014/2,False,True,False,no,2014,2,chilean,2,,1,2012,low,low,medium,high,,high,,0,3,13,114,99
FING-684,Eng 1 (pass),2015/1,False,True,False,no,2014,2,chilean,2,,1,2012,low,low,medium,high,,high,,0,3,13,114,99
FING-684,Cal 2 (pass),2015/1,False,True,False,no,2014,2,chilean,2,,1,2012,low,low,medium,high,,high,,0,3,13,114,99
FING-684,Alg 2 (pass),2015/1,False,True,False,no,2014,2,chilean,2,,1,2012,low,low,medium,high,,high,,0,3,13,114,99
FING-684,Stat Analys (fail),2015/2,False,True,False,no,2014,2,chilean,2,,1,2012,low,low,medium,high,,high,,0,3,13,114,99
FING-684,Phy 2 (pass),2015/2,False,True,False,no,2014,2,chilean,2,,1,2012,low,low,medium,high,,high,,0,3,13,114,99
FING-684,Eng 2 (pass),2015/2,False,True,False,no,2014,2,chilean,2,,1,2012,low,low,medium,high,,high,,0,3,13,114,99
FING-684,Diff Ec & Num Meth (pass),2015/2,False,True,False,no,2014,2,chilean,2,,1,2012,low,low,medium,high,,high,,0,3,13,114,99
FING-684,Progr Methd (pass),2016/1,False,True,False,no,2014,2,chilean,2,,1,2012,low,low,medium,high,,high,,0,3,13,114,99
FING-684,Eng 3 (fail),2016/1,False,True,False,no,2014,2,chilean,2,,1,2012,low,low,medium,high,,high,,0,3,13,114,99
FING-684,Stat Analys (fail),2016/1,False,True,False,no,2014,2,chilean,2,,1,2012,low,low,medium,high,,high,,0,3,13,114,99
FING-684,Fund Econ (fail),2016/1,False,True,False,no,2014,2,chilean,2,,1,2012,low,low,medium,high,,high,,0,3,13,114,99
FING-684,Elect & Mag (fail),2016/1,False,True,False,no,2014,2,chilean,2,,1,2012,low,low,medium,high,,high,,0,3,13,114,99
FING-684,Fund Econ (pass),2017/1,False,True,False,no,2014,2,chilean,2,,1,2012,low,low,medium,high,,high,,0,3,13,114,99
FING-684,Eng 3 (pass),2017/1,False,True,False,no,2014,2,chilean,2,,1,2012,low,low,medium,high,,high,,0,3,13,114,99
FING-684,Stat Analys (pass),2017/1,False,True,False,no,2014,2,chilean,2,,1,2012,low,low,medium,high,,high,,0,3,13,114,99
FING-684,Elect & Mag (pass),2017/1,False,True,False,no,2014,2,chilean,2,,1,2012,low,low,medium,high,,high,,0,3,13,114,99
FING-684,Progr Parad (fail),2017/2,False,True,False,no,2014,2,chilean,2,,1,2012,low,low,medium,high,,high,,0,3,13,114,99
FING-684,Comp Struc (pass),2017/2,False,True,False,no,2014,2,chilean,2,,1,2012,low,low,medium,high,,high,,0,3,13,114,99
FING-684,Algorithms (fail),2017/2,False,True,False,no,2014,2,chilean,2,,1,2012,low,low,medium,high,,high,,0,3,13,114,99
FING-684,Syst Eng (pass),2018/1,False,True,False,no,2014,2,chilean,2,,1,2012,low,low,medium,high,,high,,0,3,13,114,99
FING-684,Eng 4 (pass),2018/1,False,True,False,no,2014,2,chilean,2,,1,2012,low,low,medium,high,,high,,0,3,13,114,99
FING-684,Progr Parad (pass),2018/1,False,True,False,no,2014,2,chilean,2,,1,2012,low,low,medium,high,,high,,0,3,13,114,99
FING-684,Algorithms (pass),2018/1,False,True,False,no,2014,2,chilean,2,,1,2012,low,low,medium,high,,high,,0,3,13,114,99
FING-684,DB Design (pass),2018/2,False,True,False,no,2014,2,chilean,2,,1,2012,low,low,medium,high,,high,,0,3,13,114,99
FING-684,Comp Org (pass),2018/2,False,True,False,no,2014,2,chilean,2,,1,2012,low,low,medium,high,,high,,0,3,13,114,99
FING-684,Proj Eval&Manag (pass),2018/2,False,True,False,no,2014,2,chilean,2,,1,2012,low,low,medium,high,,high,,0,3,13,114,99
FING-684,SoftEng Fund (pass),2018/2,False,True,False,no,2014,2,chilean,2,,1,2012,low,low,medium,high,,high,,0,3,13,114,99
FING-684,Inf & Soc (pass),2018/2,False,True,False,no,2014,2,chilean,2,,1,2012,low,low,medium,high,,high,,0,3,13,114,99
FING-684,DB Workshop (pass),2019/1,False,True,False,no,2014,2,chilean,2,,1,2012,low,low,medium,high,,high,,0,3,13,114,99
FING-684,Inf Sys (pass),2019/1,False,True,False,no,2014,2,chilean,2,,1,2012,low,low,medium,high,,high,,0,3,13,114,99
FING-684,Comp Net (pass),2019/1,False,True,False,no,2014,2,chilean,2,,1,2012,low,low,medium,high,,high,,0,3,13,114,99
FING-684,SoftEng Technq (pass),2019/1,False,True,False,no,2014,2,chilean,2,,1,2012,low,low,medium,high,,high,,0,3,13,114,99
FING-684,Inf Adm & Manag (pass),2019/1,False,True,False,no,2014,2,chilean,2,,1,2012,low,low,medium,high,,high,,0,3,13,114,99
FING-684,Seminar (pass),2019/2,False,True,False,no,2014,2,chilean,2,,1,2012,low,low,medium,high,,high,,0,3,13,114,99
FING-684,Op Sys (pass),2019/2,False,True,False,no,2014,2,chilean,2,,1,2012,low,low,medium,high,,high,,0,3,13,114,99
FING-684,SoftEng Proj (pass),2019/2,False,True,False,no,2014,2,chilean,2,,1,2012,low,low,medium,high,,high,,0,3,13,114,99
FING-684,Elective (pass),2019/2,False,True,False,no,2014,2,chilean,2,,1,2012,low,low,medium,high,,high,,0,3,13,114,99
FING-684,Deg Work (pass),2020/1,False,True,False,no,2014,2,chilean,2,,1,2012,low,low,medium,high,,high,,0,3,13,114,99
FING-684,Elective (pass),2020/1,False,True,False,no,2014,2,chilean,2,,1,2012,low,low,medium,high,,high,,0,3,13,114,99
FING-684,Elective (pass),2020/1,False,True,False,no,2014,2,chilean,2,,1,2012,low,low,medium,high,,high,,0,3,13,114,99
FING-685,Alg 1 (pass),2014/1,False,True,False,no,2014,1,chilean,1,academic excellence,2,2013,high,high,medium,medium,,low,,0,3,13,114,71
FING-685,Std Methods (pass),2014/1,False,True,False,no,2014,1,chilean,1,academic excellence,2,2013,high,high,medium,medium,,low,,0,3,13,114,71
FING-685,Cal 1 (pass),2014/1,False,True,False,no,2014,1,chilean,1,academic excellence,2,2013,high,high,medium,medium,,low,,0,3,13,114,71
FING-685,IPD Workshop (pass),2014/1,False,True,False,no,2014,1,chilean,1,academic excellence,2,2013,high,high,medium,medium,,low,,0,3,13,114,71
FING-685,Phy 1 (pass),2014/1,False,True,False,no,2014,1,chilean,1,academic excellence,2,2013,high,high,medium,medium,,low,,0,3,13,114,71
FING-685,Intro Eng (pass),2014/1,False,True,False,no,2014,1,chilean,1,academic excellence,2,2013,high,high,medium,medium,,low,,0,3,13,114,71
FING-685,Fund Progr (pass),2014/2,False,True,False,no,2014,1,chilean,1,academic excellence,2,2013,high,high,medium,medium,,low,,0,3,13,114,71
FING-685,Alg 2 (pass),2014/2,False,True,False,no,2014,1,chilean,1,academic excellence,2,2013,high,high,medium,medium,,low,,0,3,13,114,71
FING-685,Chemistry (pass),2014/2,False,True,False,no,2014,1,chilean,1,academic excellence,2,2013,high,high,medium,medium,,low,,0,3,13,114,71
FING-685,Phy 2 (pass),2014/2,False,True,False,no,2014,1,chilean,1,academic excellence,2,2013,high,high,medium,medium,,low,,0,3,13,114,71
FING-685,Cal 2 (pass),2014/2,False,True,False,no,2014,1,chilean,1,academic excellence,2,2013,high,high,medium,medium,,low,,0,3,13,114,71
FING-685,Eff Comm (pass),2015/1,False,True,False,no,2014,1,chilean,1,academic excellence,2,2013,high,high,medium,medium,,low,,0,3,13,114,71
FING-685,Progr Methd (fail),2015/1,False,True,False,no,2014,1,chilean,1,academic excellence,2,2013,high,high,medium,medium,,low,,0,3,13,114,71
FING-685,Eng 1 (pass),2015/1,False,True,False,no,2014,1,chilean,1,academic excellence,2,2013,high,high,medium,medium,,low,,0,3,13,114,71
FING-685,Fund Econ (fail),2015/2,False,True,False,no,2014,1,chilean,1,academic excellence,2,2013,high,high,medium,medium,,low,,0,3,13,114,71
FING-685,Progr Methd (pass),2015/2,False,True,False,no,2014,1,chilean,1,academic excellence,2,2013,high,high,medium,medium,,low,,0,3,13,114,71
FING-685,Elect & Mag (fail),2015/2,False,True,False,no,2014,1,chilean,1,academic excellence,2,2013,high,high,medium,medium,,low,,0,3,13,114,71
FING-685,Eng 2 (pass),2015/2,False,True,False,no,2014,1,chilean,1,academic excellence,2,2013,high,high,medium,medium,,low,,0,3,13,114,71
FING-685,Stat Analys (fail),2015/2,False,True,False,no,2014,1,chilean,1,academic excellence,2,2013,high,high,medium,medium,,low,,0,3,13,114,71
FING-685,Fund Econ (pass),2016/1,False,True,False,no,2014,1,chilean,1,academic excellence,2,2013,high,high,medium,medium,,low,,0,3,13,114,71
FING-685,Eng 3 (pass),2016/1,False,True,False,no,2014,1,chilean,1,academic excellence,2,2013,high,high,medium,medium,,low,,0,3,13,114,71
FING-685,Stat Analys (pass),2016/1,False,True,False,no,2014,1,chilean,1,academic excellence,2,2013,high,high,medium,medium,,low,,0,3,13,114,71
FING-685,Elect & Mag (pass),2016/1,False,True,False,no,2014,1,chilean,1,academic excellence,2,2013,high,high,medium,medium,,low,,0,3,13,114,71
FING-685,Comp Struc (fail),2016/2,False,True,False,no,2014,1,chilean,1,academic excellence,2,2013,high,high,medium,medium,,low,,0,3,13,114,71
FING-685,Inf & Soc (pass),2016/2,False,True,False,no,2014,1,chilean,1,academic excellence,2,2013,high,high,medium,medium,,low,,0,3,13,114,71
FING-685,Diff Ec & Num Meth (pass),2016/2,False,True,False,no,2014,1,chilean,1,academic excellence,2,2013,high,high,medium,medium,,low,,0,3,13,114,71
FING-685,Algorithms (pass),2017/1,False,True,False,no,2014,1,chilean,1,academic excellence,2,2013,high,high,medium,medium,,low,,0,3,13,114,71
FING-685,Comp Struc (pass),2017/1,False,True,False,no,2014,1,chilean,1,academic excellence,2,2013,high,high,medium,medium,,low,,0,3,13,114,71
FING-685,Progr Parad (fail),2017/1,False,True,False,no,2014,1,chilean,1,academic excellence,2,2013,high,high,medium,medium,,low,,0,3,13,114,71
FING-685,Syst Eng (pass),2017/1,False,True,False,no,2014,1,chilean,1,academic excellence,2,2013,high,high,medium,medium,,low,,0,3,13,114,71
FING-685,Comp Org (pass),2017/2,False,True,False,no,2014,1,chilean,1,academic excellence,2,2013,high,high,medium,medium,,low,,0,3,13,114,71
FING-685,Progr Parad (pass),2017/2,False,True,False,no,2014,1,chilean,1,academic excellence,2,2013,high,high,medium,medium,,low,,0,3,13,114,71
FING-685,Inf Sys (pass),2017/2,False,True,False,no,2014,1,chilean,1,academic excellence,2,2013,high,high,medium,medium,,low,,0,3,13,114,71
FING-685,Eng 4 (pass),2018/1,False,True,False,no,2014,1,chilean,1,academic excellence,2,2013,high,high,medium,medium,,low,,0,3,13,114,71
FING-685,Op Sys (fail),2018/1,False,True,False,no,2014,1,chilean,1,academic excellence,2,2013,high,high,medium,medium,,low,,0,3,13,114,71
FING-685,DB Design (pass),2018/1,False,True,False,no,2014,1,chilean,1,academic excellence,2,2013,high,high,medium,medium,,low,,0,3,13,114,71
FING-685,SoftEng Fund (pass),2018/1,False,True,False,no,2014,1,chilean,1,academic excellence,2,2013,high,high,medium,medium,,low,,0,3,13,114,71
FING-685,Proj Eval&Manag (pass),2018/1,False,True,False,no,2014,1,chilean,1,academic excellence,2,2013,high,high,medium,medium,,low,,0,3,13,114,71
FING-685,DB Workshop (pass),2018/2,False,True,False,no,2014,1,chilean,1,academic excellence,2,2013,high,high,medium,medium,,low,,0,3,13,114,71
FING-685,Inf Adm & Manag (pass),2018/2,False,True,False,no,2014,1,chilean,1,academic excellence,2,2013,high,high,medium,medium,,low,,0,3,13,114,71
FING-685,SoftEng Technq (pass),2018/2,False,True,False,no,2014,1,chilean,1,academic excellence,2,2013,high,high,medium,medium,,low,,0,3,13,114,71
FING-685,Comp Net (pass),2018/2,False,True,False,no,2014,1,chilean,1,academic excellence,2,2013,high,high,medium,medium,,low,,0,3,13,114,71
FING-685,Op Sys (pass),2018/2,False,True,False,no,2014,1,chilean,1,academic excellence,2,2013,high,high,medium,medium,,low,,0,3,13,114,71
FING-685,SoftEng Proj (pass),2019/1,False,True,False,no,2014,1,chilean,1,academic excellence,2,2013,high,high,medium,medium,,low,,0,3,13,114,71
FING-685,Elective (pass),2019/1,False,True,False,no,2014,1,chilean,1,academic excellence,2,2013,high,high,medium,medium,,low,,0,3,13,114,71
FING-685,Elective (pass),2019/1,False,True,False,no,2014,1,chilean,1,academic excellence,2,2013,high,high,medium,medium,,low,,0,3,13,114,71
FING-685,Elective (pass),2019/1,False,True,False,no,2014,1,chilean,1,academic excellence,2,2013,high,high,medium,medium,,low,,0,3,13,114,71
FING-685,Seminar (pass),2019/1,False,True,False,no,2014,1,chilean,1,academic excellence,2,2013,high,high,medium,medium,,low,,0,3,13,114,71
FING-685,Deg Work (pass),2019/2,False,True,False,no,2014,1,chilean,1,academic excellence,2,2013,high,high,medium,medium,,low,,0,3,13,114,71
FING-686,Alg 1 (pass),2014/1,False,True,False,no,2014,2,chilean,1,,1,2013,medium,medium,medium,medium,medium,low,,0,3,13,114,76
FING-686,Std Methods (pass),2014/1,False,True,False,no,2014,2,chilean,1,,1,2013,medium,medium,medium,medium,medium,low,,0,3,13,114,76
FING-686,Cal 1 (fail),2014/1,False,True,False,no,2014,2,chilean,1,,1,2013,medium,medium,medium,medium,medium,low,,0,3,13,114,76
FING-686,IPD Workshop (pass),2014/1,False,True,False,no,2014,2,chilean,1,,1,2013,medium,medium,medium,medium,medium,low,,0,3,13,114,76
FING-686,Phy 1 (pass),2014/1,False,True,False,no,2014,2,chilean,1,,1,2013,medium,medium,medium,medium,medium,low,,0,3,13,114,76
FING-686,Intro Eng (pass),2014/1,False,True,False,no,2014,2,chilean,1,,1,2013,medium,medium,medium,medium,medium,low,,0,3,13,114,76
FING-686,Fund Progr (pass),2014/2,False,True,False,no,2014,2,chilean,1,,1,2013,medium,medium,medium,medium,medium,low,,0,3,13,114,76
FING-686,Alg 2 (pass),2014/2,False,True,False,no,2014,2,chilean,1,,1,2013,medium,medium,medium,medium,medium,low,,0,3,13,114,76
FING-686,Chemistry (pass),2014/2,False,True,False,no,2014,2,chilean,1,,1,2013,medium,medium,medium,medium,medium,low,,0,3,13,114,76
FING-686,Phy 2 (pass),2014/2,False,True,False,no,2014,2,chilean,1,,1,2013,medium,medium,medium,medium,medium,low,,0,3,13,114,76
FING-686,Cal 1 (pass),2014/2,False,True,False,no,2014,2,chilean,1,,1,2013,medium,medium,medium,medium,medium,low,,0,3,13,114,76
FING-686,Eff Comm (pass),2015/1,False,True,False,no,2014,2,chilean,1,,1,2013,medium,medium,medium,medium,medium,low,,0,3,13,114,76
FING-686,Eng 1 (pass),2015/1,False,True,False,no,2014,2,chilean,1,,1,2013,medium,medium,medium,medium,medium,low,,0,3,13,114,76
FING-686,Cal 2 (pass),2015/1,False,True,False,no,2014,2,chilean,1,,1,2013,medium,medium,medium,medium,medium,low,,0,3,13,114,76
FING-686,Eng 2 (pass),2015/2,False,True,False,no,2014,2,chilean,1,,1,2013,medium,medium,medium,medium,medium,low,,0,3,13,114,76
FING-686,Fund Econ (pass),2015/2,False,True,False,no,2014,2,chilean,1,,1,2013,medium,medium,medium,medium,medium,low,,0,3,13,114,76
FING-686,Progr Methd (pass),2015/2,False,True,False,no,2014,2,chilean,1,,1,2013,medium,medium,medium,medium,medium,low,,0,3,13,114,76
FING-686,Elect & Mag (pass),2015/2,False,True,False,no,2014,2,chilean,1,,1,2013,medium,medium,medium,medium,medium,low,,0,3,13,114,76
FING-686,Stat Analys (pass),2015/2,False,True,False,no,2014,2,chilean,1,,1,2013,medium,medium,medium,medium,medium,low,,0,3,13,114,76
FING-686,Syst Eng (pass),2016/1,False,True,False,no,2014,2,chilean,1,,1,2013,medium,medium,medium,medium,medium,low,,0,3,13,114,76
FING-686,Eng 3 (pass),2016/1,False,True,False,no,2014,2,chilean,1,,1,2013,medium,medium,medium,medium,medium,low,,0,3,13,114,76
FING-686,Diff Ec & Num Meth (pass),2016/1,False,True,False,no,2014,2,chilean,1,,1,2013,medium,medium,medium,medium,medium,low,,0,3,13,114,76
FING-686,Comp Struc (pass),2016/2,False,True,False,no,2014,2,chilean,1,,1,2013,medium,medium,medium,medium,medium,low,,0,3,13,114,76
FING-686,Progr Parad (pass),2016/2,False,True,False,no,2014,2,chilean,1,,1,2013,medium,medium,medium,medium,medium,low,,0,3,13,114,76
FING-686,Eng 4 (pass),2016/2,False,True,False,no,2014,2,chilean,1,,1,2013,medium,medium,medium,medium,medium,low,,0,3,13,114,76
FING-686,Algorithms (pass),2016/2,False,True,False,no,2014,2,chilean,1,,1,2013,medium,medium,medium,medium,medium,low,,0,3,13,114,76
FING-686,Inf Sys (pass),2016/2,False,True,False,no,2014,2,chilean,1,,1,2013,medium,medium,medium,medium,medium,low,,0,3,13,114,76
FING-686,SoftEng Fund (pass),2017/1,False,True,False,no,2014,2,chilean,1,,1,2013,medium,medium,medium,medium,medium,low,,0,3,13,114,76
FING-686,Proj Eval&Manag (pass),2017/1,False,True,False,no,2014,2,chilean,1,,1,2013,medium,medium,medium,medium,medium,low,,0,3,13,114,76
FING-686,Comp Org (pass),2017/1,False,True,False,no,2014,2,chilean,1,,1,2013,medium,medium,medium,medium,medium,low,,0,3,13,114,76
FING-686,DB Design (pass),2017/1,False,True,False,no,2014,2,chilean,1,,1,2013,medium,medium,medium,medium,medium,low,,0,3,13,114,76
FING-686,Inf & Soc (pass),2017/1,False,True,False,no,2014,2,chilean,1,,1,2013,medium,medium,medium,medium,medium,low,,0,3,13,114,76
FING-686,Inf Adm & Manag (pass),2017/2,False,True,False,no,2014,2,chilean,1,,1,2013,medium,medium,medium,medium,medium,low,,0,3,13,114,76
FING-686,SoftEng Technq (pass),2017/2,False,True,False,no,2014,2,chilean,1,,1,2013,medium,medium,medium,medium,medium,low,,0,3,13,114,76
FING-686,Op Sys (pass),2017/2,False,True,False,no,2014,2,chilean,1,,1,2013,medium,medium,medium,medium,medium,low,,0,3,13,114,76
FING-686,DB Workshop (pass),2017/2,False,True,False,no,2014,2,chilean,1,,1,2013,medium,medium,medium,medium,medium,low,,0,3,13,114,76
FING-686,Elective (pass),2018/1,False,True,False,no,2014,2,chilean,1,,1,2013,medium,medium,medium,medium,medium,low,,0,3,13,114,76
FING-686,Comp Net (pass),2018/1,False,True,False,no,2014,2,chilean,1,,1,2013,medium,medium,medium,medium,medium,low,,0,3,13,114,76
FING-686,SoftEng Proj (pass),2018/1,False,True,False,no,2014,2,chilean,1,,1,2013,medium,medium,medium,medium,medium,low,,0,3,13,114,76
FING-686,Elective (pass),2018/2,False,True,False,no,2014,2,chilean,1,,1,2013,medium,medium,medium,medium,medium,low,,0,3,13,114,76
FING-686,Seminar (pass),2018/2,False,True,False,no,2014,2,chilean,1,,1,2013,medium,medium,medium,medium,medium,low,,0,3,13,114,76
FING-686,Elective (pass),2018/2,False,True,False,no,2014,2,chilean,1,,1,2013,medium,medium,medium,medium,medium,low,,0,3,13,114,76
FING-686,Deg Work (pass),2019/2,False,True,False,no,2014,2,chilean,1,,1,2013,medium,medium,medium,medium,medium,low,,0,3,13,114,76
FING-690,Alg 1 (pass),2014/1,False,True,False,no,2014,2,,,,,,,,,,,,,,,,,
FING-690,Std Methods (pass),2014/1,False,True,False,no,2014,2,,,,,,,,,,,,,,,,,
FING-690,Cal 1 (fail),2014/1,False,True,False,no,2014,2,,,,,,,,,,,,,,,,,
FING-690,IPD Workshop (pass),2014/1,False,True,False,no,2014,2,,,,,,,,,,,,,,,,,
FING-690,Phy 1 (pass),2014/1,False,True,False,no,2014,2,,,,,,,,,,,,,,,,,
FING-690,Intro Eng (pass),2014/1,False,True,False,no,2014,2,,,,,,,,,,,,,,,,,
FING-690,Fund Progr (pass),2014/2,False,True,False,no,2014,2,,,,,,,,,,,,,,,,,
FING-690,Alg 2 (pass),2014/2,False,True,False,no,2014,2,,,,,,,,,,,,,,,,,
FING-690,Chemistry (pass),2014/2,False,True,False,no,2014,2,,,,,,,,,,,,,,,,,
FING-690,Phy 2 (pass),2014/2,False,True,False,no,2014,2,,,,,,,,,,,,,,,,,
FING-690,Cal 1 (pass),2014/2,False,True,False,no,2014,2,,,,,,,,,,,,,,,,,
FING-690,Eff Comm (pass),2015/1,False,True,False,no,2014,2,,,,,,,,,,,,,,,,,
FING-690,Progr Methd (pass),2015/1,False,True,False,no,2014,2,,,,,,,,,,,,,,,,,
FING-690,Eng 1 (pass),2015/1,False,True,False,no,2014,2,,,,,,,,,,,,,,,,,
FING-690,Cal 2 (pass),2015/1,False,True,False,no,2014,2,,,,,,,,,,,,,,,,,
FING-690,Fund Econ (fail),2015/2,False,True,False,no,2014,2,,,,,,,,,,,,,,,,,
FING-690,Stat Analys (pass),2015/2,False,True,False,no,2014,2,,,,,,,,,,,,,,,,,
FING-690,Diff Ec & Num Meth (pass),2015/2,False,True,False,no,2014,2,,,,,,,,,,,,,,,,,
FING-690,Elect & Mag (pass),2015/2,False,True,False,no,2014,2,,,,,,,,,,,,,,,,,
FING-690,Eng 2 (pass),2015/2,False,True,False,no,2014,2,,,,,,,,,,,,,,,,,
FING-690,Syst Eng (fail),2016/1,False,True,False,no,2014,2,,,,,,,,,,,,,,,,,
FING-690,Progr Parad (pass),2016/1,False,True,False,no,2014,2,,,,,,,,,,,,,,,,,
FING-690,Comp Struc (fail),2016/1,False,True,False,no,2014,2,,,,,,,,,,,,,,,,,
FING-690,Eng 3 (pass),2016/1,False,True,False,no,2014,2,,,,,,,,,,,,,,,,,
FING-690,Fund Econ (pass),2016/1,False,True,False,no,2014,2,,,,,,,,,,,,,,,,,
FING-690,Comp Struc (pass),2016/2,False,True,False,no,2014,2,,,,,,,,,,,,,,,,,
FING-690,DB Design (pass),2016/2,False,True,False,no,2014,2,,,,,,,,,,,,,,,,,
FING-690,Proj Eval&Manag (pass),2016/2,False,True,False,no,2014,2,,,,,,,,,,,,,,,,,
FING-690,Algorithms (pass),2016/2,False,True,False,no,2014,2,,,,,,,,,,,,,,,,,
FING-690,SoftEng Fund (pass),2016/2,False,True,False,no,2014,2,,,,,,,,,,,,,,,,,
FING-690,Elective (pass),2017/1,False,True,False,no,2014,2,,,,,,,,,,,,,,,,,
FING-690,Comp Org (pass),2017/1,False,True,False,no,2014,2,,,,,,,,,,,,,,,,,
FING-690,SoftEng Technq (pass),2017/1,False,True,False,no,2014,2,,,,,,,,,,,,,,,,,
FING-690,Eng 4 (pass),2017/1,False,True,False,no,2014,2,,,,,,,,,,,,,,,,,
FING-690,Syst Eng (pass),2017/1,False,True,False,no,2014,2,,,,,,,,,,,,,,,,,
FING-690,Inf Adm & Manag (pass),2017/2,False,True,False,no,2014,2,,,,,,,,,,,,,,,,,
FING-690,Op Sys (fail),2017/2,False,True,False,no,2014,2,,,,,,,,,,,,,,,,,
FING-690,DB Workshop (pass),2017/2,False,True,False,no,2014,2,,,,,,,,,,,,,,,,,
FING-690,Inf & Soc (pass),2017/2,False,True,False,no,2014,2,,,,,,,,,,,,,,,,,
FING-690,Inf Sys (pass),2017/2,False,True,False,no,2014,2,,,,,,,,,,,,,,,,,
FING-690,Comp Net (pass),2017/2,False,True,False,no,2014,2,,,,,,,,,,,,,,,,,
FING-690,Op Sys (pass),2018/1,False,True,False,no,2014,2,,,,,,,,,,,,,,,,,
FING-690,Elective (pass),2018/1,False,True,False,no,2014,2,,,,,,,,,,,,,,,,,
FING-690,Seminar (pass),2018/1,False,True,False,no,2014,2,,,,,,,,,,,,,,,,,
FING-690,Elective (pass),2018/1,False,True,False,no,2014,2,,,,,,,,,,,,,,,,,
FING-690,SoftEng Proj (pass),2018/2,False,True,False,no,2014,2,,,,,,,,,,,,,,,,,
FING-690,Deg Work (pass),2019/1,False,True,False,no,2014,2,,,,,,,,,,,,,,,,,
FING-691,Alg 1 (pass),2014/1,False,True,False,no,2014,2,chilean,2,,2,2013,low,low,medium,medium,,medium,,0,2,13,114,67
FING-691,Cal 1 (pass),2014/1,False,True,False,no,2014,2,chilean,2,,2,2013,low,low,medium,medium,,medium,,0,2,13,114,67
FING-691,IPD Workshop (pass),2014/1,False,True,False,no,2014,2,chilean,2,,2,2013,low,low,medium,medium,,medium,,0,2,13,114,67
FING-691,Std Methods (pass),2014/1,False,True,False,no,2014,2,chilean,2,,2,2013,low,low,medium,medium,,medium,,0,2,13,114,67
FING-691,Phy 1 (pass),2014/1,False,True,False,no,2014,2,chilean,2,,2,2013,low,low,medium,medium,,medium,,0,2,13,114,67
FING-691,Intro Eng (pass),2014/1,False,True,False,no,2014,2,chilean,2,,2,2013,low,low,medium,medium,,medium,,0,2,13,114,67
FING-691,Eng 1 (pass),2014/2,False,True,False,no,2014,2,chilean,2,,2,2013,low,low,medium,medium,,medium,,0,2,13,114,67
FING-691,Alg 2 (pass),2014/2,False,True,False,no,2014,2,chilean,2,,2,2013,low,low,medium,medium,,medium,,0,2,13,114,67
FING-691,Fund Progr (pass),2014/2,False,True,False,no,2014,2,chilean,2,,2,2013,low,low,medium,medium,,medium,,0,2,13,114,67
FING-691,Chemistry (fail),2014/2,False,True,False,no,2014,2,chilean,2,,2,2013,low,low,medium,medium,,medium,,0,2,13,114,67
FING-691,Phy 2 (fail),2014/2,False,True,False,no,2014,2,chilean,2,,2,2013,low,low,medium,medium,,medium,,0,2,13,114,67
FING-691,Cal 2 (pass),2014/2,False,True,False,no,2014,2,chilean,2,,2,2013,low,low,medium,medium,,medium,,0,2,13,114,67
FING-691,Phy 2 (pass),2015/1,False,True,False,no,2014,2,chilean,2,,2,2013,low,low,medium,medium,,medium,,0,2,13,114,67
FING-691,Eff Comm (pass),2015/1,False,True,False,no,2014,2,chilean,2,,2,2013,low,low,medium,medium,,medium,,0,2,13,114,67
FING-691,Eng 2 (pass),2015/1,False,True,False,no,2014,2,chilean,2,,2,2013,low,low,medium,medium,,medium,,0,2,13,114,67
FING-691,Chemistry (pass),2015/1,False,True,False,no,2014,2,chilean,2,,2,2013,low,low,medium,medium,,medium,,0,2,13,114,67
FING-691,Progr Methd (fail),2015/2,False,True,False,no,2014,2,chilean,2,,2,2013,low,low,medium,medium,,medium,,0,2,13,114,67
FING-691,Elect & Mag (fail),2015/2,False,True,False,no,2014,2,chilean,2,,2,2013,low,low,medium,medium,,medium,,0,2,13,114,67
FING-691,Eng 3 (pass),2015/2,False,True,False,no,2014,2,chilean,2,,2,2013,low,low,medium,medium,,medium,,0,2,13,114,67
FING-691,Stat Analys (fail),2015/2,False,True,False,no,2014,2,chilean,2,,2,2013,low,low,medium,medium,,medium,,0,2,13,114,67
FING-691,Diff Ec & Num Meth (fail),2015/2,False,True,False,no,2014,2,chilean,2,,2,2013,low,low,medium,medium,,medium,,0,2,13,114,67
FING-691,Progr Methd (pass),2016/1,False,True,False,no,2014,2,chilean,2,,2,2013,low,low,medium,medium,,medium,,0,2,13,114,67
FING-691,Eng 4 (pass),2016/1,False,True,False,no,2014,2,chilean,2,,2,2013,low,low,medium,medium,,medium,,0,2,13,114,67
FING-691,Stat Analys (pass),2016/1,False,True,False,no,2014,2,chilean,2,,2,2013,low,low,medium,medium,,medium,,0,2,13,114,67
FING-691,Elect & Mag (pass),2016/1,False,True,False,no,2014,2,chilean,2,,2,2013,low,low,medium,medium,,medium,,0,2,13,114,67
FING-691,Diff Ec & Num Meth (pass),2016/2,False,True,False,no,2014,2,chilean,2,,2,2013,low,low,medium,medium,,medium,,0,2,13,114,67
FING-691,Comp Struc (fail),2016/2,False,True,False,no,2014,2,chilean,2,,2,2013,low,low,medium,medium,,medium,,0,2,13,114,67
FING-691,Algorithms (pass),2016/2,False,True,False,no,2014,2,chilean,2,,2,2013,low,low,medium,medium,,medium,,0,2,13,114,67
FING-691,Syst Eng (pass),2016/2,False,True,False,no,2014,2,chilean,2,,2,2013,low,low,medium,medium,,medium,,0,2,13,114,67
FING-691,Fund Econ (pass),2016/2,False,True,False,no,2014,2,chilean,2,,2,2013,low,low,medium,medium,,medium,,0,2,13,114,67
FING-691,Proj Eval&Manag (fail),2017/1,False,True,False,no,2014,2,chilean,2,,2,2013,low,low,medium,medium,,medium,,0,2,13,114,67
FING-691,Inf Sys (pass),2017/1,False,True,False,no,2014,2,chilean,2,,2,2013,low,low,medium,medium,,medium,,0,2,13,114,67
FING-691,Progr Parad (fail),2017/1,False,True,False,no,2014,2,chilean,2,,2,2013,low,low,medium,medium,,medium,,0,2,13,114,67
FING-691,Comp Struc (pass),2017/1,False,True,False,no,2014,2,chilean,2,,2,2013,low,low,medium,medium,,medium,,0,2,13,114,67
FING-691,Inf & Soc (fail),2017/1,False,True,False,no,2014,2,chilean,2,,2,2013,low,low,medium,medium,,medium,,0,2,13,114,67
FING-691,SoftEng Fund (fail),2017/2,False,True,False,no,2014,2,chilean,2,,2,2013,low,low,medium,medium,,medium,,0,2,13,114,67
FING-691,Progr Parad (pass),2017/2,False,True,False,no,2014,2,chilean,2,,2,2013,low,low,medium,medium,,medium,,0,2,13,114,67
FING-691,Proj Eval&Manag (pass),2017/2,False,True,False,no,2014,2,chilean,2,,2,2013,low,low,medium,medium,,medium,,0,2,13,114,67
FING-691,Comp Org (fail),2017/2,False,True,False,no,2014,2,chilean,2,,2,2013,low,low,medium,medium,,medium,,0,2,13,114,67
FING-691,SoftEng Fund (pass),2018/1,False,True,False,no,2014,2,chilean,2,,2,2013,low,low,medium,medium,,medium,,0,2,13,114,67
FING-691,DB Design (pass),2018/1,False,True,False,no,2014,2,chilean,2,,2,2013,low,low,medium,medium,,medium,,0,2,13,114,67
FING-691,Inf & Soc (pass),2018/1,False,True,False,no,2014,2,chilean,2,,2,2013,low,low,medium,medium,,medium,,0,2,13,114,67
FING-691,Inf Adm & Manag (pass),2018/2,False,True,False,no,2014,2,chilean,2,,2,2013,low,low,medium,medium,,medium,,0,2,13,114,67
FING-691,SoftEng Technq (pass),2018/2,False,True,False,no,2014,2,chilean,2,,2,2013,low,low,medium,medium,,medium,,0,2,13,114,67
FING-691,Comp Org (fail),2018/2,False,True,False,no,2014,2,chilean,2,,2,2013,low,low,medium,medium,,medium,,0,2,13,114,67
FING-691,DB Workshop (fail),2018/2,False,True,False,no,2014,2,chilean,2,,2,2013,low,low,medium,medium,,medium,,0,2,13,114,67
FING-691,DB Workshop (pass),2019/1,False,True,False,no,2014,2,chilean,2,,2,2013,low,low,medium,medium,,medium,,0,2,13,114,67
FING-691,Op Sys (fail),2019/1,False,True,False,no,2014,2,chilean,2,,2,2013,low,low,medium,medium,,medium,,0,2,13,114,67
FING-691,Comp Net (pass),2019/1,False,True,False,no,2014,2,chilean,2,,2,2013,low,low,medium,medium,,medium,,0,2,13,114,67
FING-691,Comp Org (pass),2019/1,False,True,False,no,2014,2,chilean,2,,2,2013,low,low,medium,medium,,medium,,0,2,13,114,67
FING-691,Elective (pass),2019/2,False,True,False,no,2014,2,chilean,2,,2,2013,low,low,medium,medium,,medium,,0,2,13,114,67
FING-691,Elective (pass),2019/2,False,True,False,no,2014,2,chilean,2,,2,2013,low,low,medium,medium,,medium,,0,2,13,114,67
FING-691,Elective (pass),2019/2,False,True,False,no,2014,2,chilean,2,,2,2013,low,low,medium,medium,,medium,,0,2,13,114,67
FING-691,Seminar (pass),2019/2,False,True,False,no,2014,2,chilean,2,,2,2013,low,low,medium,medium,,medium,,0,2,13,114,67
FING-691,Op Sys (pass),2019/2,False,True,False,no,2014,2,chilean,2,,2,2013,low,low,medium,medium,,medium,,0,2,13,114,67
FING-691,SoftEng Proj (pass),2019/2,False,True,False,no,2014,2,chilean,2,,2,2013,low,low,medium,medium,,medium,,0,2,13,114,67
FING-691,Deg Work (pass),2022/1,False,True,False,no,2014,2,chilean,2,,2,2013,low,low,medium,medium,,medium,,0,2,13,114,67
FING-697,Alg 1 (pass),2014/1,False,True,False,no,2014,1,chilean,2,,1,2013,medium,low,medium,medium,,medium,,0,4,13,114,92
FING-697,Std Methods (pass),2014/1,False,True,False,no,2014,1,chilean,2,,1,2013,medium,low,medium,medium,,medium,,0,4,13,114,92
FING-697,Cal 1 (fail),2014/1,False,True,False,no,2014,1,chilean,2,,1,2013,medium,low,medium,medium,,medium,,0,4,13,114,92
FING-697,Phy 1 (pass),2014/1,False,True,False,no,2014,1,chilean,2,,1,2013,medium,low,medium,medium,,medium,,0,4,13,114,92
FING-697,Intro Eng (pass),2014/1,False,True,False,no,2014,1,chilean,2,,1,2013,medium,low,medium,medium,,medium,,0,4,13,114,92
FING-697,IPD Workshop (pass),2014/1,False,True,False,no,2014,1,chilean,2,,1,2013,medium,low,medium,medium,,medium,,0,4,13,114,92
FING-697,Alg 2 (pass),2014/2,False,True,False,no,2014,1,chilean,2,,1,2013,medium,low,medium,medium,,medium,,0,4,13,114,92
FING-697,Chemistry (pass),2014/2,False,True,False,no,2014,1,chilean,2,,1,2013,medium,low,medium,medium,,medium,,0,4,13,114,92
FING-697,Phy 2 (pass),2014/2,False,True,False,no,2014,1,chilean,2,,1,2013,medium,low,medium,medium,,medium,,0,4,13,114,92
FING-697,Cal 1 (pass),2014/2,False,True,False,no,2014,1,chilean,2,,1,2013,medium,low,medium,medium,,medium,,0,4,13,114,92
FING-697,Fund Progr (pass),2014/2,False,True,False,no,2014,1,chilean,2,,1,2013,medium,low,medium,medium,,medium,,0,4,13,114,92
FING-697,Eff Comm (pass),2015/1,False,True,False,no,2014,1,chilean,2,,1,2013,medium,low,medium,medium,,medium,,0,4,13,114,92
FING-697,Eng 1 (pass),2015/1,False,True,False,no,2014,1,chilean,2,,1,2013,medium,low,medium,medium,,medium,,0,4,13,114,92
FING-697,Progr Methd (pass),2015/1,False,True,False,no,2014,1,chilean,2,,1,2013,medium,low,medium,medium,,medium,,0,4,13,114,92
FING-697,Cal 2 (pass),2015/1,False,True,False,no,2014,1,chilean,2,,1,2013,medium,low,medium,medium,,medium,,0,4,13,114,92
FING-697,Fund Econ (pass),2015/2,False,True,False,no,2014,1,chilean,2,,1,2013,medium,low,medium,medium,,medium,,0,4,13,114,92
FING-697,Eng 2 (pass),2015/2,False,True,False,no,2014,1,chilean,2,,1,2013,medium,low,medium,medium,,medium,,0,4,13,114,92
FING-697,Diff Ec & Num Meth (pass),2015/2,False,True,False,no,2014,1,chilean,2,,1,2013,medium,low,medium,medium,,medium,,0,4,13,114,92
FING-697,Elect & Mag (fail),2015/2,False,True,False,no,2014,1,chilean,2,,1,2013,medium,low,medium,medium,,medium,,0,4,13,114,92
FING-697,Algorithms (fail),2016/1,False,True,False,no,2014,1,chilean,2,,1,2013,medium,low,medium,medium,,medium,,0,4,13,114,92
FING-697,Elect & Mag (pass),2016/1,False,True,False,no,2014,1,chilean,2,,1,2013,medium,low,medium,medium,,medium,,0,4,13,114,92
FING-697,Stat Analys (pass),2016/1,False,True,False,no,2014,1,chilean,2,,1,2013,medium,low,medium,medium,,medium,,0,4,13,114,92
FING-697,Eng 3 (pass),2016/1,False,True,False,no,2014,1,chilean,2,,1,2013,medium,low,medium,medium,,medium,,0,4,13,114,92
FING-697,Comp Struc (pass),2016/2,False,True,False,no,2014,1,chilean,2,,1,2013,medium,low,medium,medium,,medium,,0,4,13,114,92
FING-697,Syst Eng (pass),2016/2,False,True,False,no,2014,1,chilean,2,,1,2013,medium,low,medium,medium,,medium,,0,4,13,114,92
FING-697,Algorithms (pass),2016/2,False,True,False,no,2014,1,chilean,2,,1,2013,medium,low,medium,medium,,medium,,0,4,13,114,92
FING-697,Progr Parad (fail),2016/2,False,True,False,no,2014,1,chilean,2,,1,2013,medium,low,medium,medium,,medium,,0,4,13,114,92
FING-697,Eng 4 (pass),2016/2,False,True,False,no,2014,1,chilean,2,,1,2013,medium,low,medium,medium,,medium,,0,4,13,114,92
FING-697,Inf Sys (pass),2017/1,False,True,False,no,2014,1,chilean,2,,1,2013,medium,low,medium,medium,,medium,,0,4,13,114,92
FING-697,Progr Parad (pass),2017/1,False,True,False,no,2014,1,chilean,2,,1,2013,medium,low,medium,medium,,medium,,0,4,13,114,92
FING-697,Inf & Soc (pass),2017/1,False,True,False,no,2014,1,chilean,2,,1,2013,medium,low,medium,medium,,medium,,0,4,13,114,92
FING-697,SoftEng Fund (pass),2017/2,False,True,False,no,2014,1,chilean,2,,1,2013,medium,low,medium,medium,,medium,,0,4,13,114,92
FING-697,Proj Eval&Manag (pass),2017/2,False,True,False,no,2014,1,chilean,2,,1,2013,medium,low,medium,medium,,medium,,0,4,13,114,92
FING-697,DB Design (pass),2017/2,False,True,False,no,2014,1,chilean,2,,1,2013,medium,low,medium,medium,,medium,,0,4,13,114,92
FING-697,Comp Org (pass),2017/2,False,True,False,no,2014,1,chilean,2,,1,2013,medium,low,medium,medium,,medium,,0,4,13,114,92
FING-697,Op Sys (pass),2018/1,False,True,False,no,2014,1,chilean,2,,1,2013,medium,low,medium,medium,,medium,,0,4,13,114,92
FING-697,Comp Net (pass),2018/1,False,True,False,no,2014,1,chilean,2,,1,2013,medium,low,medium,medium,,medium,,0,4,13,114,92
FING-697,Inf Adm & Manag (pass),2018/1,False,True,False,no,2014,1,chilean,2,,1,2013,medium,low,medium,medium,,medium,,0,4,13,114,92
FING-697,SoftEng Technq (pass),2018/1,False,True,False,no,2014,1,chilean,2,,1,2013,medium,low,medium,medium,,medium,,0,4,13,114,92
FING-697,Elective (pass),2018/2,False,True,False,no,2014,1,chilean,2,,1,2013,medium,low,medium,medium,,medium,,0,4,13,114,92
FING-697,DB Workshop (pass),2018/2,False,True,False,no,2014,1,chilean,2,,1,2013,medium,low,medium,medium,,medium,,0,4,13,114,92
FING-697,Elective (pass),2018/2,False,True,False,no,2014,1,chilean,2,,1,2013,medium,low,medium,medium,,medium,,0,4,13,114,92
FING-697,Elective (pass),2019/1,False,True,False,no,2014,1,chilean,2,,1,2013,medium,low,medium,medium,,medium,,0,4,13,114,92
FING-697,SoftEng Proj (pass),2019/1,False,True,False,no,2014,1,chilean,2,,1,2013,medium,low,medium,medium,,medium,,0,4,13,114,92
FING-697,Seminar (pass),2019/1,False,True,False,no,2014,1,chilean,2,,1,2013,medium,low,medium,medium,,medium,,0,4,13,114,92
FING-697,Deg Work (pass),2019/2,False,True,False,no,2014,1,chilean,2,,1,2013,medium,low,medium,medium,,medium,,0,4,13,114,92
FING-7735,IPD Workshop (pass),2017/1,False,True,False,no,2017,2,,,,,,,,,,,,,,,,,
FING-7735,Std Methods (pass),2017/1,False,True,False,no,2017,2,,,,,,,,,,,,,,,,,
FING-7735,Alg 1 (pass),2017/1,False,True,False,no,2017,2,,,,,,,,,,,,,,,,,
FING-7735,Intro Eng (pass),2017/1,False,True,False,no,2017,2,,,,,,,,,,,,,,,,,
FING-7735,Cal 1 (pass),2017/1,False,True,False,no,2017,2,,,,,,,,,,,,,,,,,
FING-7735,Phy 1 (pass),2017/1,False,True,False,no,2017,2,,,,,,,,,,,,,,,,,
FING-7735,Cal 2 (fail),2017/2,False,True,False,no,2017,2,,,,,,,,,,,,,,,,,
FING-7735,Chemistry (fail),2017/2,False,True,False,no,2017,2,,,,,,,,,,,,,,,,,
FING-7735,Eng 1 (pass),2017/2,False,True,False,no,2017,2,,,,,,,,,,,,,,,,,
FING-7735,Fund Progr (pass),2017/2,False,True,False,no,2017,2,,,,,,,,,,,,,,,,,
FING-7735,Alg 2 (pass),2017/2,False,True,False,no,2017,2,,,,,,,,,,,,,,,,,
FING-7735,Phy 2 (fail),2017/2,False,True,False,no,2017,2,,,,,,,,,,,,,,,,,
FING-7735,Eff Comm (pass),2018/1,False,True,False,no,2017,2,,,,,,,,,,,,,,,,,
FING-7735,Phy 2 (pass),2018/1,False,True,False,no,2017,2,,,,,,,,,,,,,,,,,
FING-7735,Eng 2 (pass),2018/1,False,True,False,no,2017,2,,,,,,,,,,,,,,,,,
FING-7735,Cal 2 (pass),2018/1,False,True,False,no,2017,2,,,,,,,,,,,,,,,,,
FING-7735,Chemistry (fail),2018/2,False,True,False,no,2017,2,,,,,,,,,,,,,,,,,
FING-7735,Progr Methd (pass),2018/2,False,True,False,no,2017,2,,,,,,,,,,,,,,,,,
FING-7735,Elect & Mag (pass),2018/2,False,True,False,no,2017,2,,,,,,,,,,,,,,,,,
FING-7735,Stat Analys (fail),2018/2,False,True,False,no,2017,2,,,,,,,,,,,,,,,,,
FING-7735,Stat Analys (pass),2019/1,False,True,False,no,2017,2,,,,,,,,,,,,,,,,,
FING-7735,Diff Ec & Num Meth (pass),2019/1,False,True,False,no,2017,2,,,,,,,,,,,,,,,,,
FING-7735,Fund Econ (pass),2019/1,False,True,False,no,2017,2,,,,,,,,,,,,,,,,,
FING-7735,Eng 3 (pass),2019/1,False,True,False,no,2017,2,,,,,,,,,,,,,,,,,
FING-7735,Chemistry (pass),2019/1,False,True,False,no,2017,2,,,,,,,,,,,,,,,,,
FING-7735,Eng 4 (pass),2019/2,False,True,False,no,2017,2,,,,,,,,,,,,,,,,,
FING-7735,Progr Parad (pass),2019/2,False,True,False,no,2017,2,,,,,,,,,,,,,,,,,
FING-7735,Comp Struc (pass),2019/2,False,True,False,no,2017,2,,,,,,,,,,,,,,,,,
FING-7735,Algorithms (fail),2020/1,False,True,False,no,2017,2,,,,,,,,,,,,,,,,,
FING-7735,Comp Org (pass),2020/1,False,True,False,no,2017,2,,,,,,,,,,,,,,,,,
FING-7735,SoftEng Fund (pass),2020/1,False,True,False,no,2017,2,,,,,,,,,,,,,,,,,
FING-7735,Syst Eng (pass),2020/1,False,True,False,no,2017,2,,,,,,,,,,,,,,,,,
FING-7735,Inf & Soc (pass),2020/1,False,True,False,no,2017,2,,,,,,,,,,,,,,,,,
FING-7735,Algorithms (pass),2020/2,False,True,False,no,2017,2,,,,,,,,,,,,,,,,,
FING-7735,DB Design (pass),2020/2,False,True,False,no,2017,2,,,,,,,,,,,,,,,,,
FING-7735,Inf Sys (pass),2020/2,False,True,False,no,2017,2,,,,,,,,,,,,,,,,,
FING-7735,SoftEng Technq (pass),2020/2,False,True,False,no,2017,2,,,,,,,,,,,,,,,,,
FING-7735,Proj Eval&Manag (pass),2020/2,False,True,False,no,2017,2,,,,,,,,,,,,,,,,,
FING-7735,Op Sys (pass),2021/1,False,True,False,no,2017,2,,,,,,,,,,,,,,,,,
FING-7735,DB Workshop (pass),2021/1,False,True,False,no,2017,2,,,,,,,,,,,,,,,,,
FING-7735,Inf Adm & Manag (pass),2021/1,False,True,False,no,2017,2,,,,,,,,,,,,,,,,,
FING-7735,Comp Net (pass),2021/1,False,True,False,no,2017,2,,,,,,,,,,,,,,,,,
FING-7735,Seminar (pass),2021/2,False,True,False,no,2017,2,,,,,,,,,,,,,,,,,
FING-7735,Elective (pass),2021/2,False,True,False,no,2017,2,,,,,,,,,,,,,,,,,
FING-7735,SoftEng Proj (pass),2021/2,False,True,False,no,2017,2,,,,,,,,,,,,,,,,,
FING-7735,Elective (pass),2021/2,False,True,False,no,2017,2,,,,,,,,,,,,,,,,,
FING-7735,Elective (pass),2021/2,False,True,False,no,2017,2,,,,,,,,,,,,,,,,,
FING-7735,Deg Work (pass),2022/1,False,True,False,no,2017,2,,,,,,,,,,,,,,,,,
FING-7737,IPD Workshop (pass),2017/1,False,True,False,no,2017,2,chilean,1,,1,2016,high,high,medium,medium,low,medium,2,0,3,13,114,67
FING-7737,Std Methods (pass),2017/1,False,True,False,no,2017,2,chilean,1,,1,2016,high,high,medium,medium,low,medium,2,0,3,13,114,67
FING-7737,Intro Eng (pass),2017/1,False,True,False,no,2017,2,chilean,1,,1,2016,high,high,medium,medium,low,medium,2,0,3,13,114,67
FING-7737,Cal 1 (pass),2017/1,False,True,False,no,2017,2,chilean,1,,1,2016,high,high,medium,medium,low,medium,2,0,3,13,114,67
FING-7737,Alg 1 (pass),2017/1,False,True,False,no,2017,2,chilean,1,,1,2016,high,high,medium,medium,low,medium,2,0,3,13,114,67
FING-7737,Phy 1 (fail),2017/1,False,True,False,no,2017,2,chilean,1,,1,2016,high,high,medium,medium,low,medium,2,0,3,13,114,67
FING-7737,Cal 2 (pass),2017/2,False,True,False,no,2017,2,chilean,1,,1,2016,high,high,medium,medium,low,medium,2,0,3,13,114,67
FING-7737,Chemistry (pass),2017/2,False,True,False,no,2017,2,chilean,1,,1,2016,high,high,medium,medium,low,medium,2,0,3,13,114,67
FING-7737,Fund Progr (fail),2017/2,False,True,False,no,2017,2,chilean,1,,1,2016,high,high,medium,medium,low,medium,2,0,3,13,114,67
FING-7737,Alg 2 (pass),2017/2,False,True,False,no,2017,2,chilean,1,,1,2016,high,high,medium,medium,low,medium,2,0,3,13,114,67
FING-7737,Phy 1 (pass),2017/2,False,True,False,no,2017,2,chilean,1,,1,2016,high,high,medium,medium,low,medium,2,0,3,13,114,67
FING-7737,Eff Comm (pass),2018/1,False,True,False,no,2017,2,chilean,1,,1,2016,high,high,medium,medium,low,medium,2,0,3,13,114,67
FING-7737,Phy 2 (pass),2018/1,False,True,False,no,2017,2,chilean,1,,1,2016,high,high,medium,medium,low,medium,2,0,3,13,114,67
FING-7737,Fund Progr (pass),2018/1,False,True,False,no,2017,2,chilean,1,,1,2016,high,high,medium,medium,low,medium,2,0,3,13,114,67
FING-7737,Stat Analys (pass),2018/1,False,True,False,no,2017,2,chilean,1,,1,2016,high,high,medium,medium,low,medium,2,0,3,13,114,67
FING-7737,Eng 1 (pass),2018/1,False,True,False,no,2017,2,chilean,1,,1,2016,high,high,medium,medium,low,medium,2,0,3,13,114,67
FING-7737,Progr Methd (pass),2018/2,False,True,False,no,2017,2,chilean,1,,1,2016,high,high,medium,medium,low,medium,2,0,3,13,114,67
FING-7737,Elect & Mag (pass),2018/2,False,True,False,no,2017,2,chilean,1,,1,2016,high,high,medium,medium,low,medium,2,0,3,13,114,67
FING-7737,Eng 2 (pass),2018/2,False,True,False,no,2017,2,chilean,1,,1,2016,high,high,medium,medium,low,medium,2,0,3,13,114,67
FING-7737,Diff Ec & Num Meth (pass),2018/2,False,True,False,no,2017,2,chilean,1,,1,2016,high,high,medium,medium,low,medium,2,0,3,13,114,67
FING-7737,Fund Econ (pass),2018/2,False,True,False,no,2017,2,chilean,1,,1,2016,high,high,medium,medium,low,medium,2,0,3,13,114,67
FING-7737,Syst Eng (pass),2019/1,False,True,False,no,2017,2,chilean,1,,1,2016,high,high,medium,medium,low,medium,2,0,3,13,114,67
FING-7737,Comp Struc (pass),2019/1,False,True,False,no,2017,2,chilean,1,,1,2016,high,high,medium,medium,low,medium,2,0,3,13,114,67
FING-7737,Progr Parad (fail),2019/1,False,True,False,no,2017,2,chilean,1,,1,2016,high,high,medium,medium,low,medium,2,0,3,13,114,67
FING-7737,Eng 3 (pass),2019/1,False,True,False,no,2017,2,chilean,1,,1,2016,high,high,medium,medium,low,medium,2,0,3,13,114,67
FING-7737,Algorithms (pass),2019/1,False,True,False,no,2017,2,chilean,1,,1,2016,high,high,medium,medium,low,medium,2,0,3,13,114,67
FING-7737,Progr Parad (pass),2019/2,False,True,False,no,2017,2,chilean,1,,1,2016,high,high,medium,medium,low,medium,2,0,3,13,114,67
FING-7737,Proj Eval&Manag (pass),2019/2,False,True,False,no,2017,2,chilean,1,,1,2016,high,high,medium,medium,low,medium,2,0,3,13,114,67
FING-7737,Inf & Soc (pass),2019/2,False,True,False,no,2017,2,chilean,1,,1,2016,high,high,medium,medium,low,medium,2,0,3,13,114,67
FING-7737,Comp Org (pass),2019/2,False,True,False,no,2017,2,chilean,1,,1,2016,high,high,medium,medium,low,medium,2,0,3,13,114,67
FING-7737,Op Sys (pass),2020/1,False,True,False,no,2017,2,chilean,1,,1,2016,high,high,medium,medium,low,medium,2,0,3,13,114,67
FING-7737,Comp Net (pass),2020/1,False,True,False,no,2017,2,chilean,1,,1,2016,high,high,medium,medium,low,medium,2,0,3,13,114,67
FING-7737,DB Design (pass),2020/1,False,True,False,no,2017,2,chilean,1,,1,2016,high,high,medium,medium,low,medium,2,0,3,13,114,67
FING-7737,SoftEng Fund (pass),2020/1,False,True,False,no,2017,2,chilean,1,,1,2016,high,high,medium,medium,low,medium,2,0,3,13,114,67
FING-7737,Inf Sys (pass),2020/1,False,True,False,no,2017,2,chilean,1,,1,2016,high,high,medium,medium,low,medium,2,0,3,13,114,67
FING-7737,DB Workshop (pass),2020/2,False,True,False,no,2017,2,chilean,1,,1,2016,high,high,medium,medium,low,medium,2,0,3,13,114,67
FING-7737,Eng 4 (pass),2020/2,False,True,False,no,2017,2,chilean,1,,1,2016,high,high,medium,medium,low,medium,2,0,3,13,114,67
FING-7737,SoftEng Technq (pass),2020/2,False,True,False,no,2017,2,chilean,1,,1,2016,high,high,medium,medium,low,medium,2,0,3,13,114,67
FING-7737,Inf Adm & Manag (pass),2020/2,False,True,False,no,2017,2,chilean,1,,1,2016,high,high,medium,medium,low,medium,2,0,3,13,114,67
FING-7737,Seminar (pass),2021/1,False,True,False,no,2017,2,chilean,1,,1,2016,high,high,medium,medium,low,medium,2,0,3,13,114,67
FING-7737,SoftEng Proj (pass),2021/1,False,True,False,no,2017,2,chilean,1,,1,2016,high,high,medium,medium,low,medium,2,0,3,13,114,67
FING-7737,Elective (pass),2021/1,False,True,False,no,2017,2,chilean,1,,1,2016,high,high,medium,medium,low,medium,2,0,3,13,114,67
FING-7737,Elective (pass),2021/1,False,True,False,no,2017,2,chilean,1,,1,2016,high,high,medium,medium,low,medium,2,0,3,13,114,67
FING-7737,Elective (pass),2021/2,False,True,False,no,2017,2,chilean,1,,1,2016,high,high,medium,medium,low,medium,2,0,3,13,114,67
FING-7737,Deg Work (pass),2022/1,False,True,False,no,2017,2,chilean,1,,1,2016,high,high,medium,medium,low,medium,2,0,3,13,114,67
FING-7739,IPD Workshop (pass),2017/1,False,True,False,no,2017,2,chilean,1,academic excellence,1,2016,high,high,medium,medium,,medium,3,5,3,13,114,92
FING-7739,Std Methods (pass),2017/1,False,True,False,no,2017,2,chilean,1,academic excellence,1,2016,high,high,medium,medium,,medium,3,5,3,13,114,92
FING-7739,Alg 1 (fail),2017/1,False,True,False,no,2017,2,chilean,1,academic excellence,1,2016,high,high,medium,medium,,medium,3,5,3,13,114,92
FING-7739,Intro Eng (pass),2017/1,False,True,False,no,2017,2,chilean,1,academic excellence,1,2016,high,high,medium,medium,,medium,3,5,3,13,114,92
FING-7739,Cal 1 (pass),2017/1,False,True,False,no,2017,2,chilean,1,academic excellence,1,2016,high,high,medium,medium,,medium,3,5,3,13,114,92
FING-7739,Phy 1 (fail),2017/1,False,True,False,no,2017,2,chilean,1,academic excellence,1,2016,high,high,medium,medium,,medium,3,5,3,13,114,92
FING-7739,Chemistry (pass),2017/2,False,True,False,no,2017,2,chilean,1,academic excellence,1,2016,high,high,medium,medium,,medium,3,5,3,13,114,92
FING-7739,Eff Comm (pass),2017/2,False,True,False,no,2017,2,chilean,1,academic excellence,1,2016,high,high,medium,medium,,medium,3,5,3,13,114,92
FING-7739,Eng 1 (pass),2017/2,False,True,False,no,2017,2,chilean,1,academic excellence,1,2016,high,high,medium,medium,,medium,3,5,3,13,114,92
FING-7739,Phy 1 (pass),2017/2,False,True,False,no,2017,2,chilean,1,academic excellence,1,2016,high,high,medium,medium,,medium,3,5,3,13,114,92
FING-7739,Alg 1 (pass),2017/2,False,True,False,no,2017,2,chilean,1,academic excellence,1,2016,high,high,medium,medium,,medium,3,5,3,13,114,92
FING-7739,Cal 2 (fail),2017/2,False,True,False,no,2017,2,chilean,1,academic excellence,1,2016,high,high,medium,medium,,medium,3,5,3,13,114,92
FING-7739,Phy 2 (fail),2018/1,False,True,False,no,2017,2,chilean,1,academic excellence,1,2016,high,high,medium,medium,,medium,3,5,3,13,114,92
FING-7739,Fund Progr (pass),2018/1,False,True,False,no,2017,2,chilean,1,academic excellence,1,2016,high,high,medium,medium,,medium,3,5,3,13,114,92
FING-7739,Eng 2 (pass),2018/1,False,True,False,no,2017,2,chilean,1,academic excellence,1,2016,high,high,medium,medium,,medium,3,5,3,13,114,92
FING-7739,Cal 2 (pass),2018/1,False,True,False,no,2017,2,chilean,1,academic excellence,1,2016,high,high,medium,medium,,medium,3,5,3,13,114,92
FING-7739,Alg 2 (pass),2018/1,False,True,False,no,2017,2,chilean,1,academic excellence,1,2016,high,high,medium,medium,,medium,3,5,3,13,114,92
FING-7739,Progr Methd (pass),2018/2,False,True,False,no,2017,2,chilean,1,academic excellence,1,2016,high,high,medium,medium,,medium,3,5,3,13,114,92
FING-7739,Phy 2 (pass),2018/2,False,True,False,no,2017,2,chilean,1,academic excellence,1,2016,high,high,medium,medium,,medium,3,5,3,13,114,92
FING-7739,Stat Analys (pass),2018/2,False,True,False,no,2017,2,chilean,1,academic excellence,1,2016,high,high,medium,medium,,medium,3,5,3,13,114,92
FING-7739,Diff Ec & Num Meth (pass),2019/1,False,True,False,no,2017,2,chilean,1,academic excellence,1,2016,high,high,medium,medium,,medium,3,5,3,13,114,92
FING-7739,Syst Eng (pass),2019/1,False,True,False,no,2017,2,chilean,1,academic excellence,1,2016,high,high,medium,medium,,medium,3,5,3,13,114,92
FING-7739,Fund Econ (pass),2019/1,False,True,False,no,2017,2,chilean,1,academic excellence,1,2016,high,high,medium,medium,,medium,3,5,3,13,114,92
FING-7739,Eng 3 (pass),2019/1,False,True,False,no,2017,2,chilean,1,academic excellence,1,2016,high,high,medium,medium,,medium,3,5,3,13,114,92
FING-7739,Elect & Mag (pass),2019/1,False,True,False,no,2017,2,chilean,1,academic excellence,1,2016,high,high,medium,medium,,medium,3,5,3,13,114,92
FING-7739,Progr Parad (pass),2019/2,False,True,False,no,2017,2,chilean,1,academic excellence,1,2016,high,high,medium,medium,,medium,3,5,3,13,114,92
FING-7739,Inf & Soc (pass),2019/2,False,True,False,no,2017,2,chilean,1,academic excellence,1,2016,high,high,medium,medium,,medium,3,5,3,13,114,92
FING-7739,Comp Struc (pass),2019/2,False,True,False,no,2017,2,chilean,1,academic excellence,1,2016,high,high,medium,medium,,medium,3,5,3,13,114,92
FING-7739,Eng 4 (pass),2019/2,False,True,False,no,2017,2,chilean,1,academic excellence,1,2016,high,high,medium,medium,,medium,3,5,3,13,114,92
FING-7739,Algorithms (pass),2020/1,False,True,False,no,2017,2,chilean,1,academic excellence,1,2016,high,high,medium,medium,,medium,3,5,3,13,114,92
FING-7739,Comp Org (pass),2020/1,False,True,False,no,2017,2,chilean,1,academic excellence,1,2016,high,high,medium,medium,,medium,3,5,3,13,114,92
FING-7739,SoftEng Fund (pass),2020/1,False,True,False,no,2017,2,chilean,1,academic excellence,1,2016,high,high,medium,medium,,medium,3,5,3,13,114,92
FING-7739,Proj Eval&Manag (pass),2020/1,False,True,False,no,2017,2,chilean,1,academic excellence,1,2016,high,high,medium,medium,,medium,3,5,3,13,114,92
FING-7739,Comp Net (pass),2020/2,False,True,False,no,2017,2,chilean,1,academic excellence,1,2016,high,high,medium,medium,,medium,3,5,3,13,114,92
FING-7739,DB Design (pass),2020/2,False,True,False,no,2017,2,chilean,1,academic excellence,1,2016,high,high,medium,medium,,medium,3,5,3,13,114,92
FING-7739,Inf Sys (pass),2020/2,False,True,False,no,2017,2,chilean,1,academic excellence,1,2016,high,high,medium,medium,,medium,3,5,3,13,114,92
FING-7739,SoftEng Technq (pass),2020/2,False,True,False,no,2017,2,chilean,1,academic excellence,1,2016,high,high,medium,medium,,medium,3,5,3,13,114,92
FING-7739,Inf Adm & Manag (pass),2020/2,False,True,False,no,2017,2,chilean,1,academic excellence,1,2016,high,high,medium,medium,,medium,3,5,3,13,114,92
FING-7739,Op Sys (pass),2021/1,False,True,False,no,2017,2,chilean,1,academic excellence,1,2016,high,high,medium,medium,,medium,3,5,3,13,114,92
FING-7739,DB Workshop (pass),2021/1,False,True,False,no,2017,2,chilean,1,academic excellence,1,2016,high,high,medium,medium,,medium,3,5,3,13,114,92
FING-7739,Elective (pass),2021/1,False,True,False,no,2017,2,chilean,1,academic excellence,1,2016,high,high,medium,medium,,medium,3,5,3,13,114,92
FING-7739,Elective (pass),2021/1,False,True,False,no,2017,2,chilean,1,academic excellence,1,2016,high,high,medium,medium,,medium,3,5,3,13,114,92
FING-7739,Elective (pass),2021/1,False,True,False,no,2017,2,chilean,1,academic excellence,1,2016,high,high,medium,medium,,medium,3,5,3,13,114,92
FING-7739,Seminar (pass),2021/2,False,True,False,no,2017,2,chilean,1,academic excellence,1,2016,high,high,medium,medium,,medium,3,5,3,13,114,92
FING-7739,SoftEng Proj (pass),2021/2,False,True,False,no,2017,2,chilean,1,academic excellence,1,2016,high,high,medium,medium,,medium,3,5,3,13,114,92
FING-7739,Deg Work (pass),2022/1,False,True,False,no,2017,2,chilean,1,academic excellence,1,2016,high,high,medium,medium,,medium,3,5,3,13,114,92
FING-7742,IPD Workshop (pass),2017/1,False,True,False,no,2017,2,chilean,1,academic excellence,1,2016,medium,medium,low,medium,,medium,1,0,3,13,114,98
FING-7742,Std Methods (pass),2017/1,False,True,False,no,2017,2,chilean,1,academic excellence,1,2016,medium,medium,low,medium,,medium,1,0,3,13,114,98
FING-7742,Alg 1 (pass),2017/1,False,True,False,no,2017,2,chilean,1,academic excellence,1,2016,medium,medium,low,medium,,medium,1,0,3,13,114,98
FING-7742,Intro Eng (pass),2017/1,False,True,False,no,2017,2,chilean,1,academic excellence,1,2016,medium,medium,low,medium,,medium,1,0,3,13,114,98
FING-7742,Cal 1 (pass),2017/1,False,True,False,no,2017,2,chilean,1,academic excellence,1,2016,medium,medium,low,medium,,medium,1,0,3,13,114,98
FING-7742,Phy 1 (fail),2017/1,False,True,False,no,2017,2,chilean,1,academic excellence,1,2016,medium,medium,low,medium,,medium,1,0,3,13,114,98
FING-7742,Phy 1 (pass),2017/2,False,True,False,no,2017,2,chilean,1,academic excellence,1,2016,medium,medium,low,medium,,medium,1,0,3,13,114,98
FING-7742,Chemistry (fail),2017/2,False,True,False,no,2017,2,chilean,1,academic excellence,1,2016,medium,medium,low,medium,,medium,1,0,3,13,114,98
FING-7742,Fund Progr (fail),2017/2,False,True,False,no,2017,2,chilean,1,academic excellence,1,2016,medium,medium,low,medium,,medium,1,0,3,13,114,98
FING-7742,Alg 2 (pass),2017/2,False,True,False,no,2017,2,chilean,1,academic excellence,1,2016,medium,medium,low,medium,,medium,1,0,3,13,114,98
FING-7742,Cal 2 (fail),2017/2,False,True,False,no,2017,2,chilean,1,academic excellence,1,2016,medium,medium,low,medium,,medium,1,0,3,13,114,98
FING-7742,Eff Comm (pass),2018/1,False,True,False,no,2017,2,chilean,1,academic excellence,1,2016,medium,medium,low,medium,,medium,1,0,3,13,114,98
FING-7742,Fund Progr (pass),2018/1,False,True,False,no,2017,2,chilean,1,academic excellence,1,2016,medium,medium,low,medium,,medium,1,0,3,13,114,98
FING-7742,Phy 2 (fail),2018/1,False,True,False,no,2017,2,chilean,1,academic excellence,1,2016,medium,medium,low,medium,,medium,1,0,3,13,114,98
FING-7742,Eng 1 (pass),2018/1,False,True,False,no,2017,2,chilean,1,academic excellence,1,2016,medium,medium,low,medium,,medium,1,0,3,13,114,98
FING-7742,Cal 2 (pass),2018/1,False,True,False,no,2017,2,chilean,1,academic excellence,1,2016,medium,medium,low,medium,,medium,1,0,3,13,114,98
FING-7742,Chemistry (fail),2018/2,False,True,False,no,2017,2,chilean,1,academic excellence,1,2016,medium,medium,low,medium,,medium,1,0,3,13,114,98
FING-7742,Progr Methd (pass),2018/2,False,True,False,no,2017,2,chilean,1,academic excellence,1,2016,medium,medium,low,medium,,medium,1,0,3,13,114,98
FING-7742,Phy 2 (fail),2018/2,False,True,False,no,2017,2,chilean,1,academic excellence,1,2016,medium,medium,low,medium,,medium,1,0,3,13,114,98
FING-7742,Eng 2 (pass),2018/2,False,True,False,no,2017,2,chilean,1,academic excellence,1,2016,medium,medium,low,medium,,medium,1,0,3,13,114,98
FING-7742,Stat Analys (fail),2018/2,False,True,False,no,2017,2,chilean,1,academic excellence,1,2016,medium,medium,low,medium,,medium,1,0,3,13,114,98
FING-7742,Stat Analys (pass),2019/1,False,True,False,no,2017,2,chilean,1,academic excellence,1,2016,medium,medium,low,medium,,medium,1,0,3,13,114,98
FING-7742,Eng 3 (pass),2019/1,False,True,False,no,2017,2,chilean,1,academic excellence,1,2016,medium,medium,low,medium,,medium,1,0,3,13,114,98
FING-7742,Phy 2 (pass),2019/1,False,True,False,no,2017,2,chilean,1,academic excellence,1,2016,medium,medium,low,medium,,medium,1,0,3,13,114,98
FING-7742,Chemistry (pass),2019/1,False,True,False,no,2017,2,chilean,1,academic excellence,1,2016,medium,medium,low,medium,,medium,1,0,3,13,114,98
FING-7742,Elect & Mag (pass),2019/2,False,True,False,no,2017,2,chilean,1,academic excellence,1,2016,medium,medium,low,medium,,medium,1,0,3,13,114,98
FING-7742,Progr Parad (fail),2019/2,False,True,False,no,2017,2,chilean,1,academic excellence,1,2016,medium,medium,low,medium,,medium,1,0,3,13,114,98
FING-7742,Fund Econ (pass),2019/2,False,True,False,no,2017,2,chilean,1,academic excellence,1,2016,medium,medium,low,medium,,medium,1,0,3,13,114,98
FING-7742,Eng 4 (pass),2019/2,False,True,False,no,2017,2,chilean,1,academic excellence,1,2016,medium,medium,low,medium,,medium,1,0,3,13,114,98
FING-7742,Comp Struc (pass),2020/1,False,True,False,no,2017,2,chilean,1,academic excellence,1,2016,medium,medium,low,medium,,medium,1,0,3,13,114,98
FING-7742,Progr Parad (pass),2020/1,False,True,False,no,2017,2,chilean,1,academic excellence,1,2016,medium,medium,low,medium,,medium,1,0,3,13,114,98
FING-7742,Syst Eng (pass),2020/1,False,True,False,no,2017,2,chilean,1,academic excellence,1,2016,medium,medium,low,medium,,medium,1,0,3,13,114,98
FING-7742,Diff Ec & Num Meth (pass),2020/1,False,True,False,no,2017,2,chilean,1,academic excellence,1,2016,medium,medium,low,medium,,medium,1,0,3,13,114,98
FING-7742,Algorithms (pass),2020/2,False,True,False,no,2017,2,chilean,1,academic excellence,1,2016,medium,medium,low,medium,,medium,1,0,3,13,114,98
FING-7742,Comp Org (pass),2020/2,False,True,False,no,2017,2,chilean,1,academic excellence,1,2016,medium,medium,low,medium,,medium,1,0,3,13,114,98
FING-7742,Inf & Soc (pass),2020/2,False,True,False,no,2017,2,chilean,1,academic excellence,1,2016,medium,medium,low,medium,,medium,1,0,3,13,114,98
FING-7742,SoftEng Fund (pass),2020/2,False,True,False,no,2017,2,chilean,1,academic excellence,1,2016,medium,medium,low,medium,,medium,1,0,3,13,114,98
FING-7742,Proj Eval&Manag (pass),2020/2,False,True,False,no,2017,2,chilean,1,academic excellence,1,2016,medium,medium,low,medium,,medium,1,0,3,13,114,98
FING-7742,Inf Sys (pass),2021/1,False,True,False,no,2017,2,chilean,1,academic excellence,1,2016,medium,medium,low,medium,,medium,1,0,3,13,114,98
FING-7742,SoftEng Technq (pass),2021/1,False,True,False,no,2017,2,chilean,1,academic excellence,1,2016,medium,medium,low,medium,,medium,1,0,3,13,114,98
FING-7742,Inf Adm & Manag (pass),2021/1,False,True,False,no,2017,2,chilean,1,academic excellence,1,2016,medium,medium,low,medium,,medium,1,0,3,13,114,98
FING-7742,DB Design (pass),2021/1,False,True,False,no,2017,2,chilean,1,academic excellence,1,2016,medium,medium,low,medium,,medium,1,0,3,13,114,98
FING-7742,Comp Net (pass),2021/1,False,True,False,no,2017,2,chilean,1,academic excellence,1,2016,medium,medium,low,medium,,medium,1,0,3,13,114,98
FING-7742,Elective (pass),2021/2,False,True,False,no,2017,2,chilean,1,academic excellence,1,2016,medium,medium,low,medium,,medium,1,0,3,13,114,98
FING-7742,DB Workshop (pass),2021/2,False,True,False,no,2017,2,chilean,1,academic excellence,1,2016,medium,medium,low,medium,,medium,1,0,3,13,114,98
FING-7742,Op Sys (pass),2021/2,False,True,False,no,2017,2,chilean,1,academic excellence,1,2016,medium,medium,low,medium,,medium,1,0,3,13,114,98
FING-7742,Elective (pass),2021/2,False,True,False,no,2017,2,chilean,1,academic excellence,1,2016,medium,medium,low,medium,,medium,1,0,3,13,114,98
FING-7742,Elective (pass),2022/1,False,True,False,no,2017,2,chilean,1,academic excellence,1,2016,medium,medium,low,medium,,medium,1,0,3,13,114,98
FING-7742,Seminar (pass),2022/1,False,True,False,no,2017,2,chilean,1,academic excellence,1,2016,medium,medium,low,medium,,medium,1,0,3,13,114,98
FING-7742,SoftEng Proj (pass),2022/1,False,True,False,no,2017,2,chilean,1,academic excellence,1,2016,medium,medium,low,medium,,medium,1,0,3,13,114,98
FING-7742,Deg Work (pass),2022/2,False,True,False,no,2017,2,chilean,1,academic excellence,1,2016,medium,medium,low,medium,,medium,1,0,3,13,114,98
FING-7758,IPD Workshop (pass),2017/1,False,True,False,no,2017,1,,,,,,,,,,,,,,,,,
FING-7758,Std Methods (pass),2017/1,False,True,False,no,2017,1,,,,,,,,,,,,,,,,,
FING-7758,Alg 1 (pass),2017/1,False,True,False,no,2017,1,,,,,,,,,,,,,,,,,
FING-7758,Intro Eng (pass),2017/1,False,True,False,no,2017,1,,,,,,,,,,,,,,,,,
FING-7758,Cal 1 (pass),2017/1,False,True,False,no,2017,1,,,,,,,,,,,,,,,,,
FING-7758,Phy 1 (pass),2017/1,False,True,False,no,2017,1,,,,,,,,,,,,,,,,,
FING-7758,Phy 2 (pass),2017/2,False,True,False,no,2017,1,,,,,,,,,,,,,,,,,
FING-7758,Chemistry (pass),2017/2,False,True,False,no,2017,1,,,,,,,,,,,,,,,,,
FING-7758,Fund Progr (pass),2017/2,False,True,False,no,2017,1,,,,,,,,,,,,,,,,,
FING-7758,Alg 2 (pass),2017/2,False,True,False,no,2017,1,,,,,,,,,,,,,,,,,
FING-7758,Cal 2 (pass),2017/2,False,True,False,no,2017,1,,,,,,,,,,,,,,,,,
FING-7758,Diff Ec & Num Meth (pass),2018/1,False,True,False,no,2017,1,,,,,,,,,,,,,,,,,
FING-7758,Progr Methd (pass),2018/1,False,True,False,no,2017,1,,,,,,,,,,,,,,,,,
FING-7758,Eng 1 (pass),2018/1,False,True,False,no,2017,1,,,,,,,,,,,,,,,,,
FING-7758,Stat Analys (fail),2018/1,False,True,False,no,2017,1,,,,,,,,,,,,,,,,,
FING-7758,Eff Comm (pass),2018/1,False,True,False,no,2017,1,,,,,,,,,,,,,,,,,
FING-7758,Elect & Mag (fail),2018/1,False,True,False,no,2017,1,,,,,,,,,,,,,,,,,
FING-7758,Progr Parad (fail),2018/2,False,True,False,no,2017,1,,,,,,,,,,,,,,,,,
FING-7758,Elect & Mag (pass),2018/2,False,True,False,no,2017,1,,,,,,,,,,,,,,,,,
FING-7758,Eng 2 (pass),2018/2,False,True,False,no,2017,1,,,,,,,,,,,,,,,,,
FING-7758,Inf & Soc (pass),2018/2,False,True,False,no,2017,1,,,,,,,,,,,,,,,,,
FING-7758,Stat Analys (pass),2018/2,False,True,False,no,2017,1,,,,,,,,,,,,,,,,,
FING-7758,Syst Eng (pass),2019/1,False,True,False,no,2017,1,,,,,,,,,,,,,,,,,
FING-7758,Comp Struc (pass),2019/1,False,True,False,no,2017,1,,,,,,,,,,,,,,,,,
FING-7758,Eng 3 (pass),2019/1,False,True,False,no,2017,1,,,,,,,,,,,,,,,,,
FING-7758,Progr Parad (pass),2019/1,False,True,False,no,2017,1,,,,,,,,,,,,,,,,,
FING-7758,Algorithms (fail),2019/1,False,True,False,no,2017,1,,,,,,,,,,,,,,,,,
FING-7758,Algorithms (pass),2019/2,False,True,False,no,2017,1,,,,,,,,,,,,,,,,,
FING-7758,SoftEng Fund (pass),2019/2,False,True,False,no,2017,1,,,,,,,,,,,,,,,,,
FING-7758,Proj Eval&Manag (pass),2019/2,False,True,False,no,2017,1,,,,,,,,,,,,,,,,,
FING-7758,Comp Org (pass),2019/2,False,True,False,no,2017,1,,,,,,,,,,,,,,,,,
FING-7758,Eng 4 (pass),2019/2,False,True,False,no,2017,1,,,,,,,,,,,,,,,,,
FING-7758,Op Sys (pass),2020/1,False,True,False,no,2017,1,,,,,,,,,,,,,,,,,
FING-7758,DB Design (pass),2020/1,False,True,False,no,2017,1,,,,,,,,,,,,,,,,,
FING-7758,Inf Sys (pass),2020/1,False,True,False,no,2017,1,,,,,,,,,,,,,,,,,
FING-7758,Inf Adm & Manag (pass),2020/1,False,True,False,no,2017,1,,,,,,,,,,,,,,,,,
FING-7758,DB Workshop (pass),2020/2,False,True,False,no,2017,1,,,,,,,,,,,,,,,,,
FING-7758,Comp Net (pass),2020/2,False,True,False,no,2017,1,,,,,,,,,,,,,,,,,
FING-7758,SoftEng Technq (pass),2020/2,False,True,False,no,2017,1,,,,,,,,,,,,,,,,,
FING-7758,Elective (fail),2020/2,False,True,False,no,2017,1,,,,,,,,,,,,,,,,,
FING-7758,Elective (pass),2021/1,False,True,False,no,2017,1,,,,,,,,,,,,,,,,,
FING-7758,Seminar (pass),2021/1,False,True,False,no,2017,1,,,,,,,,,,,,,,,,,
FING-7758,SoftEng Proj (pass),2021/1,False,True,False,no,2017,1,,,,,,,,,,,,,,,,,
FING-7758,Elective (pass),2021/1,False,True,False,no,2017,1,,,,,,,,,,,,,,,,,
FING-7758,Elective (pass),2021/1,False,True,False,no,2017,1,,,,,,,,,,,,,,,,,
FING-7758,Deg Work (pass),2022/1,False,True,False,no,2017,1,,,,,,,,,,,,,,,,,
FING-7766,IPD Workshop (pass),2017/1,False,True,False,no,2017,2,chilean,3,,1,2016,medium,low,low,medium,,medium,1,0,4,13,100,105
FING-7766,Std Methods (pass),2017/1,False,True,False,no,2017,2,chilean,3,,1,2016,medium,low,low,medium,,medium,1,0,4,13,100,105
FING-7766,Intro Eng (pass),2017/1,False,True,False,no,2017,2,chilean,3,,1,2016,medium,low,low,medium,,medium,1,0,4,13,100,105
FING-7766,Cal 1 (pass),2017/1,False,True,False,no,2017,2,chilean,3,,1,2016,medium,low,low,medium,,medium,1,0,4,13,100,105
FING-7766,Alg 1 (pass),2017/1,False,True,False,no,2017,2,chilean,3,,1,2016,medium,low,low,medium,,medium,1,0,4,13,100,105
FING-7766,Phy 1 (pass),2017/1,False,True,False,no,2017,2,chilean,3,,1,2016,medium,low,low,medium,,medium,1,0,4,13,100,105
FING-7766,Chemistry (fail),2017/2,False,True,False,no,2017,2,chilean,3,,1,2016,medium,low,low,medium,,medium,1,0,4,13,100,105
FING-7766,Eff Comm (pass),2017/2,False,True,False,no,2017,2,chilean,3,,1,2016,medium,low,low,medium,,medium,1,0,4,13,100,105
FING-7766,Fund Progr (pass),2017/2,False,True,False,no,2017,2,chilean,3,,1,2016,medium,low,low,medium,,medium,1,0,4,13,100,105
FING-7766,Alg 2 (pass),2017/2,False,True,False,no,2017,2,chilean,3,,1,2016,medium,low,low,medium,,medium,1,0,4,13,100,105
FING-7766,Phy 2 (pass),2017/2,False,True,False,no,2017,2,chilean,3,,1,2016,medium,low,low,medium,,medium,1,0,4,13,100,105
FING-7766,Cal 2 (fail),2017/2,False,True,False,no,2017,2,chilean,3,,1,2016,medium,low,low,medium,,medium,1,0,4,13,100,105
FING-7766,Chemistry (fail),2018/1,False,True,False,no,2017,2,chilean,3,,1,2016,medium,low,low,medium,,medium,1,0,4,13,100,105
FING-7766,Eng 1 (pass),2018/1,False,True,False,no,2017,2,chilean,3,,1,2016,medium,low,low,medium,,medium,1,0,4,13,100,105
FING-7766,Cal 2 (pass),2018/1,False,True,False,no,2017,2,chilean,3,,1,2016,medium,low,low,medium,,medium,1,0,4,13,100,105
FING-7766,Inf & Soc (pass),2018/1,False,True,False,no,2017,2,chilean,3,,1,2016,medium,low,low,medium,,medium,1,0,4,13,100,105
FING-7766,Progr Methd (pass),2018/2,False,True,False,no,2017,2,chilean,3,,1,2016,medium,low,low,medium,,medium,1,0,4,13,100,105
FING-7766,Elect & Mag (pass),2018/2,False,True,False,no,2017,2,chilean,3,,1,2016,medium,low,low,medium,,medium,1,0,4,13,100,105
FING-7766,Diff Ec & Num Meth (fail),2018/2,False,True,False,no,2017,2,chilean,3,,1,2016,medium,low,low,medium,,medium,1,0,4,13,100,105
FING-7766,Chemistry (pass),2018/2,False,True,False,no,2017,2,chilean,3,,1,2016,medium,low,low,medium,,medium,1,0,4,13,100,105
FING-7766,Stat Analys (fail),2019/1,False,True,False,no,2017,2,chilean,3,,1,2016,medium,low,low,medium,,medium,1,0,4,13,100,105
FING-7766,Diff Ec & Num Meth (pass),2019/1,False,True,False,no,2017,2,chilean,3,,1,2016,medium,low,low,medium,,medium,1,0,4,13,100,105
FING-7766,Comp Struc (pass),2019/1,False,True,False,no,2017,2,chilean,3,,1,2016,medium,low,low,medium,,medium,1,0,4,13,100,105
FING-7766,Progr Parad (pass),2019/1,False,True,False,no,2017,2,chilean,3,,1,2016,medium,low,low,medium,,medium,1,0,4,13,100,105
FING-7766,Fund Econ (fail),2019/1,False,True,False,no,2017,2,chilean,3,,1,2016,medium,low,low,medium,,medium,1,0,4,13,100,105
FING-7766,Eng 2 (pass),2019/1,False,True,False,no,2017,2,chilean,3,,1,2016,medium,low,low,medium,,medium,1,0,4,13,100,105
FING-7766,Fund Econ (pass),2019/2,False,True,False,no,2017,2,chilean,3,,1,2016,medium,low,low,medium,,medium,1,0,4,13,100,105
FING-7766,Eng 3 (pass),2019/2,False,True,False,no,2017,2,chilean,3,,1,2016,medium,low,low,medium,,medium,1,0,4,13,100,105
FING-7766,Algorithms (pass),2019/2,False,True,False,no,2017,2,chilean,3,,1,2016,medium,low,low,medium,,medium,1,0,4,13,100,105
FING-7766,SoftEng Fund (pass),2019/2,False,True,False,no,2017,2,chilean,3,,1,2016,medium,low,low,medium,,medium,1,0,4,13,100,105
FING-7766,Stat Analys (pass),2019/2,False,True,False,no,2017,2,chilean,3,,1,2016,medium,low,low,medium,,medium,1,0,4,13,100,105
FING-7766,Syst Eng (pass),2020/1,False,True,False,no,2017,2,chilean,3,,1,2016,medium,low,low,medium,,medium,1,0,4,13,100,105
FING-7766,SoftEng Technq (pass),2020/1,False,True,False,no,2017,2,chilean,3,,1,2016,medium,low,low,medium,,medium,1,0,4,13,100,105
FING-7766,DB Design (pass),2020/1,False,True,False,no,2017,2,chilean,3,,1,2016,medium,low,low,medium,,medium,1,0,4,13,100,105
FING-7766,Comp Org (pass),2020/1,False,True,False,no,2017,2,chilean,3,,1,2016,medium,low,low,medium,,medium,1,0,4,13,100,105
FING-7766,Proj Eval&Manag (pass),2020/1,False,True,False,no,2017,2,chilean,3,,1,2016,medium,low,low,medium,,medium,1,0,4,13,100,105
FING-7766,Eng 4 (pass),2020/1,False,True,False,no,2017,2,chilean,3,,1,2016,medium,low,low,medium,,medium,1,0,4,13,100,105
FING-7766,DB Workshop (pass),2020/2,False,True,False,no,2017,2,chilean,3,,1,2016,medium,low,low,medium,,medium,1,0,4,13,100,105
FING-7766,Op Sys (pass),2020/2,False,True,False,no,2017,2,chilean,3,,1,2016,medium,low,low,medium,,medium,1,0,4,13,100,105
FING-7766,Comp Net (pass),2020/2,False,True,False,no,2017,2,chilean,3,,1,2016,medium,low,low,medium,,medium,1,0,4,13,100,105
FING-7766,Inf Sys (pass),2020/2,False,True,False,no,2017,2,chilean,3,,1,2016,medium,low,low,medium,,medium,1,0,4,13,100,105
FING-7766,Inf Adm & Manag (pass),2020/2,False,True,False,no,2017,2,chilean,3,,1,2016,medium,low,low,medium,,medium,1,0,4,13,100,105
FING-7766,Elective (pass),2021/1,False,True,False,no,2017,2,chilean,3,,1,2016,medium,low,low,medium,,medium,1,0,4,13,100,105
FING-7766,Seminar (pass),2021/1,False,True,False,no,2017,2,chilean,3,,1,2016,medium,low,low,medium,,medium,1,0,4,13,100,105
FING-7766,SoftEng Proj (pass),2021/1,False,True,False,no,2017,2,chilean,3,,1,2016,medium,low,low,medium,,medium,1,0,4,13,100,105
FING-7766,Elective (pass),2021/1,False,True,False,no,2017,2,chilean,3,,1,2016,medium,low,low,medium,,medium,1,0,4,13,100,105
FING-7766,Elective (pass),2021/1,False,True,False,no,2017,2,chilean,3,,1,2016,medium,low,low,medium,,medium,1,0,4,13,100,105
FING-7766,Deg Work (pass),2021/2,False,True,False,no,2017,2,chilean,3,,1,2016,medium,low,low,medium,,medium,1,0,4,13,100,105
FING-7973,Cal 1 (pass),2017/1,False,True,False,no,2018,2,,,,,,,,,,,,,,,,,
FING-7973,Alg 1 (pass),2017/1,False,True,False,no,2018,2,,,,,,,,,,,,,,,,,
FING-7973,IPD Workshop (pass),2017/1,False,True,False,no,2018,2,,,,,,,,,,,,,,,,,
FING-7973,Intro Eng (pass),2017/1,False,True,False,no,2018,2,,,,,,,,,,,,,,,,,
FING-7973,Std Methods (pass),2017/1,False,True,False,no,2018,2,,,,,,,,,,,,,,,,,
FING-7973,Phy 1 (pass),2017/2,False,True,False,no,2018,2,,,,,,,,,,,,,,,,,
FING-7973,Alg 2 (pass),2017/2,False,True,False,no,2018,2,,,,,,,,,,,,,,,,,
FING-7973,Fund Progr (pass),2017/2,False,True,False,no,2018,2,,,,,,,,,,,,,,,,,
FING-7973,Cal 2 (pass),2018/1,False,True,False,no,2018,2,,,,,,,,,,,,,,,,,
FING-7973,Phy 2 (pass),2018/1,False,True,False,no,2018,2,,,,,,,,,,,,,,,,,
FING-7973,Chemistry (pass),2018/1,False,True,False,no,2018,2,,,,,,,,,,,,,,,,,
FING-7973,Eff Comm (pass),2018/1,False,True,False,no,2018,2,,,,,,,,,,,,,,,,,
FING-7973,Eng 1 (pass),2018/1,False,True,False,no,2018,2,,,,,,,,,,,,,,,,,
FING-7973,Progr Methd (pass),2018/2,False,True,False,no,2018,2,,,,,,,,,,,,,,,,,
FING-7973,Elect & Mag (pass),2018/2,False,True,False,no,2018,2,,,,,,,,,,,,,,,,,
FING-7973,Eng 2 (pass),2018/2,False,True,False,no,2018,2,,,,,,,,,,,,,,,,,
FING-7973,Stat Analys (pass),2018/2,False,True,False,no,2018,2,,,,,,,,,,,,,,,,,
FING-7973,Diff Ec & Num Meth (fail),2018/2,False,True,False,no,2018,2,,,,,,,,,,,,,,,,,
FING-7973,Diff Ec & Num Meth (pass),2019/1,False,True,False,no,2018,2,,,,,,,,,,,,,,,,,
FING-7973,Comp Struc (pass),2019/1,False,True,False,no,2018,2,,,,,,,,,,,,,,,,,
FING-7973,Eng 3 (pass),2019/1,False,True,False,no,2018,2,,,,,,,,,,,,,,,,,
FING-7973,Fund Econ (fail),2019/1,False,True,False,no,2018,2,,,,,,,,,,,,,,,,,
FING-7973,Inf & Soc (pass),2019/1,False,True,False,no,2018,2,,,,,,,,,,,,,,,,,
FING-7973,Syst Eng (pass),2019/2,False,True,False,no,2018,2,,,,,,,,,,,,,,,,,
FING-7973,Progr Parad (pass),2019/2,False,True,False,no,2018,2,,,,,,,,,,,,,,,,,
FING-7973,Algorithms (pass),2019/2,False,True,False,no,2018,2,,,,,,,,,,,,,,,,,
FING-7973,Fund Econ (pass),2019/2,False,True,False,no,2018,2,,,,,,,,,,,,,,,,,
FING-7973,Eng 4 (pass),2019/2,False,True,False,no,2018,2,,,,,,,,,,,,,,,,,
FING-7973,DB Design (pass),2020/1,False,True,False,no,2018,2,,,,,,,,,,,,,,,,,
FING-7973,Comp Org (pass),2020/1,False,True,False,no,2018,2,,,,,,,,,,,,,,,,,
FING-7973,SoftEng Fund (pass),2020/1,False,True,False,no,2018,2,,,,,,,,,,,,,,,,,
FING-7973,Proj Eval&Manag (pass),2020/1,False,True,False,no,2018,2,,,,,,,,,,,,,,,,,
FING-7973,Inf Sys (pass),2020/1,False,True,False,no,2018,2,,,,,,,,,,,,,,,,,
FING-7973,DB Workshop (pass),2020/2,False,True,False,no,2018,2,,,,,,,,,,,,,,,,,
FING-7973,Comp Net (pass),2020/2,False,True,False,no,2018,2,,,,,,,,,,,,,,,,,
FING-7973,SoftEng Technq (pass),2020/2,False,True,False,no,2018,2,,,,,,,,,,,,,,,,,
FING-7973,Op Sys (pass),2020/2,False,True,False,no,2018,2,,,,,,,,,,,,,,,,,
FING-7973,Inf Adm & Manag (pass),2020/2,False,True,False,no,2018,2,,,,,,,,,,,,,,,,,
FING-7973,Elective (pass),2021/1,False,True,False,no,2018,2,,,,,,,,,,,,,,,,,
FING-7973,Seminar (pass),2021/1,False,True,False,no,2018,2,,,,,,,,,,,,,,,,,
FING-7973,SoftEng Proj (pass),2021/1,False,True,False,no,2018,2,,,,,,,,,,,,,,,,,
FING-7973,Elective (pass),2021/1,False,True,False,no,2018,2,,,,,,,,,,,,,,,,,
FING-7973,Elective (pass),2021/1,False,True,False,no,2018,2,,,,,,,,,,,,,,,,,
FING-7973,Deg Work (pass),2022/1,False,True,False,no,2018,2,,,,,,,,,,,,,,,,,
FING-8359,IPD Workshop (pass),2017/1,False,True,False,yes,2019,2,,,,,,,,,,,,,,,,,
FING-8359,Intro Eng (pass),2017/1,False,True,False,yes,2019,2,,,,,,,,,,,,,,,,,
FING-8359,Std Methods (pass),2017/1,False,True,False,yes,2019,2,,,,,,,,,,,,,,,,,
FING-8359,IPD Workshop (pass),2017/1,False,True,False,yes,2019,2,,,,,,,,,,,,,,,,,
FING-8359,Std Methods (pass),2017/1,False,True,False,yes,2019,2,,,,,,,,,,,,,,,,,
FING-8359,Alg 1 (fail),2017/1,False,True,False,yes,2019,2,,,,,,,,,,,,,,,,,
FING-8359,Intro Eng (pass),2017/1,False,True,False,yes,2019,2,,,,,,,,,,,,,,,,,
FING-8359,Cal 1 (fail),2017/1,False,True,False,yes,2019,2,,,,,,,,,,,,,,,,,
FING-8359,Phy 1 (fail),2017/1,False,True,False,yes,2019,2,,,,,,,,,,,,,,,,,
FING-8359,Cal 1 (pass),2017/2,False,True,False,yes,2019,2,,,,,,,,,,,,,,,,,
FING-8359,Alg 1 (pass),2017/2,False,True,False,yes,2019,2,,,,,,,,,,,,,,,,,
FING-8359,Phy 1 (pass),2017/2,False,True,False,yes,2019,2,,,,,,,,,,,,,,,,,
FING-8359,Eff Comm (pass),2017/2,False,True,False,yes,2019,2,,,,,,,,,,,,,,,,,
FING-8359,Eng 1 (pass),2017/2,False,True,False,yes,2019,2,,,,,,,,,,,,,,,,,
FING-8359,Chemistry (fail),2017/2,False,True,False,yes,2019,2,,,,,,,,,,,,,,,,,
FING-8359,Eff Comm (pass),2017/2,False,True,False,yes,2019,2,,,,,,,,,,,,,,,,,
FING-8359,Eng 1 (pass),2017/2,False,True,False,yes,2019,2,,,,,,,,,,,,,,,,,
FING-8359,Phy 1 (pass),2017/2,False,True,False,yes,2019,2,,,,,,,,,,,,,,,,,
FING-8359,Cal 1 (pass),2017/2,False,True,False,yes,2019,2,,,,,,,,,,,,,,,,,
FING-8359,Alg 1 (pass),2017/2,False,True,False,yes,2019,2,,,,,,,,,,,,,,,,,
FING-8359,Cal 2 (pass),2018/1,False,True,False,yes,2019,2,,,,,,,,,,,,,,,,,
FING-8359,Alg 2 (pass),2018/1,False,True,False,yes,2019,2,,,,,,,,,,,,,,,,,
FING-8359,Phy 2 (pass),2018/1,False,True,False,yes,2019,2,,,,,,,,,,,,,,,,,
FING-8359,Cal 2 (pass),2018/1,False,True,False,yes,2019,2,,,,,,,,,,,,,,,,,
FING-8359,Phy 2 (pass),2018/1,False,True,False,yes,2019,2,,,,,,,,,,,,,,,,,
FING-8359,Fund Progr (fail),2018/1,False,True,False,yes,2019,2,,,,,,,,,,,,,,,,,
FING-8359,Alg 2 (pass),2018/1,False,True,False,yes,2019,2,,,,,,,,,,,,,,,,,
FING-8359,Fund Progr (pass),2018/2,False,True,False,yes,2019,2,,,,,,,,,,,,,,,,,
FING-8359,Chemistry (pass),2018/2,False,True,False,yes,2019,2,,,,,,,,,,,,,,,,,
FING-8359,Eng 2 (pass),2018/2,False,True,False,yes,2019,2,,,,,,,,,,,,,,,,,
FING-8359,Elect & Mag (fail),2018/2,False,True,False,yes,2019,2,,,,,,,,,,,,,,,,,
FING-8359,Fund Progr (pass),2018/2,False,True,False,yes,2019,2,,,,,,,,,,,,,,,,,
FING-8359,Eng 2 (pass),2018/2,False,True,False,yes,2019,2,,,,,,,,,,,,,,,,,
FING-8359,Diff Ec & Num Meth (fail),2018/2,False,True,False,yes,2019,2,,,,,,,,,,,,,,,,,
FING-8359,Chemistry (pass),2018/2,False,True,False,yes,2019,2,,,,,,,,,,,,,,,,,
FING-8359,Stat Analys (pass),2019/1,False,True,False,yes,2019,2,,,,,,,,,,,,,,,,,
FING-8359,Elect & Mag (pass),2019/1,False,True,False,yes,2019,2,,,,,,,,,,,,,,,,,
FING-8359,Eng 3 (pass),2019/1,False,True,False,yes,2019,2,,,,,,,,,,,,,,,,,
FING-8359,Stat Analys (pass),2019/1,False,True,False,yes,2019,2,,,,,,,,,,,,,,,,,
FING-8359,Diff Ec & Num Meth (fail),2019/1,False,True,False,yes,2019,2,,,,,,,,,,,,,,,,,
FING-8359,Elect & Mag (pass),2019/1,False,True,False,yes,2019,2,,,,,,,,,,,,,,,,,
FING-8359,Progr Methd (fail),2019/1,False,True,False,yes,2019,2,,,,,,,,,,,,,,,,,
FING-8359,Fund Econ (fail),2019/1,False,True,False,yes,2019,2,,,,,,,,,,,,,,,,,
FING-8359,Eng 3 (pass),2019/1,False,True,False,yes,2019,2,,,,,,,,,,,,,,,,,
FING-8359,Eng 4 (pass),2019/2,False,True,False,yes,2019,2,,,,,,,,,,,,,,,,,
FING-8359,Progr Methd (pass),2019/2,False,True,False,yes,2019,2,,,,,,,,,,,,,,,,,
FING-8359,Intro Informatics (pass),2019/2,False,True,False,yes,2019,2,,,,,,,,,,,,,,,,,
FING-8359,Fund Econ (pass),2019/2,False,True,False,yes,2019,2,,,,,,,,,,,,,,,,,
FING-8359,Diff Ec & Num Meth (pass),2019/2,False,True,False,yes,2019,2,,,,,,,,,,,,,,,,,
FING-8359,Comp Struc (pass),2019/2,False,True,False,yes,2019,2,,,,,,,,,,,,,,,,,
FING-8359,Algorithms (pass),2020/1,False,True,False,yes,2019,2,,,,,,,,,,,,,,,,,
FING-8359,Progr Parad (pass),2020/1,False,True,False,yes,2019,2,,,,,,,,,,,,,,,,,
FING-8359,Syst Eng (pass),2020/1,False,True,False,yes,2019,2,,,,,,,,,,,,,,,,,
FING-8359,Comp Org (pass),2020/1,False,True,False,yes,2019,2,,,,,,,,,,,,,,,,,
FING-8359,Inf & Soc (pass),2020/1,False,True,False,yes,2019,2,,,,,,,,,,,,,,,,,
FING-8359,Proj Eval&Manag (pass),2020/1,False,True,False,yes,2019,2,,,,,,,,,,,,,,,,,
FING-8359,Op Sys (pass),2020/2,False,True,False,yes,2019,2,,,,,,,,,,,,,,,,,
FING-8359,Comp Net (pass),2020/2,False,True,False,yes,2019,2,,,,,,,,,,,,,,,,,
FING-8359,DB Design (pass),2020/2,False,True,False,yes,2019,2,,,,,,,,,,,,,,,,,
FING-8359,SoftEng Fund (pass),2020/2,False,True,False,yes,2019,2,,,,,,,,,,,,,,,,,
FING-8359,Inf Sys (pass),2020/2,False,True,False,yes,2019,2,,,,,,,,,,,,,,,,,
FING-8359,Inf Adm & Manag (pass),2020/2,False,True,False,yes,2019,2,,,,,,,,,,,,,,,,,
FING-8359,DB Workshop (pass),2021/1,False,True,False,yes,2019,2,,,,,,,,,,,,,,,,,
FING-8359,SoftEng Technq (pass),2021/1,False,True,False,yes,2019,2,,,,,,,,,,,,,,,,,
FING-8359,Seminar (pass),2021/2,False,True,False,yes,2019,2,,,,,,,,,,,,,,,,,
FING-8359,Elective (pass),2021/2,False,True,False,yes,2019,2,,,,,,,,,,,,,,,,,
FING-8359,SoftEng Proj (pass),2021/2,False,True,False,yes,2019,2,,,,,,,,,,,,,,,,,
FING-8359,Elective (pass),2021/2,False,True,False,yes,2019,2,,,,,,,,,,,,,,,,,
FING-8359,Elective (pass),2022/1,False,True,False,yes,2019,2,,,,,,,,,,,,,,,,,
FING-8359,Deg Work (pass),2022/1,False,True,False,yes,2019,2,,,,,,,,,,,,,,,,,
FING-9597,IPD Workshop (pass),2018/1,False,True,False,no,2018,2,chilean,1,,1,2016,high,medium,low,medium,,high,1,0,3,13,114,84
FING-9597,Intro Eng (pass),2018/1,False,True,False,no,2018,2,chilean,1,,1,2016,high,medium,low,medium,,high,1,0,3,13,114,84
FING-9597,Cal 1 (fail),2018/1,False,True,False,no,2018,2,chilean,1,,1,2016,high,medium,low,medium,,high,1,0,3,13,114,84
FING-9597,Alg 1 (fail),2018/1,False,True,False,no,2018,2,chilean,1,,1,2016,high,medium,low,medium,,high,1,0,3,13,114,84
FING-9597,Phy 1 (fail),2018/1,False,True,False,no,2018,2,chilean,1,,1,2016,high,medium,low,medium,,high,1,0,3,13,114,84
FING-9597,Std Methods (pass),2018/1,False,True,False,no,2018,2,chilean,1,,1,2016,high,medium,low,medium,,high,1,0,3,13,114,84
FING-9597,Phy 1 (pass),2018/2,False,True,False,no,2018,2,chilean,1,,1,2016,high,medium,low,medium,,high,1,0,3,13,114,84
FING-9597,Chemistry (pass),2018/2,False,True,False,no,2018,2,chilean,1,,1,2016,high,medium,low,medium,,high,1,0,3,13,114,84
FING-9597,Eff Comm (pass),2018/2,False,True,False,no,2018,2,chilean,1,,1,2016,high,medium,low,medium,,high,1,0,3,13,114,84
FING-9597,Cal 1 (pass),2018/2,False,True,False,no,2018,2,chilean,1,,1,2016,high,medium,low,medium,,high,1,0,3,13,114,84
FING-9597,Alg 1 (pass),2018/2,False,True,False,no,2018,2,chilean,1,,1,2016,high,medium,low,medium,,high,1,0,3,13,114,84
FING-9597,Cal 2 (pass),2019/1,False,True,False,no,2018,2,chilean,1,,1,2016,high,medium,low,medium,,high,1,0,3,13,114,84
FING-9597,Alg 2 (pass),2019/1,False,True,False,no,2018,2,chilean,1,,1,2016,high,medium,low,medium,,high,1,0,3,13,114,84
FING-9597,Fund Progr (pass),2019/1,False,True,False,no,2018,2,chilean,1,,1,2016,high,medium,low,medium,,high,1,0,3,13,114,84
FING-9597,Fund Econ (pass),2019/1,False,True,False,no,2018,2,chilean,1,,1,2016,high,medium,low,medium,,high,1,0,3,13,114,84
FING-9597,Eng 1 (pass),2019/1,False,True,False,no,2018,2,chilean,1,,1,2016,high,medium,low,medium,,high,1,0,3,13,114,84
FING-9597,Phy 2 (pass),2019/1,False,True,False,no,2018,2,chilean,1,,1,2016,high,medium,low,medium,,high,1,0,3,13,114,84
FING-9597,Elect & Mag (pass),2019/2,False,True,False,no,2018,2,chilean,1,,1,2016,high,medium,low,medium,,high,1,0,3,13,114,84
FING-9597,Progr Methd (pass),2019/2,False,True,False,no,2018,2,chilean,1,,1,2016,high,medium,low,medium,,high,1,0,3,13,114,84
FING-9597,Stat Analys (fail),2019/2,False,True,False,no,2018,2,chilean,1,,1,2016,high,medium,low,medium,,high,1,0,3,13,114,84
FING-9597,Diff Ec & Num Meth (pass),2019/2,False,True,False,no,2018,2,chilean,1,,1,2016,high,medium,low,medium,,high,1,0,3,13,114,84
FING-9597,Eng 2 (pass),2019/2,False,True,False,no,2018,2,chilean,1,,1,2016,high,medium,low,medium,,high,1,0,3,13,114,84
FING-9597,Comp Struc (pass),2020/1,False,True,False,no,2018,2,chilean,1,,1,2016,high,medium,low,medium,,high,1,0,3,13,114,84
FING-9597,Stat Analys (pass),2020/1,False,True,False,no,2018,2,chilean,1,,1,2016,high,medium,low,medium,,high,1,0,3,13,114,84
FING-9597,Algorithms (pass),2020/1,False,True,False,no,2018,2,chilean,1,,1,2016,high,medium,low,medium,,high,1,0,3,13,114,84
FING-9597,Proj Eval&Manag (pass),2020/1,False,True,False,no,2018,2,chilean,1,,1,2016,high,medium,low,medium,,high,1,0,3,13,114,84
FING-9597,Inf & Soc (pass),2020/1,False,True,False,no,2018,2,chilean,1,,1,2016,high,medium,low,medium,,high,1,0,3,13,114,84
FING-9597,Eng 3 (pass),2020/1,False,True,False,no,2018,2,chilean,1,,1,2016,high,medium,low,medium,,high,1,0,3,13,114,84
FING-9597,Progr Parad (pass),2020/2,False,True,False,no,2018,2,chilean,1,,1,2016,high,medium,low,medium,,high,1,0,3,13,114,84
FING-9597,Comp Org (pass),2020/2,False,True,False,no,2018,2,chilean,1,,1,2016,high,medium,low,medium,,high,1,0,3,13,114,84
FING-9597,Eng 4 (pass),2020/2,False,True,False,no,2018,2,chilean,1,,1,2016,high,medium,low,medium,,high,1,0,3,13,114,84
FING-9597,Syst Eng (pass),2020/2,False,True,False,no,2018,2,chilean,1,,1,2016,high,medium,low,medium,,high,1,0,3,13,114,84
FING-9597,Op Sys (pass),2021/1,False,True,False,no,2018,2,chilean,1,,1,2016,high,medium,low,medium,,high,1,0,3,13,114,84
FING-9597,DB Design (pass),2021/1,False,True,False,no,2018,2,chilean,1,,1,2016,high,medium,low,medium,,high,1,0,3,13,114,84
FING-9597,Inf Sys (pass),2021/1,False,True,False,no,2018,2,chilean,1,,1,2016,high,medium,low,medium,,high,1,0,3,13,114,84
FING-9597,Comp Net (pass),2021/1,False,True,False,no,2018,2,chilean,1,,1,2016,high,medium,low,medium,,high,1,0,3,13,114,84
FING-9597,SoftEng Fund (pass),2021/1,False,True,False,no,2018,2,chilean,1,,1,2016,high,medium,low,medium,,high,1,0,3,13,114,84
FING-9597,SoftEng Technq (pass),2021/2,False,True,False,no,2018,2,chilean,1,,1,2016,high,medium,low,medium,,high,1,0,3,13,114,84
FING-9597,Inf Adm & Manag (pass),2021/2,False,True,False,no,2018,2,chilean,1,,1,2016,high,medium,low,medium,,high,1,0,3,13,114,84
FING-9597,DB Workshop (pass),2021/2,False,True,False,no,2018,2,chilean,1,,1,2016,high,medium,low,medium,,high,1,0,3,13,114,84
FING-9597,Elective (pass),2021/2,False,True,False,no,2018,2,chilean,1,,1,2016,high,medium,low,medium,,high,1,0,3,13,114,84
FING-9597,Elective (pass),2021/2,False,True,False,no,2018,2,chilean,1,,1,2016,high,medium,low,medium,,high,1,0,3,13,114,84
FING-9597,Elective (pass),2022/1,False,True,False,no,2018,2,chilean,1,,1,2016,high,medium,low,medium,,high,1,0,3,13,114,84
FING-9597,Seminar (pass),2022/1,False,True,False,no,2018,2,chilean,1,,1,2016,high,medium,low,medium,,high,1,0,3,13,114,84
FING-9597,SoftEng Proj (pass),2022/1,False,True,False,no,2018,2,chilean,1,,1,2016,high,medium,low,medium,,high,1,0,3,13,114,84
FING-9597,Deg Work (pass),2022/2,False,True,False,no,2018,2,chilean,1,,1,2016,high,medium,low,medium,,high,1,0,3,13,114,84
FING-9605,Std Methods (pass),2018/1,False,True,False,no,2018,2,chilean,2,,1,2016,low,medium,high,medium,medium,low,3,5,4,13,114,83
FING-9605,Cal 1 (fail),2018/1,False,True,False,no,2018,2,chilean,2,,1,2016,low,medium,high,medium,medium,low,3,5,4,13,114,83
FING-9605,Alg 1 (pass),2018/1,False,True,False,no,2018,2,chilean,2,,1,2016,low,medium,high,medium,medium,low,3,5,4,13,114,83
FING-9605,Phy 1 (pass),2018/1,False,True,False,no,2018,2,chilean,2,,1,2016,low,medium,high,medium,medium,low,3,5,4,13,114,83
FING-9605,Intro Eng (pass),2018/1,False,True,False,no,2018,2,chilean,2,,1,2016,low,medium,high,medium,medium,low,3,5,4,13,114,83
FING-9605,IPD Workshop (pass),2018/1,False,True,False,no,2018,2,chilean,2,,1,2016,low,medium,high,medium,medium,low,3,5,4,13,114,83
FING-9605,Fund Progr (fail),2018/2,False,True,False,no,2018,2,chilean,2,,1,2016,low,medium,high,medium,medium,low,3,5,4,13,114,83
FING-9605,Phy 2 (pass),2018/2,False,True,False,no,2018,2,chilean,2,,1,2016,low,medium,high,medium,medium,low,3,5,4,13,114,83
FING-9605,Chemistry (fail),2018/2,False,True,False,no,2018,2,chilean,2,,1,2016,low,medium,high,medium,medium,low,3,5,4,13,114,83
FING-9605,Alg 2 (pass),2018/2,False,True,False,no,2018,2,chilean,2,,1,2016,low,medium,high,medium,medium,low,3,5,4,13,114,83
FING-9605,Cal 1 (pass),2018/2,False,True,False,no,2018,2,chilean,2,,1,2016,low,medium,high,medium,medium,low,3,5,4,13,114,83
FING-9605,Cal 2 (pass),2019/1,False,True,False,no,2018,2,chilean,2,,1,2016,low,medium,high,medium,medium,low,3,5,4,13,114,83
FING-9605,Eng 1 (pass),2019/1,False,True,False,no,2018,2,chilean,2,,1,2016,low,medium,high,medium,medium,low,3,5,4,13,114,83
FING-9605,Fund Progr (pass),2019/1,False,True,False,no,2018,2,chilean,2,,1,2016,low,medium,high,medium,medium,low,3,5,4,13,114,83
FING-9605,Eff Comm (pass),2019/1,False,True,False,no,2018,2,chilean,2,,1,2016,low,medium,high,medium,medium,low,3,5,4,13,114,83
FING-9605,Chemistry (pass),2019/1,False,True,False,no,2018,2,chilean,2,,1,2016,low,medium,high,medium,medium,low,3,5,4,13,114,83
FING-9605,Elect & Mag (pass),2019/2,False,True,False,no,2018,2,chilean,2,,1,2016,low,medium,high,medium,medium,low,3,5,4,13,114,83
FING-9605,Progr Methd (pass),2019/2,False,True,False,no,2018,2,chilean,2,,1,2016,low,medium,high,medium,medium,low,3,5,4,13,114,83
FING-9605,Inf & Soc (pass),2019/2,False,True,False,no,2018,2,chilean,2,,1,2016,low,medium,high,medium,medium,low,3,5,4,13,114,83
FING-9605,Stat Analys (fail),2019/2,False,True,False,no,2018,2,chilean,2,,1,2016,low,medium,high,medium,medium,low,3,5,4,13,114,83
FING-9605,Diff Ec & Num Meth (pass),2019/2,False,True,False,no,2018,2,chilean,2,,1,2016,low,medium,high,medium,medium,low,3,5,4,13,114,83
FING-9605,Eng 2 (pass),2019/2,False,True,False,no,2018,2,chilean,2,,1,2016,low,medium,high,medium,medium,low,3,5,4,13,114,83
FING-9605,Comp Struc (pass),2020/1,False,True,False,no,2018,2,chilean,2,,1,2016,low,medium,high,medium,medium,low,3,5,4,13,114,83
FING-9605,Progr Parad (pass),2020/1,False,True,False,no,2018,2,chilean,2,,1,2016,low,medium,high,medium,medium,low,3,5,4,13,114,83
FING-9605,Stat Analys (pass),2020/1,False,True,False,no,2018,2,chilean,2,,1,2016,low,medium,high,medium,medium,low,3,5,4,13,114,83
FING-9605,Fund Econ (pass),2020/1,False,True,False,no,2018,2,chilean,2,,1,2016,low,medium,high,medium,medium,low,3,5,4,13,114,83
FING-9605,Algorithms (pass),2020/1,False,True,False,no,2018,2,chilean,2,,1,2016,low,medium,high,medium,medium,low,3,5,4,13,114,83
FING-9605,Eng 3 (pass),2020/1,False,True,False,no,2018,2,chilean,2,,1,2016,low,medium,high,medium,medium,low,3,5,4,13,114,83
FING-9605,Comp Org (pass),2020/2,False,True,False,no,2018,2,chilean,2,,1,2016,low,medium,high,medium,medium,low,3,5,4,13,114,83
FING-9605,Syst Eng (pass),2020/2,False,True,False,no,2018,2,chilean,2,,1,2016,low,medium,high,medium,medium,low,3,5,4,13,114,83
FING-9605,DB Design (pass),2020/2,False,True,False,no,2018,2,chilean,2,,1,2016,low,medium,high,medium,medium,low,3,5,4,13,114,83
FING-9605,Eng 4 (pass),2020/2,False,True,False,no,2018,2,chilean,2,,1,2016,low,medium,high,medium,medium,low,3,5,4,13,114,83
FING-9605,SoftEng Fund (pass),2020/2,False,True,False,no,2018,2,chilean,2,,1,2016,low,medium,high,medium,medium,low,3,5,4,13,114,83
FING-9605,Proj Eval&Manag (pass),2020/2,False,True,False,no,2018,2,chilean,2,,1,2016,low,medium,high,medium,medium,low,3,5,4,13,114,83
FING-9605,DB Workshop (pass),2021/1,False,True,False,no,2018,2,chilean,2,,1,2016,low,medium,high,medium,medium,low,3,5,4,13,114,83
FING-9605,SoftEng Technq (pass),2021/1,False,True,False,no,2018,2,chilean,2,,1,2016,low,medium,high,medium,medium,low,3,5,4,13,114,83
FING-9605,Inf Adm & Manag (pass),2021/1,False,True,False,no,2018,2,chilean,2,,1,2016,low,medium,high,medium,medium,low,3,5,4,13,114,83
FING-9605,Inf Sys (pass),2021/1,False,True,False,no,2018,2,chilean,2,,1,2016,low,medium,high,medium,medium,low,3,5,4,13,114,83
FING-9605,Comp Net (pass),2021/1,False,True,False,no,2018,2,chilean,2,,1,2016,low,medium,high,medium,medium,low,3,5,4,13,114,83
FING-9605,Seminar (pass),2021/2,False,True,False,no,2018,2,chilean,2,,1,2016,low,medium,high,medium,medium,low,3,5,4,13,114,83
FING-9605,Elective (pass),2021/2,False,True,False,no,2018,2,chilean,2,,1,2016,low,medium,high,medium,medium,low,3,5,4,13,114,83
FING-9605,Op Sys (pass),2021/2,False,True,False,no,2018,2,chilean,2,,1,2016,low,medium,high,medium,medium,low,3,5,4,13,114,83
FING-9605,Elective (pass),2022/1,False,True,False,no,2018,2,chilean,2,,1,2016,low,medium,high,medium,medium,low,3,5,4,13,114,83
FING-9605,SoftEng Proj (pass),2022/1,False,True,False,no,2018,2,chilean,2,,1,2016,low,medium,high,medium,medium,low,3,5,4,13,114,83
FING-9605,Deg Work (pass),2022/2,False,True,False,no,2018,2,chilean,2,,1,2016,low,medium,high,medium,medium,low,3,5,4,13,114,83
FING-9605,Elective (pass),2022/2,False,True,False,no,2018,2,chilean,2,,1,2016,low,medium,high,medium,medium,low,3,5,4,13,114,83
